# WallDistance benchmark log; measurement revision=raw-confidence-v2
# device=OnePlus CPH2691 os=Android OS 16 / API-36 (UKQ1.231108.001/V.R4T3.3237bb8-cff9dc-d57a61) unity=6000.3.5f1
# condition=
# config: {"minTestedRangeMeters":0.5,"maxTestedRangeMeters":3.0,"depthMaxAgeSeconds":0.5,"depthMinConfidence":128,"depthInlierThresholdMeters":0.05000000074505806,"depthMinInlierFraction":0.6000000238418579,"depthMinValidSamples":12,"depthDisagreementThresholdMeters":0.10000000149011612,"depthSampleGridSize":12,"depthMinValidMeters":0.10000000149011612,"depthMaxValidMeters":8.0,"depthOnlyPatchRadiusPixels":10,"depthOnlyMinInliers":60,"depthOnlyRefitRounds":2,"depthOnlyMaxRmsMeters":0.019999999552965165,"depthOnlyMaxTiltFromVerticalDeg":20.0,"filterTimeConstantSeconds":0.25,"minCandidateAreaSquareMeters":0.20000000298023225}
t,session,arState,trackingState,fps,updRate,depthSupported,depthAgeS,depthValidFrac,depthMeanConf,denseValidFrac,depthFormat,rawValues,denseValues,planesTotal,planesVerticalTracked,largestVerticalArea_m2,reference_m,aimed_valid,aimed_raw_m,aimed_filtered_m,aimed_source,aimed_quality,aimed_failure,aimed_candidate,aimed_depthResidual_m,aimed_depthInlier,aimed_reason,nearest_valid,nearest_raw_m,nearest_filtered_m,nearest_source,nearest_quality,nearest_failure,nearest_candidate,nearest_depthResidual_m,nearest_depthInlier,cam_x,cam_y,cam_z,cam_qx,cam_qy,cam_qz,cam_qw,aimed_pt_x,aimed_pt_y,aimed_pt_z,aimed_n_x,aimed_n_y,aimed_n_z,rawProviderTimestampS,denseProviderTimestampS,denseAgeS
2.8884747384324756,d62bf83a,SessionInitializing,Initializing,0.4713342,0.346203476,1,,,,,,"","",0,0,0,,0,,,None,Unavailable,TrackingLost,,,,"TrackingLost",0,,,None,Unavailable,TrackingLost,,,,0,0,0,0,0,0,1,0,0,0,0,0,0,,,
3.5039890094228641,d62bf83a,SessionInitializing,Initializing,0.754554033,0.346203476,1,,,,,,"","",0,0,0,,0,,,None,Unavailable,TrackingLost,,,,"TrackingLost",0,,,None,Unavailable,TrackingLost,,,,0,1.1176,0,0,-5.820767E-11,0,1,0,0,0,0,0,0,,,
3.5498959884314418,d62bf83a,SessionInitializing,Initializing,20.0442085,0.346203476,1,,,,,,"","",0,0,0,,0,,,None,Unavailable,TrackingLost,,,,"TrackingLost",0,,,None,Unavailable,TrackingLost,,,,0,1.1176,0,0,-5.820767E-11,0,1,0,0,0,0,0,0,,,
3.5881624464270745,d62bf83a,SessionInitializing,Initializing,15.0336828,0.346203476,1,,,,,,"","",0,0,0,,0,,,None,Unavailable,TrackingLost,,,,"TrackingLost",0,,,None,Unavailable,TrackingLost,,,,0,1.1176,0,0,-5.820767E-11,0,1,0,0,0,0,0,0,,,
3.6220093734189023,d62bf83a,SessionInitializing,Initializing,30.0690022,0.346203476,1,,,,,,"","",0,0,0,,0,,,None,Unavailable,TrackingLost,,,,"TrackingLost",0,,,None,Unavailable,TrackingLost,,,,0,1.1176,0,0,-5.820767E-11,0,1,0,0,0,0,0,0,,,
3.6493824464303062,d62bf83a,SessionInitializing,Initializing,30.06317,0.346203476,1,,,,,,"","",0,0,0,,0,,,None,Unavailable,TrackingLost,,,,"TrackingLost",0,,,None,Unavailable,TrackingLost,,,,0,1.1176,0,0,-5.820767E-11,0,1,0,0,0,0,0,0,,,
3.6825953114346222,d62bf83a,SessionInitializing,Initializing,30.0662937,0.346203476,1,,,,,,"","",0,0,0,,0,,,None,Unavailable,TrackingLost,,,,"TrackingLost",0,,,None,Unavailable,TrackingLost,,,,0,1.1176,0,0,-5.820767E-11,0,1,0,0,0,0,0,0,,,
3.7168497904237912,d62bf83a,SessionInitializing,Initializing,30.0644855,0.346203476,1,,,,,,"","",0,0,0,,0,,,None,Unavailable,TrackingLost,,,,"TrackingLost",0,,,None,Unavailable,TrackingLost,,,,0,1.1176,0,0,-5.820767E-11,0,1,0,0,0,0,0,0,,,
3.7368032284173269,d62bf83a,SessionInitializing,Initializing,30.0647831,0.346203476,1,,,,,,"","",0,0,0,,0,,,None,Unavailable,TrackingLost,,,,"TrackingLost",0,,,None,Unavailable,TrackingLost,,,,0,1.1176,0,0,-5.820767E-11,0,1,0,0,0,0,0,0,,,
3.7688915094220166,d62bf83a,SessionInitializing,Initializing,30.06056,0.346203476,1,,,,,,"","",0,0,0,,0,,,None,Unavailable,TrackingLost,,,,"TrackingLost",0,,,None,Unavailable,TrackingLost,,,,0,1.1176,0,0,-5.820767E-11,0,1,0,0,0,0,0,0,,,
3.8027286964095284,d62bf83a,SessionInitializing,Initializing,30.061594,0.346203476,1,,,,,,"","",0,0,0,,0,,,None,Unavailable,TrackingLost,,,,"TrackingLost",0,,,None,Unavailable,TrackingLost,,,,0,1.1176,0,0,-5.820767E-11,0,1,0,0,0,0,0,0,,,
3.8348829154308506,d62bf83a,SessionInitializing,Initializing,30.066082,0.346203476,1,,,,,,"","",0,0,0,,0,,,None,Unavailable,TrackingLost,,,,"TrackingLost",0,,,None,Unavailable,TrackingLost,,,,0,1.1176,0,0,-5.820767E-11,0,1,0,0,0,0,0,0,,,
3.86727999843765,d62bf83a,SessionInitializing,Initializing,30.0622482,0.346203476,1,,,,,,"","",0,0,0,,0,,,None,Unavailable,TrackingLost,,,,"TrackingLost",0,,,None,Unavailable,TrackingLost,,,,0,1.1176,0,0,-5.820767E-11,0,1,0,0,0,0,0,0,,,
3.8987777074250944,d62bf83a,SessionInitializing,Initializing,30.0581169,12.8674269,1,,,,,,"","",0,0,0,,0,,,None,Unavailable,TrackingLost,,,,"TrackingLost",0,,,None,Unavailable,TrackingLost,,,,0,1.1176,0,0,-5.820767E-11,0,1,0,0,0,0,0,0,,,
3.93987650942631,d62bf83a,SessionInitializing,Initializing,30.0657635,12.8674269,1,,,,,,"","",0,0,0,,0,,,None,Unavailable,TrackingLost,,,,"TrackingLost",0,,,None,Unavailable,TrackingLost,,,,0,1.1176,0,0,-5.820767E-11,0,1,0,0,0,0,0,0,,,
3.9660223944263153,d62bf83a,SessionInitializing,Initializing,30.0635071,12.8674269,1,,,,,,"","",0,0,0,,0,,,None,Unavailable,TrackingLost,,,,"TrackingLost",0,,,None,Unavailable,TrackingLost,,,,0,1.1176,0,0,-5.820767E-11,0,1,0,0,0,0,0,0,,,
3.9983233324344356,d62bf83a,SessionInitializing,Initializing,30.0633488,12.8674269,1,,,,,,"","",0,0,0,,0,,,None,Unavailable,TrackingLost,,,,"TrackingLost",0,,,None,Unavailable,TrackingLost,,,,0,1.1176,0,0,-5.820767E-11,0,1,0,0,0,0,0,0,,,
4.0325801554170058,d62bf83a,SessionInitializing,Initializing,30.06315,12.8674269,1,,,,,,"","",0,0,0,,0,,,None,Unavailable,TrackingLost,,,,"TrackingLost",0,,,None,Unavailable,TrackingLost,,,,0,1.1176,0,0,-5.820767E-11,0,1,0,0,0,0,0,0,,,
4.0648117694106505,d62bf83a,SessionInitializing,Initializing,30.0628433,12.8674269,1,,,,,,"","",0,0,0,,0,,,None,Unavailable,TrackingLost,,,,"TrackingLost",0,,,None,Unavailable,TrackingLost,,,,0,1.1176,0,0,-5.820767E-11,0,1,0,0,0,0,0,0,,,
4.0975896344204985,d62bf83a,SessionInitializing,Initializing,30.06239,12.8674269,1,,,,,,"","",0,0,0,,0,,,None,Unavailable,TrackingLost,,,,"TrackingLost",0,,,None,Unavailable,TrackingLost,,,,0,1.1176,0,0,-5.820767E-11,0,1,0,0,0,0,0,0,,,
4.1354531234280758,d62bf83a,SessionInitializing,Initializing,30.0625343,12.8674269,1,,,,,,"","",0,0,0,,0,,,None,Unavailable,TrackingLost,,,,"TrackingLost",0,,,None,Unavailable,TrackingLost,,,,0,1.1176,0,0,-5.820767E-11,0,1,0,0,0,0,0,0,,,
4.1669405714235355,d62bf83a,SessionInitializing,Initializing,30.0625744,12.8674269,1,,,,,,"","",0,0,0,,0,,,None,Unavailable,TrackingLost,,,,"TrackingLost",0,,,None,Unavailable,TrackingLost,,,,0,1.1176,0,0,-5.820767E-11,0,1,0,0,0,0,0,0,,,
4.200998488409593,d62bf83a,SessionInitializing,Initializing,30.0620651,12.8674269,1,,,,,,"","",0,0,0,,0,,,None,Unavailable,TrackingLost,,,,"TrackingLost",0,,,None,Unavailable,TrackingLost,,,,0,1.1176,0,0,-5.820767E-11,0,1,0,0,0,0,0,0,,,
4.2309943214092955,d62bf83a,SessionInitializing,Initializing,30.0637951,12.8674269,1,,,,,,"","",0,0,0,,0,,,None,Unavailable,TrackingLost,,,,"TrackingLost",0,,,None,Unavailable,TrackingLost,,,,0,1.1176,0,0,-5.820767E-11,0,1,0,0,0,0,0,0,,,
4.2664496864342683,d62bf83a,SessionInitializing,Initializing,30.0633278,12.8674269,1,,,,,,"","",0,0,0,,0,,,None,Unavailable,TrackingLost,,,,"TrackingLost",0,,,None,Unavailable,TrackingLost,,,,0,1.1176,0,0,-5.820767E-11,0,1,0,0,0,0,0,0,,,
4.29753223841885,d62bf83a,SessionInitializing,Initializing,30.0630932,12.8674269,1,,,,,,"","",0,0,0,,0,,,None,Unavailable,TrackingLost,,,,"TrackingLost",0,,,None,Unavailable,TrackingLost,,,,0,1.1176,0,0,-5.820767E-11,0,1,0,0,0,0,0,0,,,
4.3371642174349718,d62bf83a,SessionInitializing,Initializing,30.0643,12.8674269,1,,,,,,"","",0,0,0,,0,,,None,Unavailable,TrackingLost,,,,"TrackingLost",0,,,None,Unavailable,TrackingLost,,,,0,1.1176,0,0,-5.820767E-11,0,1,0,0,0,0,0,0,,,
4.3658426024228421,d62bf83a,SessionInitializing,Initializing,30.0648766,12.8674269,1,,,,,,"","",0,0,0,,0,,,None,Unavailable,TrackingLost,,,,"TrackingLost",0,,,None,Unavailable,TrackingLost,,,,0,1.1176,0,0,-5.820767E-11,0,1,0,0,0,0,0,0,,,
4.397292134413644,d62bf83a,SessionInitializing,Initializing,30.06536,12.8674269,1,,,,,,"","",0,0,0,,0,,,None,Unavailable,TrackingLost,,,,"TrackingLost",0,,,None,Unavailable,TrackingLost,,,,0,1.1176,0,0,-5.820767E-11,0,1,0,0,0,0,0,0,,,
4.4344869254307442,d62bf83a,SessionInitializing,Initializing,30.06555,12.8674269,1,,,,,,"","",0,0,0,,0,,,None,Unavailable,TrackingLost,,,,"TrackingLost",0,,,None,Unavailable,TrackingLost,,,,0,1.1176,0,0,-5.820767E-11,0,1,0,0,0,0,0,0,,,
4.46829447741379,d62bf83a,SessionInitializing,Initializing,30.0659924,12.8674269,1,,,,,,"","",0,0,0,,0,,,None,Unavailable,TrackingLost,,,,"TrackingLost",0,,,None,Unavailable,TrackingLost,,,,0,1.1176,0,0,-5.820767E-11,0,1,0,0,0,0,0,0,,,
4.4975378114356745,d62bf83a,SessionInitializing,Initializing,30.0722771,12.8674269,1,,,,,,"","",0,0,0,,0,,,None,Unavailable,TrackingLost,,,,"TrackingLost",0,,,None,Unavailable,TrackingLost,,,,0,1.1176,0,0,-5.820767E-11,0,1,0,0,0,0,0,0,,,
4.5358074984139849,d62bf83a,SessionInitializing,Initializing,30.0621185,12.8674269,1,,,,,,"","",0,0,0,,0,,,None,Unavailable,TrackingLost,,,,"TrackingLost",0,,,None,Unavailable,TrackingLost,,,,0,1.1176,0,0,-5.820767E-11,0,1,0,0,0,0,0,0,,,
4.5640276544179388,d62bf83a,SessionInitializing,Initializing,30.06587,12.8674269,1,,,,,,"","",0,0,0,,0,,,None,Unavailable,TrackingLost,,,,"TrackingLost",0,,,None,Unavailable,TrackingLost,,,,0,1.1176,0,0,-5.820767E-11,0,1,0,0,0,0,0,0,,,
4.5985964044264138,d62bf83a,SessionInitializing,Initializing,30.0652237,12.8674269,1,,,,,,"","",0,0,0,,0,,,None,Unavailable,TrackingLost,,,,"TrackingLost",0,,,None,Unavailable,TrackingLost,,,,0,1.1176,0,0,-5.820767E-11,0,1,0,0,0,0,0,0,,,
4.6309292174153116,d62bf83a,SessionInitializing,Initializing,30.0642376,12.8674269,1,,,,,,"","",0,0,0,,0,,,None,Unavailable,TrackingLost,,,,"TrackingLost",0,,,None,Unavailable,TrackingLost,,,,0,1.1176,0,0,-5.820767E-11,0,1,0,0,0,0,0,0,,,
4.6637108844331552,d62bf83a,SessionInitializing,Initializing,30.0636177,12.8674269,1,,,,,,"","",0,0,0,,0,,,None,Unavailable,TrackingLost,,,,"TrackingLost",0,,,None,Unavailable,TrackingLost,,,,0,1.1176,0,0,-5.820767E-11,0,1,0,0,0,0,0,0,,,
4.6971455194322944,d62bf83a,SessionInitializing,Initializing,30.0635471,12.8674269,1,,,,,,"","",0,0,0,,0,,,None,Unavailable,TrackingLost,,,,"TrackingLost",0,,,None,Unavailable,TrackingLost,,,,0,1.1176,0,0,-5.820767E-11,0,1,0,0,0,0,0,0,,,
4.72956994641913,d62bf83a,SessionInitializing,Initializing,30.0640926,12.8674269,1,,,,,,"","",0,0,0,,0,,,None,Unavailable,TrackingLost,,,,"TrackingLost",0,,,None,Unavailable,TrackingLost,,,,0,1.1176,0,0,-5.820767E-11,0,1,0,0,0,0,0,0,,,
4.76471739443127,d62bf83a,SessionInitializing,Initializing,30.065052,12.8674269,1,,,,,,"","",0,0,0,,0,,,None,Unavailable,TrackingLost,,,,"TrackingLost",0,,,None,Unavailable,TrackingLost,,,,0,1.1176,0,0,-5.820767E-11,0,1,0,0,0,0,0,0,,,
4.7968355194350325,d62bf83a,SessionInitializing,Initializing,30.0677929,12.8674269,1,,,,,,"","",0,0,0,,0,,,None,Unavailable,TrackingLost,,,,"TrackingLost",0,,,None,Unavailable,TrackingLost,,,,0,1.1176,0,0,-5.820767E-11,0,1,0,0,0,0,0,0,,,
4.8295704154331789,d62bf83a,SessionInitializing,Initializing,30.0634422,12.8674269,1,,,,,,"","",0,0,0,,0,,,None,Unavailable,TrackingLost,,,,"TrackingLost",0,,,None,Unavailable,TrackingLost,,,,0,1.1176,0,0,-5.820767E-11,0,1,0,0,0,0,0,0,,,
4.8647982794243463,d62bf83a,SessionInitializing,Initializing,30.0643349,12.8674269,1,,,,,,"","",0,0,0,,0,,,None,Unavailable,TrackingLost,,,,"TrackingLost",0,,,None,Unavailable,TrackingLost,,,,0,1.1176,0,0,-5.820767E-11,0,1,0,0,0,0,0,0,,,
4.89707452940979,d62bf83a,SessionInitializing,Initializing,30.0654163,12.8674269,1,,,,,,"","",0,0,0,,0,,,None,Unavailable,TrackingLost,,,,"TrackingLost",0,,,None,Unavailable,TrackingLost,,,,0,1.1176,0,0,-5.820767E-11,0,1,0,0,0,0,0,0,,,
4.9306047384195582,d62bf83a,SessionInitializing,Initializing,30.0660763,30.0437946,1,,,,,,"","",0,0,0,,0,,,None,Unavailable,TrackingLost,,,,"TrackingLost",0,,,None,Unavailable,TrackingLost,,,,0,1.1176,0,0,-5.820767E-11,0,1,0,0,0,0,0,0,,,
4.9625458314292219,d62bf83a,SessionInitializing,Initializing,30.0644989,30.0437946,1,,,,,,"","",0,0,0,,0,,,None,Unavailable,TrackingLost,,,,"TrackingLost",0,,,None,Unavailable,TrackingLost,,,,0,1.1176,0,0,-5.820767E-11,0,1,0,0,0,0,0,0,,,
4.9999436964314983,d62bf83a,SessionInitializing,Initializing,30.0655327,30.0437946,1,,,,,,"","",0,0,0,,0,,,None,Unavailable,TrackingLost,,,,"TrackingLost",0,,,None,Unavailable,TrackingLost,,,,0,1.1176,0,0,-5.820767E-11,0,1,0,0,0,0,0,0,,,
5.0305185924260032,d62bf83a,SessionInitializing,Initializing,30.0654221,30.0437946,1,,,,,,"","",0,0,0,,0,,,None,Unavailable,TrackingLost,,,,"TrackingLost",0,,,None,Unavailable,TrackingLost,,,,0,1.1176,0,0,-5.820767E-11,0,1,0,0,0,0,0,0,,,
5.0720754674146038,d62bf83a,SessionInitializing,Initializing,30.06594,30.0437946,1,,,,,,"","",0,0,0,,0,,,None,Unavailable,TrackingLost,,,,"TrackingLost",0,,,None,Unavailable,TrackingLost,,,,0,1.1176,0,0,-5.820767E-11,0,1,0,0,0,0,0,0,,,
5.1046623424369928,d62bf83a,SessionInitializing,Initializing,30.0658474,30.0437946,1,,,,,,"","",0,0,0,,0,,,None,Unavailable,TrackingLost,,,,"TrackingLost",0,,,None,Unavailable,TrackingLost,,,,0,1.1176,0,0,-5.820767E-11,0,1,0,0,0,0,0,0,,,
5.1300506234144878,d62bf83a,SessionInitializing,Initializing,30.065403,30.0437946,1,,,,,,"","",0,0,0,,0,,,None,Unavailable,TrackingLost,,,,"TrackingLost",0,,,None,Unavailable,TrackingLost,,,,0,1.1176,0,0,-5.820767E-11,0,1,0,0,0,0,0,0,,,
5.1635915084368635,d62bf83a,SessionInitializing,Initializing,30.0704346,30.0437946,1,,,,,,"","",0,0,0,,0,,,None,Unavailable,TrackingLost,,,,"TrackingLost",0,,,None,Unavailable,TrackingLost,,,,0,1.1176,0,0,-5.820767E-11,0,1,0,0,0,0,0,0,,,
5.198931560418484,d62bf83a,SessionInitializing,Initializing,30.0663452,30.0437946,1,,,,,,"","",0,0,0,,0,,,None,Unavailable,TrackingLost,,,,"TrackingLost",0,,,None,Unavailable,TrackingLost,,,,0,1.1176,0,0,-5.820767E-11,0,1,0,0,0,0,0,0,,,
5.2310278624097437,d62bf83a,SessionInitializing,Initializing,30.06511,30.0437946,1,,,,,,"","",0,0,0,,0,,,None,Unavailable,TrackingLost,,,,"TrackingLost",0,,,None,Unavailable,TrackingLost,,,,0,1.1176,0,0,-5.820767E-11,0,1,0,0,0,0,0,0,,,
5.2674956234147858,d62bf83a,SessionInitializing,Initializing,30.0669842,30.0437946,1,,,,,,"","",0,0,0,,0,,,None,Unavailable,TrackingLost,,,,"TrackingLost",0,,,None,Unavailable,TrackingLost,,,,0,1.1176,0,0,-5.820767E-11,0,1,0,0,0,0,0,0,,,
5.2956581234209326,d62bf83a,SessionInitializing,Initializing,30.0660763,30.0437946,1,,,,,,"","",0,0,0,,0,,,None,Unavailable,TrackingLost,,,,"TrackingLost",0,,,None,Unavailable,TrackingLost,,,,0,1.1176,0,0,-5.820767E-11,0,1,0,0,0,0,0,0,,,
5.3298656234144319,d62bf83a,SessionInitializing,Initializing,30.0681133,30.0437946,1,,,,,,"","",0,0,0,,0,,,None,Unavailable,TrackingLost,,,,"TrackingLost",0,,,None,Unavailable,TrackingLost,,,,0,1.1176,0,0,-5.820767E-11,0,1,0,0,0,0,0,0,,,
5.3674685394250874,d62bf83a,SessionInitializing,Initializing,30.07001,30.0437946,1,,,,,,"","",0,0,0,,0,,,None,Unavailable,TrackingLost,,,,"TrackingLost",0,,,None,Unavailable,TrackingLost,,,,0,1.1176,0,0,-5.820767E-11,0,1,0,0,0,0,0,0,,,
5.3956018214264505,d62bf83a,SessionInitializing,Initializing,30.0659046,30.0437946,1,,,,,,"","",0,0,0,,0,,,None,Unavailable,TrackingLost,,,,"TrackingLost",0,,,None,Unavailable,TrackingLost,,,,0,1.1176,0,0,-5.820767E-11,0,1,0,0,0,0,0,0,,,
5.4288638524337758,d62bf83a,SessionInitializing,Initializing,30.06748,30.0437946,1,,,,,,"","",0,0,0,,0,,,None,Unavailable,TrackingLost,,,,"TrackingLost",0,,,None,Unavailable,TrackingLost,,,,0,1.1176,0,0,-5.820767E-11,0,1,0,0,0,0,0,0,,,
5.4616927064232614,d62bf83a,SessionInitializing,Initializing,30.0653648,30.0437946,1,,,,,,"","",0,0,0,,0,,,None,Unavailable,TrackingLost,,,,"TrackingLost",0,,,None,Unavailable,TrackingLost,,,,0,1.1176,0,0,-5.820767E-11,0,1,0,0,0,0,0,0,,,
5.4969061444314748,d62bf83a,SessionInitializing,Initializing,30.0653915,30.0437946,1,,,,,,"","",0,0,0,,0,,,None,Unavailable,TrackingLost,,,,"TrackingLost",0,,,None,Unavailable,TrackingLost,,,,0,1.1176,0,0,-5.820767E-11,0,1,0,0,0,0,0,0,,,
5.5307232794327748,d62bf83a,SessionInitializing,Initializing,30.0629444,30.0437946,1,,,,,,"","",0,0,0,,0,,,None,Unavailable,TrackingLost,,,,"TrackingLost",0,,,None,Unavailable,TrackingLost,,,,0,1.1176,0,0,-5.820767E-11,0,1,0,0,0,0,0,0,,,
5.5637829144286544,d62bf83a,SessionInitializing,Initializing,30.0623341,30.0437946,1,,,,,,"","",0,0,0,,0,,,None,Unavailable,TrackingLost,,,,"TrackingLost",0,,,None,Unavailable,TrackingLost,,,,0,1.1176,0,0,-5.820767E-11,0,1,0,0,0,0,0,0,,,
5.5967735394112852,d62bf83a,SessionInitializing,Initializing,30.060894,30.0437946,1,,,,,,"","",0,0,0,,0,,,None,Unavailable,TrackingLost,,,,"TrackingLost",0,,,None,Unavailable,TrackingLost,,,,0,1.1176,0,0,-5.820767E-11,0,1,0,0,0,0,0,0,,,
5.6290060914213855,d62bf83a,SessionInitializing,Initializing,30.059864,30.0437946,1,,,,,,"","",0,0,0,,0,,,None,Unavailable,TrackingLost,,,,"TrackingLost",0,,,None,Unavailable,TrackingLost,,,,0,1.1176,0,0,-5.820767E-11,0,1,0,0,0,0,0,0,,,
5.667266091422559,d62bf83a,SessionInitializing,Initializing,30.0622711,30.0437946,1,,,,,,"","",0,0,0,,0,,,None,Unavailable,TrackingLost,,,,"TrackingLost",0,,,None,Unavailable,TrackingLost,,,,0,1.1176,0,0,-5.820767E-11,0,1,0,0,0,0,0,0,,,
5.6960499984304507,d62bf83a,SessionInitializing,Initializing,30.0660324,30.0437946,1,,,,,,"","",0,0,0,,0,,,None,Unavailable,TrackingLost,,,,"TrackingLost",0,,,None,Unavailable,TrackingLost,,,,0,1.1176,0,0,-5.820767E-11,0,1,0,0,0,0,0,0,,,
5.7273363524325278,d62bf83a,SessionInitializing,Initializing,30.0633049,30.0437946,1,,,,,,"","",0,0,0,,0,,,None,Unavailable,TrackingLost,,,,"TrackingLost",0,,,None,Unavailable,TrackingLost,,,,0,1.1176,0,0,-5.820767E-11,0,1,0,0,0,0,0,0,,,
5.7613235394271642,d62bf83a,SessionInitializing,Initializing,30.0626755,30.0437946,1,,,,,,"","",0,0,0,,0,,,None,Unavailable,TrackingLost,,,,"TrackingLost",0,,,None,Unavailable,TrackingLost,,,,0,1.1176,0,0,-5.820767E-11,0,1,0,0,0,0,0,0,,,
5.7949436964152,d62bf83a,SessionInitializing,Initializing,30.063015,30.0437946,1,,,,,,"","",0,0,0,,0,,,None,Unavailable,TrackingLost,,,,"TrackingLost",0,,,None,Unavailable,TrackingLost,,,,0,1.1176,0,0,-5.820767E-11,0,1,0,0,0,0,0,0,,,
5.8292090084321417,d62bf83a,SessionInitializing,Initializing,30.0643578,30.0437946,1,,,,,,"","",0,0,0,,0,,,None,Unavailable,TrackingLost,,,,"TrackingLost",0,,,None,Unavailable,TrackingLost,,,,0,1.1176,0,0,-5.820767E-11,0,1,0,0,0,0,0,0,,,
5.8631714044347492,d62bf83a,SessionInitializing,Initializing,30.0654564,30.0437946,1,,,,,,"","",0,0,0,,0,,,None,Unavailable,TrackingLost,,,,"TrackingLost",0,,,None,Unavailable,TrackingLost,,,,0,1.1176,0,0,-5.820767E-11,0,1,0,0,0,0,0,0,,,
5.89463322740971,d62bf83a,SessionInitializing,Initializing,30.0657253,30.0437946,1,,,,,,"","",0,0,0,,0,,,None,Unavailable,TrackingLost,,,,"TrackingLost",0,,,None,Unavailable,TrackingLost,,,,0,1.1176,0,0,-5.820767E-11,0,1,0,0,0,0,0,0,,,
5.9278277064183813,d62bf83a,SessionInitializing,Initializing,30.069973,30.0437946,1,,,,,,"","",0,0,0,,0,,,None,Unavailable,TrackingLost,,,,"TrackingLost",0,,,None,Unavailable,TrackingLost,,,,0,1.1176,0,0,-5.820767E-11,0,1,0,0,0,0,0,0,,,
5.9596392164273739,d62bf83a,SessionInitializing,Initializing,30.0630512,30.1253262,1,,,,,,"","",0,0,0,,0,,,None,Unavailable,TrackingLost,,,,"TrackingLost",0,,,None,Unavailable,TrackingLost,,,,0,1.1176,0,0,-5.820767E-11,0,1,0,0,0,0,0,0,,,
5.995409425409659,d62bf83a,SessionInitializing,Initializing,30.06506,30.1253262,1,,,,,,"","",0,0,0,,0,,,None,Unavailable,TrackingLost,,,,"TrackingLost",0,,,None,Unavailable,TrackingLost,,,,0,1.1176,0,0,-5.820767E-11,0,1,0,0,0,0,0,0,,,
6.0266239564259623,d62bf83a,SessionInitializing,Initializing,30.064682,30.1253262,1,,,,,,"","",0,0,0,,0,,,None,Unavailable,TrackingLost,,,,"TrackingLost",0,,,None,Unavailable,TrackingLost,,,,0,1.1176,0,0,-5.820767E-11,0,1,0,0,0,0,0,0,,,
6.0617057794331659,d62bf83a,SessionInitializing,Initializing,30.0645638,30.1253262,1,,,,,,"","",0,0,0,,0,,,None,Unavailable,TrackingLost,,,,"TrackingLost",0,,,None,Unavailable,TrackingLost,,,,0,1.1176,0,0,-5.820767E-11,0,1,0,0,0,0,0,0,,,
6.0966623934252739,d62bf83a,SessionInitializing,Initializing,30.0647621,30.1253262,1,,,,,,"","",0,0,0,,0,,,None,Unavailable,TrackingLost,,,,"TrackingLost",0,,,None,Unavailable,TrackingLost,,,,0,1.1176,0,0,-5.820767E-11,0,1,0,0,0,0,0,0,,,
6.12723228941081,d62bf83a,SessionInitializing,Initializing,30.067915,30.1253262,1,,,,,,"","",0,0,0,,0,,,None,Unavailable,TrackingLost,,,,"TrackingLost",0,,,None,Unavailable,TrackingLost,,,,0,1.1176,0,0,-5.820767E-11,0,1,0,0,0,0,0,0,,,
6.1621794254203879,d62bf83a,SessionInitializing,Initializing,30.0630932,30.1253262,1,,,,,,"","",0,0,0,,0,,,None,Unavailable,TrackingLost,,,,"TrackingLost",0,,,None,Unavailable,TrackingLost,,,,0,1.1176,0,0,-5.820767E-11,0,1,0,0,0,0,0,0,,,
6.19291286243583,d62bf83a,SessionInitializing,Initializing,30.06562,30.1253262,1,,,,,,"","",0,0,0,,0,,,None,Unavailable,TrackingLost,,,,"TrackingLost",0,,,None,Unavailable,TrackingLost,,,,0,1.1176,0,0,-5.820767E-11,0,1,0,0,0,0,0,0,,,
6.2261308314371009,d62bf83a,SessionInitializing,Initializing,30.06697,30.1253262,1,,,,,,"","",0,0,0,,0,,,None,Unavailable,TrackingLost,,,,"TrackingLost",0,,,None,Unavailable,TrackingLost,,,,0,1.1176,0,0,-5.820767E-11,0,1,0,0,0,0,0,0,,,
6.2596360394124959,d62bf83a,SessionInitializing,Initializing,30.0644932,30.1253262,1,,,,,,"","",0,0,0,,0,,,None,Unavailable,TrackingLost,,,,"TrackingLost",0,,,None,Unavailable,TrackingLost,,,,0,1.1176,0,0,-5.820767E-11,0,1,0,0,0,0,0,0,,,
6.2923590084280905,d62bf83a,SessionInitializing,Initializing,30.0656624,30.1253262,1,,,,,,"","",0,0,0,,0,,,None,Unavailable,TrackingLost,,,,"TrackingLost",0,,,None,Unavailable,TrackingLost,,,,0,1.1176,0,0,-5.820767E-11,0,1,0,0,0,0,0,0,,,
6.32745046643299,d62bf83a,SessionInitializing,Initializing,30.0654659,30.1253262,1,,,,,,"","",0,0,0,,0,,,None,Unavailable,TrackingLost,,,,"TrackingLost",0,,,None,Unavailable,TrackingLost,,,,0,1.1176,0,0,-5.820767E-11,0,1,0,0,0,0,0,0,,,
6.3643076024343346,d62bf83a,SessionInitializing,Initializing,30.0654221,30.1253262,1,,,,,,"","",0,0,0,,0,,,None,Unavailable,TrackingLost,,,,"TrackingLost",0,,,None,Unavailable,TrackingLost,,,,0,1.1176,0,0,-5.820767E-11,0,1,0,0,0,0,0,0,,,
6.3927316124352247,d62bf83a,SessionInitializing,Initializing,30.06559,30.1253262,1,,,,,,"","",0,0,0,,0,,,None,Unavailable,TrackingLost,,,,"TrackingLost",0,,,None,Unavailable,TrackingLost,,,,0,1.1176,0,0,-5.820767E-11,0,1,0,0,0,0,0,0,,,
6.4258815604296133,d62bf83a,SessionInitializing,Initializing,30.066082,30.1253262,1,,,,,,"","",0,0,0,,0,,,None,Unavailable,TrackingLost,,,,"TrackingLost",0,,,None,Unavailable,TrackingLost,,,,0,1.1176,0,0,-5.820767E-11,0,1,0,0,0,0,0,0,,,
6.4592551544226326,d62bf83a,SessionInitializing,Initializing,30.06714,30.1253262,1,,,,,,"","",0,0,0,,0,,,None,Unavailable,TrackingLost,,,,"TrackingLost",0,,,None,Unavailable,TrackingLost,,,,0,1.1176,0,0,-5.820767E-11,0,1,0,0,0,0,0,0,,,
6.4937896854278252,d62bf83a,SessionInitializing,Initializing,30.0676651,30.1253262,1,,,,,,"","",0,0,0,,0,,,None,Unavailable,TrackingLost,,,,"TrackingLost",0,,,None,Unavailable,TrackingLost,,,,0,1.1176,0,0,-5.820767E-11,0,1,0,0,0,0,0,0,,,
6.5253291644364682,d62bf83a,SessionInitializing,Initializing,30.07281,30.1253262,1,,,,,,"","",0,0,0,,0,,,None,Unavailable,TrackingLost,,,,"TrackingLost",0,,,None,Unavailable,TrackingLost,,,,0,1.1176,0,0,-5.820767E-11,0,1,0,0,0,0,0,0,,,
6.5589621334254362,d62bf83a,SessionInitializing,Initializing,30.06425,30.1253262,1,,,,,,"","",0,0,0,,0,,,None,Unavailable,TrackingLost,,,,"TrackingLost",0,,,None,Unavailable,TrackingLost,,,,0,1.1176,0,0,-5.820767E-11,0,1,0,0,0,0,0,0,,,
6.592211195416664,d62bf83a,SessionInitializing,Initializing,30.06726,30.1253262,1,,,,,,"","",0,0,0,,0,,,None,Unavailable,TrackingLost,,,,"TrackingLost",0,,,None,Unavailable,TrackingLost,,,,0,1.1176,0,0,-5.820767E-11,0,1,0,0,0,0,0,0,,,
6.6250766644113783,d62bf83a,SessionInitializing,Initializing,30.06714,30.1253262,1,,,,,,"","",0,0,0,,0,,,None,Unavailable,TrackingLost,,,,"TrackingLost",0,,,None,Unavailable,TrackingLost,,,,0,1.1176,0,0,-5.820767E-11,0,1,0,0,0,0,0,0,,,
6.6663410394137346,d62bf83a,SessionInitializing,Initializing,30.0667686,30.1253262,1,,,,,,"","",0,0,0,,0,,,None,Unavailable,TrackingLost,,,,"TrackingLost",0,,,None,Unavailable,TrackingLost,,,,0,1.1176,0,0,-5.820767E-11,0,1,0,0,0,0,0,0,,,
6.6920816124218137,d62bf83a,SessionInitializing,Initializing,30.0664864,30.1253262,1,,,,,,"","",0,0,0,,0,,,None,Unavailable,TrackingLost,,,,"TrackingLost",0,,,None,Unavailable,TrackingLost,,,,0,1.1176,0,0,-5.820767E-11,0,1,0,0,0,0,0,0,,,
6.724849893423877,d62bf83a,SessionInitializing,Initializing,30.0665874,30.1253262,1,,,,,,"","",0,0,0,,0,,,None,Unavailable,TrackingLost,,,,"TrackingLost",0,,,None,Unavailable,TrackingLost,,,,0,1.1176,0,0,-5.820767E-11,0,1,0,0,0,0,0,0,,,
6.7589809354137715,d62bf83a,SessionInitializing,Initializing,30.0667152,30.1253262,1,,,,,,"","",0,0,0,,0,,,None,Unavailable,TrackingLost,,,,"TrackingLost",0,,,None,Unavailable,TrackingLost,,,,0,1.1176,0,0,-5.820767E-11,0,1,0,0,0,0,0,0,,,
6.7919264044355687,d62bf83a,SessionInitializing,Initializing,30.06635,30.1253262,1,,,,,,"","",0,0,0,,0,,,None,Unavailable,TrackingLost,,,,"TrackingLost",0,,,None,Unavailable,TrackingLost,,,,0,1.1176,0,0,-5.820767E-11,0,1,0,0,0,0,0,0,,,
6.8248283314203464,d62bf83a,SessionInitializing,Initializing,30.0634556,30.1253262,1,,,,,,"","",0,0,0,,0,,,None,Unavailable,TrackingLost,,,,"TrackingLost",0,,,None,Unavailable,TrackingLost,,,,0,1.1176,0,0,-5.820767E-11,0,1,0,0,0,0,0,0,,,
6.8580412994231184,d62bf83a,SessionInitializing,Initializing,30.0679779,30.1253262,1,,,,,,"","",0,0,0,,0,,,None,Unavailable,TrackingLost,,,,"TrackingLost",0,,,None,Unavailable,TrackingLost,,,,0,1.1176,0,0,-5.820767E-11,0,1,0,0,0,0,0,0,,,
6.89140728942925,d62bf83a,SessionInitializing,Initializing,30.0657253,30.1253262,1,,,,,,"","",0,0,0,,0,,,None,Unavailable,TrackingLost,,,,"TrackingLost",0,,,None,Unavailable,TrackingLost,,,,0,1.1176,0,0,-5.820767E-11,0,1,0,0,0,0,0,0,,,
6.9243169244180054,d62bf83a,SessionInitializing,Initializing,30.0651016,30.1253262,1,,,,,,"","",0,0,0,,0,,,None,Unavailable,TrackingLost,,,,"TrackingLost",0,,,None,Unavailable,TrackingLost,,,,0,1.1176,0,0,-5.820767E-11,0,1,0,0,0,0,0,0,,,
6.9582830184115183,d62bf83a,SessionInitializing,Initializing,30.0651588,30.1253262,1,,,,,,"","",0,0,0,,0,,,None,Unavailable,TrackingLost,,,,"TrackingLost",0,,,None,Unavailable,TrackingLost,,,,0,1.1176,0,0,-5.820767E-11,0,1,0,0,0,0,0,0,,,
6.9924577584349636,d62bf83a,SessionInitializing,Initializing,30.06543,30.0149536,1,,,,,,"","",0,0,0,,0,,,None,Unavailable,TrackingLost,,,,"TrackingLost",0,,,None,Unavailable,TrackingLost,,,,0,1.1176,0,0,-5.820767E-11,0,1,0,0,0,0,0,0,,,
7.0271824974367947,d62bf83a,SessionInitializing,Initializing,30.0660553,30.0149536,1,,,,,,"","",0,0,0,,0,,,None,Unavailable,TrackingLost,,,,"TrackingLost",0,,,None,Unavailable,TrackingLost,,,,0,1.1176,0,0,-5.820767E-11,0,1,0,0,0,0,0,0,,,
7.0583744244102009,d62bf83a,SessionInitializing,Initializing,30.0669079,30.0149536,1,,,,,,"","",0,0,0,,0,,,None,Unavailable,TrackingLost,,,,"TrackingLost",0,,,None,Unavailable,TrackingLost,,,,0,1.1176,0,0,-5.820767E-11,0,1,0,0,0,0,0,0,,,
7.09133916441692,d62bf83a,SessionInitializing,Initializing,30.06763,30.0149536,1,,,,,,"","",0,0,0,,0,,,None,Unavailable,TrackingLost,,,,"TrackingLost",0,,,None,Unavailable,TrackingLost,,,,0,1.1176,0,0,-5.820767E-11,0,1,0,0,0,0,0,0,,,
7.1252572374103211,d62bf83a,SessionInitializing,Initializing,30.0775967,30.0149536,1,,,,,,"","",0,0,0,,0,,,None,Unavailable,TrackingLost,,,,"TrackingLost",0,,,None,Unavailable,TrackingLost,,,,0,1.1176,0,0,-5.820767E-11,0,1,0,0,0,0,0,0,,,
7.1576651014363479,d62bf83a,SessionInitializing,Initializing,30.0605946,30.0149536,1,,,,,,"","",0,0,0,,0,,,None,Unavailable,TrackingLost,,,,"TrackingLost",0,,,None,Unavailable,TrackingLost,,,,0,1.1176,0,0,-5.820767E-11,0,1,0,0,0,0,0,0,,,
7.1920060394365892,d62bf83a,SessionInitializing,Initializing,30.0678368,30.0149536,1,,,,,,"","",0,0,0,,0,,,None,Unavailable,TrackingLost,,,,"TrackingLost",0,,,None,Unavailable,TrackingLost,,,,0,1.1176,0,0,-5.820767E-11,0,1,0,0,0,0,0,0,,,
7.2253734354196668,d62bf83a,SessionInitializing,Initializing,30.0680561,30.0149536,1,,,,,,"","",0,0,0,,0,,,None,Unavailable,TrackingLost,,,,"TrackingLost",0,,,None,Unavailable,TrackingLost,,,,0,1.1176,0,0,-5.820767E-11,0,1,0,0,0,0,0,0,,,
7.2581637474102054,d62bf83a,SessionInitializing,Initializing,30.06782,30.0149536,1,,,,,,"","",0,0,0,,0,,,None,Unavailable,TrackingLost,,,,"TrackingLost",0,,,None,Unavailable,TrackingLost,,,,0,1.1176,0,0,-5.820767E-11,0,1,0,0,0,0,0,0,,,
7.2914261954172135,d62bf83a,SessionInitializing,Initializing,30.0678234,30.0149536,1,,,,,,"","",0,0,0,,0,,,None,Unavailable,TrackingLost,,,,"TrackingLost",0,,,None,Unavailable,TrackingLost,,,,0,1.1176,0,0,-5.820767E-11,0,1,0,0,0,0,0,0,,,
7.3264570284261454,d62bf83a,SessionInitializing,Initializing,30.0680561,30.0149536,1,,,,,,"","",0,0,0,,0,,,None,Unavailable,TrackingLost,,,,"TrackingLost",0,,,None,Unavailable,TrackingLost,,,,0,1.1176,0,0,-5.820767E-11,0,1,0,0,0,0,0,0,,,
7.3572029144304425,d62bf83a,SessionInitializing,Initializing,30.0681133,30.0149536,1,,,,,,"","",0,0,0,,0,,,None,Unavailable,TrackingLost,,,,"TrackingLost",0,,,None,Unavailable,TrackingLost,,,,0,1.1176,0,0,-5.820767E-11,0,1,0,0,0,0,0,0,,,
7.3905288514249579,d62bf83a,SessionInitializing,Initializing,30.06737,30.0149536,1,,,,,,"","",0,0,0,,0,,,None,Unavailable,TrackingLost,,,,"TrackingLost",0,,,None,Unavailable,TrackingLost,,,,0,1.1176,0,0,-5.820767E-11,0,1,0,0,0,0,0,0,,,
7.4247778104361233,d62bf83a,SessionInitializing,Initializing,30.0647049,30.0149536,1,,,,,,"","",0,0,0,,0,,,None,Unavailable,TrackingLost,,,,"TrackingLost",0,,,None,Unavailable,TrackingLost,,,,0,1.1176,0,0,-5.820767E-11,0,1,0,0,0,0,0,0,,,
7.4612433834733993,d62bf83a,SessionInitializing,Initializing,30.0677166,30.0149536,1,,,,,,"","",0,0,0,,0,,,None,Unavailable,TrackingLost,,,,"TrackingLost",0,,,None,Unavailable,TrackingLost,,,,0,1.1176,0,0,-5.820767E-11,0,1,0,0,0,0,0,0,,,
7.4932524464709305,d62bf83a,SessionInitializing,Initializing,30.065712,30.0149536,1,,,,,,"","",0,0,0,,0,,,None,Unavailable,TrackingLost,,,,"TrackingLost",0,,,None,Unavailable,TrackingLost,,,,0,1.1176,0,0,-5.820767E-11,0,1,0,0,0,0,0,0,,,
7.5265815604686823,d62bf83a,SessionTracking,Tracking,30.0644932,30.0149536,1,,,,,,"","",0,0,0,,0,,,None,Unavailable,NoWallUnderCrosshair,,,,"NoWallUnderCrosshair",0,,,None,Unavailable,NoWallInView,,,,0,1.1176,0,0,-5.820767E-11,0,1,0,0,0,0,0,0,,,
7.566092706463448,d62bf83a,SessionTracking,Tracking,30.0637589,30.0149536,1,0.032885833003092557,0,0,0,160x90 DepthUint16,"centre=0 min=0 max=0 hex=0000 0000 0000 0000 0000","centre=0 min=0 max=0 hex=0000 0000 0000 0000 0000",0,0,0,,0,,,None,Unavailable,NoWallUnderCrosshair,,,,"only 0 valid depth samples under crosshair (441 no-data, 0 out-of-range, 0 low-confidence)",0,,,None,Unavailable,NoWallInView,,,,-0.00025530823,1.1188947,-0.0986878052,0.000318221748,0.05894876,-0.00208666921,0.9982588,0,0,0,0,0,0,283645.37138638,283645.37138638,0.03282052100985311
7.59456989445948,d62bf83a,SessionTracking,Tracking,30.06393,30.0149536,1,0.027961979998508468,0,0,0,160x90 DepthUint16,"centre=0 min=0 max=0 hex=0000 0000 0000 0000 0000","centre=0 min=0 max=0 hex=0000 0000 0000 0000 0000",0,0,0,,0,,,None,Unavailable,NoWallUnderCrosshair,,,,"only 0 valid depth samples under crosshair (441 no-data, 0 out-of-range, 0 low-confidence)",0,,,None,Unavailable,NoWallInView,,,,-0.0004308418,1.11886144,-0.09859711,0.000545540941,0.060860943,-0.0020138924,0.9981441,0,0,0,0,0,0,283645.40471346304,283645.40471346304,0.027919896005187184
7.631654789470983,d62bf83a,SessionTracking,Tracking,30.0649548,30.0149536,1,0.03653197901439853,0,0,0,160x90 DepthUint16,"centre=0 min=0 max=0 hex=0000 0000 0000 0000 0000","centre=0 min=0 max=0 hex=0000 0000 0000 0000 0000",0,0,0,,0,,,None,Unavailable,NoWallUnderCrosshair,,,,"only 0 valid depth samples under crosshair (441 no-data, 0 out-of-range, 0 low-confidence)",0,,,None,Unavailable,NoWallInView,,,,0.000364799518,1.11829674,-0.0978430361,-0.0006108657,0.06143758,-0.001777202,0.998109162,0,0,0,0,0,0,283645.434230399,283645.434230399,0.03643010399537161
7.659666612456701,d62bf83a,SessionTracking,Tracking,30.065712,30.0149536,1,0.027394426986575127,0,0,0,160x90 DepthUint16,"centre=0 min=0 max=0 hex=0000 0000 0000 0000 0000","centre=0 min=0 max=0 hex=0000 0000 0000 0000 0000",0,0,0,,0,,,None,Unavailable,NoWallUnderCrosshair,,,,"only 0 valid depth samples under crosshair (441 no-data, 0 out-of-range, 0 low-confidence)",0,,,None,Unavailable,NoWallInView,,,,0.000428195344,1.11828351,-0.09788585,-0.000756936148,0.0611535832,-0.00185400248,0.9981264,0,0,0,0,0,0,283645.467557483,283645.467557483,0.027344322996214032
7.6930092164582193,d62bf83a,SessionTracking,Tracking,30.06598,30.0149536,1,0.032765624986495823,0,0,0,160x90 DepthUint16,"centre=0 min=0 max=0 hex=0000 0000 0000 0000 0000","centre=0 min=0 max=0 hex=0000 0000 0000 0000 0000",0,0,0,,0,,,None,Unavailable,NoWallUnderCrosshair,,,,"only 0 valid depth samples under crosshair (441 no-data, 0 out-of-range, 0 low-confidence)",0,,,None,Unavailable,NoWallInView,,,,0.000321977073,1.11825943,-0.0977880955,-0.000410307257,0.0611492768,-0.001714498,0.9981271,0,0,0,0,0,0,283645.500884566,283645.500884566,0.032727446989156306
7.7261377064603467,d62bf83a,SessionTracking,Tracking,30.0678062,30.0149536,1,0.032604948006337509,0,0,0,160x90 DepthUint16,"centre=0 min=0 max=0 hex=0000 0000 0000 0000 0000","centre=0 min=0 max=0 hex=0000 0000 0000 0000 0000",0,0,0,,0,,,None,Unavailable,NoWallUnderCrosshair,,,,"only 0 valid depth samples under crosshair (441 no-data, 0 out-of-range, 0 low-confidence)",0,,,None,Unavailable,NoWallInView,,,,0.000270607183,1.11814976,-0.09755546,-0.000118343167,0.0609271936,-0.001730472,0.998140752,0,0,0,0,0,0,283645.534151348,283645.534151348,0.032567396003287286
7.7603374984789726,d62bf83a,SessionTracking,Tracking,30.0659046,30.0149536,1,0.032982500008074567,0,0,0,160x90 DepthUint16,"centre=0 min=0 max=0 hex=0000 0000 0000 0000 0000","centre=0 min=0 max=0 hex=0000 0000 0000 0000 0000",0,0,0,,0,,,None,Unavailable,NoWallUnderCrosshair,,,,"only 0 valid depth samples under crosshair (441 no-data, 0 out-of-range, 0 low-confidence)",0,,,None,Unavailable,NoWallInView,,,,0.0001332066,1.11793578,-0.0974203944,-0.0003954843,0.0606279224,-0.00185498607,0.998158634,0,0,0,0,0,0,283645.567478432,283645.567478432,0.032944844017038122
7.7922085394709457,d62bf83a,SessionTracking,Tracking,30.0667057,30.0149536,1,0.031184843013761565,0,0,0,160x90 DepthUint16,"centre=0 min=0 max=0 hex=0000 0000 0000 0000 0000","centre=0 min=0 max=0 hex=0000 0000 0000 0000 0000",0,0,0,,0,,,None,Unavailable,NoWallUnderCrosshair,,,,"only 0 valid depth samples under crosshair (441 no-data, 0 out-of-range, 0 low-confidence)",0,,,None,Unavailable,NoWallInView,,,,0.0005414346,1.11805868,-0.0974961743,-0.000504329859,0.0596374832,-0.00228139781,0.9982174,0,0,0,0,0,0,283645.60080038104,283645.60080038104,0.031131875002756715
7.8269487484683369,d62bf83a,SessionTracking,Tracking,30.0671539,30.0149536,1,0.034238021005876362,0,0,0,160x90 DepthUint16,"centre=0 min=0 max=0 hex=0000 0000 0000 0000 0000","centre=0 min=0 max=0 hex=0000 0000 0000 0000 0000",0,0,0,,0,,,None,Unavailable,NoWallUnderCrosshair,,,,"only 0 valid depth samples under crosshair (441 no-data, 0 out-of-range, 0 low-confidence)",0,,,None,Unavailable,NoWallInView,,,,0.0005598534,1.11801457,-0.09740001,-0.00018048659,0.058413215,-0.00225320458,0.998289943,0,0,0,0,0,0,283645.634127464,283645.634127464,0.034200157009763643
7.8598704664652788,d62bf83a,SessionTracking,Tracking,30.0679283,30.0149536,1,0.032468644989421591,0,0,0,160x90 DepthUint16,"centre=0 min=0 max=0 hex=0000 0000 0000 0000 0000","centre=0 min=0 max=0 hex=0000 0000 0000 0000 0000",0,0,0,,0,,,None,Unavailable,NoWallUnderCrosshair,,,,"only 0 valid depth samples under crosshair (441 no-data, 0 out-of-range, 0 low-confidence)",0,,,None,Unavailable,NoWallInView,,,,0.000637352234,1.11794329,-0.09738546,-0.000196699053,0.05673601,-0.00233966112,0.998386443,0,0,0,0,0,0,283645.667454548,283645.667454548,0.032430885010398924
7.8930402584699069,d62bf83a,SessionTracking,Tracking,30.0680218,30.0149536,1,0.032631667010718957,0,0,0,160x90 DepthUint16,"centre=0 min=0 max=0 hex=0000 0000 0000 0000 0000","centre=0 min=0 max=0 hex=0000 0000 0000 0000 0000",0,0,0,,0,,,None,Unavailable,NoWallUnderCrosshair,,,,"only 0 valid depth samples under crosshair (441 no-data, 0 out-of-range, 0 low-confidence)",0,,,None,Unavailable,NoWallInView,,,,0.0007423174,1.11806333,-0.09759699,-0.000195654124,0.0563134067,-0.002518833,0.99841,0,0,0,0,0,0,283645.70118453004,283645.70118453004,0.032588280999334529
7.9268560914531436,d62bf83a,SessionTracking,Tracking,30.0679913,30.0149536,1,0.033082342997659,0,0,0,160x90 DepthUint16,"centre=0 min=0 max=0 hex=0000 0000 0000 0000 0000","centre=0 min=0 max=0 hex=0000 0000 0000 0000 0000",0,0,0,,0,,,None,Unavailable,NoWallUnderCrosshair,,,,"only 0 valid depth samples under crosshair (441 no-data, 0 out-of-range, 0 low-confidence)",0,,,None,Unavailable,NoWallInView,,,,0.0006014118,1.11795282,-0.09766225,-0.00019091554,0.0557533279,-0.00257882476,0.9984412,0,0,0,0,0,0,283645.73451161303,283645.73451161303,0.033023488998878747
7.9600961434514348,d62bf83a,SessionTracking,Tracking,30.067503,30.0149536,1,0.032274375000270084,0,0,0,160x90 DepthUint16,"centre=0 min=0 max=0 hex=0000 0000 0000 0000 0000","centre=0 min=0 max=0 hex=0000 0000 0000 0000 0000",0,0,0,,0,,,None,Unavailable,NoWallUnderCrosshair,,,,"only 0 valid depth samples under crosshair (441 no-data, 0 out-of-range, 0 low-confidence)",0,,,None,Unavailable,NoWallInView,,,,0.000636351062,1.1178472,-0.09750322,0.000393537834,0.05385085,-0.002621353,0.9985455,0,0,0,0,0,0,283645.767838697,283645.767838697,0.032168749981792644
7.9927432794681836,d62bf83a,SessionTracking,Tracking,30.0668774,29.991436,1,0.031941927009029314,0,0,0,160x90 DepthUint16,"centre=0 min=0 max=0 hex=0000 0000 0000 0000 0000","centre=0 min=0 max=0 hex=0000 0000 0000 0000 0000",0,0,0,,0,,,None,Unavailable,NoWallUnderCrosshair,,,,"only 0 valid depth samples under crosshair (441 no-data, 0 out-of-range, 0 low-confidence)",0,,,None,Unavailable,NoWallInView,,,,0.000590896234,1.11778176,-0.0971942,0.0014479236,0.05178649,-0.0022889676,0.998654544,0,0,0,0,0,0,283645.80116578,283645.80116578,0.031889478996163234
8.0258006754772815,d62bf83a,SessionTracking,Tracking,30.0682755,29.991436,1,0.032287396024911708,0,0,0,160x90 DepthUint16,"centre=0 min=0 max=0 hex=0000 0000 0000 0000 0000","centre=0 min=0 max=0 hex=0000 0000 0000 0000 0000",0,0,0,,0,,,None,Unavailable,NoWallUnderCrosshair,,,,"only 0 valid depth samples under crosshair (441 no-data, 0 out-of-range, 0 low-confidence)",0,,,None,Unavailable,NoWallInView,,,,0.000824886258,1.11807263,-0.09736082,0.00231482275,0.0481010824,-0.002086252,0.9988376,0,0,0,0,0,0,283645.834771411,283645.834771411,0.0322279170213724
8.0586849984572346,d62bf83a,SessionTracking,Tracking,30.0664234,29.991436,1,0.03207583399489522,0,0,0,160x90 DepthUint16,"centre=0 min=0 max=0 hex=0000 0000 0000 0000 0000","centre=0 min=0 max=0 hex=0000 0000 0000 0000 0000",0,0,0,,0,,,None,Unavailable,NoWallUnderCrosshair,,,,"only 0 valid depth samples under crosshair (441 no-data, 0 out-of-range, 0 low-confidence)",0,,,None,Unavailable,NoWallInView,,,,0.00105068577,1.11800718,-0.0973573849,0.0027148372,0.04472689,-0.00197920226,0.998993635,0,0,0,0,0,0,283645.868098495,283645.868098495,0.032009115006076172
8.0918436434619672,d62bf83a,SessionTracking,Tracking,30.0670319,29.991436,1,0.032470728998305276,0,0,0,160x90 DepthUint16,"centre=0 min=0 max=0 hex=0000 0000 0000 0000 0000","centre=0 min=0 max=0 hex=0000 0000 0000 0000 0000",0,0,0,,0,,,None,Unavailable,NoWallUnderCrosshair,,,,"only 0 valid depth samples under crosshair (441 no-data, 0 out-of-range, 0 low-confidence)",0,,,None,Unavailable,NoWallInView,,,,0.00104512251,1.11788583,-0.0975100547,0.00293699116,0.0424827226,-0.00168797385,0.999091446,0,0,0,0,0,0,283645.901425578,283645.901425578,0.032420311996247619
8.12607166447901,d62bf83a,SessionTracking,Tracking,30.0657825,29.991436,1,0.033630677004111931,0,0,0,160x90 DepthUint16,"centre=0 min=0 max=0 hex=0000 0000 0000 0000 0000","centre=0 min=0 max=0 hex=0000 0000 0000 0000 0000",0,0,0,,0,,,None,Unavailable,NoWallUnderCrosshair,,,,"only 0 valid depth samples under crosshair (441 no-data, 0 out-of-range, 0 low-confidence)",0,,,None,Unavailable,NoWallInView,,,,0.000484036747,1.1179409,-0.09787035,0.00307782949,0.040687222,-0.00120395434,0.9991665,0,0,0,0,0,0,283645.935112304,283645.935112304,0.03358052100520581
8.1617944254573978,d62bf83a,SessionTracking,Tracking,30.067524,29.991436,1,0.035070156998699531,0,0,0,160x90 DepthUint16,"centre=0 min=0 max=0 hex=0000 0000 0000 0000 0000","centre=0 min=0 max=0 hex=0000 0000 0000 0000 0000",0,0,0,,0,,,None,Unavailable,NoWallUnderCrosshair,,,,"only 0 valid depth samples under crosshair (441 no-data, 0 out-of-range, 0 low-confidence)",0,,,None,Unavailable,NoWallInView,,,,0.000182384509,1.11782169,-0.09801453,0.003387809,0.0394296534,-0.00103563082,0.9992161,0,0,0,0,0,0,283645.96843938803,283645.96843938803,0.035002969001652673
8.193179372468645,d62bf83a,SessionTracking,Tracking,30.0656986,29.991436,1,0.030328020016895607,0,0,0,160x90 DepthUint16,"centre=0 min=0 max=0 hex=0000 0000 0000 0000 0000","centre=0 min=0 max=0 hex=0000 0000 0000 0000 0000",0,0,0,,0,,,None,Unavailable,NoWallUnderCrosshair,,,,"only 0 valid depth samples under crosshair (441 no-data, 0 out-of-range, 0 low-confidence)",0,,,None,Unavailable,NoWallInView,,,,-4.88834921E-05,1.11773956,-0.09804137,0.003890505,0.0375556946,-0.0009146929,0.999286532,0,0,0,0,0,0,283646.001766471,283646.001766471,0.030109479004750028
8.2261660394758529,d62bf83a,SessionTracking,Tracking,30.06614,29.991436,1,0.031713646021671593,0,0,0,160x90 DepthUint16,"centre=0 min=0 max=0 hex=0000 0000 0000 0000 0000","centre=0 min=0 max=0 hex=0000 0000 0000 0000 0000",0,0,0,,0,,,None,Unavailable,NoWallUnderCrosshair,,,,"only 0 valid depth samples under crosshair (441 no-data, 0 out-of-range, 0 low-confidence)",0,,,None,Unavailable,NoWallInView,,,,-0.0008622648,1.117737,-0.09796611,0.004079268,0.03441106,0.000514447747,0.999399364,0,0,0,0,0,0,283646.033913958,283646.033913958,0.031644686998333782
8.2606192684650033,d62bf83a,SessionTracking,Tracking,30.06584,29.991436,1,0.03351067699259147,0,0,0,160x90 DepthUint16,"centre=0 min=0 max=0 hex=0000 0000 0000 0000 0000","centre=0 min=0 max=0 hex=0000 0000 0000 0000 0000",0,0,0,,0,,,None,Unavailable,NoWallUnderCrosshair,,,,"only 0 valid depth samples under crosshair (441 no-data, 0 out-of-range, 0 low-confidence)",0,,,None,Unavailable,NoWallInView,,,,-0.0010712035,1.11789107,-0.09790658,0.00477674929,0.03180485,0.000733167,0.999482453,0,0,0,0,0,0,283646.06724104204,283646.06724104204,0.033407031005481258
8.2914865604577663,d62bf83a,SessionTracking,Tracking,30.0651665,29.991436,1,0.030132760002743453,0,0,0,160x90 DepthUint16,"centre=0 min=0 max=0 hex=0000 0000 0000 0000 0000","centre=0 min=0 max=0 hex=0000 0000 0000 0000 0000",0,0,0,,0,,,None,Unavailable,NoWallUnderCrosshair,,,,"only 0 valid depth samples under crosshair (441 no-data, 0 out-of-range, 0 low-confidence)",0,,,None,Unavailable,NoWallInView,,,,-0.001302491,1.11811483,-0.0979184,0.0056221243,0.029539736,0.001061827,0.999547243,0,0,0,0,0,0,283646.100568125,283646.100568125,0.030086666985880584
8.324435727470469,d62bf83a,SessionTracking,Tracking,30.059288,29.991436,1,0.032153125008335337,0,0,0,160x90 DepthUint16,"centre=0 min=0 max=0 hex=0000 0000 0000 0000 0000","centre=0 min=0 max=0 hex=0000 0000 0000 0000 0000",0,0,0,,0,,,None,Unavailable,NoWallUnderCrosshair,,,,"only 0 valid depth samples under crosshair (441 no-data, 0 out-of-range, 0 low-confidence)",0,,,None,Unavailable,NoWallInView,,,,-0.00157735916,1.1179595,-0.09827684,0.00558546744,0.0272166226,0.0008530021,0.9996136,0,0,0,0,0,0,283646.13334006903,283646.13334006903,0.0321098440035712
8.3578223934780418,d62bf83a,SessionTracking,Tracking,30.0677433,29.991436,1,0.032843749999301508,0,0,0,160x90 DepthUint16,"centre=0 min=0 max=0 hex=0000 0000 0000 0000 0000","centre=0 min=0 max=0 hex=0000 0000 0000 0000 0000",0,0,0,,0,,,None,Unavailable,NoWallUnderCrosshair,,,,"only 0 valid depth samples under crosshair (441 no-data, 0 out-of-range, 0 low-confidence)",0,,,None,Unavailable,NoWallInView,,,,-0.00177829014,1.11807716,-0.09845356,0.005963365,0.0246311519,0.000908643065,0.999678433,0,0,0,0,0,0,283646.166667153,283646.166667153,0.032805468013975769
8.3911589044762387,d62bf83a,SessionTracking,Tracking,30.0636978,29.991436,1,0.03273135400377214,0,0,0,160x90 DepthUint16,"centre=0 min=0 max=0 hex=0000 0000 0000 0000 0000","centre=0 min=0 max=0 hex=0000 0000 0000 0000 0000",0,0,0,,0,,,None,Unavailable,NoWallUnderCrosshair,,,,"only 0 valid depth samples under crosshair (441 no-data, 0 out-of-range, 0 low-confidence)",0,,,None,Unavailable,NoWallInView,,,,-0.00190270413,1.11822236,-0.09860868,0.00664246874,0.02160403,0.0009515584,0.9997441,0,0,0,0,0,0,283646.199994236,283646.199994236,0.032690469000954181
8.4244623414740509,d62bf83a,SessionTracking,Tracking,30.0629711,29.991436,1,0.032642760023009032,0,0,0,160x90 DepthUint16,"centre=0 min=0 max=0 hex=0000 0000 0000 0000 0000","centre=0 min=0 max=0 hex=0000 0000 0000 0000 0000",0,0,0,,0,,,None,Unavailable,NoWallUnderCrosshair,,,,"only 0 valid depth samples under crosshair (441 no-data, 0 out-of-range, 0 low-confidence)",0,,,None,Unavailable,NoWallInView,,,,-0.00261044782,1.11760163,-0.09898423,0.006069935,0.0187150761,0.0009276867,0.999806046,0,0,0,0,0,0,283646.23338101903,283646.23338101903,0.032601771003101021
8.4598143204673271,d62bf83a,SessionTracking,Tracking,30.06342,29.991436,1,0.034774478990584612,0,0,0,160x90 DepthUint16,"centre=0 min=0 max=0 hex=0000 0000 0000 0000 0000","centre=0 min=0 max=0 hex=0000 0000 0000 0000 0000",0,0,0,,0,,,None,Unavailable,NoWallUnderCrosshair,,,,"only 0 valid depth samples under crosshair (441 no-data, 0 out-of-range, 0 low-confidence)",0,,,None,Unavailable,NoWallInView,,,,-0.00289781624,1.11777723,-0.09911181,0.00699583441,0.0155742876,0.00129801035,0.999853432,0,0,0,0,0,0,283646.266708103,283646.266708103,0.034732552012428641
8.4916282794763411,d62bf83a,SessionTracking,Tracking,30.0627079,29.991436,1,0.031139011000050232,0,0,0,160x90 DepthUint16,"centre=0 min=0 max=0 hex=0000 0000 0000 0000 0000","centre=0 min=0 max=0 hex=0000 0000 0000 0000 0000",0,0,0,,0,,,None,Unavailable,NoWallUnderCrosshair,,,,"only 0 valid depth samples under crosshair (441 no-data, 0 out-of-range, 0 low-confidence)",0,,,None,Unavailable,NoWallInView,,,,-0.00327385124,1.11781359,-0.09923814,0.00751851732,0.0128838317,0.000830113946,0.9998884,0,0,0,0,0,0,283646.30007192504,283646.30007192504,0.031080157001269981
8.5246843204693015,d62bf83a,SessionTracking,Tracking,30.06156,29.991436,1,0.032439427013741806,0,0,0,160x90 DepthUint16,"centre=0 min=0 max=0 hex=0000 0000 0000 0000 0000","centre=0 min=0 max=0 hex=0000 0000 0000 0000 0000",0,0,0,,0,,,None,Unavailable,NoWallUnderCrosshair,,,,"only 0 valid depth samples under crosshair (441 no-data, 0 out-of-range, 0 low-confidence)",0,,,None,Unavailable,NoWallInView,,,,-0.003630104,1.11785662,-0.0994579643,0.007707953,0.0101833288,0.00109827518,0.999917865,0,0,0,0,0,0,283646.333399008,283646.333399008,0.032394478999776766
8.5580200494766778,d62bf83a,SessionTracking,Tracking,30.0601711,29.991436,1,0.03258692700183019,0,0,0,160x90 DepthUint16,"centre=0 min=0 max=0 hex=0000 0000 0000 0000 0000","centre=0 min=0 max=0 hex=0000 0000 0000 0000 0000",0,0,0,,0,,,None,Unavailable,NoWallUnderCrosshair,,,,"only 0 valid depth samples under crosshair (441 no-data, 0 out-of-range, 0 low-confidence)",0,,,None,Unavailable,NoWallInView,,,,-0.00388080627,1.11787391,-0.09975329,0.00773868337,0.006952756,0.001271844,0.9999451,0,0,0,0,0,0,283646.366726092,283646.366726092,0.032540000014705583
8.5907654144718855,d62bf83a,SessionTracking,Tracking,30.0594673,29.991436,1,0.0321411460172385,0,0,0,160x90 DepthUint16,"centre=0 min=0 max=0 hex=0000 0000 0000 0000 0000","centre=0 min=0 max=0 hex=0000 0000 0000 0000 0000",0,0,0,,0,,,None,Unavailable,NoWallUnderCrosshair,,,,"only 0 valid depth samples under crosshair (441 no-data, 0 out-of-range, 0 low-confidence)",0,,,None,Unavailable,NoWallInView,,,,-0.00407411624,1.11785781,-0.100048855,0.007772013,0.0032435928,0.00155159843,0.999963343,0,0,0,0,0,0,283646.400053175,283646.400053175,0.03209656200488098
8.6243028104688584,d62bf83a,SessionTracking,Tracking,30.050909,29.991436,1,0.032951875007711351,0,0,0,160x90 DepthUint16,"centre=0 min=0 max=0 hex=0000 0000 0000 0000 0000","centre=0 min=0 max=0 hex=0000 0000 0000 0000 0000",0,0,0,,0,,,None,Unavailable,NoWallUnderCrosshair,,,,"only 0 valid depth samples under crosshair (441 no-data, 0 out-of-range, 0 low-confidence)",0,,,None,Unavailable,NoWallInView,,,,-0.00435187947,1.11783648,-0.09993128,0.00791193,-0.000369439134,0.00215783715,0.9999664,0,0,0,0,0,0,283646.433369231,283646.433369231,0.032907551998505369
8.6583471854717082,d62bf83a,SessionTracking,Tracking,30.0664234,29.991436,1,0.033442709012888372,0,0,0,160x90 DepthUint16,"centre=0 min=0 max=0 hex=0000 0000 0000 0000 0000","centre=0 min=0 max=0 hex=0000 0000 0000 0000 0000",0,0,0,,0,,,None,Unavailable,NoWallUnderCrosshair,,,,"only 0 valid depth samples under crosshair (441 no-data, 0 out-of-range, 0 low-confidence)",0,,,None,Unavailable,NoWallInView,,,,-0.00476027373,1.11794853,-0.100099504,0.008332081,-0.00354099227,0.00277784467,0.9999552,0,0,0,0,0,0,283646.46669631504,283646.46669631504,0.033400209009414539
8.6908145294617,d62bf83a,SessionTracking,Tracking,30.0608845,29.991436,1,0.031800052995095029,0,0,0,160x90 DepthUint16,"centre=0 min=0 max=0 hex=0000 0000 0000 0000 0000","centre=0 min=0 max=0 hex=0000 0000 0000 0000 0000",0,0,0,,0,,,None,Unavailable,NoWallUnderCrosshair,,,,"only 0 valid depth samples under crosshair (441 no-data, 0 out-of-range, 0 low-confidence)",0,,,None,Unavailable,NoWallInView,,,,-0.0053386623,1.11799526,-0.100268587,0.008431652,-0.006012678,0.00336405681,0.999940753,0,0,0,0,0,0,283646.500132463,283646.500132463,0.031757396005559713
8.7252711434591639,d62bf83a,SessionTracking,Tracking,30.0614738,29.991436,1,0.033746718982001767,0,0,0,160x90 DepthUint16,"centre=0 min=0 max=0 hex=0000 0000 0000 0000 0000","centre=0 min=0 max=0 hex=0000 0000 0000 0000 0000",0,0,0,,0,,,None,Unavailable,NoWallUnderCrosshair,,,,"only 0 valid depth samples under crosshair (441 no-data, 0 out-of-range, 0 low-confidence)",0,,,None,Unavailable,NoWallInView,,,,-0.005717694,1.11807537,-0.100599796,0.008279199,-0.009283524,0.00373637676,0.9999157,0,0,0,0,0,0,283646.53345954604,283646.53345954604,0.033700103987939656
8.7576453624676525,d62bf83a,SessionTracking,Tracking,30.0622139,29.991436,1,0.031575833010720089,0,0,0,160x90 DepthUint16,"centre=0 min=0 max=0 hex=0000 0000 0000 0000 0000","centre=0 min=0 max=0 hex=0000 0000 0000 0000 0000",0,0,0,,0,,,None,Unavailable,NoWallUnderCrosshair,,,,"only 0 valid depth samples under crosshair (441 no-data, 0 out-of-range, 0 low-confidence)",0,,,None,Unavailable,NoWallInView,,,,-0.00610160828,1.11825359,-0.100821786,0.008760336,-0.0124679627,0.004247844,0.9998749,0,0,0,0,0,0,283646.56678663,283646.56678663,0.031531874992651865
8.79407359147785,d62bf83a,SessionTracking,Tracking,30.0626812,29.991436,1,0.0355415620142594,0,0,0,160x90 DepthUint16,"centre=0 min=0 max=0 hex=0000 0000 0000 0000 0000","centre=0 min=0 max=0 hex=0000 0000 0000 0000 0000",0,0,0,,0,,,None,Unavailable,NoWallUnderCrosshair,,,,"only 0 valid depth samples under crosshair (441 no-data, 0 out-of-range, 0 low-confidence)",0,,,None,Unavailable,NoWallInView,,,,-0.00633816235,1.11820185,-0.100618467,0.009505814,-0.0159494933,0.00434851646,0.9998182,0,0,0,0,0,0,283646.60012319405,283646.60012319405,0.035495573014486581
8.8248245294705576,d62bf83a,SessionTracking,Tracking,30.0630512,29.991436,1,0.030038594006327912,0,0,0,160x90 DepthUint16,"centre=0 min=0 max=0 hex=0000 0000 0000 0000 0000","centre=0 min=0 max=0 hex=0000 0000 0000 0000 0000",0,0,0,,0,,,None,Unavailable,NoWallUnderCrosshair,,,,"only 0 valid depth samples under crosshair (441 no-data, 0 out-of-range, 0 low-confidence)",0,,,None,Unavailable,NoWallInView,,,,-0.00672912132,1.11825955,-0.100652933,0.009772839,-0.01932937,0.00438878,0.9997558,0,0,0,0,0,0,283646.63345027703,283646.63345027703,0.02999567799270153
8.8582420814525413,d62bf83a,SessionTracking,Tracking,30.06357,29.991436,1,0.032688176986994222,0,0,0,160x90 DepthUint16,"centre=0 min=0 max=0 hex=0000 0000 0000 0000 0000","centre=0 min=0 max=0 hex=0000 0000 0000 0000 0000",0,0,0,,0,,,None,Unavailable,NoWallUnderCrosshair,,,,"only 0 valid depth samples under crosshair (441 no-data, 0 out-of-range, 0 low-confidence)",0,,,None,Unavailable,NoWallInView,,,,-0.00710455049,1.11838317,-0.100570634,0.0103781726,-0.0229382981,0.004519254,0.9996728,0,0,0,0,0,0,283646.666777361,283646.666777361,0.032642395992297679
8.8904628104680761,d62bf83a,SessionTracking,Tracking,30.0642071,29.991436,1,0.031487396016018465,0,0,0,160x90 DepthUint16,"centre=0 min=0 max=0 hex=0000 0000 0000 0000 0000","centre=0 min=0 max=0 hex=0000 0000 0000 0000 0000",0,0,0,,0,,,None,Unavailable,NoWallUnderCrosshair,,,,"only 0 valid depth samples under crosshair (441 no-data, 0 out-of-range, 0 low-confidence)",0,,,None,Unavailable,NoWallInView,,,,-0.00757801626,1.11851788,-0.100532696,0.0105954232,-0.0257883947,0.004549146,0.999600947,0,0,0,0,0,0,283646.700104444,283646.700104444,0.031437813013326377
8.92321343545677,d62bf83a,SessionTracking,Tracking,30.0714951,29.991436,1,0.032056770985946059,0,0,0,160x90 DepthUint16,"centre=0 min=0 max=0 hex=0000 0000 0000 0000 0000","centre=0 min=0 max=0 hex=0000 0000 0000 0000 0000",0,0,0,,0,,,None,Unavailable,NoWallUnderCrosshair,,,,"only 0 valid depth samples under crosshair (441 no-data, 0 out-of-range, 0 low-confidence)",0,,,None,Unavailable,NoWallInView,,,,-0.008230025,1.11804235,-0.100438781,0.009983903,-0.0284640379,0.00365683483,0.9995383,0,0,0,0,0,0,283646.733446385,283646.733446385,0.032009218994062394
8.958924581474772,d62bf83a,SessionTracking,Tracking,30.0615368,29.991436,1,0.035150156996678561,0,0,0,160x90 DepthUint16,"centre=0 min=0 max=0 hex=0000 0000 0000 0000 0000","centre=0 min=0 max=0 hex=0000 0000 0000 0000 0000",0,0,0,,0,,,None,Unavailable,NoWallUnderCrosshair,,,,"only 0 valid depth samples under crosshair (441 no-data, 0 out-of-range, 0 low-confidence)",0,,,None,Unavailable,NoWallInView,,,,-0.008480262,1.11816943,-0.1002383,0.010098353,-0.0325092673,0.00370004773,0.9994136,0,0,0,0,0,0,283646.766773469,283646.766773469,0.035105885996017605
8.9900656224669966,d62bf83a,SessionTracking,Tracking,30.0659237,29.991436,1,0.030556457990314811,0,0,0,160x90 DepthUint16,"centre=0 min=0 max=0 hex=0000 0000 0000 0000 0000","centre=0 min=0 max=0 hex=0000 0000 0000 0000 0000",0,0,0,,0,,,None,Unavailable,NoWallUnderCrosshair,,,,"only 0 valid depth samples under crosshair (441 no-data, 0 out-of-range, 0 low-confidence)",0,,,None,Unavailable,NoWallInView,,,,-0.008663878,1.11837721,-0.09993697,0.0106041366,-0.0367121361,0.003888935,0.999262035,0,0,0,0,0,0,283646.80010055203,283646.80010055203,0.030513177014654502
9.0231160394648633,d62bf83a,SessionTracking,Tracking,30.0664425,30.0861988,1,0.032364687998779118,0,0,0,160x90 DepthUint16,"centre=0 min=0 max=0 hex=0000 0000 0000 0000 0000","centre=0 min=0 max=0 hex=0000 0000 0000 0000 0000",0,0,0,,0,,,None,Unavailable,NoWallUnderCrosshair,,,,"only 0 valid depth samples under crosshair (441 no-data, 0 out-of-range, 0 low-confidence)",0,,,None,Unavailable,NoWallInView,,,,-0.009405432,1.11832666,-0.100436553,0.0100552756,-0.04057783,0.00341543579,0.999119937,0,0,0,0,0,0,283646.83336926,283646.83336926,0.032319740013917908
9.05710400845032,d62bf83a,SessionTracking,Tracking,30.0670967,30.0861988,1,0.033376041974406689,0,0,0,160x90 DepthUint16,"centre=0 min=0 max=0 hex=0000 0000 0000 0000 0000","centre=0 min=0 max=0 hex=0000 0000 0000 0000 0000",0,0,0,,0,,,None,Unavailable,NoWallUnderCrosshair,,,,"only 0 valid depth samples under crosshair (441 no-data, 0 out-of-range, 0 low-confidence)",0,,,None,Unavailable,NoWallInView,,,,-0.009697691,1.1184566,-0.1001236,0.009974154,-0.0442793146,0.00342565775,0.998963535,0,0,0,0,0,0,283646.866696344,283646.866696344,0.033331458980683237
9.0898108834551259,d62bf83a,SessionTracking,Tracking,30.0669842,30.0861988,1,0.032141249976120889,0,0,0,160x90 DepthUint16,"centre=0 min=0 max=0 hex=0000 0000 0000 0000 0000","centre=0 min=0 max=0 hex=0000 0000 0000 0000 0000",0,0,0,,0,,,None,Unavailable,NoWallUnderCrosshair,,,,"only 0 valid depth samples under crosshair (441 no-data, 0 out-of-range, 0 low-confidence)",0,,,None,Unavailable,NoWallInView,,,,-0.0100089759,1.11865377,-0.09974444,0.010295908,-0.04750262,0.00357487821,0.998811662,0,0,0,0,0,0,283646.90002342704,283646.90002342704,0.032018489990150556
9.1230959874553683,d62bf83a,SessionTracking,Tracking,30.0694637,30.0861988,1,0.032775520987343043,0,0,0,160x90 DepthUint16,"centre=0 min=0 max=0 hex=0000 0000 0000 0000 0000","centre=0 min=0 max=0 hex=0000 0000 0000 0000 0000",0,0,0,,0,,,None,Unavailable,NoWallUnderCrosshair,,,,"only 0 valid depth samples under crosshair (441 no-data, 0 out-of-range, 0 low-confidence)",0,,,None,Unavailable,NoWallInView,,,,-0.0105714742,1.118764,-0.09941326,0.0102602141,-0.0491917767,0.00364431762,0.99873,0,0,0,0,0,0,283646.933295011,283646.933295011,0.0327317189949099
9.1573830704762678,d62bf83a,SessionTracking,Tracking,30.0626545,30.0861988,1,0.03371416701702401,0,0,0,160x90 DepthUint16,"centre=0 min=0 max=0 hex=0000 0000 0000 0000 0000","centre=0 min=0 max=0 hex=0000 0000 0000 0000 0000",0,0,0,,0,,,None,Unavailable,NoWallUnderCrosshair,,,,"only 0 valid depth samples under crosshair (441 no-data, 0 out-of-range, 0 low-confidence)",0,,,None,Unavailable,NoWallInView,,,,-0.011091223,1.11893713,-0.09898633,0.01026509,-0.0505599752,0.00362208486,0.998661757,0,0,0,0,0,0,283646.96662209503,283646.96662209503,0.033671198005322367
9.1901431224575809,d62bf83a,SessionTracking,Tracking,30.0656719,30.0861988,1,0.032219896005699411,0,0,0,160x90 DepthUint16,"centre=0 min=0 max=0 hex=0000 0000 0000 0000 0000","centre=0 min=0 max=0 hex=0000 0000 0000 0000 0000",0,0,0,,0,,,None,Unavailable,NoWallUnderCrosshair,,,,"only 0 valid depth samples under crosshair (441 no-data, 0 out-of-range, 0 low-confidence)",0,,,None,Unavailable,NoWallInView,,,,-0.0115604848,1.119074,-0.09839001,0.01000794,-0.05253108,0.00324144959,0.9985639,0,0,0,0,0,0,283646.999949178,283646.999949178,0.032175416999962181
9.2234553624618876,d62bf83a,SessionTracking,Tracking,30.066864,30.0861988,1,0.032804218993987888,0,0,0,160x90 DepthUint16,"centre=0 min=0 max=0 hex=0000 0000 0000 0000 0000","centre=0 min=0 max=0 hex=0000 0000 0000 0000 0000",0,0,0,,0,,,None,Unavailable,NoWallUnderCrosshair,,,,"only 0 valid depth samples under crosshair (441 no-data, 0 out-of-range, 0 low-confidence)",0,,,None,Unavailable,NoWallInView,,,,-0.0119385179,1.11926317,-0.09762934,0.0100229746,-0.05544759,0.00295186066,0.998406947,0,0,0,0,0,0,283647.033276261,283647.033276261,0.032762187998741865
9.2568006224789734,d62bf83a,SessionTracking,Tracking,30.0641937,30.0861988,1,0.032756614004028961,0,0,0,160x90 DepthUint16,"centre=0 min=0 max=0 hex=0000 0000 0000 0000 0000","centre=0 min=0 max=0 hex=0000 0000 0000 0000 0000",0,0,0,,0,,,None,Unavailable,NoWallUnderCrosshair,,,,"only 0 valid depth samples under crosshair (441 no-data, 0 out-of-range, 0 low-confidence)",0,,,None,Unavailable,NoWallInView,,,,-0.0122684184,1.11950171,-0.09677731,0.0101588061,-0.058745455,0.002980769,0.998216867,0,0,0,0,0,0,283647.06660334504,283647.06660334504,0.032712500018533319
9.2894675494787826,d62bf83a,SessionTracking,Tracking,30.065073,30.0861988,1,0.0320013020245824,0,0,0,160x90 DepthUint16,"centre=0 min=0 max=0 hex=0000 0000 0000 0000 0000","centre=0 min=0 max=0 hex=0000 0000 0000 0000 0000",0,0,0,,0,,,None,Unavailable,NoWallUnderCrosshair,,,,"only 0 valid depth samples under crosshair (441 no-data, 0 out-of-range, 0 low-confidence)",0,,,None,Unavailable,NoWallInView,,,,-0.0125185773,1.11968815,-0.0959542245,0.009637885,-0.06255551,0.002982229,0.9979905,0,0,0,0,0,0,283647.099930428,283647.099930428,0.031955781014403328
9.3241282784763335,d62bf83a,SessionTracking,Tracking,30.0651875,30.0861988,1,0.034024010004941374,0,0,0,160x90 DepthUint16,"centre=0 min=0 max=0 hex=0000 0000 0000 0000 0000","centre=0 min=0 max=0 hex=0000 0000 0000 0000 0000",0,0,0,,0,,,None,Unavailable,NoWallUnderCrosshair,,,,"only 0 valid depth samples under crosshair (441 no-data, 0 out-of-range, 0 low-confidence)",0,,,None,Unavailable,NoWallInView,,,,-0.0126492586,1.1199075,-0.09503943,0.009117644,-0.06691007,0.00318020582,0.9977123,0,0,0,0,0,0,283647.133257511,283647.133257511,0.033971406024647877
9.3581349974590431,d62bf83a,SessionTracking,Tracking,30.0652027,30.0861988,1,0.033307395991869271,0,0,0,160x90 DepthUint16,"centre=0 min=0 max=0 hex=0000 0000 0000 0000 0000","centre=0 min=0 max=0 hex=0000 0000 0000 0000 0000",0,0,0,,0,,,None,Unavailable,NoWallUnderCrosshair,,,,"only 0 valid depth samples under crosshair (441 no-data, 0 out-of-range, 0 low-confidence)",0,,,None,Unavailable,NoWallInView,,,,-0.0129041523,1.12015867,-0.09395977,0.009276569,-0.0707799941,0.003840983,0.9974415,0,0,0,0,0,0,283647.166584595,283647.166584595,0.033237186988117173
9.3890905184705353,d62bf83a,SessionTracking,Tracking,30.0652313,30.0861988,1,0.030186301999492571,0,0,0,160x90 DepthUint16,"centre=0 min=0 max=0 hex=0000 0000 0000 0000 0000","centre=0 min=0 max=0 hex=0000 0000 0000 0000 0000",0,0,0,,0,,,None,Unavailable,NoWallUnderCrosshair,,,,"only 0 valid depth samples under crosshair (441 no-data, 0 out-of-range, 0 low-confidence)",0,,,None,Unavailable,NoWallInView,,,,-0.0132294018,1.12042987,-0.0927566662,0.009858203,-0.0742139,0.004419238,0.997183859,0,0,0,0,0,0,283647.19991167804,283647.19991167804,0.030126563011435792
9.423713695465036,d62bf83a,SessionTracking,Tracking,30.0653915,30.0861988,1,0.034058697987347841,0,0,0,160x90 DepthUint16,"centre=0 min=0 max=0 hex=0000 0000 0000 0000 0000","centre=0 min=0 max=0 hex=0000 0000 0000 0000 0000",0,0,0,,0,,,None,Unavailable,NoWallUnderCrosshair,,,,"only 0 valid depth samples under crosshair (441 no-data, 0 out-of-range, 0 low-confidence)",0,,,None,Unavailable,NoWallInView,,,,-0.0140305646,1.12068844,-0.09211105,0.009617881,-0.0772824,0.00449523376,0.9969527,0,0,0,0,0,0,283647.23326593003,283647.23326593003,0.034002447995590046
9.4576727054698,d62bf83a,SessionTracking,Tracking,30.0661964,30.0861988,1,0.033182448009029031,0,0,0,160x90 DepthUint16,"centre=0 min=0 max=0 hex=0000 0000 0000 0000 0000","centre=0 min=0 max=0 hex=0000 0000 0000 0000 0000",0,0,0,,0,,,None,Unavailable,NoWallUnderCrosshair,,,,"only 0 valid depth samples under crosshair (441 no-data, 0 out-of-range, 0 low-confidence)",0,,,None,Unavailable,NoWallInView,,,,-0.0145773944,1.12085021,-0.0906977654,0.009805975,-0.0796415,0.00469261454,0.9967643,0,0,0,0,0,0,283647.266593014,283647.266593014,0.0330973950040061
9.4900111954518671,d62bf83a,SessionTracking,Tracking,30.06614,30.0861988,1,0.031382395973196253,0,0,0,160x90 DepthUint16,"centre=0 min=0 max=0 hex=0000 0000 0000 0000 0000","centre=0 min=0 max=0 hex=0000 0000 0000 0000 0000",0,0,0,,0,,,None,Unavailable,NoWallUnderCrosshair,,,,"only 0 valid depth samples under crosshair (441 no-data, 0 out-of-range, 0 low-confidence)",0,,,None,Unavailable,NoWallInView,,,,-0.0150290467,1.12100267,-0.0891431943,0.0102073858,-0.0819778442,0.004670203,0.996570945,0,0,0,0,0,0,283647.299920097,283647.299920097,0.03131281299283728
9.5228019244711923,d62bf83a,SessionTracking,Tracking,30.06908,30.0861988,1,0.031925417017191648,0,0,0,160x90 DepthUint16,"centre=0 min=0 max=0 hex=0000 0000 0000 0000 0000","centre=0 min=0 max=0 hex=0000 0000 0000 0000 0000",0,0,0,,0,,,None,Unavailable,NoWallUnderCrosshair,,,,"only 0 valid depth samples under crosshair (441 no-data, 0 out-of-range, 0 low-confidence)",0,,,None,Unavailable,NoWallInView,,,,-0.0153059587,1.12121928,-0.08742544,0.0111062378,-0.0847875252,0.00474113226,0.9963259,0,0,0,0,0,0,283647.33324718004,283647.33324718004,0.031833125016419217
9.5574083824792488,d62bf83a,SessionTracking,Tracking,30.0647316,30.0861988,1,0.033753489027731121,0,0,0,160x90 DepthUint16,"centre=0 min=0 max=0 hex=0000 0000 0000 0000 0000","centre=0 min=0 max=0 hex=0000 0000 0000 0000 0000",0,0,0,,0,,,None,Unavailable,NoWallUnderCrosshair,,,,"only 0 valid depth samples under crosshair (441 no-data, 0 out-of-range, 0 low-confidence)",0,,,None,Unavailable,NoWallInView,,,,-0.0157071762,1.121367,-0.0859056562,0.0113020726,-0.08632067,0.005081117,0.996190369,0,0,0,0,0,0,283647.366574264,283647.366574264,0.033652291022008285
9.5914121324637982,d62bf83a,SessionTracking,Tracking,30.0730076,30.0861988,1,0.033130467985756695,0,0,0,160x90 DepthUint16,"centre=0 min=0 max=0 hex=0000 0000 0000 0000 0000","centre=0 min=0 max=0 hex=0000 0000 0000 0000 0000",0,0,0,,0,,,None,Unavailable,NoWallUnderCrosshair,,,,"only 0 valid depth samples under crosshair (441 no-data, 0 out-of-range, 0 low-confidence)",0,,,None,Unavailable,NoWallInView,,,,-0.0156559385,1.1215291,-0.08418384,0.011210558,-0.08998784,0.00518289255,0.9958663,0,0,0,0,0,0,283647.399901347,283647.399901347,0.033047656004782766
9.62258817447923,d62bf83a,SessionTracking,Tracking,30.0617218,30.0861988,1,0.03019213501829654,0,0,0,160x90 DepthUint16,"centre=0 min=0 max=0 hex=0000 0000 0000 0000 0000","centre=0 min=0 max=0 hex=0000 0000 0000 0000 0000",0,0,0,,0,,,None,Unavailable,NoWallUnderCrosshair,,,,"only 0 valid depth samples under crosshair (441 no-data, 0 out-of-range, 0 low-confidence)",0,,,None,Unavailable,NoWallInView,,,,-0.0156193171,1.12175846,-0.08207688,0.0115534747,-0.0936538354,0.005397648,0.995523155,0,0,0,0,0,0,283647.43315628904,283647.43315628904,0.0300730730232317
9.65922463246147,d62bf83a,SessionTracking,Tracking,30.06848,30.0861988,1,0.035991926997667179,0,0,0,160x90 DepthUint16,"centre=0 min=0 max=0 hex=0000 0000 0000 0000 0000","centre=0 min=0 max=0 hex=0000 0000 0000 0000 0000",0,0,0,,0,,,None,Unavailable,NoWallUnderCrosshair,,,,"only 0 valid depth samples under crosshair (441 no-data, 0 out-of-range, 0 low-confidence)",0,,,None,Unavailable,NoWallInView,,,,-0.01535948,1.12213624,-0.0799317,0.0119882608,-0.09835372,0.00560745643,0.9950635,0,0,0,0,0,0,283647.466483373,283647.466483373,0.035938593005994335
9.6904496324748344,d62bf83a,SessionTracking,Tracking,30.06817,30.0861988,1,0.030462395021459088,0,0,0,160x90 DepthUint16,"centre=0 min=0 max=0 hex=0000 0000 0000 0000 0000","centre=0 min=0 max=0 hex=0000 0000 0000 0000 0000",0,0,0,,0,,,None,Unavailable,NoWallUnderCrosshair,,,,"only 0 valid depth samples under crosshair (441 no-data, 0 out-of-range, 0 low-confidence)",0,,,None,Unavailable,NoWallInView,,,,-0.0151545145,1.122636,-0.07769514,0.0132449418,-0.102770649,0.00607568026,0.9945983,0,0,0,0,0,0,283647.499810456,283647.499810456,0.030372864013770595
9.722852601469409,d62bf83a,SessionTracking,Tracking,30.0670834,30.0861988,1,0.031686406000517309,0,0,0,160x90 DepthUint16,"centre=0 min=0 max=0 hex=0000 0000 0000 0000 0000","centre=0 min=0 max=0 hex=0000 0000 0000 0000 0000",0,0,0,,0,,,None,Unavailable,NoWallUnderCrosshair,,,,"only 0 valid depth samples under crosshair (441 no-data, 0 out-of-range, 0 low-confidence)",0,,,None,Unavailable,NoWallInView,,,,-0.0149621833,1.12309921,-0.07535344,0.0141717317,-0.107475914,0.006655306,0.9940844,0,0,0,0,0,0,283647.533137539,283647.533137539,0.031619375018635765
9.7569812994659024,d62bf83a,SessionTracking,Tracking,30.0668259,30.0861988,1,0.033555884991073981,0,0,0,160x90 DepthUint16,"centre=0 min=0 max=0 hex=0000 0000 0000 0000 0000","centre=0 min=0 max=0 hex=0000 0000 0000 0000 0000",0,0,0,,0,,,None,Unavailable,NoWallUnderCrosshair,,,,"only 0 valid depth samples under crosshair (441 no-data, 0 out-of-range, 0 low-confidence)",0,,,None,Unavailable,NoWallInView,,,,-0.0148186907,1.12353992,-0.07266803,0.0152297,-0.112676427,0.00681614969,0.99349165,0,0,0,0,0,0,283647.566464623,283647.566464623,0.033454374992288649
9.7880097364575214,d62bf83a,SessionTracking,Tracking,30.0667152,30.0861988,1,0.030476249987259507,0,0,0,160x90 DepthUint16,"centre=0 min=0 max=0 hex=0000 0000 0000 0000 0000","centre=0 min=0 max=0 hex=0000 0000 0000 0000 0000",0,0,0,,0,,,None,Unavailable,NoWallUnderCrosshair,,,,"only 0 valid depth samples under crosshair (441 no-data, 0 out-of-range, 0 low-confidence)",0,,,None,Unavailable,NoWallInView,,,,-0.01581199,1.1238625,-0.07042603,0.0157331657,-0.111958221,0.00663316343,0.9935663,0,0,0,0,0,0,283647.599791706,283647.599791706,0.030432447005296126
9.82177312247563,d62bf83a,SessionTracking,Tracking,30.0671139,30.0861988,1,0.033240468997973949,0,0,0,160x90 DepthUint16,"centre=0 min=0 max=0 hex=0000 0000 0000 0000 0000","centre=0 min=0 max=0 hex=0000 0000 0000 0000 0000",0,0,0,,0,,,None,Unavailable,NoWallUnderCrosshair,,,,"only 0 valid depth samples under crosshair (441 no-data, 0 out-of-range, 0 low-confidence)",0,,,None,Unavailable,NoWallInView,,,,-0.0224194471,1.12482893,-0.0699655339,0.0130885821,-0.110702008,0.00704789255,0.993742466,0,0,0,0,0,0,283647.633157265,283647.633157265,0.033194479008670896
9.8581226014682635,d62bf83a,SessionTracking,Tracking,30.06638,30.0861988,1,0.035802864993456751,0,0,0,160x90 DepthUint16,"centre=0 min=0 max=0 hex=0000 0000 0000 0000 0000","centre=0 min=0 max=0 hex=0000 0000 0000 0000 0000",0,0,0,,0,,,None,Unavailable,NoWallUnderCrosshair,,,,"only 0 valid depth samples under crosshair (441 no-data, 0 out-of-range, 0 low-confidence)",0,,,None,Unavailable,NoWallInView,,,,-0.0234316159,1.12494588,-0.06725004,0.0125805028,-0.11267145,0.00631794333,0.993532538,0,0,0,0,0,0,283647.666484349,283647.666484349,0.035759582999162376
9.8903735394740089,d62bf83a,SessionTracking,Tracking,30.0664864,30.0861988,1,0.031734948017401621,0,0,0,160x90 DepthUint16,"centre=0 min=0 max=0 hex=0000 0000 0000 0000 0000","centre=0 min=0 max=0 hex=0000 0000 0000 0000 0000",0,0,0,,0,,,None,Unavailable,NoWallUnderCrosshair,,,,"only 0 valid depth samples under crosshair (441 no-data, 0 out-of-range, 0 low-confidence)",0,,,None,Unavailable,NoWallInView,,,,-0.0255073644,1.12557817,-0.06440945,0.0148778,-0.109629855,0.006803304,0.993837833,0,0,0,0,0,0,283647.69981143204,283647.69981143204,0.031690625008195639
9.9209680704550429,d62bf83a,SessionTracking,Tracking,30.066679,30.0861988,1,0.029879635985707864,0,0,0,160x90 DepthUint16,"centre=0 min=0 max=0 hex=0000 0000 0000 0000 0000","centre=0 min=0 max=0 hex=0000 0000 0000 0000 0000",0,0,0,,0,,,None,Unavailable,NoWallUnderCrosshair,,,,"only 0 valid depth samples under crosshair (441 no-data, 0 out-of-range, 0 low-confidence)",0,,,None,Unavailable,NoWallInView,,,,-0.0297791027,1.12450969,-0.05924318,0.0147833088,-0.108215332,0.007609517,0.993988454,0,0,0,0,0,0,283647.732886578,283647.732886578,0.029786562983645126
9.9558898414577435,d62bf83a,SessionTracking,Tracking,30.0660515,30.0861988,1,0.034419948002323508,0,0,0,160x90 DepthUint16,"centre=0 min=0 max=0 hex=0000 0000 0000 0000 0000","centre=0 min=0 max=0 hex=0000 0000 0000 0000 0000",0,0,0,,0,,,None,Unavailable,NoWallUnderCrosshair,,,,"only 0 valid depth samples under crosshair (441 no-data, 0 out-of-range, 0 low-confidence)",0,,,None,Unavailable,NoWallInView,,,,-0.031712804,1.12495625,-0.0560863651,0.0159406234,-0.106176138,0.007971586,0.9941876,0,0,0,0,0,0,283647.766213662,283647.766213662,0.034376458992483094
9.9924825494560956,d62bf83a,SessionTracking,Tracking,30.065506,30.0861988,1,0.034210937999887392,0,0,0,160x90 DepthUint16,"centre=0 min=0 max=0 hex=0000 0000 0000 0000 0000","centre=0 min=0 max=0 hex=0000 0000 0000 0000 0000",0,0,0,,0,,,None,Unavailable,NoWallUnderCrosshair,,,,"only 0 valid depth samples under crosshair (441 no-data, 0 out-of-range, 0 low-confidence)",0,,,None,Unavailable,NoWallInView,,,,-0.0333169252,1.12538922,-0.0525863022,0.0172057766,-0.105837695,0.007809878,0.994203866,0,0,0,0,0,0,283647.79954074504,283647.79954074504,0.034053957992000505
10.02381843445232,d62bf83a,SessionTracking,Tracking,30.0650387,29.9789429,1,0.030416613997658715,0,0,0,160x90 DepthUint16,"centre=0 min=0 max=0 hex=0000 0000 0000 0000 0000","centre=0 min=0 max=0 hex=0000 0000 0000 0000 0000",0,0,0,,0,,,None,Unavailable,NoWallUnderCrosshair,,,,"only 0 valid depth samples under crosshair (441 no-data, 0 out-of-range, 0 low-confidence)",0,,,None,Unavailable,NoWallInView,,,,-0.03815325,1.123612,-0.0545943975,0.0169812553,-0.107282832,0.00665292144,0.994061232,0,0,0,0,0,0,283647.831515268,283647.831515268,0.026831926981685683
10.055451299474722,d62bf83a,SessionTracking,Tracking,30.0639248,29.9789429,1,0.030806771013885736,0,0,0,160x90 DepthUint16,"centre=0 min=0 max=0 hex=0000 0000 0000 0000 0000","centre=0 min=0 max=0 hex=0000 0000 0000 0000 0000",0,0,0,,0,,,None,Unavailable,NoWallUnderCrosshair,,,,"only 0 valid depth samples under crosshair (441 no-data, 0 out-of-range, 0 low-confidence)",0,,,None,Unavailable,NoWallInView,,,,-0.03995283,1.12396812,-0.0510933734,0.0184032191,-0.107663631,0.006755949,0.9939941,0,0,0,0,0,0,283647.864842352,283647.864842352,0.030730052007129416
10.08858708045204,d62bf83a,SessionTracking,Tracking,30.0629234,29.9789429,1,0.032243384979665279,0,0,0,160x90 DepthUint16,"centre=0 min=0 max=0 hex=0000 0000 0000 0000 0000","centre=0 min=0 max=0 hex=0000 0000 0000 0000 0000",0,0,0,,0,,,None,Unavailable,NoWallUnderCrosshair,,,,"only 0 valid depth samples under crosshair (441 no-data, 0 out-of-range, 0 low-confidence)",0,,,None,Unavailable,NoWallInView,,,,-0.0420635529,1.12427,-0.0475168228,0.0193842184,-0.106678195,0.00692087458,0.994080544,0,0,0,0,0,0,283647.89816943504,283647.89816943504,0.032145936973392963
10.121708851456557,d62bf83a,SessionTracking,Tracking,30.05364,29.9789429,1,0.032300260005285963,0,0,0,160x90 DepthUint16,"centre=0 min=0 max=0 hex=0000 0000 0000 0000 0000","centre=0 min=0 max=0 hex=0000 0000 0000 0000 0000",0,0,0,,0,,,None,Unavailable,NoWallUnderCrosshair,,,,"only 0 valid depth samples under crosshair (441 no-data, 0 out-of-range, 0 low-confidence)",0,,,None,Unavailable,NoWallInView,,,,-0.0441627465,1.12422764,-0.0460359678,0.0188594945,-0.10609822,0.00655925274,0.994155169,0,0,0,0,0,0,283647.93061650504,283647.93061650504,0.032247447990812361
10.153789268460738,d62bf83a,SessionTracking,Tracking,30.0680428,29.9789429,1,0.030906875006621704,0,0,0,160x90 DepthUint16,"centre=0 min=0 max=0 hex=0000 0000 0000 0000 0000","centre=0 min=0 max=0 hex=0000 0000 0000 0000 0000",0,0,0,,0,,,None,Unavailable,NoWallUnderCrosshair,,,,"only 0 valid depth samples under crosshair (441 no-data, 0 out-of-range, 0 low-confidence)",0,,,None,Unavailable,NoWallInView,,,,-0.04637338,1.12450635,-0.0425723642,0.0191752352,-0.104819164,0.006536156,0.994285,0,0,0,0,0,0,283647.963943589,283647.963943589,0.030766198004130274
10.187643695451467,d62bf83a,SessionTracking,Tracking,30.0620728,29.9789429,1,0.033338437991915271,0,0,0,160x90 DepthUint16,"centre=0 min=0 max=0 hex=0000 0000 0000 0000 0000","centre=0 min=0 max=0 hex=0000 0000 0000 0000 0000",0,0,0,,0,,,None,Unavailable,NoWallUnderCrosshair,,,,"only 0 valid depth samples under crosshair (441 no-data, 0 out-of-range, 0 low-confidence)",0,,,None,Unavailable,NoWallInView,,,,-0.0487599559,1.12507617,-0.03886129,0.0211716164,-0.103115611,0.006849051,0.994420469,0,0,0,0,0,0,283647.997270672,283647.997270672,0.033298385998932645
10.222652393454833,d62bf83a,SessionTracking,Tracking,30.0622768,29.9789429,1,0.034528541989857331,0,0,0,160x90 DepthUint16,"centre=0 min=0 max=0 hex=0000 0000 0000 0000 0000","centre=0 min=0 max=0 hex=0000 0000 0000 0000 0000",0,0,0,,0,,,None,Unavailable,NoWallUnderCrosshair,,,,"only 0 valid depth samples under crosshair (441 no-data, 0 out-of-range, 0 low-confidence)",0,,,None,Unavailable,NoWallInView,,,,-0.05101366,1.12564111,-0.03521163,0.02308803,-0.1023105,0.00724160671,0.9944582,0,0,0,0,0,0,283648.03059787303,283648.03059787303,0.03448333399137482
10.257857809457843,d62bf83a,SessionTracking,Tracking,30.0624561,29.9789429,1,0.03437958299764432,0,0,0,160x90 DepthUint16,"centre=0 min=0 max=0 hex=0000 0000 0000 0000 0000","centre=0 min=0 max=0 hex=0000 0000 0000 0000 0000",0,0,0,,0,,,None,Unavailable,NoWallUnderCrosshair,,,,"only 0 valid depth samples under crosshair (441 no-data, 0 out-of-range, 0 low-confidence)",0,,,None,Unavailable,NoWallInView,,,,-0.0533240549,1.12599945,-0.0314455964,0.02304253,-0.101541854,0.0073928833,0.9945369,0,0,0,0,0,0,283648.063924957,283648.063924957,0.034293125005206093
10.288408330470471,d62bf83a,SessionTracking,Tracking,30.0622272,29.9789429,1,0.029954375000670552,0.004166667,0.0154861109,1,160x90 DepthUint16,"centre=0 min=748 max=10601 hex=0000 0000 0000 0000 0000","centre=578 min=574 max=578 hex=0242 0242 0242 0241 023F",0,0,0,,0,,,None,Unavailable,NoWallUnderCrosshair,,,,"only 0 valid depth samples under crosshair (441 no-data, 0 out-of-range, 0 low-confidence)",0,,,None,Unavailable,NoWallInView,,,,-0.0559435263,1.12652147,-0.0274328589,0.0244345982,-0.0995490849,0.007719994,0.994702637,0,0,0,0,0,0,283648.09725204,283648.09725204,0.029903854010626674
10.32106109045321,d62bf83a,SessionTracking,Tracking,30.061285,29.9789429,1,0.032155207998584956,0.004166667,0.0143055553,1,160x90 DepthUint16,"centre=0 min=742 max=10601 hex=0000 0000 0000 0000 0000","centre=693 min=688 max=693 hex=02B5 02B5 02B5 02B4 02B1",0,0,0,,0,,,None,Unavailable,NoWallUnderCrosshair,,,,"only 0 valid depth samples under crosshair (441 no-data, 0 out-of-range, 0 low-confidence)",0,,,None,Unavailable,NoWallInView,,,,-0.05936066,1.12666845,-0.02332525,0.0277764369,-0.0963870138,0.008189053,0.9949226,0,0,0,0,0,0,283648.13070154504,283648.13070154504,0.0321092699887231
10.357788382450732,d62bf83a,SessionTracking,Tracking,30.0613689,29.9789429,1,0.035870416992111132,0.004166667,0.0163194444,1,160x90 DepthUint16,"centre=0 min=736 max=10603 hex=0000 0000 0000 0000 0000","centre=687 min=682 max=687 hex=02AF 02AF 02AF 02AE 02AB",0,0,0,,0,,,None,Unavailable,NoWallUnderCrosshair,,,,"only 0 valid depth samples under crosshair (441 no-data, 0 out-of-range, 0 low-confidence)",0,,,None,Unavailable,NoWallInView,,,,-0.06205892,1.12729788,-0.01876571,0.0306756981,-0.09460318,0.008447827,0.9950065,0,0,0,0,0,0,283648.164028629,283648.164028629,0.035764270985964686
10.389200153472981,d62bf83a,SessionTracking,Tracking,30.06199,29.9789429,1,0.030834635021165013,0.0198611114,0.0468055569,1,160x90 DepthUint16,"centre=0 min=392 max=13317 hex=0000 0000 0000 0000 0000","centre=440 min=437 max=441 hex=01B9 01B8 01B8 01B8 01B6",0,0,0,,0,,,None,Unavailable,NoWallUnderCrosshair,,,,"only 0 valid depth samples under crosshair (441 no-data, 0 out-of-range, 0 low-confidence)",0,,,None,Unavailable,NoWallInView,,,,-0.06447536,1.12783539,-0.0140615106,0.0330284238,-0.09400855,0.00841567,0.994987845,0,0,0,0,0,0,283648.197355712,283648.197355712,0.030782500019995496
10.421613851478238,d62bf83a,SessionTracking,Tracking,30.0586662,29.9789429,1,0.031506719009485096,0.0197916664,0.0429166667,0,160x90 DepthUint16,"centre=0 min=384 max=13327 hex=0000 0000 0000 0000 0000","centre=0 min=0 max=0 hex=0000 0000 0000 0000 0000",0,0,0,,0,,,None,Unavailable,NoWallUnderCrosshair,,,,"only 0 valid depth samples under crosshair (441 no-data, 0 out-of-range, 0 low-confidence)",0,,,None,Unavailable,NoWallInView,,,,-0.0674509853,1.1283524,-0.008695319,0.0378092453,-0.09162373,0.008791357,0.99503684,0,0,0,0,0,0,283648.230424178,283648.230424178,0.031394219025969505
10.453821976468813,d62bf83a,SessionTracking,Tracking,30.06477,29.9789429,1,0.031006926990812644,0.0198611114,0.0450694449,1,160x90 DepthUint16,"centre=0 min=376 max=13336 hex=0000 0000 0000 0000 0000","centre=512 min=509 max=513 hex=0201 0201 0200 01FE 01FE",0,0,0,,0,,,None,Unavailable,NoWallUnderCrosshair,,,,"only 0 valid depth samples under crosshair (441 no-data, 0 out-of-range, 0 low-confidence)",0,,,None,Unavailable,NoWallInView,,,,-0.07055952,1.1293149,-0.00335840136,0.0434429,-0.0881839544,0.00959819648,0.995110154,0,0,0,0,0,0,283648.26375126204,283648.26375126204,0.030861406004987657
10.490870257464618,d62bf83a,SessionTracking,Tracking,30.0625534,29.9789429,1,0.036445469013415277,0.0447916649,0.0619444437,0,160x90 DepthUint16,"centre=0 min=368 max=14698 hex=0000 0000 0000 0000 0000","centre=0 min=0 max=0 hex=0000 0000 0000 0000 0000",0,0,0,,0,,,None,Unavailable,NoWallUnderCrosshair,,,,"only 0 valid depth samples under crosshair (441 no-data, 0 out-of-range, 0 low-confidence)",0,,,None,Unavailable,NoWallInView,,,,-0.07362749,1.13012326,0.00207015872,0.0475810841,-0.08489903,0.0103678415,0.995198846,0,0,0,0,0,0,283648.29707834503,283648.29707834503,0.036402291996637359
10.522737340452064,d62bf83a,SessionTracking,Tracking,30.0633621,29.9789429,1,0.03111213498050347,0.045625,0.06270833,0,160x90 DepthUint16,"centre=0 min=359 max=14677 hex=0000 0000 0000 0000 0000","centre=0 min=0 max=0 hex=0000 0000 0000 0000 0000",0,0,0,,0,,,None,Unavailable,NoWallUnderCrosshair,,,,"only 0 valid depth samples under crosshair (441 no-data, 0 out-of-range, 0 low-confidence)",0,,,None,Unavailable,NoWallInView,,,,-0.07701886,1.1309427,0.00766357034,0.0516803265,-0.0795225352,0.0113026509,0.9954283,0,0,0,0,0,0,283648.330612061,283648.330612061,0.031038176995934919
10.554655622461492,d62bf83a,SessionTracking,Tracking,30.0637245,29.9789429,1,0.0309396359953098,0.0451388881,0.0615277775,0,160x90 DepthUint16,"centre=0 min=349 max=14655 hex=0000 0000 0000 0000 0000","centre=0 min=0 max=0 hex=0000 0000 0000 0000 0000",0,0,0,,0,,,None,Unavailable,NoWallUnderCrosshair,,,,"only 0 valid depth samples under crosshair (441 no-data, 0 out-of-range, 0 low-confidence)",0,,,None,Unavailable,NoWallInView,,,,-0.08080497,1.13216746,0.0137184709,0.05922282,-0.07236747,0.0129899383,0.9955335,0,0,0,0,0,0,283648.363939145,283648.363939145,0.030846823006868362
10.587125413472446,d62bf83a,SessionTracking,Tracking,30.0639172,29.9789429,1,0.031684531015343964,0.07069445,0.06027778,0,160x90 DepthUint16,"centre=0 min=339 max=17065 hex=0000 0000 0000 0000 0000","centre=0 min=0 max=0 hex=0000 0000 0000 0000 0000",0,0,0,,0,,,None,Unavailable,NoWallUnderCrosshair,,,,"only 0 valid depth samples under crosshair (441 no-data, 0 out-of-range, 0 low-confidence)",0,,,None,Unavailable,NoWallInView,,,,-0.08435263,1.13319206,0.0197517872,0.06592604,-0.06606548,0.0143821258,0.9955312,0,0,0,0,0,0,283648.39726622804,283648.39726622804,0.03159187501296401
10.624306507470234,d62bf83a,SessionTracking,Tracking,30.06415,29.9789429,1,0.036262759997043759,0.07069445,0.0568055548,0,160x90 DepthUint16,"centre=0 min=330 max=17106 hex=0000 0000 0000 0000 0000","centre=0 min=0 max=0 hex=0000 0000 0000 0000 0000",0,0,0,,0,,,None,Unavailable,NoWallUnderCrosshair,,,,"only 0 valid depth samples under crosshair (441 no-data, 0 out-of-range, 0 low-confidence)",0,,,None,Unavailable,NoWallInView,,,,-0.08779604,1.133775,0.0254067853,0.07054386,-0.05988864,0.0154811442,0.9955889,0,0,0,0,0,0,283648.430449485,283648.430449485,0.036017708014696836
10.655660569467496,d62bf83a,SessionTracking,Tracking,30.0638676,29.9789429,1,0.030373749992577359,0.07069445,0.05951389,0,160x90 DepthUint16,"centre=0 min=320 max=17138 hex=0000 0000 0000 0000 0000","centre=0 min=0 max=0 hex=0000 0000 0000 0000 0000",0,0,0,,0,,,None,Unavailable,NoWallUnderCrosshair,,,,"only 0 valid depth samples under crosshair (441 no-data, 0 out-of-range, 0 low-confidence)",0,,,None,Unavailable,NoWallInView,,,,-0.09097874,1.13422775,0.0316805243,0.07596276,-0.0560511239,0.0158882756,0.9954072,0,0,0,0,0,0,283648.463776569,283648.463776569,0.030288384994491935
10.693512340458025,d62bf83a,SessionTracking,Tracking,30.0643215,29.9789429,1,0.037113906000740826,0.100138888,0.0577083342,0,160x90 DepthUint16,"centre=0 min=311 max=24430 hex=0000 0000 0000 0000 0000","centre=0 min=0 max=0 hex=0000 0000 0000 0000 0000",0,0,0,,0,,,None,Unavailable,NoWallUnderCrosshair,,,,"only 0 valid depth samples under crosshair (438 no-data, 3 out-of-range, 0 low-confidence)",0,,,None,Unavailable,NoWallInView,,,,-0.09423612,1.1345073,0.038097553,0.0816398859,-0.0520672947,0.0161292851,0.995170236,0,0,0,0,0,0,283648.49710365204,283648.49710365204,0.037048853992018849
10.726362392455254,d62bf83a,SessionTracking,Tracking,30.0661469,29.9789429,1,0.03216083298320882,0.09951389,0.0605555549,0,160x90 DepthUint16,"centre=0 min=302 max=24439 hex=0000 0000 0000 0000 0000","centre=0 min=0 max=0 hex=0000 0000 0000 0000 0000",0,0,0,,0,,,None,Unavailable,NoWallUnderCrosshair,,,,"only 0 valid depth samples under crosshair (438 no-data, 3 out-of-range, 0 low-confidence)",0,,,None,Unavailable,NoWallInView,,,,-0.09781571,1.13410354,0.044745557,0.0847570151,-0.0486718751,0.0161805451,0.9950807,0,0,0,0,0,0,283648.530371009,283648.530371009,0.032113905996084213
10.756443434456511,d62bf83a,SessionTracking,Tracking,30.06283,29.9789429,1,0.029426509980112314,0.09861111,0.0618055537,0,160x90 DepthUint16,"centre=0 min=292 max=24450 hex=0000 0000 0000 0000 0000","centre=0 min=0 max=0 hex=0000 0000 0000 0000 0000",0,0,0,,0,,,None,Unavailable,NoWallUnderCrosshair,,,,"only 0 valid depth samples under crosshair (433 no-data, 8 out-of-range, 0 low-confidence)",0,,,None,Unavailable,NoWallInView,,,,-0.101327054,1.13409483,0.05156722,0.08861379,-0.04457095,0.0167036057,0.9949281,0,0,0,0,0,0,283648.563698093,283648.563698093,0.029371093987720087
10.7902708304789,d62bf83a,SessionTracking,Tracking,30.0643845,29.9789429,1,0.03318500000750646,0.131527781,0.07354166,0,160x90 DepthUint16,"centre=0 min=283 max=24459 hex=0000 0000 0000 0000 0000","centre=0 min=0 max=0 hex=0000 0000 0000 0000 0000",0,0,0,,0,,,None,Unavailable,NoWallUnderCrosshair,,,,"only 0 valid depth samples under crosshair (419 no-data, 22 out-of-range, 0 low-confidence)",0,,,None,Unavailable,NoWallInView,,,,-0.104399107,1.13423741,0.05842776,0.09190226,-0.0423146673,0.0168653149,0.9947256,0,0,0,0,0,0,283648.59702517604,283648.59702517604,0.033141406020149589
10.825603382461619,d62bf83a,SessionTracking,Tracking,30.0636234,29.9789429,1,0.034147969010518864,0.13284722,0.07048611,1,160x90 DepthUint16,"centre=0 min=277 max=24456 hex=0000 0000 0000 0000 0000","centre=11368 min=11151 max=15037 hex=2B9C 2BAB 2C68 3196 34F2",0,0,0,,0,,,None,Unavailable,NoWallUnderCrosshair,,,,"only 0 valid depth samples under crosshair (419 no-data, 22 out-of-range, 0 low-confidence)",0,,,None,Unavailable,NoWallInView,,,,-0.107495159,1.13419914,0.06451399,0.092669636,-0.04112716,0.0167349577,0.9947064,0,0,0,0,0,0,283648.6304509,283648.6304509,0.03398499998729676
10.854751767477634,d62bf83a,SessionTracking,Tracking,30.06361,29.9789429,1,0.027956562000326812,0.134375,0.06548611,1,160x90 DepthUint16,"centre=0 min=271 max=24440 hex=0000 0000 0000 0000 0000","centre=12759 min=12618 max=15170 hex=3153 315D 31D7 3535 3774",0,0,0,,0,,,None,Unavailable,NoWallUnderCrosshair,,,,"only 0 valid depth samples under crosshair (419 no-data, 22 out-of-range, 0 low-confidence)",0,,,None,Unavailable,NoWallInView,,,,-0.110358447,1.13427746,0.07088427,0.0909801349,-0.04032316,0.0160928071,0.994905949,0,0,0,0,0,0,283648.66377798404,283648.66377798404,0.027848021010868251
10.887702444455268,d62bf83a,SessionTracking,Tracking,30.0635071,29.9789429,1,0.032062811980722472,0.166458338,0.06881944,1,160x90 DepthUint16,"centre=0 min=266 max=24415 hex=0AF7 0000 0000 0000 0000","centre=15033 min=15020 max=15347 hex=3AAD 3AAD 3AB9 3B10 3B50",0,0,0,,0,,,None,Unavailable,NoWallUnderCrosshair,,,,"only 0 valid depth samples under crosshair (424 no-data, 17 out-of-range, 0 low-confidence)",0,,,None,Unavailable,NoWallInView,,,,-0.11357028,1.134507,0.07692121,0.087459825,-0.0378023237,0.0155197391,0.995329559,0,0,0,0,0,0,283648.697105067,283648.697105067,0.031963072979124263
10.921956871464996,d62bf83a,SessionTracking,Tracking,30.0629311,29.9789429,1,0.033142864005640149,0.163194448,0.07326389,0,160x90 DepthUint16,"centre=0 min=259 max=24393 hex=0000 0000 0000 0000 0000","centre=0 min=0 max=0 hex=0000 0000 0000 0000 0000",0,0,0,,0,,,None,Unavailable,NoWallUnderCrosshair,,,,"only 0 valid depth samples under crosshair (428 no-data, 13 out-of-range, 0 low-confidence)",0,,,None,Unavailable,NoWallInView,,,,-0.117270768,1.13390779,0.08422225,0.0850966349,-0.03416079,0.015063555,0.995673,0,0,0,0,0,0,283648.73025834,283648.73025834,0.033038229012163356
10.956465465456628,d62bf83a,SessionTracking,Tracking,30.0628033,29.9789429,1,0.033545885002240539,0.161388889,0.06756944,0,160x90 DepthUint16,"centre=0 min=252 max=24379 hex=0000 0000 0000 0000 0000","centre=0 min=0 max=0 hex=0000 0000 0000 0000 0000",0,0,0,,0,,,None,Unavailable,NoWallUnderCrosshair,,,,"only 0 valid depth samples under crosshair (428 no-data, 13 out-of-range, 0 low-confidence)",0,,,None,Unavailable,NoWallInView,,,,-0.121078581,1.1349138,0.0906927362,0.08461053,-0.03031191,0.0153803555,0.9958342,0,0,0,0,0,0,283648.763585424,283648.763585424,0.033196197997312993
10.987150621458337,d62bf83a,SessionTracking,Tracking,30.0630417,29.9789429,1,0.029748750006547198,0.190277785,0.06972222,0,160x90 DepthUint16,"centre=0 min=246 max=24362 hex=0000 0000 0000 0000 0000","centre=0 min=0 max=0 hex=0000 0000 0000 0000 0000",0,0,0,,0,,,None,Unavailable,NoWallUnderCrosshair,,,,"only 0 valid depth samples under crosshair (425 no-data, 16 out-of-range, 0 low-confidence)",0,,,None,Unavailable,NoWallInView,,,,-0.124303885,1.135857,0.09713959,0.08273272,-0.0296249911,0.0147219,0.9960226,0,0,0,0,0,0,283648.79691250704,283648.79691250704,0.029646665992913768
11.024501924464627,d62bf83a,SessionTracking,Tracking,30.0632133,29.97951,1,0.036736145993927494,0.196180552,0.06277778,0,160x90 DepthUint16,"centre=0 min=240 max=24348 hex=0000 0000 0000 0000 0000","centre=0 min=0 max=0 hex=0000 0000 0000 0000 0000",0,0,0,,0,,,None,Unavailable,NoWallUnderCrosshair,,,,"only 0 valid depth samples under crosshair (424 no-data, 17 out-of-range, 0 low-confidence)",0,,,None,Unavailable,NoWallInView,,,,-0.127322778,1.13687956,0.10371995,0.08105025,-0.03024088,0.0139169693,0.996153951,0,0,0,0,0,0,283648.83023959,283648.83023959,0.036683646001620218
11.055733173477844,d62bf83a,SessionTracking,Tracking,30.06709,29.97951,1,0.030607187014538795,0.195486113,0.0625,0,160x90 DepthUint16,"centre=0 min=234 max=24341 hex=0000 0000 0000 0000 0000","centre=0 min=0 max=0 hex=0000 0000 0000 0000 0000",0,0,0,,0,,,None,Unavailable,NoWallUnderCrosshair,,,,"only 0 valid depth samples under crosshair (424 no-data, 17 out-of-range, 0 low-confidence)",0,,,None,Unavailable,NoWallInView,,,,-0.130458444,1.13809359,0.1107061,0.080618836,-0.03138514,0.0135997534,0.996158,0,0,0,0,0,0,283648.863566674,283648.863566674,0.030539322004187852
11.087859423456162,d62bf83a,SessionTracking,Tracking,30.0629,29.97951,1,0.031471561989746988,0.22986111,0.0574305542,0,160x90 DepthUint16,"centre=0 min=228 max=24319 hex=0000 0000 0000 0000 0000","centre=0 min=0 max=0 hex=0000 0000 0000 0000 0000",0,0,0,,0,,,None,Unavailable,NoWallUnderCrosshair,,,,"only 0 valid depth samples under crosshair (420 no-data, 21 out-of-range, 0 low-confidence)",0,,,None,Unavailable,NoWallInView,,,,-0.133815646,1.13904476,0.117393263,0.0776656,-0.0314267,0.0131065259,0.996397853,0,0,0,0,0,0,283648.89689375705,283648.89689375705,0.031420624989550561
11.119616611456646,d62bf83a,SessionTracking,Tracking,30.0645771,29.97951,1,0.031046093994518742,0.229027778,0.0620833337,0,160x90 DepthUint16,"centre=0 min=236 max=24296 hex=0000 0000 0000 0000 0000","centre=0 min=0 max=0 hex=0000 0000 0000 0000 0000",0,0,0,,0,,,None,Unavailable,NoWallUnderCrosshair,,,,"only 0 valid depth samples under crosshair (426 no-data, 15 out-of-range, 0 low-confidence)",0,,,None,Unavailable,NoWallInView,,,,-0.142345116,1.14041352,0.110427126,0.07260144,-0.0285084061,0.0125921369,0.996874034,0,0,0,0,0,0,283648.930677325,283648.930677325,0.0309986459906213
11.154011507463789,d62bf83a,SessionTracking,Tracking,30.065052,29.97951,1,0.033328905992675573,0.226875,0.06111111,0,160x90 DepthUint16,"centre=0 min=231 max=24263 hex=0000 0000 0000 0000 0000","centre=0 min=0 max=0 hex=0000 0000 0000 0000 0000",0,0,0,,0,,,None,Unavailable,NoWallUnderCrosshair,,,,"only 0 valid depth samples under crosshair (431 no-data, 10 out-of-range, 0 low-confidence)",0,,,None,Unavailable,NoWallInView,,,,-0.14670518,1.1412375,0.116544358,0.06879238,-0.02538708,0.0124106715,0.9972307,0,0,0,0,0,0,283648.96400440903,283648.96400440903,0.033253228990361094
11.188469944466984,d62bf83a,SessionTracking,Tracking,30.0648766,29.97951,1,0.033132239012047648,0.257152766,0.0794444457,0,160x90 DepthUint16,"centre=0 min=225 max=24232 hex=0000 0000 0000 0000 0000","centre=0 min=0 max=0 hex=0000 0000 0000 0000 0000",0,0,0,,0,,,None,Unavailable,NoWallUnderCrosshair,,,,"only 0 valid depth samples under crosshair (431 no-data, 10 out-of-range, 0 low-confidence)",0,,,None,Unavailable,NoWallInView,,,,-0.1507475,1.14217389,0.122937955,0.0658626,-0.024230402,0.0120470831,0.997461736,0,0,0,0,0,0,283648.997331492,283648.997331492,0.033068176999222487
11.219666403459765,d62bf83a,SessionTracking,Tracking,30.0650654,29.97951,1,0.0303812499914784,0.2576389,0.07875,0,160x90 DepthUint16,"centre=0 min=221 max=24178 hex=0000 0000 0000 0000 0000","centre=0 min=0 max=0 hex=0000 0000 0000 0000 0000",0,0,0,,0,,,None,Unavailable,NoWallUnderCrosshair,,,,"only 0 valid depth samples under crosshair (441 no-data, 0 out-of-range, 0 low-confidence)",0,,,None,Unavailable,NoWallInView,,,,-0.155201137,1.14253485,0.128674015,0.05915913,-0.02295616,0.0109281838,0.9979248,0,0,0,0,0,0,283649.03049221303,283649.03049221303,0.030319843994220719
11.252284267455021,d62bf83a,SessionTracking,Tracking,30.065052,29.97951,1,0.032112499990034848,0.256180555,0.07048611,0,160x90 DepthUint16,"centre=0 min=218 max=24110 hex=0000 0000 0000 0000 0000","centre=0 min=0 max=0 hex=0000 0000 0000 0000 0000",0,0,0,,0,,,None,Unavailable,NoWallUnderCrosshair,,,,"only 0 valid depth samples under crosshair (441 no-data, 0 out-of-range, 0 low-confidence)",0,,,None,Unavailable,NoWallInView,,,,-0.159498781,1.14278507,0.134260923,0.0507919043,-0.0205399767,0.009793968,0.998450041,0,0,0,0,0,0,283649.063819297,283649.063819297,0.03206598898395896
11.287886871464931,d62bf83a,SessionTracking,Tracking,30.064661,29.97951,1,0.035082655987935141,0.2820139,0.06333333,0,160x90 DepthUint16,"centre=0 min=212 max=31963 hex=0000 0000 0000 0000 0000","centre=0 min=0 max=0 hex=0000 0000 0000 0000 0000",0,0,0,,0,,,None,Unavailable,NoWallUnderCrosshair,,,,"only 0 valid depth samples under crosshair (437 no-data, 0 out-of-range, 4 low-confidence)",0,,,None,Unavailable,NoWallInView,,,,-0.1642745,1.14354777,0.14052172,0.0464752875,-0.0165607054,0.009659381,0.9987355,0,0,0,0,0,0,283649.09714638,283649.09714638,0.035030208004172891
11.3195507254602,d62bf83a,SessionTracking,Tracking,30.06404,29.97951,1,0.031033696985105053,0.279583335,0.075625,0,160x90 DepthUint16,"centre=0 min=197 max=31849 hex=0000 0000 0000 0000 12A9","centre=0 min=0 max=0 hex=0000 0000 0000 0000 0000",0,0,0,,0,,,None,Unavailable,NoWallUnderCrosshair,,,,"only 0 valid depth samples under crosshair (438 no-data, 0 out-of-range, 3 low-confidence)",0,,,None,Unavailable,NoWallInView,,,,-0.16714108,1.14111936,0.156404063,0.04338315,-0.0144475084,0.009162546,0.998912036,0,0,0,0,0,0,283649.123368379,283649.123368379,0.030968072009272873
11.358170830473451,d62bf83a,SessionTracking,Tracking,30.0642834,29.97951,1,0.037888907012529671,0.275555551,0.069375,0,160x90 DepthUint16,"centre=0 min=190 max=31686 hex=0000 0000 0000 0000 162E","centre=0 min=0 max=0 hex=0000 0000 0000 0000 0000",0,0,0,,0,,,None,Unavailable,NoWallUnderCrosshair,,,,"only 0 valid depth samples under crosshair (435 no-data, 0 out-of-range, 6 low-confidence)",0,,,None,Unavailable,NoWallInView,,,,-0.172469914,1.1417377,0.1634326,0.0396075435,-0.008544863,0.009208679,0.9991363,0,0,0,0,0,0,283649.156695463,283649.156695463,0.037785365013405681
11.389488017451864,d62bf83a,SessionTracking,Tracking,30.064167,29.97951,1,0.030710728984558955,0.293263882,0.06618056,0,160x90 DepthUint16,"centre=0 min=183 max=31544 hex=0000 0000 0000 0000 10DC","centre=0 min=0 max=0 hex=0000 0000 0000 0000 0000",0,0,0,,0,,,None,Unavailable,NoWallUnderCrosshair,,,,"only 0 valid depth samples under crosshair (429 no-data, 0 out-of-range, 12 low-confidence)",0,,,None,Unavailable,NoWallInView,,,,-0.177765474,1.14248252,0.170818061,0.03647246,-0.00348505215,0.00903162453,0.9992878,0,0,0,0,0,0,283649.19002254604,283649.19002254604,0.03066062499419786
11.420551403458145,d62bf83a,SessionTracking,Tracking,30.0637817,29.97951,1,0.030312083981698379,0.28625,0.069375,0,160x90 DepthUint16,"centre=0 min=444 max=31483 hex=0000 0000 0000 0000 055E","centre=0 min=0 max=0 hex=0000 0000 0000 0000 0000",0,0,0,,0,,,None,Unavailable,NoWallUnderCrosshair,,,,"only 0 valid depth samples under crosshair (432 no-data, 0 out-of-range, 9 low-confidence)",0,,,None,Unavailable,NoWallInView,,,,-0.182523638,1.14206576,0.180439919,0.0367455259,0.00151900761,0.009331405,0.9992799,0,0,0,0,0,0,283649.221282039,283649.221282039,0.030225416994653642
11.452620725470975,d62bf83a,SessionTracking,Tracking,30.0632973,29.97951,1,0.031555572000797838,0.28013888,0.0647916645,0,160x90 DepthUint16,"centre=0 min=436 max=31408 hex=0000 0000 0000 0000 0556","centre=0 min=0 max=0 hex=0000 0000 0000 0000 0000",0,0,0,,0,,,None,Unavailable,NoWallUnderCrosshair,,,,"only 0 valid depth samples under crosshair (429 no-data, 0 out-of-range, 12 low-confidence)",0,,,None,Unavailable,NoWallInView,,,,-0.188027114,1.14327383,0.188596815,0.0366858952,0.00706632528,0.009648681,0.9992553,0,0,0,0,0,0,283649.254609123,283649.254609123,0.031514531001448631
11.490520361465084,d62bf83a,SessionTracking,Tracking,30.0634251,29.97951,1,0.037026926991529763,0.300069451,0.06784722,0,160x90 DepthUint16,"centre=0 min=427 max=31316 hex=0000 0000 0000 0000 054E","centre=0 min=0 max=0 hex=0000 0000 0000 0000 0000",0,0,0,,0,,,None,Unavailable,NoWallUnderCrosshair,,,,"only 0 valid depth samples under crosshair (421 no-data, 0 out-of-range, 20 low-confidence)",0,,,None,Unavailable,NoWallInView,,,,-0.193313226,1.1443491,0.196856081,0.0352255628,0.0106077092,0.009283125,0.999280035,0,0,0,0,0,0,283649.28793620603,283649.28793620603,0.036882813001284376
11.524559215471296,d62bf83a,SessionTracking,Tracking,30.063221,29.97951,1,0.033167656016303226,0.301041663,0.06486111,1,160x90 DepthUint16,"centre=0 min=447 max=23819 hex=0000 0000 0000 0000 055F","centre=10534 min=9051 max=10577 hex=2936 2939 2926 2811 270B",0,0,0,,0,,,None,Unavailable,NoWallUnderCrosshair,,,,"only 0 valid depth samples under crosshair (413 no-data, 0 out-of-range, 28 low-confidence)",0,,,None,Unavailable,NoWallInView,,,,-0.202071965,1.14439464,0.177458242,0.03387868,0.0114871291,0.008113117,0.999327,0,0,0,0,0,0,283649.32043114305,283649.32043114305,0.033101926994277164
11.556499892470807,d62bf83a,SessionTracking,Tracking,30.0627518,29.97951,1,0.031241354008670896,0.2961111,0.06465278,1,160x90 DepthUint16,"centre=0 min=439 max=23793 hex=0000 0000 0000 0000 0556","centre=10473 min=9013 max=10519 hex=28F8 28FA 28E9 27D9 26E1",0,0,0,,0,,,None,Unavailable,NoWallUnderCrosshair,,,,"only 0 valid depth samples under crosshair (406 no-data, 0 out-of-range, 35 low-confidence)",0,,,None,Unavailable,NoWallInView,,,,-0.207559869,1.14566851,0.185171574,0.0329648443,0.0149387764,0.0072355275,0.999318659,0,0,0,0,0,0,283649.353758227,283649.353758227,0.031186509993858635
11.590139892450448,d62bf83a,SessionTracking,Tracking,30.05486,29.97951,1,0.032959686999674886,0.32375,0.06590278,1,160x90 DepthUint16,"centre=436 min=431 max=30606 hex=0000 0000 01B4 0000 0550","centre=10443 min=8978 max=10485 hex=28D6 28D9 28CB 27BF 26C7",0,0,0,,0,,,None,Unavailable,NoWallUnderCrosshair,,,,"only 0 valid depth samples under crosshair (393 no-data, 0 out-of-range, 48 low-confidence)",0,,,None,Unavailable,NoWallInView,,,,-0.213262722,1.14696467,0.192999661,0.0322315879,0.018842198,0.00635296153,0.9992826,0,0,0,0,0,0,283649.38708531,283649.38708531,0.032903801999054849
11.623937757456357,d62bf83a,SessionTracking,Tracking,30.06628,29.97951,1,0.03307864599628374,0.314652771,0.0647916645,1,160x90 DepthUint16,"centre=0 min=423 max=30849 hex=0000 0000 0000 0000 0549","centre=4330 min=4323 max=5666 hex=10F6 10EA 10EA 11AA 12BE",0,0,0,,0,,,None,Unavailable,NoWallUnderCrosshair,,,,"only 0 valid depth samples under crosshair (399 no-data, 0 out-of-range, 42 low-confidence)",0,,,None,Unavailable,NoWallInView,,,,-0.206671253,1.15111506,0.2001599,0.03096172,0.022531094,0.005193949,0.9992531,0,0,0,0,0,0,283649.41869212704,283649.41869212704,0.033022708987118676
11.657087444476698,d62bf83a,SessionTracking,Tracking,30.06459,29.97951,1,0.032334271003492177,0.3127778,0.0624305569,1,160x90 DepthUint16,"centre=0 min=415 max=30401 hex=0000 0000 0000 0000 0541","centre=4171 min=4166 max=5152 hex=105B 104E 104B 10BB 118D",0,0,0,,0,,,None,Unavailable,NoWallUnderCrosshair,,,,"only 0 valid depth samples under crosshair (393 no-data, 0 out-of-range, 48 low-confidence)",0,,,None,Unavailable,NoWallInView,,,,-0.212204933,1.15242088,0.2082549,0.0299611278,0.0264271311,0.0044067204,0.999192,0,0,0,0,0,0,283649.452019211,283649.452019211,0.032254062010906637
11.687904475463935,d62bf83a,SessionTracking,Tracking,30.0627785,29.97951,1,0.02993171798880212,0.3129861,0.0590277761,1,160x90 DepthUint16,"centre=414 min=407 max=30305 hex=0000 0000 019E 0000 0539","centre=3906 min=3888 max=5251 hex=0F43 0F36 0F42 1037 1172",0,0,0,,0,,,None,Unavailable,NoWallUnderCrosshair,,,,"only 0 valid depth samples under crosshair (380 no-data, 0 out-of-range, 61 low-confidence)",0,,,None,Unavailable,NoWallInView,,,,-0.217849016,1.15377462,0.216561139,0.0289235711,0.0298435614,0.00364765548,0.999129355,0,0,0,0,0,0,283649.485603113,283649.485603113,0.029835728986654431
11.725447600477988,d62bf83a,SessionTracking,Tracking,30.06249,29.97951,1,0.036903750005876645,0.28236112,0.069375,1,160x90 DepthUint16,"centre=0 min=445 max=30643 hex=0000 0000 0000 0000 055C","centre=39845 min=39835 max=40297 hex=9B9C 9B9B 9BA5 9C0C 9C80",0,0,0,,0,,,None,Unavailable,NoWallUnderCrosshair,,,,"only 0 valid depth samples under crosshair (441 no-data, 0 out-of-range, 0 low-confidence)",0,,,None,Unavailable,NoWallInView,,,,-0.189749613,1.15226662,0.176283717,0.0248550717,0.0337694958,0.00190889847,0.999118745,0,0,0,0,0,0,283649.51427772804,283649.51427772804,0.036849114025244489
11.756236819466491,d62bf83a,SessionTracking,Tracking,30.0632572,29.97951,1,0.029634895996423438,0.283402771,0.06902778,1,160x90 DepthUint16,"centre=0 min=438 max=30655 hex=0000 0000 0000 2966 0555","centre=39715 min=39703 max=40200 hex=9B18 9B17 9B23 9B8D 9C19",0,0,0,,0,,,None,Unavailable,NoWallUnderCrosshair,,,,"only 0 valid depth samples under crosshair (441 no-data, 0 out-of-range, 0 low-confidence)",0,,,None,Unavailable,NoWallInView,,,,-0.193896055,1.15356088,0.183294341,0.0241639949,0.0357529558,0.00128999352,0.999067664,0,0,0,0,0,0,283649.547604812,283649.547604812,0.029521927004680037
11.7870543714705,d62bf83a,SessionTracking,Tracking,30.06356,29.97951,1,0.0301782290043775,0.286875,0.0622222237,1,160x90 DepthUint16,"centre=0 min=431 max=30561 hex=0000 0000 0000 2961 05B5","centre=39678 min=39668 max=40083 hex=9AF4 9AF4 9AFE 9B4F 9BCC",0,0,0,,0,,,None,Unavailable,NoWallUnderCrosshair,,,,"only 0 valid depth samples under crosshair (441 no-data, 0 out-of-range, 0 low-confidence)",0,,,None,Unavailable,NoWallInView,,,,-0.198316857,1.15483749,0.190196574,0.0233339518,0.0387888141,0.00102788222,0.998974442,0,0,0,0,0,0,283649.580931895,283649.580931895,0.030123906006338075
11.828255934469549,d62bf83a,SessionTracking,Tracking,30.0675373,29.97951,1,0.040530730009777471,0.253541678,0.06458333,0,160x90 DepthUint16,"centre=0 min=478 max=30461 hex=0000 0000 0000 299C 081F","centre=0 min=0 max=0 hex=0000 0000 0000 0000 0000",0,0,0,,0,,,None,Unavailable,NoWallUnderCrosshair,,,,"only 0 valid depth samples under crosshair (441 no-data, 0 out-of-range, 0 low-confidence)",0,,,None,Unavailable,NoWallInView,,,,-0.171879277,1.16393113,0.140620768,0.0209882315,0.0444146544,0.0001999438,0.9987927,0,0,0,0,0,0,283649.61443849804,283649.61443849804,0.040484010998625308
11.85851036146391,d62bf83a,SessionTracking,Tracking,30.0637665,29.97951,1,0.029186406987719238,0.2515278,0.06576389,0,160x90 DepthUint16,"centre=0 min=472 max=30330 hex=0000 0000 0000 2999 0823","centre=0 min=0 max=0 hex=0000 0000 0000 0000 0000",0,0,0,,0,,,None,Unavailable,NoWallUnderCrosshair,,,,"only 0 valid depth samples under crosshair (441 no-data, 0 out-of-range, 0 low-confidence)",0,,,None,Unavailable,NoWallInView,,,,-0.1757305,1.16532719,0.146161139,0.0200420711,0.0485960841,7.04228951E-05,0.9986174,0,0,0,0,0,0,283649.648128671,283649.648128671,0.029127499990863726
11.890279215472898,d62bf83a,SessionTracking,Tracking,30.06609,29.97951,1,0.031091042008483782,0.289722234,0.09409722,0,160x90 DepthUint16,"centre=0 min=466 max=39992 hex=0000 028F 0000 0000 0820","centre=0 min=0 max=0 hex=0000 0000 0000 0000 0000",0,0,0,,0,,,None,Unavailable,NoWallUnderCrosshair,,,,"only 0 valid depth samples under crosshair (441 no-data, 0 out-of-range, 0 low-confidence)",0,,,None,Unavailable,NoWallInView,,,,-0.179813281,1.166737,0.151784,0.0192748625,0.0540441,-5.280972E-05,0.9983525,0,0,0,0,0,0,283649.68145575403,283649.68145575403,0.03103260401985608
11.927402704462789,d62bf83a,SessionTracking,Tracking,30.07025,29.97951,1,0.036506197007838637,0.264930546,0.07041667,1,160x90 DepthUint16,"centre=0 min=495 max=39944 hex=0000 02B8 0000 0000 083D","centre=15443 min=11771 max=35906 hex=3C5E 3C8A 3C53 3923 318C",0,0,0,,0,,,None,Unavailable,NoWallUnderCrosshair,,,,"only 0 valid depth samples under crosshair (441 no-data, 0 out-of-range, 0 low-confidence)",0,,,None,Unavailable,NoWallInView,,,,-0.176774859,1.16567862,0.117360123,0.0160845239,0.07122594,0.00057014823,0.9973304,0,0,0,0,0,0,283649.715940142,283649.715940142,0.036457342997891828
11.957779163469009,d62bf83a,SessionTracking,Tracking,30.06579,29.97951,1,0.029592917009722441,0.2623611,0.0692361146,1,160x90 DepthUint16,"centre=0 min=490 max=39901 hex=0000 02B5 0000 0000 0848","centre=15424 min=11906 max=36036 hex=3C45 3C7D 3C40 3920 3165",0,0,0,,0,,,None,Unavailable,NoWallUnderCrosshair,,,,"only 0 valid depth samples under crosshair (441 no-data, 0 out-of-range, 0 low-confidence)",0,,,None,Unavailable,NoWallInView,,,,-0.18028751,1.16704774,0.121673711,0.0150448214,0.07545321,0.00030323863,0.997035861,0,0,0,0,0,0,283649.749267226,283649.749267226,0.02942859401809983
11.991254892465573,d62bf83a,SessionTracking,Tracking,30.06247,29.97951,1,0.032681562996003777,0.2938889,0.065625,1,160x90 DepthUint16,"centre=0 min=486 max=39939 hex=0000 02B2 0000 0000 0871","centre=15651 min=11854 max=36511 hex=3CC8 3D3E 3D23 3A1B 31E0",0,0,0,,0,,,None,Unavailable,NoWallUnderCrosshair,,,,"only 0 valid depth samples under crosshair (441 no-data, 0 out-of-range, 0 low-confidence)",0,,,None,Unavailable,NoWallInView,,,,-0.183659315,1.16852319,0.126055256,0.0143967867,0.07906278,0.000145435333,0.9967657,0,0,0,0,0,0,283649.782594309,283649.782594309,0.032625207997625694
12.029776767452628,d62bf83a,SessionTracking,Tracking,30.0699654,29.8425846,1,0.0364125519990921,0.280416667,0.0659722239,1,160x90 DepthUint16,"centre=0 min=523 max=39892 hex=0000 02DF 0000 0000 08CB","centre=17420 min=14132 max=18098 hex=43FC 43FF 440C 448D 4633",0,0,0,,0,,,None,Unavailable,NoWallUnderCrosshair,,,,"only 0 valid depth samples under crosshair (441 no-data, 0 out-of-range, 0 low-confidence)",0,,,None,Unavailable,NoWallInView,,,,-0.19232963,1.17463791,0.0866072,0.0124146491,0.0870302245,0.00271892548,0.9961246,0,0,0,0,0,0,283649.81443445705,283649.81443445705,0.03628000000026077
12.059887079467213,d62bf83a,SessionTracking,Tracking,30.06188,29.8425846,1,0.029016093001700938,0.280416667,0.06638889,1,160x90 DepthUint16,"centre=0 min=521 max=39798 hex=0000 02DE 0000 0000 08CC","centre=17406 min=13622 max=18054 hex=43E3 43E9 43FE 447A 45AB",0,0,0,,0,,,None,Unavailable,NoWallUnderCrosshair,,,,"only 0 valid depth samples under crosshair (441 no-data, 0 out-of-range, 0 low-confidence)",0,,,None,Unavailable,NoWallInView,,,,-0.19600457,1.17635977,0.0891986042,0.0117678912,0.0898185745,0.00253775739,0.995885432,0,0,0,0,0,0,283649.847761541,283649.847761541,0.0289121349924244
12.091259111479072,d62bf83a,SessionTracking,Tracking,30.0646744,29.8425846,1,0.030764167022425681,0.329583347,0.17131944,1,160x90 DepthUint16,"centre=0 min=517 max=39939 hex=0000 02DD 0000 0000 0000","centre=17421 min=13472 max=18055 hex=43F1 43F7 440D 4484 45C1",0,0,0,,0,,,None,Unavailable,NoWallUnderCrosshair,,,,"only 0 valid depth samples under crosshair (441 no-data, 0 out-of-range, 0 low-confidence)",0,,,None,Unavailable,NoWallInView,,,,-0.19989872,1.17811906,0.09177638,0.0111987516,0.09341016,0.0024921298,0.995561659,0,0,0,0,0,0,283649.881088624,283649.881088624,0.030717605026438832
12.126705725476992,d62bf83a,SessionTracking,Tracking,30.0662231,29.8425846,1,0.034849375020712614,0.329444438,0.1695139,1,160x90 DepthUint16,"centre=0 min=496 max=39807 hex=0000 02C5 0000 0000 0000","centre=17037 min=15927 max=36269 hex=3F80 41DF 428D 42C5 4DEF",0,0,0,,0,,,None,Unavailable,NoWallUnderCrosshair,,,,"only 0 valid depth samples under crosshair (441 no-data, 0 out-of-range, 0 low-confidence)",0,,,None,Unavailable,NoWallInView,,,,-0.2174344,1.17528081,0.115721211,0.0104923481,0.09741678,0.00277426862,0.995184541,0,0,0,0,0,0,283649.914236963,283649.914236963,0.034804062015609816
12.156947288461875,d62bf83a,SessionTracking,Tracking,30.0672874,29.8425846,1,0.02933588600717485,0.326180547,0.1707639,1,160x90 DepthUint16,"centre=0 min=493 max=39888 hex=0000 02C3 0000 0000 0000","centre=17186 min=16246 max=36482 hex=40C0 4287 4322 436D 4D9E",0,0,0,,0,,,None,Unavailable,NoWallUnderCrosshair,,,,"only 0 valid depth samples under crosshair (441 no-data, 0 out-of-range, 0 low-confidence)",0,,,None,Unavailable,NoWallInView,,,,-0.221804574,1.1768682,0.118696108,0.009243526,0.100622907,0.00271257758,0.994878054,0,0,0,0,0,0,283649.947564047,283649.947564047,0.026268334011547267
12.188407808458347,d62bf83a,SessionTracking,Tracking,30.0641937,29.8425846,1,0.030940884986193851,0.361041665,0.170069441,1,160x90 DepthUint16,"centre=0 min=490 max=39909 hex=0000 02C2 0000 0000 0000","centre=18751 min=16876 max=38131 hex=47AF 496E 493F 4910 4EB2",0,0,0,,0,,,None,Unavailable,NoWallUnderCrosshair,,,,"only 0 valid depth samples under crosshair (441 no-data, 0 out-of-range, 0 low-confidence)",0,,,None,Unavailable,NoWallInView,,,,-0.22602503,1.17855322,0.121788159,0.008775557,0.103051141,0.002601832,0.9946339,0,0,0,0,0,0,283649.98089113,283649.98089113,0.030893229006323963
12.220637652473439,d62bf83a,SessionTracking,Tracking,30.0655327,29.8425846,1,0.031584739015670493,0.3457639,0.173472226,1,160x90 DepthUint16,"centre=0 min=511 max=39524 hex=0000 02DF 0000 0000 05A7","centre=31163 min=25261 max=49552 hex=748B 771F 79BB 7D0C 9FFD",0,0,0,,0,,,None,Unavailable,NoWallUnderCrosshair,,,,"only 0 valid depth samples under crosshair (441 no-data, 0 out-of-range, 0 low-confidence)",0,,,None,Unavailable,NoWallInView,,,,-0.202790841,1.17193425,0.0942524,0.007164736,0.103851728,0.0009962918,0.9945665,0,0,0,0,0,0,283650.01399291103,283650.01399291103,0.031521875003818423
12.257006454459539,d62bf83a,SessionTracking,Tracking,30.0647488,29.8425846,1,0.035722030996112153,0.343541652,0.165972218,1,160x90 DepthUint16,"centre=0 min=509 max=39572 hex=0000 02DD 0000 0000 05A2","centre=31998 min=24426 max=49741 hex=793F 7B50 7CFE 8005 A181",0,0,0,,0,,,None,Unavailable,NoWallUnderCrosshair,,,,"only 0 valid depth samples under crosshair (435 no-data, 6 out-of-range, 0 low-confidence)",0,,,None,Unavailable,NoWallInView,,,,-0.206373751,1.17338693,0.0967354,0.00659998925,0.10713733,0.000970304071,0.994221866,0,0,0,0,0,0,283650.047319995,283650.047319995,0.035660467983689159
12.288937392473368,d62bf83a,SessionTracking,Tracking,30.0648327,29.8425846,1,0.030914322996977717,0.381805569,0.27625,1,160x90 DepthUint16,"centre=0 min=506 max=39603 hex=0000 02DC 0000 0000 059F","centre=33464 min=23879 max=49221 hex=7F7E 8192 82B8 8512 9EFE",0,0,0,,0,,,None,Unavailable,NoWallUnderCrosshair,,,,"only 0 valid depth samples under crosshair (414 no-data, 27 out-of-range, 0 low-confidence)",0,,,None,Unavailable,NoWallInView,,,,-0.209810331,1.17492247,0.09921546,0.006086656,0.109410383,0.000761181233,0.9939778,0,0,0,0,0,0,283650.080647078,283650.080647078,0.030866250017425045
12.321691611464981,d62bf83a,SessionTracking,Tracking,30.0643139,29.8425846,1,0.031989740004064515,0.368472219,0.260555565,1,160x90 DepthUint16,"centre=0 min=524 max=39667 hex=0000 02F3 0000 0000 05A7","centre=27989 min=24055 max=44817 hex=6AF2 6C49 6D55 7193 9913",0,0,0,,0,,,None,Unavailable,NoWallUnderCrosshair,,,,"only 0 valid depth samples under crosshair (395 no-data, 46 out-of-range, 0 low-confidence)",0,,,None,Unavailable,NoWallInView,,,,-0.195878118,1.17064261,0.07725165,0.004149635,0.111930631,-9.924174E-06,0.993707359,0,0,0,0,0,0,283650.1141405,283650.1141405,0.031883438001386821
12.353787444477117,d62bf83a,SessionTracking,Tracking,30.06416,29.8425846,1,0.031315104017267004,0.364791662,0.250833333,1,160x90 DepthUint16,"centre=0 min=522 max=39705 hex=0000 02F3 0000 0000 0AAB","centre=26979 min=23616 max=43146 hex=66F5 67A8 6963 6EC1 97C1",0,0,0,,0,,,None,Unavailable,NoWallUnderCrosshair,,,,"only 0 valid depth samples under crosshair (395 no-data, 46 out-of-range, 0 low-confidence)",0,,,None,Unavailable,NoWallInView,,,,-0.19874461,1.17206693,0.07877124,0.00320925238,0.1144709,-0.000241309433,0.993421435,0,0,0,0,0,0,283650.147467584,283650.147467584,0.031247865001205355
12.394180933453523,d62bf83a,SessionTracking,Tracking,30.0643139,29.8425846,1,0.039669061981840059,0.4,0.330763876,1,160x90 DepthUint16,"centre=0 min=520 max=39738 hex=0000 02F3 0000 0000 0AB2","centre=28109 min=24382 max=45553 hex=6C5D 6D7F 6DCD 717F 9683",0,0,0,,0,,,None,Unavailable,NoWallUnderCrosshair,,,,"only 0 valid depth samples under crosshair (371 no-data, 70 out-of-range, 0 low-confidence)",0,,,None,Unavailable,NoWallInView,,,,-0.20157437,1.17351246,0.08013633,0.002115574,0.116782688,-0.0005868078,0.993155062,0,0,0,0,0,0,283650.18079466705,283650.18079466705,0.039613280998310074
12.425374944464917,d62bf83a,SessionTracking,Tracking,30.0644226,29.8425846,1,0.030192395992344245,0.394583344,0.32923612,1,160x90 DepthUint16,"centre=0 min=512 max=39802 hex=0000 02EC 0000 0000 0AA5","centre=35549 min=25877 max=46695 hex=8CBF 8BDA 8ADD 8BF5 9365",0,0,0,,0,,,None,Unavailable,NoWallUnderCrosshair,,,,"only 0 valid depth samples under crosshair (351 no-data, 90 out-of-range, 0 low-confidence)",0,,,None,Unavailable,NoWallInView,,,,-0.21110037,1.16506839,0.0887348056,0.000384178,0.121482238,-0.000447571278,0.992593467,0,0,0,0,0,0,283650.21417801204,283650.21417801204,0.030135000008158386
12.457023433471246,d62bf83a,SessionTracking,Tracking,30.06521,29.8425846,1,0.030882916005793959,0.390486121,0.29131943,1,160x90 DepthUint16,"centre=0 min=511 max=39841 hex=0000 02ED 0000 0000 08D3","centre=30590 min=25281 max=46428 hex=766D 7747 777E 7A0F 915C",0,0,0,,0,,,None,Unavailable,NoWallUnderCrosshair,,,,"only 0 valid depth samples under crosshair (344 no-data, 97 out-of-range, 0 low-confidence)",0,,,None,Unavailable,NoWallInView,,,,-0.2141394,1.16625357,0.0898646638,-0.00107697409,0.123946667,-0.0008293093,0.992287934,0,0,0,0,0,0,283650.247505096,283650.247505096,0.030818541010376066
12.493393746470016,d62bf83a,SessionTracking,Tracking,30.0645714,29.8425846,1,0.035534219001419842,0.4117361,0.339930564,1,160x90 DepthUint16,"centre=0 min=511 max=39842 hex=0000 02ED 0000 0000 0754","centre=36890 min=23632 max=46176 hex=9171 90F8 901A 906E 958F",0,0,0,,0,,,None,Unavailable,NoWallUnderCrosshair,,,,"only 0 valid depth samples under crosshair (317 no-data, 124 out-of-range, 0 low-confidence)",0,,,None,Unavailable,NoWallInView,,,,-0.2172185,1.16750228,0.0911282,-0.00190082565,0.126444578,-0.00103083253,0.9919714,0,0,0,0,0,0,283650.280832179,283650.280832179,0.0354554170044139
12.524512913459827,d62bf83a,SessionTracking,Tracking,30.0631161,29.8425846,1,0.030333906994201243,0.403680563,0.360555559,1,160x90 DepthUint16,"centre=0 min=508 max=39863 hex=0000 02EC 0000 0000 06FD","centre=42517 min=32336 max=51729 hex=A6D7 A65F A615 A690 A4B1",0,0,0,,0,,,None,Unavailable,NoWallUnderCrosshair,,,,"only 0 valid depth samples under crosshair (296 no-data, 145 out-of-range, 0 low-confidence)",0,,,None,Unavailable,NoWallInView,,,,-0.210858837,1.16654885,0.09156391,-0.00176873815,0.12927413,-0.002386451,0.991604447,0,0,0,0,0,0,283650.31390321004,283650.31390321004,0.030276197998318821
12.555853798465019,d62bf83a,SessionTracking,Tracking,30.0627785,29.8425846,1,0.030811406002612785,0.403333336,0.3275,1,160x90 DepthUint16,"centre=0 min=506 max=39888 hex=0000 02EB 0000 0000 06FF","centre=40125 min=32172 max=49705 hex=9CD6 9CA5 9CBD 9DDE A4ED",0,0,0,,0,,,None,Unavailable,NoWallUnderCrosshair,,,,"only 0 valid depth samples under crosshair (296 no-data, 145 out-of-range, 0 low-confidence)",0,,,None,Unavailable,NoWallInView,,,,-0.213494942,1.16777182,0.09323316,-0.002123624,0.131229982,-0.002708137,0.991346,0,0,0,0,0,0,283650.347230294,283650.347230294,0.030766562995268032
12.592692287467568,d62bf83a,SessionTracking,Tracking,30.0637455,29.8425846,1,0.036302343010902405,0.402152777,0.3157639,1,160x90 DepthUint16,"centre=0 min=506 max=39901 hex=0000 02EA 0000 0000 0700","centre=47090 min=33009 max=49815 hex=BA23 B8AD B7F2 B6B1 A834",0,0,0,,0,,,None,Unavailable,NoWallUnderCrosshair,,,,"only 0 valid depth samples under crosshair (296 no-data, 145 out-of-range, 0 low-confidence)",0,,,None,Unavailable,NoWallInView,,,,-0.21596323,1.16903174,0.09484671,-0.002314553,0.13230443,-0.0029946866,0.991201937,0,0,0,0,0,0,283650.380557377,283650.380557377,0.036259270011214539
12.62373093347173,d62bf83a,SessionTracking,Tracking,30.0661659,29.8425846,1,0.030431093007791787,0.400069445,0.334583342,1,160x90 DepthUint16,"centre=0 min=499 max=39904 hex=0000 02E4 0000 0000 06FC","centre=45960 min=24056 max=52554 hex=B2CE B266 B388 B426 B382",0,0,0,,0,,,None,Unavailable,NoWallUnderCrosshair,,,,"only 0 valid depth samples under crosshair (291 no-data, 150 out-of-range, 0 low-confidence)",0,,,None,Unavailable,NoWallInView,,,,-0.215593919,1.16778648,0.100655727,-0.00233987719,0.133191973,-0.00312131643,0.9910826,0,0,0,0,0,0,283650.414041599,283650.414041599,0.030362916004378349
12.655447756467535,d62bf83a,SessionTracking,Tracking,30.063839,29.8425846,1,0.031174895993899554,0.41291666,0.332986116,1,160x90 DepthUint16,"centre=0 min=498 max=39892 hex=0000 02E4 0000 0000 06E9","centre=46919 min=22620 max=52387 hex=B6CF B65A B747 B791 B4B1",0,0,0,,0,,,None,Unavailable,NoWallUnderCrosshair,,,,"only 0 valid depth samples under crosshair (267 no-data, 173 out-of-range, 1 low-confidence)",0,,,None,Unavailable,NoWallInView,,,,-0.2182907,1.16898,0.102286562,-0.002902575,0.135046914,-0.00315856957,0.990829945,0,0,0,0,0,0,283650.447368683,283650.447368683,0.031132030999287963
12.686217756450556,d62bf83a,SessionTracking,Tracking,30.0653648,29.8425846,1,0.028521613974589854,0.41291666,0.303194433,1,160x90 DepthUint16,"centre=0 min=496 max=39917 hex=0000 02E3 0000 0000 06E3","centre=46790 min=22127 max=51754 hex=B617 B5BE B6C6 B6DE B274",0,0,0,,0,,,None,Unavailable,NoWallUnderCrosshair,,,,"only 0 valid depth samples under crosshair (267 no-data, 173 out-of-range, 1 low-confidence)",0,,,None,Unavailable,NoWallInView,,,,-0.220959485,1.170109,0.103782587,-0.003838256,0.136616781,-0.00321307778,0.9906113,0,0,0,0,0,0,283650.480695766,283650.480695766,0.028418280999176204
12.723836975466607,d62bf83a,SessionTracking,Tracking,30.0645981,29.8425846,1,0.0371158329944592,0.413958341,0.291041672,1,160x90 DepthUint16,"centre=0 min=484 max=39922 hex=0000 02D8 0000 0000 06D9","centre=34244 min=19167 max=47981 hex=8563 8576 85C4 87A4 9D8B",0,0,0,,0,,,None,Unavailable,NoWallUnderCrosshair,,,,"only 0 valid depth samples under crosshair (267 no-data, 172 out-of-range, 2 low-confidence)",0,,,None,Unavailable,NoWallInView,,,,-0.221331954,1.16576552,0.115276262,-0.00466574775,0.137536108,-0.003200561,0.9904806,0,0,0,0,0,0,283650.514121188,283650.514121188,0.03706187498755753
12.756352808475409,d62bf83a,SessionTracking,Tracking,30.06678,29.8425846,1,0.032005000015487894,0.4288889,0.3023611,1,160x90 DepthUint16,"centre=0 min=484 max=39904 hex=0000 02D6 0000 0000 06CF","centre=34370 min=19310 max=47522 hex=85DC 8605 8642 87F9 9D02",0,0,0,,0,,,None,Unavailable,NoWallUnderCrosshair,,,,"only 0 valid depth samples under crosshair (233 no-data, 193 out-of-range, 15 low-confidence)",0,,,None,Unavailable,NoWallInView,,,,-0.2237307,1.16688192,0.116956517,-0.00491218269,0.138609439,-0.003189683,0.9903298,0,0,0,0,0,0,283650.547448272,283650.547448272,0.031957811996107921
12.799403954475334,d62bf83a,SessionTracking,Tracking,30.06447,29.8425846,1,0.0422898440156132,0.4292361,0.292847216,1,160x90 DepthUint16,"centre=0 min=482 max=39914 hex=0000 02D5 0000 0000 06D0","centre=34440 min=20394 max=47386 hex=8615 8654 8688 8810 9CA1",0,0,0,,0,,,None,Unavailable,NoWallUnderCrosshair,,,,"only 0 valid depth samples under crosshair (233 no-data, 191 out-of-range, 17 low-confidence)",0,,,None,Unavailable,NoWallInView,,,,-0.226141274,1.167924,0.118670553,-0.005287551,0.13932611,-0.00321132,0.9902273,0,0,0,0,0,0,283650.580775355,283650.580775355,0.042180208023637533
12.829647808455544,d62bf83a,SessionTracking,Tracking,30.0660324,29.8425846,1,0.029212030989583582,0.432222217,0.285347223,1,160x90 DepthUint16,"centre=0 min=470 max=39916 hex=0000 02C8 0000 0000 06C6","centre=38323 min=18329 max=45852 hex=9286 9487 95B3 95AF 9500",0,0,0,,0,,,None,Unavailable,NoWallUnderCrosshair,,,,"only 0 valid depth samples under crosshair (243 no-data, 192 out-of-range, 6 low-confidence)",0,,,None,Unavailable,NoWallInView,,,,-0.226992309,1.16051006,0.131815553,-0.005863995,0.1401849,-0.003172219,0.990102947,0,0,0,0,0,0,283650.614174614,283650.614174614,0.029061979003017768
12.861887235459786,d62bf83a,SessionTracking,Tracking,30.0660381,29.8425846,1,0.031585572985932231,0.432430565,0.2845139,1,160x90 DepthUint16,"centre=0 min=468 max=39915 hex=0000 02C6 0000 0000 06C6","centre=38310 min=18314 max=45819 hex=9250 9467 95A6 95B0 9529",0,0,0,,0,,,None,Unavailable,NoWallUnderCrosshair,,,,"only 0 valid depth samples under crosshair (243 no-data, 192 out-of-range, 6 low-confidence)",0,,,None,Unavailable,NoWallInView,,,,-0.22920087,1.16151333,0.1337271,-0.00559911132,0.14040415,-0.00329598784,0.990072966,0,0,0,0,0,0,283650.647501698,283650.647501698,0.031530937005300075
12.892621298469518,d62bf83a,SessionTracking,Tracking,30.0647564,29.8425846,1,0.028042865014867857,0.4307639,0.2673611,1,160x90 DepthUint16,"centre=0 min=467 max=39917 hex=0000 02C5 0000 0000 06C6","centre=38422 min=17723 max=45892 hex=92C3 94E7 9616 960A 9544",0,0,0,,0,,,None,Unavailable,NoWallUnderCrosshair,,,,"only 0 valid depth samples under crosshair (243 no-data, 192 out-of-range, 6 low-confidence)",0,,,None,Unavailable,NoWallInView,,,,-0.2314457,1.16251385,0.1354906,-0.00569190132,0.140659645,-0.003361583,0.990035951,0,0,0,0,0,0,283650.681160875,283650.681160875,0.027946459013037384
12.930898850466971,d62bf83a,SessionTracking,Tracking,30.0645275,29.8425846,1,0.0376163019973319,0.433194458,0.258125,1,160x90 DepthUint16,"centre=0 min=466 max=39936 hex=0000 02C5 0000 0000 06BE","centre=47282 min=20215 max=48728 hex=BB7A BA02 B8B2 B723 AA50",0,0,0,,0,,,None,Unavailable,NoWallUnderCrosshair,,,,"only 0 valid depth samples under crosshair (243 no-data, 191 out-of-range, 7 low-confidence)",0,,,None,Unavailable,NoWallInView,,,,-0.2285677,1.15796864,0.135919154,-0.00754977,0.141273648,-0.00291791558,0.989937544,0,0,0,0,0,0,283650.714210048,283650.714210048,0.037572083005215973
12.960582756469872,d62bf83a,SessionTracking,Tracking,30.0640965,29.8425846,1,0.028625259990803897,0.433680564,0.2592361,1,160x90 DepthUint16,"centre=0 min=465 max=39933 hex=0000 02C4 0000 0000 06BE","centre=47170 min=20509 max=48588 hex=BAE0 B981 B842 B6CC A9B6",0,0,0,,0,,,None,Unavailable,NoWallUnderCrosshair,,,,"only 0 valid depth samples under crosshair (234 no-data, 189 out-of-range, 18 low-confidence)",0,,,None,Unavailable,NoWallInView,,,,-0.2304296,1.15890467,0.137054861,-0.007812598,0.140936,-0.00297603058,0.989983439,0,0,0,0,0,0,283650.747537132,283650.747537132,0.028519218991277739
12.99178536047452,d62bf83a,SessionTracking,Tracking,30.0621929,29.8425846,1,0.030407864018343389,0.4340278,0.252083331,1,160x90 DepthUint16,"centre=0 min=465 max=39933 hex=0000 02C3 0000 0000 06BF","centre=47095 min=20634 max=48527 hex=BA9D B93D B7F7 B6B8 AA6A",0,0,0,,0,,,None,Unavailable,NoWallUnderCrosshair,,,,"only 0 valid depth samples under crosshair (234 no-data, 189 out-of-range, 18 low-confidence)",0,,,None,Unavailable,NoWallInView,,,,-0.23241879,1.15984809,0.138149858,-0.007913418,0.140963882,-0.002997905,0.989978552,0,0,0,0,0,0,283650.780864215,283650.780864215,0.030317238997668028
13.035361819467422,d62bf83a,SessionTracking,Tracking,30.06746,29.83338,1,0.042912917007924989,0.433888882,0.247569442,1,160x90 DepthUint16,"centre=0 min=466 max=39941 hex=0000 02C5 0000 0000 06BE","centre=42616 min=20913 max=47243 hex=A605 A5BF A678 A4B3 98A2",0,0,0,,0,,,None,Unavailable,NoWallUnderCrosshair,,,,"only 0 valid depth samples under crosshair (234 no-data, 189 out-of-range, 18 low-confidence)",0,,,None,Unavailable,NoWallInView,,,,-0.231694162,1.15654933,0.136225656,-0.008469456,0.141303971,-0.00266096019,0.989926457,0,0,0,0,0,0,283650.814029321,283650.814029321,0.042855937994318083
13.068152391471582,d62bf83a,SessionTracking,Tracking,30.0643482,29.83338,1,0.031137290992774069,0.433611125,0.2529861,1,160x90 DepthUint16,"centre=0 min=466 max=39953 hex=0000 02C5 0000 0000 06BC","centre=43848 min=20739 max=47368 hex=AAAE AA98 AB48 A924 997B",0,0,0,,0,,,None,Unavailable,NoWallUnderCrosshair,,,,"only 0 valid depth samples under crosshair (234 no-data, 187 out-of-range, 20 low-confidence)",0,,,None,Unavailable,NoWallInView,,,,-0.233892187,1.15739846,0.137185052,-0.008456617,0.14238359,-0.00237587071,0.989772558,0,0,0,0,0,0,283650.847356405,283650.847356405,0.031069479009602219
13.098347496477569,d62bf83a,SessionTracking,Tracking,30.0649166,29.83338,1,0.026504792011110112,0.435069442,0.256944448,1,160x90 DepthUint16,"centre=0 min=465 max=39939 hex=0000 02C4 0000 0000 06BB","centre=43996 min=21024 max=47714 hex=ABB3 AB56 ABDC A971 9983",0,0,0,,0,,,None,Unavailable,NoWallUnderCrosshair,,,,"only 0 valid depth samples under crosshair (214 no-data, 205 out-of-range, 22 low-confidence)",0,,,None,Unavailable,NoWallInView,,,,-0.2359349,1.15824807,0.138019323,-0.008578994,0.1429077,-0.00224056863,0.9896963,0,0,0,0,0,0,283650.88068348804,283650.88068348804,0.0264257820090279
13.1276377044594,d62bf83a,SessionTracking,Tracking,30.0644226,29.83338,1,0.028634582995437086,0.4375,0.203402773,1,160x90 DepthUint16,"centre=0 min=465 max=39932 hex=0000 02BE 0000 0000 075B","centre=34941 min=14458 max=39650 hex=86C5 8898 887D 87FE 890D",0,0,0,,0,,,None,Unavailable,NoWallUnderCrosshair,,,,"only 0 valid depth samples under crosshair (243 no-data, 196 out-of-range, 2 low-confidence)",0,,,None,Unavailable,NoWallInView,,,,-0.262272328,1.15812564,0.145621955,-0.006659873,0.141432077,-0.00165095925,0.9899242,0,0,0,0,0,0,283650.913053265,283650.913053265,0.028587812994373962
13.15987400646895,d62bf83a,SessionTracking,Tracking,30.0649376,29.83338,1,0.030127603997243568,0.4379861,0.196805552,1,160x90 DepthUint16,"centre=0 min=465 max=39936 hex=0000 02BD 0000 0000 085F","centre=35032 min=14528 max=38401 hex=86F1 88D8 88D8 888F 89B0",0,0,0,,0,,,None,Unavailable,NoWallUnderCrosshair,,,,"only 0 valid depth samples under crosshair (243 no-data, 196 out-of-range, 2 low-confidence)",0,,,None,Unavailable,NoWallInView,,,,-0.265464157,1.1589545,0.146531165,-0.00675341533,0.141792074,-0.00174024713,0.9898719,0,0,0,0,0,0,283650.946380349,283650.946380349,0.030075000016950071
13.192015673473858,d62bf83a,SessionTracking,Tracking,30.0656643,29.83338,1,0.031526719016255811,0.4382639,0.198472217,1,160x90 DepthUint16,"centre=0 min=465 max=39945 hex=0000 02BD 0000 0000 079B","centre=35615 min=14491 max=39761 hex=8945 8B11 8B1F 8AA1 8918",0,0,0,,0,,,None,Unavailable,NoWallUnderCrosshair,,,,"only 0 valid depth samples under crosshair (232 no-data, 199 out-of-range, 10 low-confidence)",0,,,None,Unavailable,NoWallInView,,,,-0.268873334,1.15975726,0.1472983,-0.00709158275,0.143012658,-0.001700491,0.989694,0,0,0,0,0,0,283650.97970743204,283650.97970743204,0.031482292019063607
13.222487756461984,d62bf83a,SessionTracking,Tracking,30.0672817,29.83338,1,0.029626509989611804,0.431597233,0.228125,1,160x90 DepthUint16,"centre=0 min=461 max=39953 hex=0000 02B6 0000 0000 0000","centre=15952 min=10998 max=33309 hex=3BAF 3DA5 3E50 3FA9 4C33",0,0,0,,0,,,None,Unavailable,NoWallUnderCrosshair,,,,"only 0 valid depth samples under crosshair (202 no-data, 208 out-of-range, 31 low-confidence)",0,,,None,Unavailable,NoWallInView,,,,-0.278772831,1.15046275,0.154386178,-0.00551578449,0.146158487,-0.0023709836,0.989243031,0,0,0,0,0,0,283651.012350946,283651.012350946,0.029521874996135011
13.254621871459445,d62bf83a,SessionTracking,Tracking,30.0650444,29.83338,1,0.031466718995943666,0.629375,1.310625,1,160x90 DepthUint16,"centre=0 min=460 max=39947 hex=0000 02B6 0000 0000 2F6C","centre=15614 min=10707 max=34058 hex=3A54 3C56 3CFE 3E49 4A6A",0,0,0,,0,,,None,Unavailable,NoWallUnderCrosshair,,,,"only 0 valid depth samples under crosshair (136 no-data, 246 out-of-range, 59 low-confidence)",0,,,None,Unavailable,NoWallInView,,,,-0.2828351,1.1510731,0.155833483,-0.005748011,0.1475954,-0.00240761042,0.9890282,0,0,0,0,0,0,283651.04567803,283651.04567803,0.028534115001093596
13.292180360472909,d62bf83a,SessionTracking,Tracking,30.0718822,29.83338,1,0.036769427009858191,0.6284722,0.988680542,1,160x90 DepthUint16,"centre=0 min=460 max=39962 hex=0000 02B5 0000 0000 2F76","centre=16180 min=10908 max=32135 hex=3C4B 3E6A 3F34 40C5 4E99",0,0,0,,0,,,None,Unavailable,NoWallUnderCrosshair,,,,"only 0 valid depth samples under crosshair (115 no-data, 238 out-of-range, 88 low-confidence)",0,,,None,Unavailable,NoWallInView,,,,-0.2868418,1.15172446,0.157357618,-0.0054279496,0.14882578,-0.00242164754,0.9888456,0,0,0,0,0,0,283651.07900511305,283651.07900511305,0.036673021008027717
13.322320464478022,d62bf83a,SessionTracking,Tracking,30.0661526,29.83338,1,0.029256093024741858,0.627083361,0.9713889,1,160x90 DepthUint16,"centre=0 min=453 max=39968 hex=0000 02AD 0000 0000 06BE","centre=9559 min=6622 max=20853 hex=27DD 261A 2557 253A 2363",0,0,0,,0,,,None,Unavailable,NoWallUnderCrosshair,,,,"only 0 valid depth samples under crosshair (143 no-data, 252 out-of-range, 46 low-confidence)",0,,,None,Unavailable,NoWallInView,,,,-0.281532049,1.11786675,0.162301913,-0.00330722332,0.15316774,-0.004277587,0.9881854,0,0,0,0,0,0,283651.11134597,283651.11134597,0.029150000016670674
13.353908693450418,d62bf83a,SessionTracking,Tracking,30.06835,29.83338,1,0.030783332971623167,0.6734028,0.6759028,1,160x90 DepthUint16,"centre=0 min=452 max=39944 hex=0000 02AB 0000 0000 2F47","centre=8930 min=6596 max=20045 hex=2487 234A 22E2 22ED 23A4",0,0,0,,0,,,None,Unavailable,NoWallUnderCrosshair,,,,"only 0 valid depth samples under crosshair (100 no-data, 277 out-of-range, 64 low-confidence)",0,,,None,Unavailable,NoWallInView,,,,-0.285326242,1.11776745,0.1649867,-0.00268434,0.152170837,-0.004524589,0.988340259,0,0,0,0,0,0,283651.144673054,283651.144673054,0.030708280974067748
13.392090100478296,d62bf83a,SessionTracking,Tracking,30.0677929,29.83338,1,0.037512448005145416,0.672152758,0.769375,1,160x90 DepthUint16,"centre=0 min=451 max=39931 hex=0000 02A7 0000 0000 2F61","centre=9189 min=6535 max=19910 hex=2602 2488 23E5 23E6 24C8",0,0,0,,0,,,None,Unavailable,NoWallUnderCrosshair,,,,"only 0 valid depth samples under crosshair (89 no-data, 283 out-of-range, 69 low-confidence)",0,,,None,Unavailable,NoWallInView,,,,-0.2891848,1.11765254,0.167817563,-0.00174932939,0.15119417,-0.004821778,0.9884908,0,0,0,0,0,0,283651.17800013704,283651.17800013704,0.0374292710039299
13.423461923466444,d62bf83a,SessionTracking,Tracking,30.067709,29.83338,1,0.030554636003216729,0.6695139,0.711527765,1,160x90 DepthUint16,"centre=0 min=461 max=39950 hex=0000 02C4 0000 0000 2FA4","centre=9876 min=6376 max=16107 hex=2576 25E9 2694 25AB 1E48",0,0,0,,0,,,None,Unavailable,NoWallUnderCrosshair,,,,"only 0 valid depth samples under crosshair (119 no-data, 279 out-of-range, 43 low-confidence)",0,,,None,Unavailable,NoWallInView,,,,-0.2840336,1.10221183,0.155246258,-0.001125373,0.152123392,-0.00469976664,0.9883497,0,0,0,0,0,0,283651.21098122903,283651.21098122903,0.03044744799262844
13.455282912476601,d62bf83a,SessionTracking,Tracking,30.0643711,29.83338,1,0.03125776001252234,0.723680556,0.879375,1,160x90 DepthUint16,"centre=0 min=460 max=39940 hex=0000 0326 0000 0000 2C11","centre=9857 min=5999 max=16761 hex=2569 2576 2681 25F0 1DC3",0,0,0,,0,,,None,Unavailable,NoWallUnderCrosshair,,,,"only 0 valid depth samples under crosshair (79 no-data, 282 out-of-range, 80 low-confidence)",0,,,None,Unavailable,NoWallInView,,,,-0.288095653,1.10182154,0.157538429,-0.0006734133,0.151605576,-0.00467538834,0.9884298,0,0,0,0,0,0,283651.244308313,283651.244308313,0.031213125010253862
13.489654735461723,d62bf83a,SessionTracking,Tracking,30.0704575,29.83338,1,0.03373604200896807,0.7223611,0.991458356,1,160x90 DepthUint16,"centre=0 min=460 max=39922 hex=0000 02AE 0000 0000 2C59","centre=10595 min=6493 max=15702 hex=27FC 27F2 2963 29C9 1F4F",0,0,0,,0,,,None,Unavailable,NoWallUnderCrosshair,,,,"only 0 valid depth samples under crosshair (69 no-data, 285 out-of-range, 87 low-confidence)",0,,,None,Unavailable,NoWallInView,,,,-0.291986167,1.101484,0.159629285,-0.0002790913,0.1501418,-0.00456818938,0.9886539,0,0,0,0,0,0,283651.277635396,283651.277635396,0.033688333001919091
13.52560249547582,d62bf83a,SessionTracking,Tracking,30.06493,29.83338,1,0.034995364025235176,0.717430532,0.9126389,1,160x90 DepthUint16,"centre=477 min=459 max=39894 hex=0000 02A7 01DD 0000 2D0A","centre=11294 min=6185 max=19179 hex=2A3F 2B34 2C1E 2C0C 2061",0,0,0,,0,,,None,Unavailable,NoWallUnderCrosshair,,,,"only 0 valid depth samples under crosshair (24 no-data, 253 out-of-range, 164 low-confidence)",0,,,None,Unavailable,NoWallInView,,,,-0.315416873,1.11021841,0.1679072,0.0008856729,0.148923829,-0.00459387945,0.988837659,0,0,0,0,0,0,283651.310458131,283651.310458131,0.0348492180055473
13.555918068453817,d62bf83a,SessionTracking,Tracking,30.0677032,29.83338,1,0.029352655983529985,0.749166667,0.8020833,1,160x90 DepthUint16,"centre=474 min=459 max=39876 hex=0000 02A5 01DA 0000 2A8A","centre=11919 min=6062 max=18950 hex=2C34 2D6B 2E8F 2ED4 2112",0,0,0,,0,,,None,Unavailable,NoWallUnderCrosshair,,,,"only 0 valid depth samples under crosshair (9 no-data, 277 out-of-range, 155 low-confidence)",0,,,None,Unavailable,NoWallInView,,,,-0.320236981,1.11000538,0.17055127,0.00108724833,0.147369057,-0.004014969,0.989072859,0,0,0,0,0,0,283651.343785215,283651.343785215,0.029261197982123122
13.587459579462799,d62bf83a,SessionTracking,Tracking,30.0686111,29.83338,1,0.031019323010696098,0.749722242,0.8554861,1,160x90 DepthUint16,"centre=472 min=458 max=39852 hex=0000 02A2 01D8 0000 2AB0","centre=11703 min=6213 max=23831 hex=2B62 2CA2 2DB7 2DDB 214F",0,0,0,,0,,,None,Unavailable,NoWallUnderCrosshair,,,,"only 0 valid depth samples under crosshair (15 no-data, 257 out-of-range, 169 low-confidence)",0,,,None,Unavailable,NoWallInView,,,,-0.325157374,1.10979152,0.173230246,0.00129740685,0.145536184,-0.0034262538,0.989346147,0,0,0,0,0,0,283651.37711229804,283651.37711229804,0.030975103989476338
13.619390256473476,d62bf83a,SessionTracking,Tracking,30.0680218,29.83338,1,0.031428438000148162,0.7457639,0.7847222,1,160x90 DepthUint16,"centre=474 min=462 max=39843 hex=0000 02A4 01DA 0000 2C21","centre=8928 min=6460 max=18653 hex=213D 21C8 22E0 23FB 206F",0,0,0,,0,,,None,Unavailable,NoWallUnderCrosshair,,,,"only 0 valid depth samples under crosshair (15 no-data, 244 out-of-range, 182 low-confidence)",0,,,None,Unavailable,NoWallInView,,,,-0.329840481,1.10852551,0.170834318,0.00142112374,0.142974466,-0.00312128663,0.989720464,0,0,0,0,0,0,283651.410012343,283651.410012343,0.031382500019390136
13.657498068470655,d62bf83a,SessionTracking,Tracking,30.0663376,29.83338,1,0.0375595310179051,0.8638194,0.685069442,1,160x90 DepthUint16,"centre=6515 min=717 max=25700 hex=1923 195A 1973 1971 0F45","centre=9053 min=6423 max=17812 hex=218E 2218 235D 245C 204B",0,0,0,,0,,,None,Unavailable,NoWallUnderCrosshair,,,,"only 0 valid depth samples under crosshair (0 no-data, 164 out-of-range, 277 low-confidence)",0,,,None,Unavailable,NoWallInView,,,,-0.334901541,1.10838842,0.17354548,0.00171717256,0.140835643,-0.00268393755,0.9900279,0,0,0,0,0,0,283651.443339427,283651.443339427,0.037513802002649754
13.686447391464522,d62bf83a,SessionTracking,Tracking,30.0674534,29.83338,1,0.0283755210111849,0.8634028,0.63125,1,160x90 DepthUint16,"centre=6512 min=716 max=25277 hex=1920 1957 1970 2110 0FE2","centre=8915 min=6434 max=18829 hex=20FA 2175 22D3 23F7 2080",0,0,0,,0,,,None,Unavailable,NoWallUnderCrosshair,,,,"only 0 valid depth samples under crosshair (0 no-data, 150 out-of-range, 291 low-confidence)",0,,,None,Unavailable,NoWallInView,,,,-0.339903176,1.10828841,0.176150054,0.00183223188,0.13789846,-0.00229457021,0.990442038,0,0,0,0,0,0,283651.47666651,283651.47666651,0.028329062013654038
13.725840725473741,d62bf83a,SessionTracking,Tracking,30.0663242,29.83338,1,0.038869323005201295,0.86270833,0.710694432,1,160x90 DepthUint16,"centre=6511 min=716 max=25541 hex=191D 1955 196F 2B9A 0FE4","centre=8726 min=6072 max=12521 hex=20CF 2151 2216 21E9 1BD6",0,0,0,,0,,,None,Unavailable,NoWallUnderCrosshair,,,,"only 0 valid depth samples under crosshair (0 no-data, 154 out-of-range, 287 low-confidence)",0,,,None,Unavailable,NoWallInView,,,,-0.326434076,1.10855436,0.172486186,0.00216721,0.1354066,-0.003225267,0.9907825,0,0,0,0,0,0,283651.510230667,283651.510230667,0.038821719004772604
13.758434110470031,d62bf83a,SessionTracking,Tracking,30.0620651,29.83338,1,0.032020000013289973,0.86277777,0.6959722,1,160x90 DepthUint16,"centre=6509 min=715 max=25387 hex=1920 1956 196D 34F3 1CD9","centre=8732 min=5960 max=13290 hex=20A8 2153 221C 2202 1B69",0,0,0,,0,,,None,Unavailable,NoWallUnderCrosshair,,,,"only 0 valid depth samples under crosshair (0 no-data, 136 out-of-range, 305 low-confidence)",0,,,None,Unavailable,NoWallInView,,,,-0.33121407,1.10842586,0.175197139,0.00142822415,0.132188261,-0.00320532918,0.991218448,0,0,0,0,0,0,283651.543557751,283651.543557751,0.031976302008843049
13.788788693465673,d62bf83a,SessionTracking,Tracking,30.0675869,29.83338,1,0.029404114000499249,0.862152755,0.66375,1,160x90 DepthUint16,"centre=6505 min=714 max=26382 hex=1924 1957 1969 102C 24B4","centre=8862 min=6044 max=11997 hex=213B 21D7 229E 229A 1B6D",0,0,0,,0,,,None,Unavailable,NoWallUnderCrosshair,,,,"only 0 valid depth samples under crosshair (0 no-data, 123 out-of-range, 318 low-confidence)",0,,,None,Unavailable,NoWallInView,,,,-0.3360843,1.10833824,0.177797824,0.0005486608,0.128768966,-0.003166795,0.9916694,0,0,0,0,0,0,283651.57688483404,283651.57688483404,0.0292954680044204
13.829873433456438,d62bf83a,SessionTracking,Tracking,30.0622,29.83338,1,0.040560676978202537,0.8628472,0.738194466,1,160x90 DepthUint16,"centre=6497 min=709 max=26442 hex=1927 1956 1961 0F70 247E","centre=7362 min=5556 max=12070 hex=1CB9 1C7A 1CC2 1CF5 1D07",0,0,0,,0,,,None,Unavailable,NoWallUnderCrosshair,,,,"only 0 valid depth samples under crosshair (0 no-data, 123 out-of-range, 318 low-confidence)",0,,,None,Unavailable,NoWallInView,,,,-0.326248467,1.1061604,0.1809308,-0.0008900315,0.12602295,-0.00344085717,0.992020965,0,0,0,0,0,0,283651.610094634,283651.610094634,0.040509166981792077
13.860840568467889,d62bf83a,SessionTracking,Tracking,30.0671844,29.83338,1,0.029853957996238023,0.8680556,0.739652753,1,160x90 DepthUint16,"centre=6481 min=734 max=26376 hex=192E 1959 1951 0C1D 1DBE","centre=7520 min=5734 max=10504 hex=1D4F 1D02 1D60 1DD6 1D47",0,0,0,,0,,,None,Unavailable,NoWallUnderCrosshair,,,,"only 0 valid depth samples under crosshair (0 no-data, 126 out-of-range, 315 low-confidence)",0,,,None,Unavailable,NoWallInView,,,,-0.3309214,1.10607719,0.183452338,-0.00200233958,0.123800308,-0.00331643177,0.992299557,0,0,0,0,0,0,283651.64342171804,283651.64342171804,0.029682968015549704
13.891998329465192,d62bf83a,SessionTracking,Tracking,30.0667553,29.83338,1,0.0304603650001809,0.86875,0.6554861,1,160x90 DepthUint16,"centre=6463 min=740 max=26264 hex=1931 195A 193F 0C0F 1ACF","centre=7354 min=5659 max=10896 hex=1C63 1C4F 1CBA 1CF4 1D2B",0,0,0,,0,,,None,Unavailable,NoWallUnderCrosshair,,,,"only 0 valid depth samples under crosshair (0 no-data, 109 out-of-range, 332 low-confidence)",0,,,None,Unavailable,NoWallInView,,,,-0.3356709,1.10602093,0.186015978,-0.00255345181,0.121823534,-0.00313559175,0.9925436,0,0,0,0,0,0,283651.676748801,283651.676748801,0.030384948011487722
13.922536037458254,d62bf83a,SessionTracking,Tracking,30.064621,29.83338,1,0.029756562988040969,0.86944443,0.7490972,1,160x90 DepthUint16,"centre=6457 min=730 max=27192 hex=1931 195B 1939 0BEE 1AF7","centre=6915 min=5960 max=14043 hex=1B50 1AFE 1B03 1B34 1B2E",0,0,0,,0,,,None,Unavailable,NoWallUnderCrosshair,,,,"only 0 valid depth samples under crosshair (0 no-data, 122 out-of-range, 319 low-confidence)",0,,,None,Unavailable,NoWallInView,,,,-0.3410142,1.10311508,0.184452832,-0.00205704221,0.11972142,-0.003530145,0.992799163,0,0,0,0,0,0,283651.709389653,283651.709389653,0.029671041993424296
13.957447808472121,d62bf83a,SessionTracking,Tracking,30.0657768,29.83338,1,0.034055052004987374,0.8840278,2.55902767,1,160x90 DepthUint16,"centre=4355 min=316 max=27364 hex=19D5 19E0 1103 0CDB 0F50","centre=6812 min=5782 max=12513 hex=1A63 1A82 1A9C 1A9E 18C0",0,0,0,,0,,,None,Unavailable,NoWallUnderCrosshair,,,,"only 0 valid depth samples under crosshair (0 no-data, 116 out-of-range, 325 low-confidence)",0,,,None,Unavailable,NoWallInView,,,,-0.345759124,1.10293233,0.187473848,-0.00190399587,0.116591394,-0.00361546874,0.9931716,0,0,0,0,0,0,283651.74271673703,283651.74271673703,0.03395671900943853
13.990442912476052,d62bf83a,SessionTracking,Tracking,30.0667057,29.83338,1,0.031504844024311751,0.8836806,2.31979156,1,160x90 DepthUint16,"centre=4897 min=315 max=27452 hex=19D8 19DF 1321 0E1A 1111","centre=6745 min=5807 max=13185 hex=1A92 1A74 1A59 1A5B 1A12",0,0,0,,0,,,None,Unavailable,NoWallUnderCrosshair,,,,"only 0 valid depth samples under crosshair (0 no-data, 111 out-of-range, 330 low-confidence)",0,,,None,Unavailable,NoWallInView,,,,-0.3507223,1.102656,0.1904631,-0.00214184844,0.113999,-0.00354081416,0.9934723,0,0,0,0,0,0,283651.77604382,283651.77604382,0.03134291700553149
14.022120724464681,d62bf83a,SessionTracking,Tracking,30.0648727,29.83338,1,0.030949322012020275,0.8838889,1.81138885,1,160x90 DepthUint16,"centre=5181 min=315 max=27523 hex=19E6 19F0 143D 10A9 14B3","centre=6487 min=5989 max=8517 hex=1980 1957 1957 19B8 1A32",0,0,0,,0,,,None,Unavailable,NoWallUnderCrosshair,,,,"only 0 valid depth samples under crosshair (0 no-data, 109 out-of-range, 332 low-confidence)",0,,,None,Unavailable,NoWallInView,,,,-0.358304352,1.10274494,0.192383081,-0.00171860692,0.112697296,-0.003452331,0.9936219,0,0,0,0,0,0,283651.808911508,283651.808911508,0.030898280994733796
14.057685620475009,d62bf83a,SessionTracking,Tracking,30.0654488,30.3230743,1,0.034961510013090447,0.888819456,3.63243055,1,160x90 DepthUint16,"centre=5236 min=317 max=27560 hex=19DE 19EA 1474 13FB 1422","centre=6129 min=5457 max=8618 hex=180B 17DB 17F1 1846 177C",0,0,0,,0,,,None,Unavailable,NoWallUnderCrosshair,,,,"only 0 valid depth samples under crosshair (0 no-data, 106 out-of-range, 335 low-confidence)",0,,,None,Unavailable,NoWallInView,,,,-0.363649428,1.10241807,0.195505023,-0.002081171,0.1108207,-0.0033535664,0.9938326,0,0,0,0,0,0,283651.84223859204,283651.84223859204,0.034611353999935091
14.091475933473472,d62bf83a,SessionTracking,Tracking,30.06559,30.3230743,1,0.032461666996823624,0.888194442,2.8770833,1,160x90 DepthUint16,"centre=5525 min=316 max=27602 hex=19DD 19EB 1595 1B43 106A","centre=6213 min=5832 max=9303 hex=1867 182C 1845 18C8 1990",0,0,0,,0,,,None,Unavailable,NoWallUnderCrosshair,,,,"only 0 valid depth samples under crosshair (0 no-data, 91 out-of-range, 350 low-confidence)",0,,,None,Unavailable,NoWallInView,,,,-0.368934482,1.10203028,0.198532432,-0.00280735269,0.108095422,-0.00321754813,0.9941313,0,0,0,0,0,0,283651.875565675,283651.875565675,0.032346874999348074
14.123801974466684,d62bf83a,SessionTracking,Tracking,30.06643,30.3230743,1,0.031790312001248822,0.8888889,2.491111,1,160x90 DepthUint16,"centre=5882 min=329 max=27661 hex=1A01 1A0E 16FA 2165 0F91","centre=5256 min=4858 max=6856 hex=148A 14A0 1488 145A 1349",0,0,0,,0,,,None,Unavailable,NoWallUnderCrosshair,,,,"only 0 valid depth samples under crosshair (0 no-data, 96 out-of-range, 345 low-confidence)",0,,,None,Unavailable,NoWallInView,,,,-0.391703457,1.10690093,0.190452635,-0.00208439329,0.106032841,-0.00273513817,0.9943567,0,0,0,0,0,0,283651.908135652,283651.908135652,0.031739842990646139
14.154716349472206,d62bf83a,SessionTracking,Tracking,30.0653458,30.3230743,1,0.030346250016009435,0.8925694,4.84131956,1,160x90 DepthUint16,"centre=6048 min=332 max=27731 hex=19F0 1A00 17A0 12EE 104F","centre=5084 min=4697 max=6698 hex=13DA 13E7 13DC 13AB 1297",0,0,0,,0,,,None,Unavailable,NoWallUnderCrosshair,,,,"only 0 valid depth samples under crosshair (0 no-data, 82 out-of-range, 359 low-confidence)",0,,,None,Unavailable,NoWallInView,,,,-0.39793998,1.10665464,0.19383949,-0.00241676741,0.103282087,-0.00236344361,0.9946464,0,0,0,0,0,0,283651.941462736,283651.941462736,0.030280781007604674
14.19242921445743,d62bf83a,SessionTracking,Tracking,30.06746,30.3230743,1,0.036979166994569823,0.891666651,3.8075695,1,160x90 DepthUint16,"centre=6398 min=330 max=27773 hex=19F0 1A00 18FE 134E 108A","centre=5080 min=4732 max=6872 hex=13CC 13E1 13D8 13B7 12F3",0,0,0,,0,,,None,Unavailable,NoWallUnderCrosshair,,,,"only 0 valid depth samples under crosshair (0 no-data, 70 out-of-range, 371 low-confidence)",0,,,None,Unavailable,NoWallInView,,,,-0.404356331,1.10637784,0.197208,-0.00284931459,0.101272337,-0.00196817541,0.9948527,0,0,0,0,0,0,283651.974457725,283651.974457725,0.036901354003930464
14.224251349460015,d62bf83a,SessionTracking,Tracking,30.06657,30.3230743,1,0.031044739007484168,0.8911806,3.55493045,1,160x90 DepthUint16,"centre=6479 min=325 max=27820 hex=19FE 1A0A 194F 1368 11B6","centre=5467 min=5343 max=12423 hex=1582 1568 155B 1553 15B5",0,0,0,,0,,,None,Unavailable,NoWallUnderCrosshair,,,,"only 0 valid depth samples under crosshair (0 no-data, 53 out-of-range, 388 low-confidence)",0,,,None,Unavailable,NoWallInView,,,,-0.43874225,1.109689,0.208612353,-0.00260552787,0.09977087,-0.000602960645,0.995006859,0,0,0,0,0,0,283652.00743586704,283652.00743586704,0.03097546799108386
14.256204266453775,d62bf83a,SessionTracking,Tracking,30.065527,30.3230743,1,0.031424635002622381,0.8990972,3.65090275,1,160x90 DepthUint16,"centre=6514 min=324 max=27867 hex=19FB 1A0B 1972 145B 137B","centre=5464 min=5278 max=12086 hex=1551 153F 1558 154D 1584",0,0,0,,0,,,None,Unavailable,NoWallUnderCrosshair,,,,"only 0 valid depth samples under crosshair (0 no-data, 63 out-of-range, 378 low-confidence)",0,,,None,Unavailable,NoWallInView,,,,-0.445984274,1.10949576,0.21192272,-0.00239260518,0.09829842,-0.000148504987,0.995154142,0,0,0,0,0,0,283652.040762951,283652.040762951,0.03137895799591206
14.287100308461728,d62bf83a,SessionTracking,Tracking,30.0686455,30.3230743,1,0.030208073003450409,0.8967361,3.457986,1,160x90 DepthUint16,"centre=6541 min=322 max=27904 hex=19FD 1A0E 198D 1B46 1466","centre=5417 min=5201 max=16248 hex=1544 151A 1529 1530 15A9",0,0,0,,0,,,None,Unavailable,NoWallUnderCrosshair,,,,"only 0 valid depth samples under crosshair (0 no-data, 79 out-of-range, 362 low-confidence)",0,,,None,Unavailable,NoWallInView,,,,-0.453300953,1.109226,0.215218976,-0.002585251,0.09663677,9.49204E-05,0.9953164,0,0,0,0,0,0,283652.074090034,283652.074090034,0.030123542004730552
14.318306089469612,d62bf83a,SessionTracking,Tracking,30.068716,30.3230743,1,0.030555000004824251,0.895902753,3.509861,1,160x90 DepthUint16,"centre=6570 min=333 max=27985 hex=1A02 1A13 19AA 1F16 12E4","centre=5100 min=4913 max=6297 hex=1411 13F1 13EC 13F4 13F8",0,0,0,,0,,,None,Unavailable,NoWallUnderCrosshair,,,,"only 0 valid depth samples under crosshair (0 no-data, 58 out-of-range, 383 low-confidence)",0,,,None,Unavailable,NoWallInView,,,,-0.4612231,1.11330724,0.204672545,-0.00193887576,0.095243156,0.000386983156,0.995452046,0,0,0,0,0,0,283652.106856921,283652.106856921,0.030505521019222215
14.35525556846164,d62bf83a,SessionTracking,Tracking,30.0684471,30.3230743,1,0.0363535939832218,0.9020139,3.65055561,1,160x90 DepthUint16,"centre=6594 min=332 max=28052 hex=19FB 1A0F 19C2 2046 126B","centre=5161 min=4982 max=6503 hex=1467 1438 1429 1432 1424",0,0,0,,0,,,None,Unavailable,NoWallUnderCrosshair,,,,"only 0 valid depth samples under crosshair (0 no-data, 55 out-of-range, 386 low-confidence)",0,,,None,Unavailable,NoWallInView,,,,-0.468938351,1.11326969,0.2081114,-0.00138289109,0.093454,0.00051882863,0.9956225,0,0,0,0,0,0,283652.140184005,283652.140184005,0.036309374991105869
14.386302391478008,d62bf83a,SessionTracking,Tracking,30.0644989,30.3230743,1,0.030394635017728433,0.902430534,3.29527783,1,160x90 DepthUint16,"centre=6606 min=329 max=28092 hex=19FC 1A0D 19CE 117B 1264","centre=5211 min=4933 max=6377 hex=14CD 147A 145B 145B 1415",0,0,0,,0,,,None,Unavailable,NoWallUnderCrosshair,,,,"only 0 valid depth samples under crosshair (0 no-data, 50 out-of-range, 391 low-confidence)",0,,,None,Unavailable,NoWallInView,,,,-0.476814359,1.11310112,0.21147719,-0.001558859,0.09184501,0.000448405772,0.995772,0,0,0,0,0,0,283652.173511088,283652.173511088,0.030306979024317116
14.419636141454017,d62bf83a,SessionTracking,Tracking,30.0672741,30.3230743,1,0.032667447987478226,0.901319444,3.588125,1,160x90 DepthUint16,"centre=6633 min=333 max=28135 hex=1A05 1A15 19E9 126B 122D","centre=5652 min=5124 max=8684 hex=163E 163A 1614 164B 174B",0,0,0,,0,,,None,Unavailable,NoWallUnderCrosshair,,,,"only 0 valid depth samples under crosshair (0 no-data, 49 out-of-range, 392 low-confidence)",0,,,None,Unavailable,NoWallInView,,,,-0.494163126,1.11495757,0.210664615,-0.00154574227,0.09042933,0.0008709133,0.9959013,0,0,0,0,0,0,283652.206221955,283652.206221955,0.032595416996628046
14.460204422477315,d62bf83a,SessionTracking,Tracking,30.0704079,30.3230743,1,0.039791354007320479,0.9089583,3.41798615,1,160x90 DepthUint16,"centre=6645 min=1413 max=28174 hex=1A06 1A16 19F5 1268 1231","centre=5649 min=5216 max=10141 hex=1678 1631 1611 167D 17D1",0,0,0,,0,,,None,Unavailable,NoWallUnderCrosshair,,,,"only 0 valid depth samples under crosshair (0 no-data, 40 out-of-range, 401 low-confidence)",0,,,None,Unavailable,NoWallInView,,,,-0.502651453,1.11485159,0.2141217,-0.00135058537,0.0890950561,0.00120997429,0.9960215,0,0,0,0,0,0,283652.239549039,283652.239549039,0.039716614002827555
14.48984827645813,d62bf83a,SessionTracking,Tracking,30.0647755,30.3230743,1,0.028687082987744361,0.907916665,3.1375,1,160x90 DepthUint16,"centre=6662 min=1412 max=28244 hex=1A06 1A17 1A06 11AD 1235","centre=5671 min=5000 max=10267 hex=162F 161B 1627 16B3 184D",0,0,0,,0,,,None,Unavailable,NoWallUnderCrosshair,,,,"only 0 valid depth samples under crosshair (0 no-data, 42 out-of-range, 399 low-confidence)",0,,,None,Unavailable,NoWallInView,,,,-0.5111595,1.11474943,0.217632,-0.0009227023,0.0871091858,0.00138008606,0.9961974,0,0,0,0,0,0,283652.27287612204,283652.27287612204,0.028571770002599806
14.521626922450874,d62bf83a,SessionTracking,Tracking,30.0669136,30.3230743,1,0.031046197982504964,0.907708347,3.35326385,1,160x90 DepthUint16,"centre=6676 min=1413 max=28288 hex=1A0B 1A1E 1A14 11C7 126E","centre=6397 min=5430 max=7277 hex=19C7 1956 18FD 18AD 164A",0,0,0,,0,,,None,Unavailable,NoWallUnderCrosshair,,,,"only 0 valid depth samples under crosshair (0 no-data, 32 out-of-range, 409 low-confidence)",0,,,None,Unavailable,NoWallInView,,,,-0.529179037,1.11465383,0.220283926,-0.000687595457,0.08604315,0.00176006556,0.9962896,0,0,0,0,0,0,283652.305907069,283652.305907069,0.030997290974482894
14.556641818464183,d62bf83a,SessionTracking,Tracking,30.0646114,30.3230743,1,0.034306771005503833,0.918680549,2.45909715,1,160x90 DepthUint16,"centre=6683 min=1556 max=30233 hex=1A09 1A20 1A1B 11D9 1280","centre=6548 min=5630 max=7277 hex=1A12 19C5 1994 195D 176B",0,0,0,,0,,,None,Unavailable,NoWallUnderCrosshair,,,,"only 0 valid depth samples under crosshair (0 no-data, 28 out-of-range, 413 low-confidence)",0,,,None,Unavailable,NoWallInView,,,,-0.5383237,1.11462271,0.223873854,-0.000483758777,0.0845412537,0.00210565352,0.9964177,0,0,0,0,0,0,283652.33923415304,283652.33923415304,0.034246666997205466
14.590068537454268,d62bf83a,SessionTracking,Tracking,30.0659485,30.3230743,1,0.032172448001801968,0.918333352,2.26333332,1,160x90 DepthUint16,"centre=6689 min=1541 max=30281 hex=1A07 1A21 1A21 11B0 12A1","centre=6666 min=5747 max=7304 hex=1A83 1A40 1A0A 19D0 17A7",0,0,0,,0,,,None,Unavailable,NoWallUnderCrosshair,,,,"only 0 valid depth samples under crosshair (0 no-data, 31 out-of-range, 410 low-confidence)",0,,,None,Unavailable,NoWallInView,,,,-0.5474562,1.11466551,0.227404863,-0.000204172,0.08301038,0.00245991373,0.9965456,0,0,0,0,0,0,283652.37222028704,283652.37222028704,0.032010572991566733
14.620490516452033,d62bf83a,SessionTracking,Tracking,30.0576687,30.3230743,1,0.029495937982574105,0.917708337,2.3147223,1,160x90 DepthUint16,"centre=6629 min=1536 max=30314 hex=1A00 1A19 19E5 11E7 12E3","centre=6632 min=6384 max=7830 hex=1A0C 19E2 19E8 1A5B 1CFD",0,0,0,,0,,,None,Unavailable,NoWallUnderCrosshair,,,,"only 0 valid depth samples under crosshair (0 no-data, 29 out-of-range, 412 low-confidence)",0,,,None,Unavailable,NoWallInView,,,,-0.573951662,1.1142199,0.237084508,-0.000375188916,0.08119297,0.00324252271,0.9966931,0,0,0,0,0,0,283652.405527135,283652.405527135,0.029393280972726643
14.651738849471936,d62bf83a,SessionTracking,Tracking,30.0591965,30.3230743,1,0.030671979009639472,0.924652755,2.15979171,1,160x90 DepthUint16,"centre=6630 min=805 max=30348 hex=19FD 1A16 19E6 17EE 1A68","centre=6718 min=6452 max=7743 hex=1A6C 1A52 1A3E 1A8B 1D45",0,0,0,,0,,,None,Unavailable,NoWallUnderCrosshair,,,,"only 0 valid depth samples under crosshair (0 no-data, 17 out-of-range, 424 low-confidence)",0,,,None,Unavailable,NoWallInView,,,,-0.5837776,1.11426747,0.240436882,-0.000117409982,0.08013464,0.00346347713,0.9967781,0,0,0,0,0,0,283652.43885421904,283652.43885421904,0.030626302002929151
14.690228276452896,d62bf83a,SessionTracking,Tracking,30.059763,30.3230743,1,0.037998124986188486,0.922916651,2.6740973,1,160x90 DepthUint16,"centre=6628 min=804 max=30359 hex=19FD 1A14 19E4 1942 19F5","centre=6704 min=6476 max=7760 hex=1A58 1A43 1A30 1A71 1D33",0,0,0,,0,,,None,Unavailable,NoWallUnderCrosshair,,,,"only 0 valid depth samples under crosshair (0 no-data, 34 out-of-range, 407 low-confidence)",0,,,None,Unavailable,NoWallInView,,,,-0.5937952,1.11421752,0.24360621,-0.000313077151,0.0793888941,0.00348541164,0.996837556,0,0,0,0,0,0,283652.47218130203,283652.47218130203,0.037954686995362863
14.720106714466734,d62bf83a,SessionTracking,Tracking,30.0599785,30.3230743,1,0.029154635994927958,0.9236111,2.3174305,1,160x90 DepthUint16,"centre=6629 min=795 max=30379 hex=19F8 1A0E 19E5 1185 12D0","centre=7874 min=6980 max=11956 hex=1F75 1F1D 1EC2 1F38 2459",0,0,0,,0,,,None,Unavailable,NoWallUnderCrosshair,,,,"only 0 valid depth samples under crosshair (0 no-data, 25 out-of-range, 416 low-confidence)",0,,,None,Unavailable,NoWallInView,,,,-0.626336336,1.11343551,0.258022159,-0.000242374867,0.07823672,0.003856272,0.9969274,0,0,0,0,0,0,283652.505532493,283652.505532493,0.029073542013065889
14.751321089457402,d62bf83a,SessionTracking,Tracking,30.06937,30.3230743,1,0.0307181770040188,0.9301389,1.76201391,1,160x90 DepthUint16,"centre=6655 min=794 max=28522 hex=19F9 1A0F 19FF 1199 1278","centre=8192 min=6940 max=11956 hex=2052 204B 2000 205F 2501",0,0,0,,0,,,None,Unavailable,NoWallUnderCrosshair,,,,"only 0 valid depth samples under crosshair (0 no-data, 14 out-of-range, 427 low-confidence)",0,,,None,Unavailable,NoWallInView,,,,-0.6369172,1.11339569,0.261111319,-1.88909489E-05,0.07704609,0.004108936,0.9970191,0,0,0,0,0,0,283652.53885957703,283652.53885957703,0.03067234400077723
14.791834370469356,d62bf83a,SessionTracking,Tracking,30.05401,30.3230743,1,0.040023698005825281,0.92965275,1.65729165,1,160x90 DepthUint16,"centre=6894 min=793 max=28583 hex=19FA 1A11 1AEE 11AD 1279","centre=8096 min=6868 max=11995 hex=2011 1FE5 1FA0 201A 24C6",0,0,0,,0,,,None,Unavailable,NoWallUnderCrosshair,,,,"only 0 valid depth samples under crosshair (0 no-data, 11 out-of-range, 430 low-confidence)",0,,,None,Unavailable,NoWallInView,,,,-0.6474764,1.1134032,0.264195025,0.0003016964,0.07513808,0.004381389,0.9971635,0,0,0,0,0,0,283652.57218666,283652.57218666,0.039979010005481541
14.822020932453366,d62bf83a,SessionTracking,Tracking,30.06242,30.3230743,1,0.029486613988410681,0.929097235,1.73173606,1,160x90 DepthUint16,"centre=6831 min=790 max=28646 hex=19F7 1A11 1AAF 1203 125B","centre=9544 min=7726 max=11046 hex=2482 2500 2548 25C3 27CD",0,0,0,,0,,,None,Unavailable,NoWallUnderCrosshair,,,,"only 0 valid depth samples under crosshair (0 no-data, 13 out-of-range, 428 low-confidence)",0,,,None,Unavailable,NoWallInView,,,,-0.6699532,1.11391222,0.271814078,0.0008126572,0.0738249943,0.00471588969,0.997259736,0,0,0,0,0,0,283652.60551314603,283652.60551314603,0.029400519997579977
14.857083953454772,d62bf83a,SessionTracking,Tracking,30.0667152,30.3230743,1,0.034444165998138487,0.932916641,1.57465279,1,160x90 DepthUint16,"centre=6871 min=737 max=28661 hex=19FA 1A12 1AD7 11FF 160F","centre=9590 min=7752 max=11118 hex=247E 250E 2576 25E8 2823",0,0,0,,0,,,None,Unavailable,NoWallUnderCrosshair,,,,"only 0 valid depth samples under crosshair (0 no-data, 40 out-of-range, 401 low-confidence)",0,,,None,Unavailable,NoWallInView,,,,-0.6811077,1.11389673,0.27469784,0.0008049124,0.07312592,0.004998714,0.9973099,0,0,0,0,0,0,283652.638494852,283652.638494852,0.034375677001662552
14.892073641476369,d62bf83a,SessionTracking,Tracking,30.0604668,30.3230743,1,0.033680573018500581,0.931597233,1.87722218,1,160x90 DepthUint16,"centre=6808 min=736 max=28676 hex=19FC 1A14 1A98 11E3 1EB0","centre=9555 min=7811 max=11137 hex=2464 24EC 2553 25BA 2865",0,0,0,,0,,,None,Unavailable,NoWallUnderCrosshair,,,,"only 0 valid depth samples under crosshair (0 no-data, 45 out-of-range, 396 low-confidence)",0,,,None,Unavailable,NoWallInView,,,,-0.6925831,1.11390007,0.27756536,0.000740315765,0.07236698,0.00520592928,0.9973642,0,0,0,0,0,0,283652.67182193504,283652.67182193504,0.033551250002346933
14.92352666246347,d62bf83a,SessionTracking,Tracking,30.05987,30.3230743,1,0.030538282007910311,0.9315278,1.52,1,160x90 DepthUint16,"centre=6695 min=729 max=28709 hex=1A00 1A14 1A27 1557 1FE0","centre=10391 min=9358 max=17372 hex=282F 28A1 2897 294D 2AC2",0,0,0,,0,,,None,Unavailable,NoWallUnderCrosshair,,,,"only 0 valid depth samples under crosshair (0 no-data, 28 out-of-range, 413 low-confidence)",0,,,None,Unavailable,NoWallInView,,,,-0.7206662,1.11243963,0.2890051,0.000603549241,0.07062681,0.005455435,0.9974877,0,0,0,0,0,0,283652.705128629,283652.705128629,0.030428489990299568
14.95411041245438,d62bf83a,SessionTracking,Tracking,30.0608864,30.3230743,1,0.029887343989685178,0.935416639,1.29763889,1,160x90 DepthUint16,"centre=8550 min=792 max=28785 hex=1A04 1A17 2166 1375 272A","centre=10462 min=9349 max=17306 hex=2892 28F8 28DE 2981 2A5C",0,0,0,,0,,,None,Unavailable,NoWallUnderCrosshair,,,,"only 0 valid depth samples under crosshair (0 no-data, 45 out-of-range, 396 low-confidence)",0,,,None,Unavailable,NoWallInView,,,,-0.7326972,1.1123817,0.291803241,0.000573843659,0.06957387,0.005647659,0.9975606,0,0,0,0,0,0,283652.738455713,283652.738455713,0.029834426997695118
14.996720828468593,d62bf83a,SessionTracking,Tracking,30.0572529,30.3230743,1,0.042017239000415429,0.9386805,1.33291662,1,160x90 DepthUint16,"centre=9667 min=791 max=28774 hex=1A08 1A18 25C3 1379 20BD","centre=10428 min=9273 max=17168 hex=2886 28E1 28BC 2962 297E",0,0,0,,0,,,None,Unavailable,NoWallUnderCrosshair,,,,"only 0 valid depth samples under crosshair (0 no-data, 23 out-of-range, 418 low-confidence)",0,,,None,Unavailable,NoWallInView,,,,-0.744906366,1.112322,0.2947232,0.00104071584,0.0685596541,0.0060279076,0.9976283,0,0,0,0,0,0,283652.771782796,283652.771782796,0.041969843005063012
15.025758172476113,d62bf83a,SessionTracking,Tracking,30.0645771,30.3230743,1,0.027779167023254558,0.9365278,1.18673611,1,160x90 DepthUint16,"centre=9912 min=792 max=30119 hex=1A18 1A1D 26B8 1435 2723","centre=10334 min=8492 max=11147 hex=2A1D 290D 285E 27B0 2484",0,0,0,,0,,,None,Unavailable,NoWallUnderCrosshair,,,,"only 0 valid depth samples under crosshair (0 no-data, 25 out-of-range, 416 low-confidence)",0,,,None,Unavailable,NoWallInView,,,,-0.757202148,1.11011,0.2956059,0.00163817417,0.06596242,0.00626608776,0.9978011,0,0,0,0,0,0,283652.805140974,283652.805140974,0.027647396025713533
15.058131818459284,d62bf83a,SessionTracking,Tracking,30.0605869,29.98662,1,0.031892447994323447,0.9390972,3.56930566,1,160x90 DepthUint16,"centre=10513 min=790 max=30455 hex=1A1F 1A22 2911 1956 350D","centre=10124 min=8514 max=10896 hex=2906 282E 278C 270C 23F9",0,0,0,,0,,,None,Unavailable,NoWallUnderCrosshair,,,,"only 0 valid depth samples under crosshair (0 no-data, 62 out-of-range, 379 low-confidence)",0,,,None,Unavailable,NoWallInView,,,,-0.7695619,1.109864,0.2983923,0.00141601649,0.06323435,0.006201596,0.997978449,0,0,0,0,0,0,283652.83846805803,283652.83846805803,0.031848854006966576
15.088221037472746,d62bf83a,SessionTracking,Tracking,30.061573,29.98662,1,0.029416094010230154,0.9357639,2.80215287,1,160x90 DepthUint16,"centre=6947 min=788 max=30571 hex=1A13 1A25 1B23 1B06 2934","centre=10170 min=8527 max=10917 hex=292A 285B 27BA 2728 24C4",0,0,0,,0,,,None,Unavailable,NoWallUnderCrosshair,,,,"only 0 valid depth samples under crosshair (0 no-data, 45 out-of-range, 396 low-confidence)",0,,,None,Unavailable,NoWallInView,,,,-0.7823028,1.10963106,0.301132679,0.00122316566,0.0614124872,0.00623560045,0.9980923,0,0,0,0,0,0,283652.871795141,283652.871795141,0.029368698014877737
15.119869787453123,d62bf83a,SessionTracking,Tracking,30.0618439,29.98662,1,0.031088749994523823,0.93298614,2.63145828,1,160x90 DepthUint16,"centre=8104 min=779 max=30645 hex=19C4 1A28 1FA8 1BC2 296D","centre=10754 min=9374 max=13677 hex=2B77 2A80 2A02 2A6F 3093",0,0,0,,0,,,None,Unavailable,NoWallUnderCrosshair,,,,"only 0 valid depth samples under crosshair (0 no-data, 42 out-of-range, 399 low-confidence)",0,,,None,Unavailable,NoWallInView,,,,-0.8166801,1.10838127,0.313462168,0.00108283211,0.0583653376,0.006382079,0.9982743,0,0,0,0,0,0,283652.90445791103,283652.90445791103,0.031042604998219758
15.15769801647161,d62bf83a,SessionTracking,Tracking,30.0640717,29.98662,1,0.03728630201658234,0.927361131,2.50854158,1,160x90 DepthUint16,"centre=5460 min=777 max=30687 hex=19BF 1A2F 1554 1BC6 14D1","centre=10847 min=9415 max=13700 hex=2C05 2AE7 2A5F 2AB8 2FE1",0,0,0,,0,,,None,Unavailable,NoWallUnderCrosshair,,,,"only 0 valid depth samples under crosshair (0 no-data, 33 out-of-range, 408 low-confidence)",0,,,None,Unavailable,NoWallInView,,,,-0.8301655,1.10812581,0.3157884,-6.07408629E-06,0.0570319034,0.006543428,0.9983509,0,0,0,0,0,0,283652.937784995,283652.937784995,0.03724255200359039
15.185230099453971,d62bf83a,SessionTracking,Tracking,30.0626888,29.98662,1,0.026644218974979594,0.945902765,2.53395844,1,160x90 DepthUint16,"centre=4482 min=775 max=30778 hex=1A59 1ABD 1182 1BD1 154B","centre=10781 min=9371 max=13924 hex=2BDF 2AB5 2A1D 2A9E 3105",0,0,0,,0,,,None,Unavailable,NoWallUnderCrosshair,,,,"only 0 valid depth samples under crosshair (0 no-data, 41 out-of-range, 400 low-confidence)",0,,,None,Unavailable,NoWallInView,,,,-0.8435063,1.10787,0.3180165,-0.00110157393,0.0548970476,0.00664973259,0.998469353,0,0,0,0,0,0,283652.970753417,283652.970753417,0.026548333000391722
15.216826089457523,d62bf83a,SessionTracking,Tracking,30.0624332,29.98662,1,0.030967604980105534,0.9436111,2.54555559,1,160x90 DepthUint16,"centre=4664 min=771 max=29146 hex=1AB3 1AE4 1238 1C0E 1767","centre=10946 min=9353 max=12144 hex=2BA4 2AD5 2AC2 2B06 2C03",0,0,0,,0,,,None,Unavailable,NoWallUnderCrosshair,,,,"only 0 valid depth samples under crosshair (0 no-data, 36 out-of-range, 405 low-confidence)",0,,,None,Unavailable,NoWallInView,,,,-0.867182851,1.10529387,0.3225281,-0.0017210301,0.05200024,0.00666043162,0.9986234,0,0,0,0,0,0,283653.00360383,283653.00360383,0.030903125007171184
15.2549062454525,d62bf83a,SessionTracking,Tracking,30.0622978,29.98662,1,0.03760182298719883,0.9446528,2.87034726,1,160x90 DepthUint16,"centre=4458 min=1806 max=29172 hex=1A98 1A50 116A 2498 26F2","centre=10752 min=9484 max=12024 hex=2A00 29CF 2A00 2A76 2BA3",0,0,0,,0,,,None,Unavailable,NoWallUnderCrosshair,,,,"only 0 valid depth samples under crosshair (0 no-data, 59 out-of-range, 382 low-confidence)",0,,,None,Unavailable,NoWallInView,,,,-0.881056666,1.1049397,0.3245857,-0.00258898386,0.0495127626,0.006493748,0.9987491,0,0,0,0,0,0,283653.03693091404,283653.03693091404,0.03755927097517997
15.286640724461673,d62bf83a,SessionTracking,Tracking,30.063221,29.98662,1,0.030856197990942746,0.943819463,2.452014,1,160x90 DepthUint16,"centre=4221 min=1807 max=29205 hex=1AB1 19EB 107D 2593 2322","centre=11025 min=9640 max=12260 hex=2BCC 2B16 2B11 2B64 2BC2",0,0,0,,0,,,None,Unavailable,NoWallUnderCrosshair,,,,"only 0 valid depth samples under crosshair (0 no-data, 49 out-of-range, 392 low-confidence)",0,,,None,Unavailable,NoWallInView,,,,-0.895226836,1.10463274,0.3267695,-0.00305274362,0.0473712534,0.006264598,0.9988531,0,0,0,0,0,0,283653.070257997,283653.070257997,0.030765312985749915
15.317684734476412,d62bf83a,SessionTracking,Tracking,30.06302,29.98662,1,0.029874479019781575,0.941875,2.23979163,1,160x90 DepthUint16,"centre=3686 min=1808 max=29253 hex=1AE4 1970 0E66 2541 230C","centre=11495 min=9831 max=12962 hex=2DB2 2D10 2CE7 2D0D 2DFB",0,0,0,,0,,,None,Unavailable,NoWallUnderCrosshair,,,,"only 0 valid depth samples under crosshair (0 no-data, 42 out-of-range, 399 low-confidence)",0,,,None,Unavailable,NoWallInView,,,,-0.9178263,1.10353363,0.330071747,-0.00362336682,0.04437263,0.00595712755,0.9989908,0,0,0,0,0,0,283653.102963546,283653.102963546,0.029783802019665018
15.359887234462573,d62bf83a,SessionTracking,Tracking,30.0647564,29.98662,1,0.041416874999413267,0.942569435,2.49215269,1,160x90 DepthUint16,"centre=3810 min=1811 max=30912 hex=1AF0 191E 0EE2 250A 127D","centre=11659 min=9933 max=13076 hex=2DC1 2D8F 2D8B 2DE5 2EBF",0,0,0,,0,,,None,Unavailable,NoWallUnderCrosshair,,,,"only 0 valid depth samples under crosshair (0 no-data, 49 out-of-range, 392 low-confidence)",0,,,None,Unavailable,NoWallInView,,,,-0.9322302,1.10307348,0.332311541,-0.004789416,0.0410523824,0.00581938075,0.9991286,0,0,0,0,0,0,283653.13629063003,283653.13629063003,0.041363905998878181
15.389854005454023,d62bf83a,SessionTracking,Tracking,30.0634689,29.98662,1,0.028946040984010324,0.941319466,2.341389,1,160x90 DepthUint16,"centre=3857 min=1810 max=29356 hex=1B26 1939 0F11 2388 124C","centre=11860 min=10021 max=12942 hex=2FA1 2EB9 2E54 2E64 2EB2",0,0,0,,0,,,None,Unavailable,NoWallUnderCrosshair,,,,"only 0 valid depth samples under crosshair (0 no-data, 52 out-of-range, 389 low-confidence)",0,,,None,Unavailable,NoWallInView,,,,-0.9468176,1.102792,0.334718317,-0.00484504364,0.0377980247,0.005803019,0.999256849,0,0,0,0,0,0,283653.169617713,283653.169617713,0.026232186995912343
15.421574109470154,d62bf83a,SessionTracking,Tracking,30.0641155,29.98662,1,0.030899114004569128,0.940277755,2.45902777,1,160x90 DepthUint16,"centre=3810 min=1829 max=29416 hex=1B28 194B 0EE2 2395 1D40","centre=11667 min=10896 max=19014 hex=2D21 2D25 2D93 2EE4 356B",0,0,0,,0,,,None,Unavailable,NoWallUnderCrosshair,,,,"only 0 valid depth samples under crosshair (0 no-data, 58 out-of-range, 383 low-confidence)",0,,,None,Unavailable,NoWallInView,,,,-0.912553966,1.10748279,0.3139197,-0.004934981,0.03586522,0.004654438,0.9993337,0,0,0,0,0,0,283653.202342486,283653.202342486,0.030836198013275862
15.453522443454627,d62bf83a,SessionTracking,Tracking,30.0688877,29.98662,1,0.03089916700264439,0.943402767,2.609514,1,160x90 DepthUint16,"centre=4278 min=1828 max=29474 hex=1B38 1969 10B6 24A7 20AE","centre=11670 min=11085 max=18571 hex=2D4D 2D37 2D96 2EAC 35AD",0,0,0,,0,,,None,Unavailable,NoWallUnderCrosshair,,,,"only 0 valid depth samples under crosshair (0 no-data, 80 out-of-range, 361 low-confidence)",0,,,None,Unavailable,NoWallInView,,,,-0.9262826,1.10716212,0.315903425,-0.005028413,0.0331122167,0.00436467,0.999429464,0,0,0,0,0,0,283653.23566957004,283653.23566957004,0.03079755199723877
15.492035151462684,d62bf83a,SessionTracking,Tracking,30.065691,29.98662,1,0.037728541996330023,0.9411805,2.28604174,1,160x90 DepthUint16,"centre=4388 min=1828 max=29502 hex=1B3A 198C 1124 25F5 1FC4","centre=11560 min=11072 max=18971 hex=2D05 2CFB 2D28 2E16 35B7",0,0,0,,0,,,None,Unavailable,NoWallUnderCrosshair,,,,"only 0 valid depth samples under crosshair (0 no-data, 62 out-of-range, 379 low-confidence)",0,,,None,Unavailable,NoWallInView,,,,-0.940361738,1.10678816,0.317819178,-0.005334938,0.031299077,0.00410544872,0.9994874,0,0,0,0,0,0,283653.26899665303,283653.26899665303,0.037678905995562673
15.522151193468513,d62bf83a,SessionTracking,Tracking,30.0614529,29.98662,1,0.02910276100737974,0.93972224,2.29423618,1,160x90 DepthUint16,"centre=4293 min=1847 max=29537 hex=1B50 196A 10C5 257B 20FB","centre=11327 min=10242 max=19575 hex=2BE1 2BA5 2C3F 2EE1 3AA0",0,0,0,,0,,,None,Unavailable,NoWallUnderCrosshair,,,,"only 0 valid depth samples under crosshair (0 no-data, 80 out-of-range, 361 low-confidence)",0,,,None,Unavailable,NoWallInView,,,,-0.902011156,1.11316,0.296970516,-0.00543187559,0.0304147676,0.00306737423,0.9995179,0,0,0,0,0,0,283653.30257908604,283653.30257908604,0.028980730014154688
15.553197338452943,d62bf83a,SessionTracking,Tracking,30.0656624,29.98662,1,0.030411301995627582,0.9459722,2.59569454,1,160x90 DepthUint16,"centre=4076 min=1846 max=29590 hex=1B48 1990 0FEC 2787 209C","centre=10769 min=10301 max=20511 hex=29CE 2982 2A11 2C7C 3B73",0,0,0,,0,,,None,Unavailable,NoWallUnderCrosshair,,,,"only 0 valid depth samples under crosshair (0 no-data, 77 out-of-range, 364 low-confidence)",0,,,None,Unavailable,NoWallInView,,,,-0.9150722,1.1129,0.298513651,-0.00511507271,0.0285815056,0.00316908979,0.9995734,0,0,0,0,0,0,283653.33590617,283653.33590617,0.030360311997355893
15.585140099461338,d62bf83a,SessionTracking,Tracking,30.0716057,29.98662,1,0.0312589579843916,0.941319466,2.40381956,1,160x90 DepthUint16,"centre=4179 min=1846 max=29627 hex=1B49 19DF 1053 292F 2082","centre=10731 min=10132 max=20630 hex=299D 296C 29EB 2C71 3B44",0,0,0,,0,,,None,Unavailable,NoWallUnderCrosshair,,,,"only 0 valid depth samples under crosshair (0 no-data, 66 out-of-range, 375 low-confidence)",0,,,None,Unavailable,NoWallInView,,,,-0.9281805,1.11248839,0.299947232,-0.005409513,0.0263348557,0.00308403419,0.9996338,0,0,0,0,0,0,283653.369233253,283653.369233253,0.031211353983962908
15.618324474464085,d62bf83a,SessionTracking,Tracking,30.0663185,29.98662,1,0.0321897919930052,0.9403472,2.41916656,1,160x90 DepthUint16,"centre=4239 min=1845 max=29695 hex=1B4F 1A5C 108F 292E 11F0","centre=10361 min=9854 max=15654 hex=28D4 2895 2879 29B9 33E9",0,0,0,,0,,,None,Unavailable,NoWallUnderCrosshair,,,,"only 0 valid depth samples under crosshair (0 no-data, 51 out-of-range, 390 low-confidence)",0,,,None,Unavailable,NoWallInView,,,,-0.942641556,1.11179852,0.301855534,-0.005385891,0.0231745653,0.00303751254,0.999712348,0,0,0,0,0,0,283653.40259385004,283653.40259385004,0.032118542003445327
15.650085724457082,d62bf83a,SessionTracking,Tracking,30.0651016,29.98662,1,0.031113281002035365,0.945,2.897014,1,160x90 DepthUint16,"centre=4533 min=1843 max=29767 hex=1B5A 1AC8 11B5 2709 1218","centre=10379 min=9857 max=15042 hex=28D6 28A2 288B 2928 3133",0,0,0,,0,,,None,Unavailable,NoWallUnderCrosshair,,,,"only 0 valid depth samples under crosshair (0 no-data, 92 out-of-range, 349 low-confidence)",0,,,None,Unavailable,NoWallInView,,,,-0.956117868,1.111469,0.3034542,-0.00514285639,0.02028639,0.00300207688,0.9997765,0,0,0,0,0,0,283653.435664115,283653.435664115,0.031035052001243457
15.693465672465887,d62bf83a,SessionTracking,Tracking,30.06525,29.98662,1,0.042395416996441782,0.941805542,2.66256952,1,160x90 DepthUint16,"centre=5343 min=1842 max=29809 hex=1B6A 1AF7 14DF 2801 129F","centre=10308 min=9881 max=15335 hex=28A9 285E 2844 2923 3294",0,0,0,,0,,,None,Unavailable,NoWallUnderCrosshair,,,,"only 0 valid depth samples under crosshair (0 no-data, 85 out-of-range, 356 low-confidence)",0,,,None,Unavailable,NoWallInView,,,,-0.9700177,1.1111865,0.3049746,-0.005203858,0.0181590766,0.00309237884,0.9998168,0,0,0,0,0,0,283653.468991198,283653.468991198,0.042225103999953717
15.724513640456049,d62bf83a,SessionTracking,Tracking,30.0630646,29.98662,1,0.029902499984018505,0.9397917,2.4553473,1,160x90 DepthUint16,"centre=6079 min=1839 max=29872 hex=1B7B 1B29 17BF 2811 13D0","centre=10285 min=9365 max=11924 hex=28AB 2866 282D 2806 2ABE",0,0,0,,0,,,None,Unavailable,NoWallUnderCrosshair,,,,"only 0 valid depth samples under crosshair (0 no-data, 75 out-of-range, 366 low-confidence)",0,,,None,Unavailable,NoWallInView,,,,-0.9845956,1.11132169,0.30714044,-0.00496238424,0.0155605962,0.00345835136,0.999860644,0,0,0,0,0,0,283653.50229145004,283653.50229145004,0.029773229005513713
15.755482026466549,d62bf83a,SessionTracking,Tracking,30.065073,29.98662,1,0.029955261008581147,0.94625,3.05,1,160x90 DepthUint16,"centre=5810 min=1838 max=29913 hex=1B80 1B33 16B2 27FC 161A","centre=10252 min=9226 max=11801 hex=282E 2812 280C 27C9 2A25",0,0,0,,0,,,None,Unavailable,NoWallUnderCrosshair,,,,"only 0 valid depth samples under crosshair (0 no-data, 95 out-of-range, 346 low-confidence)",0,,,None,Unavailable,NoWallInView,,,,-0.998948,1.111225,0.3083844,-0.00479386142,0.0138859134,0.004072339,0.999883831,0,0,0,0,0,0,283653.535618534,283653.535618534,0.02985640600672923
15.794771245451326,d62bf83a,SessionTracking,Tracking,30.0642242,29.98662,1,0.038388541986932978,0.9384722,3.26520824,1,160x90 DepthUint16,"centre=6482 min=1839 max=29910 hex=1B90 1977 1952 27D1 1690","centre=10255 min=9270 max=11773 hex=2828 280E 280F 27A4 2A1F",0,0,0,,0,,,None,Unavailable,NoWallUnderCrosshair,,,,"only 0 valid depth samples under crosshair (0 no-data, 80 out-of-range, 361 low-confidence)",0,,,None,Unavailable,NoWallInView,,,,-1.01357269,1.11103654,0.309361517,-0.00555248931,0.0125828031,0.004600406,0.999894857,0,0,0,0,0,0,283653.568945617,283653.568945617,0.038280364999081939
15.825700359451499,d62bf83a,SessionTracking,Tracking,30.06345,29.98662,1,0.0300781249825377,0.9372917,2.97618055,1,160x90 DepthUint16,"centre=6476 min=1835 max=29881 hex=1BA6 14B0 194C 2757 192D","centre=10431 min=9138 max=13113 hex=291A 2900 28BF 2816 2D39",0,0,0,,0,,,None,Unavailable,NoWallUnderCrosshair,,,,"only 0 valid depth samples under crosshair (0 no-data, 101 out-of-range, 340 low-confidence)",0,,,None,Unavailable,NoWallInView,,,,-1.03174615,1.11484826,0.3167124,-0.00702804932,0.0107855974,0.00509169744,0.9999042,0,0,0,0,0,0,283653.602276252,283653.602276252,0.030013436975423247
15.85621957845046,d62bf83a,SessionTracking,Tracking,30.0621262,29.98662,1,0.029897447995608672,0.9429167,3.32506943,1,160x90 DepthUint16,"centre=5818 min=819 max=29916 hex=1BB2 1457 16BA 272A 207C","centre=10494 min=9114 max=13154 hex=2952 2947 28FE 27FE 2D42",0,0,0,,0,,,None,Unavailable,NoWallUnderCrosshair,,,,"only 0 valid depth samples under crosshair (0 no-data, 141 out-of-range, 300 low-confidence)",0,,,None,Unavailable,NoWallInView,,,,-1.04661417,1.11475515,0.31799686,-0.00712111266,0.008914192,0.005485505,0.9999199,0,0,0,0,0,0,283653.63560333604,283653.63560333604,0.029852187988581136
15.887962338459825,d62bf83a,SessionTracking,Tracking,30.0619144,29.98662,1,0.031214062008075416,0.944305539,2.95666671,1,160x90 DepthUint16,"centre=5085 min=819 max=29993 hex=1BB5 1237 13DD 2726 22E7","centre=10508 min=9173 max=13139 hex=298D 2966 290C 2837 2CFE",0,0,0,,0,,,None,Unavailable,NoWallUnderCrosshair,,,,"only 0 valid depth samples under crosshair (0 no-data, 137 out-of-range, 304 low-confidence)",0,,,None,Unavailable,NoWallInView,,,,-1.06152058,1.11476219,0.31944114,-0.0064600003,0.006424436,0.00592300342,0.999940932,0,0,0,0,0,0,283653.668930419,283653.668930419,0.031170520989689976
15.919267234454079,d62bf83a,SessionTracking,Tracking,30.05729,29.98662,1,0.030696561996592209,0.9379167,3.11243057,1,160x90 DepthUint16,"centre=5145 min=803 max=30050 hex=1BA7 116C 1419 2724 239A","centre=10238 min=9182 max=11948 hex=282D 27F7 27FE 27AB 2B00",0,0,0,,0,,,None,Unavailable,NoWallUnderCrosshair,,,,"only 0 valid depth samples under crosshair (0 no-data, 131 out-of-range, 310 low-confidence)",0,,,None,Unavailable,NoWallInView,,,,-1.08622479,1.12334752,0.3370566,-0.005580397,0.004542654,0.006745428,0.999951363,0,0,0,0,0,0,283653.70246635703,283653.70246635703,0.030633957998361439
15.951854109476468,d62bf83a,SessionTracking,Tracking,30.06037,29.98662,1,0.032101354008773342,0.9442361,3.539236,1,160x90 DepthUint16,"centre=5352 min=803 max=30141 hex=1BAD 118F 14E8 27A8 2322","centre=10240 min=9078 max=11861 hex=27E0 27CD 2800 27B9 2AA7",0,0,0,,0,,,None,Unavailable,NoWallUnderCrosshair,,,,"only 0 valid depth samples under crosshair (0 no-data, 181 out-of-range, 260 low-confidence)",0,,,None,Unavailable,NoWallInView,,,,-1.1014787,1.1234045,0.338996351,-0.004696441,0.00179737259,0.00702017639,0.999962747,0,0,0,0,0,0,283653.735793441,283653.735793441,0.032059896009741351
15.984426401471634,d62bf83a,SessionTracking,Tracking,30.0614014,29.98662,1,0.03196854199632071,0.936180532,3.342847,1,160x90 DepthUint16,"centre=5460 min=801 max=30188 hex=1BBD 11B4 1554 2849 2450","centre=10238 min=9111 max=12010 hex=27D4 27D3 27FE 27C4 2B81",0,0,0,,0,,,None,Unavailable,NoWallUnderCrosshair,,,,"only 0 valid depth samples under crosshair (0 no-data, 194 out-of-range, 247 low-confidence)",0,,,None,Unavailable,NoWallInView,,,,-1.11696935,1.12333739,0.340828955,-0.004589224,-0.000399124139,0.00700694369,0.999964833,0,0,0,0,0,0,283653.769120524,283653.769120524,0.031923489994369447
16.015685203459494,d62bf83a,SessionTracking,Tracking,30.0661659,29.98662,1,0.030737761000636965,0.9352083,3.47430563,1,160x90 DepthUint16,"centre=5500 min=788 max=30206 hex=1BBB 11F7 157C 26EA 24A5","centre=10627 min=9964 max=14680 hex=2AB3 2A34 2983 285B 2E64",0,0,0,,0,,,None,Unavailable,NoWallUnderCrosshair,,,,"only 0 valid depth samples under crosshair (0 no-data, 194 out-of-range, 247 low-confidence)",0,,,None,Unavailable,NoWallInView,,,,-1.13730371,1.12918937,0.354209125,-0.00426909747,-0.00130873837,0.0074673295,0.999962151,0,0,0,0,0,0,283653.803074867,283653.803074867,0.030686145997606218
16.053226609455802,d62bf83a,SessionTracking,Tracking,30.06151,29.98662,1,0.037018281000200659,0.942083359,3.58930564,1,160x90 DepthUint16,"centre=5666 min=787 max=30284 hex=1BCB 12EE 1622 2887 0792","centre=10683 min=9893 max=14389 hex=2AF7 2A71 29BB 2886 2EA4",0,0,0,,0,,,None,Unavailable,NoWallUnderCrosshair,,,,"only 0 valid depth samples under crosshair (0 no-data, 235 out-of-range, 206 low-confidence)",0,,,None,Unavailable,NoWallInView,,,,-1.15324855,1.12921166,0.3564424,-0.00341923349,-0.00354779838,0.007892431,0.9999567,0,0,0,0,0,0,283653.83640195103,283653.83640195103,0.036973905982449651
16.084369422463848,d62bf83a,SessionTracking,Tracking,30.0622635,30.20743,1,0.030003907013451681,0.934513867,3.43229175,1,160x90 DepthUint16,"centre=5829 min=786 max=30346 hex=1BE3 13CB 16C5 2850 0791","centre=10662 min=9944 max=14489 hex=2B26 2A85 29A6 28A6 2EB7",0,0,0,,0,,,None,Unavailable,NoWallUnderCrosshair,,,,"only 0 valid depth samples under crosshair (0 no-data, 251 out-of-range, 190 low-confidence)",0,,,None,Unavailable,NoWallInView,,,,-1.16936481,1.1291852,0.35852325,-0.00305779465,-0.00604003062,0.008346916,0.999942243,0,0,0,0,0,0,283653.869729034,283653.869729034,0.029939947999082506
16.120659005453259,d62bf83a,SessionTracking,Tracking,30.0626945,30.20743,1,0.022001770994393155,0.92638886,3.57125,1,160x90 DepthUint16,"centre=6063 min=786 max=30361 hex=1C05 143A 17AF 2800 0791","centre=10563 min=8726 max=15277 hex=2A22 29B6 2943 2882 2E68",0,0,0,,0,,,None,Unavailable,NoWallUnderCrosshair,,,,"only 0 valid depth samples under crosshair (0 no-data, 238 out-of-range, 203 low-confidence)",0,,,None,Unavailable,NoWallInView,,,,-1.18465292,1.12842512,0.3574309,-0.00373932673,-0.00816260651,0.008895665,0.9999201,0,0,0,0,0,0,283653.903392749,283653.903392749,0.021901250001974404
16.1549822864506,d62bf83a,SessionTracking,Tracking,30.06249,30.20743,1,0.033140416984679177,0.9316667,4.058472,1,160x90 DepthUint16,"centre=6733 min=784 max=31432 hex=1C2A 153F 1A4D 2870 239C","centre=10520 min=8865 max=15243 hex=2A34 29A2 2918 284B 2F7E",0,0,0,,0,,,None,Unavailable,NoWallUnderCrosshair,,,,"only 0 valid depth samples under crosshair (0 no-data, 283 out-of-range, 158 low-confidence)",0,,,None,Unavailable,NoWallInView,,,,-1.20112777,1.1284188,0.35931623,-0.0032831647,-0.0102598164,0.00949478149,0.999897,0,0,0,0,0,0,283653.936719833,283653.936719833,0.033091457997215912
16.186100567461605,d62bf83a,SessionTracking,Tracking,30.0620213,30.20743,1,0.030566875007934868,0.9247917,3.83972216,1,160x90 DepthUint16,"centre=7397 min=782 max=31480 hex=1C61 1668 1CE5 2907 2367","centre=10491 min=8743 max=15115 hex=2A03 297D 28FB 284B 3008",0,0,0,,0,,,None,Unavailable,NoWallUnderCrosshair,,,,"only 0 valid depth samples under crosshair (0 no-data, 290 out-of-range, 151 low-confidence)",0,,,None,Unavailable,NoWallInView,,,,-1.21776056,1.12837172,0.361253,-0.002973133,-0.0126570128,0.009876073,0.9998667,0,0,0,0,0,0,283653.97004691605,283653.97004691605,0.03052229099557735
16.221268172466576,d62bf83a,SessionTracking,Tracking,30.0617867,30.20743,1,0.034553542005596682,0.9172222,3.79076385,1,160x90 DepthUint16,"centre=8785 min=773 max=35603 hex=1CB9 18EB 2251 299F 238F","centre=10383 min=9017 max=11803 hex=28FF 28E7 288F 2826 273A",0,0,0,,0,,,None,Unavailable,NoWallUnderCrosshair,,,,"only 0 valid depth samples under crosshair (0 no-data, 287 out-of-range, 154 low-confidence)",0,,,None,Unavailable,NoWallInView,,,,-1.23964977,1.12715256,0.369513452,-0.00313603459,-0.0157767143,0.0102034807,0.999818563,0,0,0,0,0,0,283654.00367744704,283654.00367744704,0.03450802099541761
16.256631765459812,d62bf83a,SessionTracking,Tracking,30.0629234,30.20743,1,0.034601666004164144,0.9203472,4.712917,1,160x90 DepthUint16,"centre=10425 min=770 max=30632 hex=1D22 1BB5 28B9 29CB 2375","centre=10365 min=9314 max=11888 hex=28DC 28D7 287D 2828 274A",0,0,0,,0,,,None,Unavailable,NoWallUnderCrosshair,,,,"only 0 valid depth samples under crosshair (0 no-data, 316 out-of-range, 125 low-confidence)",0,,,None,Unavailable,NoWallInView,,,,-1.25672,1.12714458,0.371580839,-0.00308915367,-0.0189588629,0.0100784022,0.99976474,0,0,0,0,0,0,283654.037004531,283654.037004531,0.034550415992271155
16.289079213460123,d62bf83a,SessionTracking,Tracking,30.062254,30.20743,1,0.031901093985652551,0.91520834,4.38465261,1,160x90 DepthUint16,"centre=9737 min=768 max=33626 hex=1DA3 1DC5 2609 29CC 0D5C","centre=10388 min=9284 max=12044 hex=28F3 28EB 2894 2848 26DC",0,0,0,,0,,,None,Unavailable,NoWallUnderCrosshair,,,,"only 0 valid depth samples under crosshair (0 no-data, 312 out-of-range, 129 low-confidence)",0,,,None,Unavailable,NoWallInView,,,,-1.27402592,1.12719655,0.373606265,-0.00259296619,-0.0216562375,0.010081918,0.999711335,0,0,0,0,0,0,283654.070331614,283654.070331614,0.031857030990067869
16.319292807460211,d62bf83a,SessionTracking,Tracking,30.06224,30.20743,1,0.02843197900801897,0.911180556,3.96854162,1,160x90 DepthUint16,"centre=9774 min=773 max=33679 hex=1E01 1E79 262E 29C7 20C5","centre=10317 min=9892 max=24112 hex=284F 2816 284D 288F 323C",0,0,0,,0,,,None,Unavailable,NoWallUnderCrosshair,,,,"only 0 valid depth samples under crosshair (0 no-data, 302 out-of-range, 139 low-confidence)",0,,,None,Unavailable,NoWallInView,,,,-1.28183782,1.12677109,0.368245482,-0.00191843428,-0.02333623,0.0100618908,0.9996752,0,0,0,0,0,0,283654.103705112,283654.103705112,0.028385260986397043
16.359690619461386,d62bf83a,SessionTracking,Tracking,30.0599689,30.20743,1,0.039867134997621179,0.9149306,5.74493074,1,160x90 DepthUint16,"centre=9819 min=1472 max=33763 hex=1EAA 1FD0 265B 28FD 22F9","centre=10270 min=10051 max=24481 hex=2845 281C 281E 2849 31B8",0,0,0,,0,,,None,Unavailable,NoWallUnderCrosshair,,,,"only 0 valid depth samples under crosshair (0 no-data, 332 out-of-range, 109 low-confidence)",0,,,None,Unavailable,NoWallInView,,,,-1.29905427,1.12654555,0.369974464,-0.00201763958,-0.0261626728,0.0102603734,0.999603033,0,0,0,0,0,0,283654.13703219604,283654.13703219604,0.039821457990910858
16.390280984461921,d62bf83a,SessionTracking,Tracking,30.0634556,30.20743,1,0.029699062986765057,0.9077778,5.329583,1,160x90 DepthUint16,"centre=9631 min=1737 max=33846 hex=1F8D 2061 259F 24CE 21D4","centre=10266 min=10070 max=24802 hex=2843 2806 281A 2843 3208",0,0,0,,0,,,None,Unavailable,NoWallUnderCrosshair,,,,"only 0 valid depth samples under crosshair (0 no-data, 329 out-of-range, 112 low-confidence)",0,,,None,Unavailable,NoWallInView,,,,-1.31648684,1.12630141,0.371628642,-0.00231321738,-0.0290461648,0.0102279792,0.9995231,0,0,0,0,0,0,283654.170359279,283654.170359279,0.029607395990751684
16.421650880456351,d62bf83a,SessionTracking,Tracking,30.0623627,30.20743,1,0.0308328130049631,0.9072222,5.161389,1,160x90 DepthUint16,"centre=9571 min=1732 max=33865 hex=1FF7 2080 2563 24C8 2133","centre=10585 min=9788 max=19380 hex=2B86 2ABB 2959 2900 3407",0,0,0,,0,,,None,Unavailable,NoWallUnderCrosshair,,,,"only 0 valid depth samples under crosshair (0 no-data, 301 out-of-range, 140 low-confidence)",0,,,None,Unavailable,NoWallInView,,,,-1.33195925,1.12719667,0.375091851,-0.002501909,-0.0298261065,0.009753705,0.9995044,0,0,0,0,0,0,283654.204089085,283654.204089085,0.030783594003878534
16.453273588474755,d62bf83a,SessionTracking,Tracking,30.0625973,30.20743,1,0.031038385001011193,0.9114583,6.41472244,1,160x90 DepthUint16,"centre=9034 min=1731 max=33891 hex=20B4 2064 234A 2752 20B8","centre=10612 min=10038 max=19580 hex=2C6D 2B8D 2974 28DF 3335",0,0,0,,0,,,None,Unavailable,NoWallUnderCrosshair,,,,"only 0 valid depth samples under crosshair (0 no-data, 338 out-of-range, 103 low-confidence)",0,,,None,Unavailable,NoWallInView,,,,-1.34986854,1.12701559,0.376528859,-0.00293650036,-0.0310147945,0.009554178,0.999469,0,0,0,0,0,0,283654.237416169,283654.237416169,0.03099661401938647
16.490902286462866,d62bf83a,SessionTracking,Tracking,30.0622063,30.20743,1,0.036993176996475086,0.911597252,6.67465258,1,160x90 DepthUint16,"centre=9003 min=1727 max=36287 hex=217A 2050 232B 2745 2026","centre=10513 min=10010 max=19703 hex=2B1C 2AA8 2911 28ED 3434",0,0,0,,0,,,None,Unavailable,NoWallUnderCrosshair,,,,"only 0 valid depth samples under crosshair (0 no-data, 333 out-of-range, 108 low-confidence)",0,,,None,Unavailable,NoWallInView,,,,-1.3679291,1.12696648,0.377964079,-0.00309765735,-0.032069318,0.009494604,0.9994358,0,0,0,0,0,0,283654.270743252,283654.270743252,0.036920937011018395
16.521826609477781,d62bf83a,SessionTracking,Tracking,30.0623341,30.20743,1,0.030420313007198274,0.9040972,6.398264,1,160x90 DepthUint16,"centre=8171 min=1737 max=34014 hex=22A5 2003 1FEB 2728 210A","centre=10608 min=9900 max=13731 hex=2C74 2B73 2970 2800 2E68",0,0,0,,0,,,None,Unavailable,NoWallUnderCrosshair,,,,"only 0 valid depth samples under crosshair (0 no-data, 340 out-of-range, 101 low-confidence)",0,,,None,Unavailable,NoWallInView,,,,-1.37612331,1.12028182,0.36563164,-0.00350974873,-0.0341464952,0.009382844,0.999366641,0,0,0,0,0,0,283654.303989343,283654.303989343,0.030375469010323286
16.553506765459812,d62bf83a,SessionTracking,Tracking,30.0626812,30.20743,1,0.031104061985388398,0.9086111,6.97520828,1,160x90 DepthUint16,"centre=7929 min=1731 max=34106 hex=23D1 1F3F 1EF9 26C6 22EC","centre=10557 min=9801 max=13688 hex=2C2A 2B27 293D 27ED 2C1E",0,0,0,,0,,,None,Unavailable,NoWallUnderCrosshair,,,,"only 0 valid depth samples under crosshair (0 no-data, 360 out-of-range, 81 low-confidence)",0,,,None,Unavailable,NoWallInView,,,,-1.393943,1.12024641,0.366799921,-0.00349642523,-0.0374027863,0.009694129,0.9992472,0,0,0,0,0,0,283654.33731642703,283654.33731642703,0.031051041994942352
16.584466869451486,d62bf83a,SessionTracking,Tracking,30.0625668,30.20743,1,0.03038062498671934,0.9011111,6.732917,1,160x90 DepthUint16,"centre=7464 min=1721 max=34202 hex=1DCD 1E34 1D28 26A0 2427","centre=10502 min=9756 max=13767 hex=2B67 2A9F 2906 2804 2E49",0,0,0,,0,,,None,Unavailable,NoWallUnderCrosshair,,,,"only 0 valid depth samples under crosshair (0 no-data, 359 out-of-range, 82 low-confidence)",0,,,None,Unavailable,NoWallInView,,,,-1.4119432,1.12024117,0.368121564,-0.00274691358,-0.0409820043,0.0100565553,0.9991055,0,0,0,0,0,0,283654.37064351,283654.37064351,0.030328332999488339
16.62324843247529,d62bf83a,SessionTracking,Tracking,30.06276,30.20743,1,0.038257396023254842,0.8838889,6.35590267,1,160x90 DepthUint16,"centre=7504 min=1713 max=34324 hex=1D0F 1DB1 1D50 2784 23E5","centre=10073 min=8993 max=12299 hex=26B2 26ED 2759 2740 2563",0,0,0,,0,,,None,Unavailable,NoWallUnderCrosshair,,,,"only 0 valid depth samples under crosshair (0 no-data, 364 out-of-range, 77 low-confidence)",0,,,None,Unavailable,NoWallInView,,,,-1.442647,1.11577022,0.374550849,-0.00325948559,-0.0456244126,0.0110170245,0.9988926,0,0,0,0,0,0,283654.40500384104,283654.40500384104,0.038204636017326266
16.653522651471345,d62bf83a,SessionTracking,Tracking,30.065691,30.20743,1,0.029499115014914423,0.8778472,6.36270857,1,160x90 DepthUint16,"centre=7705 min=1709 max=34510 hex=1CB1 1E50 1E19 2782 2330","centre=10107 min=8925 max=11845 hex=2702 2734 277B 2720 2480",0,0,0,,0,,,None,Unavailable,NoWallUnderCrosshair,,,,"only 0 valid depth samples under crosshair (0 no-data, 381 out-of-range, 60 low-confidence)",0,,,None,Unavailable,NoWallInView,,,,-1.46095586,1.11524343,0.375740826,-0.004721847,-0.0523249172,0.0109086046,0.9985594,0,0,0,0,0,0,283654.438330925,283654.438330925,0.029433229996357113
16.684416557461869,d62bf83a,SessionTracking,Tracking,30.0613251,30.20743,1,0.029971771000418812,0.858541667,6.091944,1,160x90 DepthUint16,"centre=7867 min=1707 max=34646 hex=1D04 1F0A 1EBB 2757 21BC","centre=10107 min=8891 max=11642 hex=26F2 2720 277B 272A 2513",0,0,0,,0,,,None,Unavailable,NoWallUnderCrosshair,,,,"only 0 valid depth samples under crosshair (0 no-data, 380 out-of-range, 61 low-confidence)",0,,,None,Unavailable,NoWallInView,,,,-1.47973037,1.11468029,0.3768025,-0.00597068155,-0.0574161448,0.0105222473,0.998277,0,0,0,0,0,0,283654.471658008,283654.471658008,0.029871301987441257
16.717961192454592,d62bf83a,SessionTracking,Tracking,30.0671844,30.20743,1,0.032862134976312518,0.8460417,5.847986,1,160x90 DepthUint16,"centre=8023 min=1707 max=34751 hex=1F43 1FDC 1F57 281B 202E","centre=10132 min=9042 max=36768 hex=27D7 27D0 2794 2878 2CA6",0,0,0,,0,,,None,Unavailable,NoWallUnderCrosshair,,,,"only 0 valid depth samples under crosshair (0 no-data, 380 out-of-range, 61 low-confidence)",0,,,None,Unavailable,NoWallInView,,,,-1.49560249,1.11580515,0.375722349,-0.006638363,-0.0614295751,0.0102486312,0.998036742,0,0,0,0,0,0,283654.50496332505,283654.50496332505,0.032807082985527813
16.755876765473428,d62bf83a,SessionTracking,Tracking,30.0633984,30.20743,1,0.037297344009857625,0.8529861,5.83520842,1,160x90 DepthUint16,"centre=8134 min=1705 max=34785 hex=224D 2056 1FC6 286A 20DB","centre=10137 min=9211 max=37875 hex=27AD 279D 2799 28A4 2EB6",0,0,0,,0,,,None,Unavailable,NoWallUnderCrosshair,,,,"only 0 valid depth samples under crosshair (0 no-data, 389 out-of-range, 52 low-confidence)",0,,,None,Unavailable,NoWallInView,,,,-1.51526272,1.11537766,0.376688957,-0.00651085051,-0.06291307,0.0102153728,0.9979455,0,0,0,0,0,0,283654.538290409,283654.538290409,0.037253542017424479
16.7868716614646,d62bf83a,SessionTracking,Tracking,30.0616245,30.20743,1,0.030174010986229405,0.852916658,5.886389,1,160x90 DepthUint16,"centre=8263 min=1703 max=34803 hex=2246 20DC 2047 28E0 210F","centre=10172 min=9115 max=37631 hex=279B 27B6 27BC 287A 2CA5",0,0,0,,0,,,None,Unavailable,NoWallUnderCrosshair,,,,"only 0 valid depth samples under crosshair (0 no-data, 385 out-of-range, 56 low-confidence)",0,,,None,Unavailable,NoWallInView,,,,-1.53528273,1.11497772,0.377750874,-0.006205518,-0.06379306,0.0103756487,0.99789,0,0,0,0,0,0,283654.571617492,283654.571617492,0.03010390599956736
16.81847410946261,d62bf83a,SessionTracking,Tracking,30.0626812,30.20743,1,0.031058333988767117,0.844236135,5.574236,1,160x90 DepthUint16,"centre=8380 min=1716 max=34850 hex=242B 211A 20BC 291D 21B5","centre=10324 min=9916 max=34489 hex=2942 286C 2854 2C58 4426",0,0,0,,0,,,None,Unavailable,NoWallUnderCrosshair,,,,"only 0 valid depth samples under crosshair (0 no-data, 394 out-of-range, 47 low-confidence)",0,,,None,Unavailable,NoWallInView,,,,-1.529581,1.11941481,0.3594936,-0.005166678,-0.06511103,0.010081918,0.997813761,0,0,0,0,0,0,283654.60846566403,283654.60846566403,0.0310064590012189
16.859551505451005,d62bf83a,SessionTracking,Tracking,30.0627022,30.20743,1,0.040419010998448357,0.8481944,6.104722,1,160x90 DepthUint16,"centre=8567 min=1714 max=34908 hex=2669 220E 2177 282E 2162","centre=10346 min=9893 max=36696 hex=2955 2856 286A 2BB3 3BC3",0,0,0,,0,,,None,Unavailable,NoWallUnderCrosshair,,,,"only 0 valid depth samples under crosshair (0 no-data, 399 out-of-range, 42 low-confidence)",0,,,None,Unavailable,NoWallInView,,,,-1.54918468,1.11915576,0.360023916,-0.005516893,-0.0674053356,0.0106887538,0.9976532,0,0,0,0,0,0,283654.641792748,283654.641792748,0.040343020984437317
16.889932494468436,d62bf83a,SessionTracking,Tracking,30.0629883,30.20743,1,0.029400521016214043,0.8422222,5.50777769,1,160x90 DepthUint16,"centre=8691 min=1715 max=34937 hex=278C 22D1 21F3 283A 212E","centre=10323 min=9799 max=36359 hex=28E9 27B6 2853 2C01 423C",0,0,0,,0,,,None,Unavailable,NoWallUnderCrosshair,,,,"only 0 valid depth samples under crosshair (0 no-data, 394 out-of-range, 47 low-confidence)",0,,,None,Unavailable,NoWallInView,,,,-1.56924284,1.11884964,0.360275924,-0.00657301629,-0.0684334,0.0112309763,0.9975708,0,0,0,0,0,0,283654.675119831,283654.675119831,0.029310937010450289
16.921601453479294,d62bf83a,SessionTracking,Tracking,30.0624466,30.20743,1,0.030938282026909292,0.8421528,5.34631968,1,160x90 DepthUint16,"centre=8747 min=1822 max=34917 hex=27F6 2347 222B 283B 213E","centre=9983 min=9451 max=16984 hex=26EB 26D6 26FF 2905 385F",0,0,0,,0,,,None,Unavailable,NoWallUnderCrosshair,,,,"only 0 valid depth samples under crosshair (0 no-data, 393 out-of-range, 48 low-confidence)",0,,,None,Unavailable,NoWallInView,,,,-1.09399867,0.842484832,0.136245728,-0.007800214,-0.121137805,0.0118390918,0.992534459,0,0,0,0,0,0,283654.70974489005,283654.70974489005,0.030883698025718331
16.952347390473502,d62bf83a,SessionTracking,Tracking,30.0622578,30.20743,1,0.029861406015697867,0.8371528,5.50631952,1,160x90 DepthUint16,"centre=8968 min=1819 max=34960 hex=28AC 2461 2308 2872 1FA8","centre=9986 min=8975 max=17325 hex=2725 26E3 2702 290C 36FC",0,0,0,,0,,,None,Unavailable,NoWallUnderCrosshair,,,,"only 0 valid depth samples under crosshair (0 no-data, 386 out-of-range, 55 low-confidence)",0,,,None,Unavailable,NoWallInView,,,,-1.11426055,0.84231174,0.134404838,-0.008343962,-0.122824036,0.0124186287,0.9923157,0,0,0,0,0,0,283654.743071974,283654.743071974,0.029777865012874827
16.990455567461819,d62bf83a,SessionTracking,Tracking,30.0620289,30.20743,1,0.03744302099221386,0.8318055,5.329861,1,160x90 DepthUint16,"centre=9046 min=2350 max=35009 hex=292C 25C5 2356 293C 292C","centre=9964 min=8821 max=17328 hex=26D9 26AD 26EC 291A 36CB",0,0,0,,0,,,None,Unavailable,NoWallUnderCrosshair,,,,"only 0 valid depth samples under crosshair (0 no-data, 391 out-of-range, 50 low-confidence)",0,,,None,Unavailable,NoWallInView,,,,-1.1346432,0.842132,0.1326,-0.008694965,-0.124911532,0.01293838,0.9920454,0,0,0,0,0,0,283654.776399057,283654.776399057,0.037395885010482743
17.02106020247788,d62bf83a,SessionTracking,Tracking,30.06247,30.20743,1,0.029715833021327853,0.838680565,5.765903,1,160x90 DepthUint16,"centre=8435 min=1720 max=35041 hex=27EA 221F 20F3 286F 2165","centre=10023 min=7037 max=10085 hex=2719 2747 2727 26B9 246C",0,0,0,,0,,,None,Unavailable,NoWallUnderCrosshair,,,,"only 0 valid depth samples under crosshair (0 no-data, 389 out-of-range, 52 low-confidence)",0,,,None,Unavailable,NoWallInView,,,,-1.13398445,0.811033,0.0988971144,-0.008202796,-0.1253187,0.01145658,0.9920165,0,0,0,0,0,0,283654.81074741,283654.81074741,0.029618281027069315
17.054523484464649,d62bf83a,SessionTracking,Tracking,30.0634632,30.20743,1,0.032659166987286881,0.8325,5.529028,1,160x90 DepthUint16,"centre=8737 min=1717 max=35114 hex=28BD 2389 2221 2888 1FD0","centre=9954 min=6753 max=10763 hex=26DA 2705 26E2 2642 22C7",0,0,0,,0,,,None,Unavailable,NoWallUnderCrosshair,,,,"only 0 valid depth samples under crosshair (0 no-data, 389 out-of-range, 52 low-confidence)",0,,,None,Unavailable,NoWallInView,,,,-1.1506474,0.8111068,0.09765469,-0.008073938,-0.128379837,0.0116722295,0.9916235,0,0,0,0,0,0,283654.84407449403,283654.84407449403,0.032584114989731461
17.085945098460567,d62bf83a,SessionTracking,Tracking,30.0645561,29.9528046,1,0.030717707995790988,0.823055565,5.407292,1,160x90 DepthUint16,"centre=9039 min=1714 max=35198 hex=2955 255C 234F 2997 2A18","centre=9978 min=6633 max=10897 hex=26DA 270B 26FA 2636 2245",0,0,0,,0,,,None,Unavailable,NoWallUnderCrosshair,,,,"only 0 valid depth samples under crosshair (0 no-data, 388 out-of-range, 53 low-confidence)",0,,,None,Unavailable,NoWallInView,,,,-1.16764629,0.8111352,0.0962151438,-0.008194194,-0.131866589,0.0119086811,0.9911621,0,0,0,0,0,0,283654.878021485,283654.878021485,0.030658645991934463
17.123950984477911,d62bf83a,SessionTracking,Tracking,30.0675678,29.9528046,1,0.037280104006640613,0.82256943,5.440347,1,160x90 DepthUint16,"centre=9013 min=1698 max=35219 hex=2941 253F 2335 29A6 2B2A","centre=9967 min=6822 max=9998 hex=26B7 26F6 26EF 25B6 1CDD",0,0,0,,0,,,None,Unavailable,NoWallUnderCrosshair,,,,"only 0 valid depth samples under crosshair (0 no-data, 389 out-of-range, 52 low-confidence)",0,,,None,Unavailable,NoWallInView,,,,-1.17867339,0.812627435,0.1099689,-0.007662818,-0.133393466,0.01218009,0.9909587,0,0,0,0,0,0,283654.912551774,283654.912551774,0.037123698013601825
17.153270359474615,d62bf83a,SessionTracking,Tracking,30.0663815,29.9528046,1,0.028536771016661078,0.81701386,5.652361,1,160x90 DepthUint16,"centre=9079 min=1695 max=35247 hex=2976 263D 2377 2AB8 2AAC","centre=9973 min=7126 max=10385 hex=26C6 2705 26F5 2646 1FC9",0,0,0,,0,,,None,Unavailable,NoWallUnderCrosshair,,,,"only 0 valid depth samples under crosshair (0 no-data, 391 out-of-range, 50 low-confidence)",0,,,None,Unavailable,NoWallInView,,,,-1.19573832,0.812831342,0.108973786,-0.00770323724,-0.134726882,0.0123913586,0.990775347,0,0,0,0,0,0,283654.946848571,283654.946848571,0.028461250010877848
17.185033692457861,d62bf83a,SessionTracking,Tracking,30.0649815,29.9528046,1,0.031060207984410226,0.8151389,5.51763868,1,160x90 DepthUint16,"centre=8952 min=1693 max=36000 hex=297D 26C9 22F8 2A71 2A91","centre=9829 min=6530 max=10184 hex=25DC 2630 2665 257F 1E1B",0,0,0,,0,,,None,Unavailable,NoWallUnderCrosshair,,,,"only 0 valid depth samples under crosshair (0 no-data, 386 out-of-range, 55 low-confidence)",0,,,None,Unavailable,NoWallInView,,,,-1.21257985,0.8130447,0.108038485,-0.00750198262,-0.1356944,0.0126346061,0.9906418,0,0,0,0,0,0,283654.980175654,283654.980175654,0.031006874982267618
17.219433796479048,d62bf83a,SessionTracking,Tracking,30.0677662,29.9528046,1,0.033768021006835625,0.813819468,5.387986,1,160x90 DepthUint16,"centre=8863 min=1669 max=35268 hex=296B 26F7 229F 2B1E 2B0A","centre=10059 min=6647 max=10211 hex=26EC 2731 274B 25F1 1E38",0,0,0,,0,,,None,Unavailable,NoWallUnderCrosshair,,,,"only 0 valid depth samples under crosshair (0 no-data, 384 out-of-range, 57 low-confidence)",0,,,None,Unavailable,NoWallInView,,,,-1.20552206,0.8180358,0.12404336,-0.007212007,-0.141810477,0.0127202291,0.98978585,0,0,0,0,0,0,283655.013512357,283655.013512357,0.033721979008987546
17.258577129457759,d62bf83a,SessionTracking,Tracking,30.0660458,29.9528046,1,0.038281510001979768,0.8059028,5.58590269,1,160x90 DepthUint16,"centre=8723 min=1784 max=35314 hex=2980 27B6 2213 2B8B 2DCA","centre=10073 min=6341 max=10769 hex=2748 2758 2759 268F 208C",0,0,0,,0,,,None,Unavailable,NoWallUnderCrosshair,,,,"only 0 valid depth samples under crosshair (0 no-data, 387 out-of-range, 54 low-confidence)",0,,,None,Unavailable,NoWallInView,,,,-1.22216451,0.8184637,0.123602383,-0.007450455,-0.14390181,0.0127696712,0.989481568,0,0,0,0,0,0,283655.046839441,283655.046839441,0.03817031200742349
17.28615869247346,d62bf83a,SessionTracking,Tracking,30.0627518,29.9528046,1,0.025689010013593361,0.80243057,5.1675,1,160x90 DepthUint16,"centre=8581 min=1780 max=35326 hex=297F 2816 2185 2B4A 2E4B","centre=10060 min=6022 max=10294 hex=274F 275D 274C 25F3 1E3B",0,0,0,,0,,,None,Unavailable,NoWallUnderCrosshair,,,,"only 0 valid depth samples under crosshair (0 no-data, 386 out-of-range, 55 low-confidence)",0,,,None,Unavailable,NoWallInView,,,,-1.23907256,0.818861365,0.123079464,-0.007761606,-0.145184,0.01302314,0.989288568,0,0,0,0,0,0,283655.08016652404,283655.08016652404,0.025631979020545259
17.321311609473693,d62bf83a,SessionTracking,Tracking,30.0663013,29.9528046,1,0.0343976570002269,0.803680539,5.4416666,1,160x90 DepthUint16,"centre=8708 min=1665 max=35375 hex=298A 27D7 2204 2B96 2E1C","centre=9383 min=7444 max=10941 hex=2382 241B 24A7 251D 23D4",0,0,0,,0,,,None,Unavailable,NoWallUnderCrosshair,,,,"only 0 valid depth samples under crosshair (0 no-data, 388 out-of-range, 53 low-confidence)",0,,,None,Unavailable,NoWallInView,,,,-1.2642324,0.817296267,0.133749366,-0.007298373,-0.141144648,0.0132646868,0.98987323,0,0,0,0,0,0,283655.113784887,283655.113784887,0.03432963602244854
17.359720411451914,d62bf83a,SessionTracking,Tracking,30.0630589,29.9528046,1,0.037395260995253921,0.796180546,5.406736,1,160x90 DepthUint16,"centre=8534 min=2182 max=35444 hex=298E 2870 2156 2AB9 2E7B","centre=9332 min=7370 max=10701 hex=2329 23BA 2474 2511 22C3",0,0,0,,0,,,None,Unavailable,NoWallUnderCrosshair,,,,"only 0 valid depth samples under crosshair (0 no-data, 388 out-of-range, 53 low-confidence)",0,,,None,Unavailable,NoWallInView,,,,-1.27977407,0.8177563,0.133743912,-0.00765630649,-0.144455165,0.0138437161,0.9893849,0,0,0,0,0,0,283655.147111971,283655.147111971,0.037174739991314709
17.390716088473479,d62bf83a,SessionTracking,Tracking,30.0642643,29.9528046,1,0.025729584012879059,0.789791644,5.19493055,1,160x90 DepthUint16,"centre=8511 min=1774 max=35502 hex=29D0 28B4 213F 2B26 2E81","centre=9817 min=7434 max=10716 hex=25E1 263F 2659 2626 22FF",0,0,0,,0,,,None,Unavailable,NoWallUnderCrosshair,,,,"only 0 valid depth samples under crosshair (0 no-data, 393 out-of-range, 48 low-confidence)",0,,,None,Unavailable,NoWallInView,,,,-1.29550326,0.8182553,0.133669272,-0.00765845226,-0.147059113,0.0142757306,0.9889951,0,0,0,0,0,0,283655.18043905403,283655.18043905403,0.025637604005169123
17.420787650454937,d62bf83a,SessionTracking,Tracking,30.0680046,29.9528046,1,0.029407030990114436,0.7866667,5.29,1,160x90 DepthUint16,"centre=8548 min=2362 max=35527 hex=2A43 28C8 2164 2B8B 2E77","centre=9754 min=7738 max=15240 hex=25EF 25FC 261A 26D7 2A1F",0,0,0,,0,,,None,Unavailable,NoWallUnderCrosshair,,,,"only 0 valid depth samples under crosshair (0 no-data, 392 out-of-range, 49 low-confidence)",0,,,None,Unavailable,NoWallInView,,,,-1.30649531,0.819837,0.1318658,-0.007721439,-0.148263171,0.0148069859,0.988806963,0,0,0,0,0,0,283655.213781615,283655.213781615,0.029338749998714775
17.460171452464916,d62bf83a,SessionTracking,Tracking,30.0659275,29.9528046,1,0.038698958000168204,0.784444451,5.09944439,1,160x90 DepthUint16,"centre=8624 min=2417 max=35534 hex=2AB4 28D9 21B0 2C09 2E73","centre=9657 min=7409 max=15066 hex=25DF 25CE 25B9 2678 2A6B",0,0,0,,0,,,None,Unavailable,NoWallUnderCrosshair,,,,"only 0 valid depth samples under crosshair (0 no-data, 393 out-of-range, 48 low-confidence)",0,,,None,Unavailable,NoWallInView,,,,-1.32259679,0.8201186,0.131394744,-0.008329451,-0.148641959,0.0150077641,0.9887421,0,0,0,0,0,0,283655.247108699,283655.247108699,0.03862442699028179
17.490326192466224,d62bf83a,SessionTracking,Tracking,30.0649471,29.9528046,1,0.029212708002887666,0.78125,4.93368053,1,160x90 DepthUint16,"centre=8707 min=2448 max=35556 hex=2BCE 28ED 2203 2CED 1C1E","centre=9708 min=7372 max=15292 hex=25AD 25BC 25EC 267E 28F5",0,0,0,,0,,,None,Unavailable,NoWallUnderCrosshair,,,,"only 0 valid depth samples under crosshair (0 no-data, 393 out-of-range, 48 low-confidence)",0,,,None,Unavailable,NoWallInView,,,,-1.33885825,0.820392251,0.1310028,-0.00852236152,-0.149792075,0.015019834,0.9885667,0,0,0,0,0,0,283655.28073688,283655.28073688,0.029145000007702038
17.521935984466605,d62bf83a,SessionTracking,Tracking,30.0658,29.9528046,1,0.03092104199458845,0.7735417,5.039236,1,160x90 DepthUint16,"centre=8918 min=2461 max=35652 hex=2D26 2934 22D6 2E05 1C46","centre=9596 min=7673 max=11967 hex=2544 2565 257C 257F 2454",0,0,0,,0,,,None,Unavailable,NoWallUnderCrosshair,,,,"only 0 valid depth samples under crosshair (0 no-data, 396 out-of-range, 45 low-confidence)",0,,,None,Unavailable,NoWallInView,,,,-1.317318,0.819329,0.09226919,-0.008834668,-0.152130648,0.0140947113,0.9882204,0,0,0,0,0,0,283655.31459349004,283655.31459349004,0.030873125011567026
17.557686765477907,d62bf83a,SessionTracking,Tracking,30.0659885,29.9528046,1,0.033243438025237992,0.7679861,4.700208,1,160x90 DepthUint16,"centre=9123 min=2488 max=35679 hex=2F5F 294B 23A3 2E97 1DFA","centre=9691 min=7537 max=11942 hex=25DE 25E1 25DB 259E 23F2",0,0,0,,0,,,None,Unavailable,NoWallUnderCrosshair,,,,"only 0 valid depth samples under crosshair (0 no-data, 401 out-of-range, 40 low-confidence)",0,,,None,Unavailable,NoWallInView,,,,-1.33288479,0.8196307,0.09107894,-0.008935608,-0.153520823,0.0142405927,0.9880024,0,0,0,0,0,0,283655.347920574,283655.347920574,0.03318125000805594
17.591639994472413,d62bf83a,SessionTracking,Tracking,30.0653725,29.9528046,1,0.033248281019041315,0.7652778,4.872153,1,160x90 DepthUint16,"centre=9269 min=2498 max=35693 hex=31C1 295C 2435 2EF1 1C81","centre=9518 min=7709 max=11965 hex=248C 24D6 252E 254E 23CD",0,0,0,,0,,,None,Unavailable,NoWallUnderCrosshair,,,,"only 0 valid depth samples under crosshair (0 no-data, 399 out-of-range, 42 low-confidence)",0,,,None,Unavailable,NoWallInView,,,,-1.34865451,0.819982052,0.08983685,-0.00908509,-0.154350981,0.0146229276,0.9878661,0,0,0,0,0,0,283655.381247657,283655.381247657,0.033200884994585067
17.6225180674553,d62bf83a,SessionTracking,Tracking,30.0663319,29.9528046,1,0.029732812981819734,0.7570139,4.64694452,1,160x90 DepthUint16,"centre=9721 min=2515 max=35765 hex=3691 2ABB 25F9 2F48 21CE","centre=9607 min=8361 max=12281 hex=24DF 2527 2587 25A6 2629",0,0,0,,0,,,None,Unavailable,NoWallUnderCrosshair,,,,"only 0 valid depth samples under crosshair (0 no-data, 410 out-of-range, 31 low-confidence)",0,,,None,Unavailable,NoWallInView,,,,-1.354631,0.8251962,0.07055427,-0.008884975,-0.157078728,0.0147623736,0.9874358,0,0,0,0,0,0,283655.414741644,283655.414741644,0.0296022399852518
17.653899890461386,d62bf83a,SessionTracking,Tracking,30.0668068,29.9528046,1,0.030641354009276256,0.7488195,4.568333,1,160x90 DepthUint16,"centre=10162 min=2519 max=35824 hex=3A96 29E4 27B2 2F9E 1F88","centre=9636 min=7794 max=12557 hex=257C 258E 25A4 25A6 261A",0,0,0,,0,,,None,Unavailable,NoWallUnderCrosshair,,,,"only 0 valid depth samples under crosshair (0 no-data, 407 out-of-range, 34 low-confidence)",0,,,None,Unavailable,NoWallInView,,,,-1.37010074,0.8256806,0.06895626,-0.0095098475,-0.159980878,0.0150161693,0.9869601,0,0,0,0,0,0,283655.44806872803,283655.44806872803,0.030580989987356588
17.692857754478378,d62bf83a,SessionTracking,Tracking,30.0664234,29.9528046,1,0.037985521019436419,0.7432639,4.63784742,1,160x90 DepthUint16,"centre=10437 min=2521 max=35868 hex=3F9E 2BC8 28C5 2FEF 1591","centre=9722 min=7982 max=12707 hex=2576 25AC 25FA 2614 265D",0,0,0,,0,,,None,Unavailable,NoWallUnderCrosshair,,,,"only 0 valid depth samples under crosshair (0 no-data, 410 out-of-range, 31 low-confidence)",0,,,None,Unavailable,NoWallInView,,,,-1.38587153,0.8262081,0.06722045,-0.0100983838,-0.1621748,0.0151867876,0.986593544,0,0,0,0,0,0,283655.481683626,283655.481683626,0.037856979004573077
17.723893431455277,d62bf83a,SessionTracking,Tracking,30.06591,29.9528046,1,0.029645832983078435,0.7386111,4.495625,1,160x90 DepthUint16,"centre=10565 min=2880 max=35892 hex=445A 29EE 2945 2F73 13A5","centre=11060 min=7857 max=15694 hex=2E2D 2C6C 2B34 2ABB 2B67",0,0,0,,0,,,None,Unavailable,NoWallUnderCrosshair,,,,"only 0 valid depth samples under crosshair (0 no-data, 417 out-of-range, 24 low-confidence)",0,,,None,Unavailable,NoWallInView,,,,-1.401411,0.8287177,0.067164056,-0.0104796812,-0.163569033,0.0150856078,0.9863609,0,0,0,0,0,0,283655.514907282,283655.514907282,0.029473176982719451
17.754827286469432,d62bf83a,SessionTracking,Tracking,30.06602,29.9528046,1,0.030151823011692613,0.7341667,4.381875,1,160x90 DepthUint16,"centre=10640 min=2875 max=35909 hex=4566 2C4C 2990 30A1 14F7","centre=11102 min=8041 max=15790 hex=2E9B 2CA7 2B5E 2AFE 2BEC",0,0,0,,0,,,None,Unavailable,NoWallUnderCrosshair,,,,"only 0 valid depth samples under crosshair (0 no-data, 420 out-of-range, 21 low-confidence)",0,,,None,Unavailable,NoWallInView,,,,-1.41733849,0.8292908,0.06540793,-0.0106724808,-0.164537683,0.015140743,0.9861968,0,0,0,0,0,0,283655.548234366,283655.548234366,0.030060521006816998
17.78684921347644,d62bf83a,SessionTracking,Tracking,30.0667934,29.9528046,1,0.031236459006322548,0.72986114,4.43243074,1,160x90 DepthUint16,"centre=10655 min=2870 max=35930 hex=46F4 2BFA 299F 317D 1652","centre=10954 min=7815 max=16146 hex=2DB6 2BDE 2ACA 2AB1 2BED",0,0,0,,0,,,None,Unavailable,NoWallUnderCrosshair,,,,"only 0 valid depth samples under crosshair (0 no-data, 422 out-of-range, 19 low-confidence)",0,,,None,Unavailable,NoWallInView,,,,-1.43324423,0.829828739,0.06359827,-0.010890007,-0.165769845,0.0153288245,0.9859852,0,0,0,0,0,0,283655.58156144904,283655.58156144904,0.031129844021052122
17.819432910476959,d62bf83a,SessionTracking,Tracking,30.0674458,29.9528046,1,0.031758802011609077,0.724652767,4.165764,1,160x90 DepthUint16,"centre=10640 min=2856 max=35955 hex=47BC 2B64 2990 3295 17F3","centre=10342 min=7504 max=16618 hex=28BF 283B 2866 291D 2CC1",0,0,0,,0,,,None,Unavailable,NoWallUnderCrosshair,,,,"only 0 valid depth samples under crosshair (0 no-data, 427 out-of-range, 14 low-confidence)",0,,,None,Unavailable,NoWallInView,,,,-1.45470047,0.8316518,0.06889876,-0.0109182233,-0.167685553,0.0155421514,0.9856576,0,0,0,0,0,0,283655.61529913504,283655.61529913504,0.031682864006143063
17.856175619471966,d62bf83a,SessionTracking,Tracking,30.07101,29.9528046,1,0.035863750003045425,0.7178472,4.229236,1,160x90 DepthUint16,"centre=10642 min=2849 max=36003 hex=495B 2AA2 2992 341E 17BC","centre=10529 min=7522 max=17198 hex=29B5 293B 2921 2963 2C0C",0,0,0,,0,,,None,Unavailable,NoWallUnderCrosshair,,,,"only 0 valid depth samples under crosshair (0 no-data, 435 out-of-range, 6 low-confidence)",0,,,None,Unavailable,NoWallInView,,,,-1.47054076,0.832133055,0.06744583,-0.0109354034,-0.170459867,0.0153833628,0.985183835,0,0,0,0,0,0,283655.648626219,283655.648626219,0.035780261008767411
17.887072754474271,d62bf83a,SessionTracking,Tracking,30.0646858,29.9528046,1,0.029955728998174891,0.7111111,4.15631962,1,160x90 DepthUint16,"centre=10666 min=2843 max=36035 hex=4956 2A70 29AA 358B 1789","centre=10545 min=7566 max=17683 hex=29D1 2951 2931 2987 2CC1",0,0,0,,0,,,None,Unavailable,NoWallUnderCrosshair,,,,"only 0 valid depth samples under crosshair (0 no-data, 436 out-of-range, 5 low-confidence)",0,,,None,Unavailable,NoWallInView,,,,-1.48663986,0.832628667,0.06603154,-0.01073847,-0.172466636,0.0152185261,0.9848393,0,0,0,0,0,0,283655.681953302,283655.681953302,0.029851666011381894
17.922966504472921,d62bf83a,SessionTracking,Tracking,30.065918,29.9528046,1,0.035044844000367448,0.7063889,4.00673628,1,160x90 DepthUint16,"centre=10738 min=2840 max=36063 hex=4A00 2A52 29F2 36AC 175F","centre=10169 min=8309 max=16192 hex=283A 27A6 27B9 2908 2F1E",0,0,0,,0,,,None,Unavailable,NoWallUnderCrosshair,,,,"only 0 valid depth samples under crosshair (0 no-data, 435 out-of-range, 6 low-confidence)",0,,,None,Unavailable,NoWallInView,,,,-1.50531435,0.834821343,0.0614482164,-0.0106451148,-0.174206033,0.0151069174,0.9845358,0,0,0,0,0,0,283655.71530789405,283655.71530789405,0.03497317701112479
17.953443223468408,d62bf83a,SessionTracking,Tracking,30.0642948,29.9528046,1,0.029345260001718998,0.7004167,4.03104162,1,160x90 DepthUint16,"centre=10801 min=2833 max=36059 hex=497D 2A3C 2A31 37D9 174F","centre=10090 min=8534 max=16557 hex=27E6 2751 276A 28CD 2F5C",0,0,0,,0,,,None,Unavailable,NoWallUnderCrosshair,,,,"only 0 valid depth samples under crosshair (0 no-data, 434 out-of-range, 7 low-confidence)",0,,,None,Unavailable,NoWallInView,,,,-1.52165294,0.8353339,0.05989018,-0.0105913281,-0.176027775,0.0149531364,0.984214664,0,0,0,0,0,0,283655.748634978,283655.748634978,0.029202865000115708
17.98474640047402,d62bf83a,SessionTracking,Tracking,30.0580463,29.9528046,1,0.030508750001899898,0.6963889,4.001528,1,160x90 DepthUint16,"centre=10878 min=2826 max=36111 hex=4AEC 2A3C 2A7E 342E 15E5","centre=10131 min=8474 max=16895 hex=2858 27B1 2793 28EF 2FBA",0,0,0,,0,,,None,Unavailable,NoWallUnderCrosshair,,,,"only 0 valid depth samples under crosshair (0 no-data, 434 out-of-range, 7 low-confidence)",0,,,None,Unavailable,NoWallInView,,,,-1.5383327,0.8357625,0.0580001175,-0.0114276931,-0.177151382,0.0149140358,0.984004259,0,0,0,0,0,0,283655.78223659203,283655.78223659203,0.030460000009043142
18.020629317474,d62bf83a,SessionTracking,Tracking,30.06548,29.9528046,1,0.034785938012646511,0.693819463,3.925,1,160x90 DepthUint16,"centre=10938 min=2835 max=36138 hex=48B0 2A4B 2ABA 3453 15F0","centre=9752 min=6674 max=12565 hex=26D7 262E 2618 26B5 25AB",0,0,0,,0,,,None,Unavailable,NoWallUnderCrosshair,,,,"only 0 valid depth samples under crosshair (0 no-data, 435 out-of-range, 6 low-confidence)",0,,,None,Unavailable,NoWallInView,,,,-1.54062724,0.8399419,0.0467689931,-0.01113794,-0.1782169,0.0148558617,0.983816,0,0,0,0,0,0,283655.815720688,283655.815720688,0.034706927021034062
18.057224525462285,d62bf83a,SessionTracking,Tracking,30.0630512,29.9528046,1,0.035775416996330023,0.693958342,3.97743058,1,160x90 DepthUint16,"centre=10933 min=2832 max=36125 hex=48A8 2A48 2AB5 3452 15ED","centre=9805 min=6705 max=12593 hex=26D4 264E 264D 26E7 258E",0,0,0,,0,,,None,Unavailable,NoWallUnderCrosshair,,,,"only 0 valid depth samples under crosshair (0 no-data, 434 out-of-range, 7 low-confidence)",0,,,None,Unavailable,NoWallInView,,,,-1.55748355,0.8404797,0.044776924,-0.0110283867,-0.177770108,0.0152834654,0.983891547,0,0,0,0,0,0,283655.849047772,283655.849047772,0.035611667000921443
18.08903785847701,d62bf83a,SessionTracking,Tracking,30.0624523,29.9075031,1,0.0308529160101898,0.6926389,3.943125,1,160x90 DepthUint16,"centre=10937 min=2828 max=36122 hex=4898 2A47 2AB9 3457 15EA","centre=9801 min=6577 max=12618 hex=26C5 264A 2649 26D8 259B",0,0,0,,0,,,None,Unavailable,NoWallUnderCrosshair,,,,"only 0 valid depth samples under crosshair (0 no-data, 433 out-of-range, 8 low-confidence)",0,,,None,Unavailable,NoWallInView,,,,-1.57442653,0.8410029,0.04290296,-0.01093723,-0.177836373,0.0153799662,0.9838791,0,0,0,0,0,0,283655.882374855,283655.882374855,0.030748333025258034
18.120185567476934,d62bf83a,SessionTracking,Tracking,30.06169,29.9075031,1,0.030364011006895453,0.689513862,3.96020842,1,160x90 DepthUint16,"centre=10956 min=2829 max=36131 hex=484A 2A4E 2ACC 3466 15EC","centre=9684 min=6222 max=10198 hex=258E 25B5 25D4 24B6 2007",0,0,0,,0,,,None,Unavailable,NoWallUnderCrosshair,,,,"only 0 valid depth samples under crosshair (0 no-data, 433 out-of-range, 8 low-confidence)",0,,,None,Unavailable,NoWallInView,,,,-1.58771932,0.841427445,0.0366638079,-0.0107570663,-0.178361744,0.01536265,0.9837862,0,0,0,0,0,0,283655.916005412,283655.916005412,0.030316563002998009
18.164606296460757,d62bf83a,SessionTracking,Tracking,30.0617867,29.9075031,1,0.04352828100672923,0.6879167,3.83409715,1,160x90 DepthUint16,"centre=10975 min=2824 max=36132 hex=453A 2A53 2ADF 31CA 15E8","centre=9687 min=6065 max=9981 hex=25AE 25C5 25D7 24A0 1F89",0,0,0,,0,,,None,Unavailable,NoWallUnderCrosshair,,,,"only 0 valid depth samples under crosshair (0 no-data, 435 out-of-range, 6 low-confidence)",0,,,None,Unavailable,NoWallInView,,,,-1.60465646,0.8419672,0.03461773,-0.0107191587,-0.178683028,0.0152955363,0.9837294,0,0,0,0,0,0,283655.94933249603,283655.94933249603,0.043433958984678611
18.191998067460869,d62bf83a,SessionTracking,Tracking,30.0613174,29.9075031,1,0.02646541700232774,0.6859722,3.74666667,1,160x90 DepthUint16,"centre=11001 min=2819 max=36132 hex=453D 2A59 2AF9 31FB 168E","centre=9625 min=5809 max=9841 hex=2568 258C 2599 243E 1ED1",0,0,0,,0,,,None,Unavailable,NoWallUnderCrosshair,,,,"only 0 valid depth samples under crosshair (0 no-data, 433 out-of-range, 8 low-confidence)",0,,,None,Unavailable,NoWallInView,,,,-1.62166369,0.842457056,0.03244731,-0.0110927373,-0.178776771,0.0153124034,0.983708,0,0,0,0,0,0,283655.982659579,283655.982659579,0.026404739997815341
18.223678379468534,d62bf83a,SessionTracking,Tracking,30.0612736,29.9075031,1,0.031000156013760716,0.684375,3.80145836,1,160x90 DepthUint16,"centre=11015 min=2830 max=36113 hex=4551 2A6A 2B07 3227 1698","centre=9686 min=5716 max=10042 hex=25CF 25E4 25D6 2456 1ECF",0,0,0,,0,,,None,Unavailable,NoWallUnderCrosshair,,,,"only 0 valid depth samples under crosshair (0 no-data, 433 out-of-range, 8 low-confidence)",0,,,None,Unavailable,NoWallInView,,,,-1.62700224,0.840163946,0.0175220743,-0.0114752138,-0.1789516,0.0149856219,0.983676851,0,0,0,0,0,0,283656.01605644403,283656.01605644403,0.030958593997638673
18.257061139451022,d62bf83a,SessionTracking,Tracking,30.05882,29.9075031,1,0.032738748996052891,0.679930568,3.74465275,1,160x90 DepthUint16,"centre=10987 min=2823 max=36173 hex=3F23 2A7C 2AEB 3223 1693","centre=9671 min=5755 max=10151 hex=25AE 25C6 25C7 245D 1F37",0,0,0,,0,,,None,Unavailable,NoWallUnderCrosshair,,,,"only 0 valid depth samples under crosshair (1 no-data, 433 out-of-range, 7 low-confidence)",0,,,None,Unavailable,NoWallInView,,,,-1.643949,0.840610147,0.0150812492,-0.0117224474,-0.180523187,0.015054496,0.9833857,0,0,0,0,0,0,283656.049649203,283656.049649203,0.032694946974515915
18.2866953064547,d62bf83a,SessionTracking,Tracking,30.0609074,29.9075031,1,0.028343801997834817,0.67125,3.64402771,1,160x90 DepthUint16,"centre=10917 min=2814 max=36216 hex=3F28 2A9A 2AA5 31C6 16B9","centre=9653 min=6233 max=10267 hex=25BA 25C4 25B5 249A 2063",0,0,0,,0,,,None,Unavailable,NoWallUnderCrosshair,,,,"only 0 valid depth samples under crosshair (0 no-data, 432 out-of-range, 9 low-confidence)",0,,,None,Unavailable,NoWallInView,,,,-1.66071928,0.8410394,0.0126686692,-0.012168319,-0.183282688,0.0151556144,0.982868135,0,0,0,0,0,0,283656.082976286,283656.082976286,0.028201718989294022
18.322774160453033,d62bf83a,SessionTracking,Tracking,30.0628433,29.9075031,1,0.035229948000051081,0.6624306,3.64375,1,160x90 DepthUint16,"centre=10868 min=2801 max=36265 hex=51D4 2ABA 2A74 3157 16C0","centre=9799 min=8195 max=18184 hex=2632 2613 2647 2787 313A",0,0,0,,0,,,None,Unavailable,NoWallUnderCrosshair,,,,"only 0 valid depth samples under crosshair (0 no-data, 433 out-of-range, 8 low-confidence)",0,,,None,Unavailable,NoWallInView,,,,-1.67500269,0.842978358,0.0133409277,-0.012790964,-0.186527982,0.0153571377,0.982246339,0,0,0,0,0,0,283656.116311948,283656.116311948,0.035154374985722825
18.35380624447475,d62bf83a,SessionTracking,Tracking,30.0610142,29.9075031,1,0.02988369800732471,0.653125,3.49,1,160x90 DepthUint16,"centre=10881 min=2791 max=36308 hex=4896 2AD7 2A81 3055 2228","centre=9711 min=8516 max=18661 hex=25C2 25AE 25EF 2759 307C",0,0,0,,0,,,None,Unavailable,NoWallUnderCrosshair,,,,"only 0 valid depth samples under crosshair (0 no-data, 435 out-of-range, 6 low-confidence)",0,,,None,Unavailable,NoWallInView,,,,-1.69185722,0.843427539,0.0109916553,-0.0131600732,-0.1894873,0.0159490723,0.981665432,0,0,0,0,0,0,283656.149639032,283656.149639032,0.029773073008982465
18.3864800464687,d62bf83a,SessionTracking,Tracking,30.061348,29.9075031,1,0.031788802007213235,0.6476389,3.55902767,1,160x90 DepthUint16,"centre=10897 min=2784 max=36289 hex=2D5A 2AEC 2A91 3037 222F","centre=9712 min=8601 max=18837 hex=25B2 259F 25F0 27AB 31EA",0,0,0,,0,,,None,Unavailable,NoWallUnderCrosshair,,,,"only 0 valid depth samples under crosshair (1 no-data, 434 out-of-range, 6 low-confidence)",0,,,None,Unavailable,NoWallInView,,,,-1.70896375,0.843848169,0.008541115,-0.0133135254,-0.191259459,0.016371103,0.9813127,0,0,0,0,0,0,283656.182966115,283656.182966115,0.031687344016972929
18.425423900454685,d62bf83a,SessionTracking,Tracking,30.0616169,29.9075031,1,0.038016249978682026,0.6442361,3.47618055,1,160x90 DepthUint16,"centre=10904 min=2771 max=36347 hex=2D49 2AE9 2A98 3010 2228","centre=10558 min=9471 max=26769 hex=293D 289C 293E 3039 4837",0,0,0,,0,,,None,Unavailable,NoWallUnderCrosshair,,,,"only 0 valid depth samples under crosshair (0 no-data, 433 out-of-range, 8 low-confidence)",0,,,None,Unavailable,NoWallInView,,,,-1.715688,0.845877051,0.01721844,-0.012706982,-0.193203241,0.0161071736,0.9809443,0,0,0,0,0,0,283656.21625948104,283656.21625948104,0.037912917003268376
18.455729421464408,d62bf83a,SessionTracking,Tracking,30.06261,29.9075031,1,0.024723698006710038,0.639166653,3.38847232,1,160x90 DepthUint16,"centre=10917 min=2763 max=36367 hex=2D27 2AFB 2AA5 307F 2450","centre=10489 min=9440 max=27404 hex=285A 2806 28F9 2F91 4682",0,0,0,,0,,,None,Unavailable,NoWallUnderCrosshair,,,,"only 0 valid depth samples under crosshair (1 no-data, 435 out-of-range, 5 low-confidence)",0,,,None,Unavailable,NoWallInView,,,,-1.73291361,0.846085131,0.0153487623,-0.0127878487,-0.1948986,0.0161322057,0.9806074,0,0,0,0,0,0,283656.249843384,283656.249843384,0.024656146008055657
18.487526035463585,d62bf83a,SessionTracking,Tracking,30.06251,29.9075031,1,0.031228540989104658,0.6375694,3.31583333,1,160x90 DepthUint16,"centre=10919 min=2757 max=36363 hex=2D1B 2AFD 2AA7 3091 247D","centre=10620 min=9390 max=27351 hex=2921 28A9 297C 303A 4800",0,0,0,,0,,,None,Unavailable,NoWallUnderCrosshair,,,,"only 0 valid depth samples under crosshair (1 no-data, 437 out-of-range, 3 low-confidence)",0,,,None,Unavailable,NoWallInView,,,,-1.75033712,0.8462841,0.0133330971,-0.0131872082,-0.194844857,0.0158688445,0.980617046,0,0,0,0,0,0,283656.283170467,283656.283170467,0.031183749990304932
18.518846244467337,d62bf83a,SessionTracking,Tracking,30.0620422,29.9075031,1,0.030840572988381609,0.653680563,3.85,1,160x90 DepthUint16,"centre=10967 min=2890 max=36492 hex=500E 2B1F 2AD7 3146 1706","centre=10200 min=8442 max=25999 hex=280D 277A 27D8 2CA6 3A86",0,0,0,,0,,,None,Unavailable,NoWallUnderCrosshair,,,,"only 0 valid depth samples under crosshair (0 no-data, 436 out-of-range, 5 low-confidence)",0,,,None,Unavailable,NoWallInView,,,,-1.47078812,0.8687036,-0.01579278,-0.0128824785,-0.19442004,0.01197204,0.9807607,0,0,0,0,0,0,283656.317791391,283656.317791391,0.030797604995314032
18.55544942146275,d62bf83a,SessionTracking,Tracking,30.0630074,29.9075031,1,0.036086093983612955,0.6525695,3.76229167,1,160x90 DepthUint16,"centre=10968 min=2886 max=36490 hex=501C 2B25 2AD8 3127 170A","centre=10195 min=8324 max=25773 hex=27F4 276C 27D3 2C94 3A61",0,0,0,,0,,,None,Unavailable,NoWallUnderCrosshair,,,,"only 0 valid depth samples under crosshair (0 no-data, 437 out-of-range, 4 low-confidence)",0,,,None,Unavailable,NoWallInView,,,,-1.48233449,0.8690442,-0.0182161555,-0.0136189088,-0.194224536,0.0119863749,0.9807893,0,0,0,0,0,0,283656.351118475,283656.351118475,0.036037968995515257
18.587751504473768,d62bf83a,SessionTracking,Tracking,30.0604858,29.9075031,1,0.031728750007459894,0.6486111,3.62805557,1,160x90 DepthUint16,"centre=10973 min=2882 max=36498 hex=501D 2B2F 2ADD 30F4 171A","centre=10203 min=8295 max=25591 hex=281F 2785 27DB 2C92 39D8",0,0,0,,0,,,None,Unavailable,NoWallUnderCrosshair,,,,"only 0 valid depth samples under crosshair (0 no-data, 435 out-of-range, 6 low-confidence)",0,,,None,Unavailable,NoWallInView,,,,-1.49379158,0.869452,-0.0205579326,-0.0137829408,-0.194891751,0.0121204853,0.980653048,0,0,0,0,0,0,283656.384445558,283656.384445558,0.031673646008130163
18.619100358456986,d62bf83a,SessionTracking,Tracking,30.0624619,29.9075031,1,0.030570155999157578,0.643819451,3.56118059,1,160x90 DepthUint16,"centre=10990 min=2887 max=36521 hex=571A 2B4A 2AEE 30F5 1725","centre=9829 min=6224 max=10506 hex=269B 2696 2665 24CD 1FDF",0,0,0,,0,,,None,Unavailable,NoWallUnderCrosshair,,,,"only 0 valid depth samples under crosshair (0 no-data, 435 out-of-range, 6 low-confidence)",0,,,None,Unavailable,NoWallInView,,,,-1.50633562,0.8687265,-0.0336160362,-0.0141984159,-0.195841119,0.0122697959,0.9804561,0,0,0,0,0,0,283656.418004499,283656.418004499,0.030472082988126203
18.659251764478309,d62bf83a,SessionTracking,Tracking,30.06126,29.9075031,1,0.039160208019893616,0.6415972,3.58618045,1,160x90 DepthUint16,"centre=11005 min=2882 max=36543 hex=5708 2B59 2AFD 30C8 1CB6","centre=9698 min=6157 max=10537 hex=25FE 2606 25E2 246D 1FE4",0,0,0,,0,,,None,Unavailable,NoWallUnderCrosshair,,,,"only 0 valid depth samples under crosshair (0 no-data, 435 out-of-range, 6 low-confidence)",0,,,None,Unavailable,NoWallInView,,,,-1.5177362,0.8691618,-0.0360428244,-0.0141882766,-0.1975128,0.012192281,0.980121851,0,0,0,0,0,0,283656.451331583,283656.451331583,0.039048958016792312
18.689333900463449,d62bf83a,SessionTracking,Tracking,30.0603046,29.9075031,1,0.029018228990025818,0.637083352,3.46333337,1,160x90 DepthUint16,"centre=11016 min=2878 max=36555 hex=56E2 2B64 2B08 309D 2290","centre=9687 min=6226 max=10475 hex=25FF 25FE 25D7 2464 1FF2",0,0,0,,0,,,None,Unavailable,NoWallUnderCrosshair,,,,"only 0 valid depth samples under crosshair (0 no-data, 433 out-of-range, 8 low-confidence)",0,,,None,Unavailable,NoWallInView,,,,-1.52933621,0.8696199,-0.03844051,-0.0141925393,-0.198500544,0.0122945029,0.9799209,0,0,0,0,0,0,283656.484658666,283656.484658666,0.028877187985926867
18.721986608466747,d62bf83a,SessionTracking,Tracking,30.060709,29.9075031,1,0.032060104014817625,0.634166658,3.49034715,1,160x90 DepthUint16,"centre=11028 min=2880 max=36565 hex=56CF 2B72 2B14 30B5 2292","centre=9849 min=6750 max=13486 hex=26A4 268A 2679 259A 229B",0,0,0,,0,,,None,Unavailable,NoWallUnderCrosshair,,,,"only 0 valid depth samples under crosshair (1 no-data, 434 out-of-range, 6 low-confidence)",0,,,None,Unavailable,NoWallInView,,,,-1.5385679,0.869209647,-0.0454739556,-0.0143887186,-0.1989669,0.012458832,0.9798214,0,0,0,0,0,0,283656.518327925,283656.518327925,0.03201349001028575
18.75464827547307,d62bf83a,SessionTracking,Tracking,30.0609,29.9075031,1,0.031851770996581763,0.635902762,3.35,1,160x90 DepthUint16,"centre=11021 min=2879 max=36549 hex=570F 2B6E 2B0D 30A7 228E","centre=9833 min=6708 max=13277 hex=26A3 2685 2669 256F 2240",0,0,0,,0,,,None,Unavailable,NoWallUnderCrosshair,,,,"only 0 valid depth samples under crosshair (1 no-data, 434 out-of-range, 6 low-confidence)",0,,,None,Unavailable,NoWallInView,,,,-1.550558,0.8696161,-0.04817806,-0.0146257207,-0.197946876,0.0125517249,0.9800233,0,0,0,0,0,0,283656.55165500904,283656.55165500904,0.031754947995068505
18.792261243452,d62bf83a,SessionTracking,Tracking,30.0604019,29.9075031,1,0.036715989001095295,0.6342361,3.36666656,1,160x90 DepthUint16,"centre=11030 min=2875 max=36555 hex=570F 2B74 2B16 30B7 240F","centre=9828 min=6761 max=13207 hex=269F 2685 2664 257E 22A8",0,0,0,,0,,,None,Unavailable,NoWallUnderCrosshair,,,,"only 0 valid depth samples under crosshair (1 no-data, 434 out-of-range, 6 low-confidence)",0,,,None,Unavailable,NoWallInView,,,,-1.56230807,0.8699461,-0.05081863,-0.0148873636,-0.198396876,0.0125331888,0.979928553,0,0,0,0,0,0,283656.584982092,283656.584982092,0.036609061993658543
18.822526556472209,d62bf83a,SessionTracking,Tracking,30.0606441,29.9075031,1,0.029218020994449034,0.6257639,3.34430552,1,160x90 DepthUint16,"centre=11083 min=2893 max=36609 hex=4E3A 2BAE 2B4B 30BC 250A","centre=9793 min=8707 max=12998 hex=2660 2641 2641 267B 2A54",0,0,0,,0,,,None,Unavailable,NoWallUnderCrosshair,,,,"only 0 valid depth samples under crosshair (0 no-data, 436 out-of-range, 5 low-confidence)",0,,,None,Unavailable,NoWallInView,,,,-1.57639062,0.868006051,-0.0818267763,-0.0152591784,-0.2010327,0.0124765653,0.9793862,0,0,0,0,0,0,283656.618392281,283656.618392281,0.029088854003930464
18.853886452477806,d62bf83a,SessionTracking,Tracking,30.0613422,29.9075031,1,0.030642448022263125,0.6190278,3.207986,1,160x90 DepthUint16,"centre=11104 min=2886 max=36650 hex=4E41 2BC3 2B60 3006 2550","centre=9565 min=8548 max=12922 hex=2555 2534 255D 25CE 2A42",0,0,0,,0,,,None,Unavailable,NoWallUnderCrosshair,,,,"only 0 valid depth samples under crosshair (0 no-data, 439 out-of-range, 2 low-confidence)",0,,,None,Unavailable,NoWallInView,,,,-1.58798671,0.8682623,-0.08505806,-0.0155743379,-0.20358561,0.0123789329,0.978855,0,0,0,0,0,0,283656.65171936504,283656.65171936504,0.030585833999793977
18.88709457745767,d62bf83a,SessionTracking,Tracking,30.06163,29.9075031,1,0.032253905985271558,0.61277777,3.14631939,1,160x90 DepthUint16,"centre=11129 min=2879 max=36682 hex=4E8A 2BD7 2B79 2BC2 2588","centre=9741 min=8782 max=12962 hex=2631 2601 260D 265F 2A97",0,0,0,,0,,,None,Unavailable,NoWallUnderCrosshair,,,,"only 0 valid depth samples under crosshair (21 no-data, 419 out-of-range, 1 low-confidence)",0,,,None,Unavailable,NoWallInView,,,,-1.59956288,0.8685421,-0.0881634653,-0.01551044,-0.2061978,0.0122241378,0.978311062,0,0,0,0,0,0,283656.685046448,283656.685046448,0.032161405979422852
18.922937910454262,d62bf83a,SessionTracking,Tracking,30.06154,29.9075031,1,0.034933385002659634,0.605833352,3.11402774,1,160x90 DepthUint16,"centre=11162 min=2896 max=36739 hex=549F 2BFD 2B9A 2BD8 25BB","centre=10512 min=9686 max=18499 hex=28C4 2881 2910 2CF8 3D83",0,0,0,,0,,,None,Unavailable,NoWallUnderCrosshair,,,,"only 0 valid depth samples under crosshair (21 no-data, 419 out-of-range, 1 low-confidence)",0,,,None,Unavailable,NoWallInView,,,,-1.57344639,0.870967448,-0.10136044,-0.0158039276,-0.208724082,0.01150176,0.977779269,0,0,0,0,0,0,283656.718245623,283656.718245623,0.034824948001187295
18.955016868454319,d62bf83a,SessionTracking,Tracking,30.0616455,29.9075031,1,0.031155624979874119,0.6084722,3.02083325,1,160x90 DepthUint16,"centre=11157 min=2897 max=36725 hex=5022 2BF5 2B95 2C1A 25BD","centre=10538 min=9725 max=18670 hex=28FB 28B1 292A 2CFC 3DBB",0,0,0,,0,,,None,Unavailable,NoWallUnderCrosshair,,,,"only 0 valid depth samples under crosshair (21 no-data, 419 out-of-range, 1 low-confidence)",0,,,None,Unavailable,NoWallInView,,,,-1.58485866,0.8712489,-0.104739681,-0.015425235,-0.2078516,0.0114735663,0.977971435,0,0,0,0,0,0,283656.751572707,283656.751572707,0.031057030981173739
18.98723134847,d62bf83a,SessionTracking,Tracking,30.0621929,29.9075031,1,0.031446355016669258,0.611875,3.03006935,1,160x90 DepthUint16,"centre=11149 min=2899 max=36701 hex=4E62 2BE9 2B8D 2BD6 25AA","centre=10407 min=9758 max=18301 hex=2895 283C 28A7 2CBD 3D6F",0,0,0,,0,,,None,Unavailable,NoWallUnderCrosshair,,,,"only 0 valid depth samples under crosshair (21 no-data, 419 out-of-range, 1 low-confidence)",0,,,None,Unavailable,NoWallInView,,,,-1.59646785,0.871386468,-0.108069018,-0.0151529023,-0.20618856,0.0111801634,0.9783311,0,0,0,0,0,0,283656.78489979,283656.78489979,0.031347968993941322
19.023767181471836,d62bf83a,SessionTracking,Tracking,30.0649872,29.9075031,1,0.0342321360076312,0.6259028,3.361736,1,160x90 DepthUint16,"centre=11160 min=2979 max=36769 hex=57E3 2BEF 2B98 3146 253A","centre=10385 min=8899 max=17603 hex=2943 2885 2891 2C3C 32ED",0,0,0,,0,,,None,Unavailable,NoWallUnderCrosshair,,,,"only 0 valid depth samples under crosshair (0 no-data, 436 out-of-range, 5 low-confidence)",0,,,None,Unavailable,NoWallInView,,,,-1.41333055,0.882361233,-0.111912355,-0.013812528,-0.20575586,0.008446039,0.978469431,0,0,0,0,0,0,283656.819433907,283656.819433907,0.034128229017369449
19.055801139478486,d62bf83a,SessionTracking,Tracking,30.062645,29.9075031,1,0.031425521010532975,0.6251389,3.383889,1,160x90 DepthUint16,"centre=11153 min=2981 max=36751 hex=57C4 2BE6 2B91 3163 2516","centre=10314 min=8671 max=17454 hex=2904 284E 284A 2BC5 3253",0,0,0,,0,,,None,Unavailable,NoWallUnderCrosshair,,,,"only 0 valid depth samples under crosshair (0 no-data, 437 out-of-range, 4 low-confidence)",0,,,None,Unavailable,NoWallInView,,,,-1.42107546,0.8825258,-0.11490348,-0.0134021435,-0.204591721,0.008065314,0.978722453,0,0,0,0,0,0,283656.852760991,283656.852760991,0.031367396004498005
19.086698275470322,d62bf83a,SessionTracking,Tracking,30.0640087,29.9075031,1,0.03002156299771741,0.6253472,3.39013886,1,160x90 DepthUint16,"centre=11151 min=2982 max=36744 hex=57C9 2BE4 2B8F 3165 2516","centre=10323 min=8698 max=17497 hex=2918 285A 2853 2BD1 32AF",0,0,0,,0,,,None,Unavailable,NoWallUnderCrosshair,,,,"only 0 valid depth samples under crosshair (0 no-data, 437 out-of-range, 4 low-confidence)",0,,,None,Unavailable,NoWallInView,,,,-1.42860007,0.88266027,-0.117989451,-0.01337088,-0.20404996,0.007853449,0.978837669,0,0,0,0,0,0,283656.886088074,283656.886088074,0.0298999999940861
19.132490566469411,d62bf83a,SessionTracking,Tracking,30.064621,29.70906,1,0.044929896015673876,0.6261111,3.391528,1,160x90 DepthUint16,"centre=11144 min=2982 max=36733 hex=577F 2BD9 2B88 3177 24E3","centre=9891 min=6328 max=10817 hex=26E2 26D0 26A3 2504 208C",0,0,0,,0,,,None,Unavailable,NoWallUnderCrosshair,,,,"only 0 valid depth samples under crosshair (0 no-data, 439 out-of-range, 2 low-confidence)",0,,,None,Unavailable,NoWallInView,,,,-1.42571,0.8829532,-0.114623673,-0.0127280448,-0.203601956,0.00759881828,0.97894156,0,0,0,0,0,0,283656.92075754504,283656.92075754504,0.0448784890177194
19.1645060874614,d62bf83a,SessionTracking,Tracking,30.0681477,29.70906,1,0.031051666999701411,0.632430553,3.47145844,1,160x90 DepthUint16,"centre=11129 min=2986 max=36707 hex=5791 2BC7 2B79 3149 244E","centre=9896 min=6310 max=10708 hex=26D9 26CC 26A8 250F 2068",0,0,0,,0,,,None,Unavailable,NoWallUnderCrosshair,,,,"only 0 valid depth samples under crosshair (0 no-data, 437 out-of-range, 4 low-confidence)",0,,,None,Unavailable,NoWallInView,,,,-1.4330672,0.883115768,-0.117752843,-0.0124803493,-0.201765835,0.007292301,0.979327142,0,0,0,0,0,0,283656.954084629,283656.954084629,0.030991250008810312
19.196744004471608,d62bf83a,SessionTracking,Tracking,30.0626945,29.70906,1,0.031548958999337628,0.6365972,3.54916668,1,160x90 DepthUint16,"centre=11110 min=2989 max=36671 hex=57A2 2BB4 2B66 30FD 2304","centre=9842 min=6476 max=10817 hex=26A0 2695 2672 2509 211C",0,0,0,,0,,,None,Unavailable,NoWallUnderCrosshair,,,,"only 0 valid depth samples under crosshair (0 no-data, 438 out-of-range, 3 low-confidence)",0,,,None,Unavailable,NoWallInView,,,,-1.44051445,0.8832196,-0.1208438,-0.0124395862,-0.199194491,0.006852597,0.9798571,0,0,0,0,0,0,283656.987411712,283656.987411712,0.031496719020651653
19.224140150475929,d62bf83a,SessionTracking,Tracking,30.0676956,29.70906,1,0.026125365024199709,0.6429167,3.473611,1,160x90 DepthUint16,"centre=11085 min=2985 max=36623 hex=5775 2B96 2B4D 3122 22FD","centre=9881 min=6364 max=10501 hex=26C0 26B8 2699 2508 204A",0,0,0,,0,,,None,Unavailable,NoWallUnderCrosshair,,,,"only 0 valid depth samples under crosshair (0 no-data, 438 out-of-range, 3 low-confidence)",0,,,None,Unavailable,NoWallInView,,,,-1.46059453,0.8845155,-0.119065545,-0.012064198,-0.196609229,0.00637433026,0.980387,0,0,0,0,0,0,283657.02075564,283657.02075564,0.026078490016516298
19.259338118459478,d62bf83a,SessionTracking,Tracking,30.0639439,29.70906,1,0.0344446350063663,0.6483333,3.639514,1,160x90 DepthUint16,"centre=11073 min=2989 max=36583 hex=52F8 2B7F 2B41 3144 17FE","centre=9907 min=6523 max=10763 hex=26B8 26BB 26B3 2556 20F7",0,0,0,,0,,,None,Unavailable,NoWallUnderCrosshair,,,,"only 0 valid depth samples under crosshair (0 no-data, 437 out-of-range, 4 low-confidence)",0,,,None,Unavailable,NoWallInView,,,,-1.46817112,0.884708,-0.122054942,-0.0119044948,-0.193930611,0.005606294,0.98092705,0,0,0,0,0,0,283657.05408272403,283657.05408272403,0.034391978988423944
19.290444004469233,d62bf83a,SessionTracking,Tracking,30.0642,29.70906,1,0.029923021007562056,0.654791653,3.620139,1,160x90 DepthUint16,"centre=11081 min=2994 max=36535 hex=56C3 2B60 2B49 31CB 177A","centre=9859 min=6715 max=10500 hex=268A 2691 2683 254B 21CA",0,0,0,,0,,,None,Unavailable,NoWallUnderCrosshair,,,,"only 0 valid depth samples under crosshair (0 no-data, 438 out-of-range, 3 low-confidence)",0,,,None,Unavailable,NoWallInView,,,,-1.47573757,0.885000348,-0.124988511,-0.0113118226,-0.190908626,0.00488904165,0.9815305,0,0,0,0,0,0,283657.087409807,283657.087409807,0.029811615007929504
19.322133743469518,d62bf83a,SessionTracking,Tracking,30.0634365,29.70906,1,0.030426665995037183,0.6609028,3.64333344,1,160x90 DepthUint16,"centre=11094 min=2993 max=36486 hex=5667 2B4C 2B56 3218 1775","centre=9833 min=6700 max=10191 hex=263E 265E 2669 2540 214D",0,0,0,,0,,,None,Unavailable,NoWallUnderCrosshair,,,,"only 0 valid depth samples under crosshair (0 no-data, 437 out-of-range, 4 low-confidence)",0,,,None,Unavailable,NoWallInView,,,,-1.5052073,0.88529104,-0.131072342,-0.01118713,-0.188105524,0.00460171746,0.9820744,0,0,0,0,0,0,283657.12070162303,283657.12070162303,0.030352083005709574
19.353515774451576,d62bf83a,SessionTracking,Tracking,30.0656719,29.70906,1,0.030132759973639622,0.6660417,3.70847225,1,160x90 DepthUint16,"centre=11159 min=2997 max=37000 hex=5660 2B37 2B97 3256 177F","centre=9892 min=6818 max=10419 hex=2684 269D 26A4 258E 2210",0,0,0,,0,,,None,Unavailable,NoWallUnderCrosshair,,,,"only 0 valid depth samples under crosshair (0 no-data, 437 out-of-range, 4 low-confidence)",0,,,None,Unavailable,NoWallInView,,,,-1.51317024,0.8855765,-0.134386986,-0.011430935,-0.185350269,0.00433698343,0.982596457,0,0,0,0,0,0,283657.154028707,283657.154028707,0.030006926972419024
19.388668691451809,d62bf83a,SessionTracking,Tracking,30.0631943,29.70906,1,0.034196458000224084,0.6753472,3.79791665,1,160x90 DepthUint16,"centre=11266 min=3004 max=36372 hex=5583 2B18 2C02 327C 1745","centre=9853 min=6768 max=10319 hex=2647 2669 267D 2567 2189",0,0,0,,0,,,None,Unavailable,NoWallUnderCrosshair,,,,"only 0 valid depth samples under crosshair (0 no-data, 439 out-of-range, 2 low-confidence)",0,,,None,Unavailable,NoWallInView,,,,-1.52139866,0.885872,-0.1376842,-0.0111397207,-0.181084365,0.004208684,0.983395457,0,0,0,0,0,0,283657.18735579,283657.18735579,0.034109270985936746
19.420135566473387,d62bf83a,SessionTracking,Tracking,30.0639172,29.70906,1,0.030482083006063476,0.686666667,3.90993047,1,160x90 DepthUint16,"centre=11289 min=3015 max=38000 hex=5138 2B85 2C19 3550 1ACF","centre=10077 min=7588 max=11612 hex=26A9 26E6 275D 27A6 2A3A",0,0,0,,0,,,None,Unavailable,NoWallUnderCrosshair,,,,"only 0 valid depth samples under crosshair (0 no-data, 438 out-of-range, 3 low-confidence)",0,,,None,Unavailable,NoWallInView,,,,-1.52958894,0.885922253,-0.142886162,-0.0108666271,-0.175282449,0.004111171,0.9844496,0,0,0,0,0,0,283657.220638123,283657.220638123,0.030330937006510794
19.452280879460655,d62bf83a,SessionTracking,Tracking,30.0628529,29.70906,1,0.031111718999454752,0.69875,4.05145836,1,160x90 DepthUint16,"centre=11163 min=3022 max=36177 hex=4F4A 2BD1 2B9B 38BA 169C","centre=10047 min=7743 max=11353 hex=2659 26A5 273F 2798 29A5",0,0,0,,0,,,None,Unavailable,NoWallUnderCrosshair,,,,"only 0 valid depth samples under crosshair (0 no-data, 437 out-of-range, 4 low-confidence)",0,,,None,Unavailable,NoWallInView,,,,-1.53799236,0.886098,-0.146265656,-0.0110285515,-0.169912,0.003954858,0.98538965,0,0,0,0,0,0,283657.253965207,283657.253965207,0.030998801987152547
19.485062754454471,d62bf83a,SessionTracking,Tracking,30.0618362,29.70906,1,0.031676354992669076,0.712430537,4.12375,1,160x90 DepthUint16,"centre=11072 min=3030 max=36070 hex=4C0E 2C25 2B40 360E 17FF","centre=9910 min=7651 max=11646 hex=2669 2674 26B6 2735 2A45",0,0,0,,0,,,None,Unavailable,NoWallUnderCrosshair,,,,"only 0 valid depth samples under crosshair (0 no-data, 439 out-of-range, 2 low-confidence)",0,,,None,Unavailable,NoWallInView,,,,-1.54636335,0.886265755,-0.14959538,-0.0109672705,-0.164188325,0.00374141359,0.986360967,0,0,0,0,0,0,283657.28729229,283657.28729229,0.031568020989652723
19.524524941461774,d62bf83a,SessionTracking,Tracking,30.0606441,29.70906,1,0.038345988985383883,0.7216667,4.21972227,1,160x90 DepthUint16,"centre=11158 min=3098 max=36022 hex=461F 2D60 2B96 33EA 182E","centre=9745 min=6971 max=9962 hex=2576 25BB 2611 2574 21F2",0,0,0,,0,,,None,Unavailable,NoWallUnderCrosshair,,,,"only 0 valid depth samples under crosshair (0 no-data, 439 out-of-range, 2 low-confidence)",0,,,None,Unavailable,NoWallInView,,,,-1.52902675,0.883472,-0.207315728,-0.0108284215,-0.158698022,0.00309169316,0.987262964,0,0,0,0,0,0,283657.320603145,283657.320603145,0.038235936983255669
19.554110879460264,d62bf83a,SessionTracking,Tracking,30.0603752,29.70906,1,0.028658802009886131,0.731805563,4.35604143,1,160x90 DepthUint16,"centre=10930 min=3106 max=35925 hex=3B05 2D5A 2AB2 329E 186C","centre=9829 min=6921 max=10182 hex=255B 25D1 2665 25CB 21B3",0,0,0,,0,,,None,Unavailable,NoWallUnderCrosshair,,,,"only 0 valid depth samples under crosshair (0 no-data, 437 out-of-range, 4 low-confidence)",0,,,None,Unavailable,NoWallInView,,,,-1.5368613,0.8836138,-0.2114224,-0.0101215253,-0.1539837,0.00219276571,0.9880191,0,0,0,0,0,0,283657.35393022903,283657.35393022903,0.028545156994368881
19.585856191468107,d62bf83a,SessionTracking,Tracking,30.06026,29.70906,1,0.031130624993238598,0.741944432,4.637014,1,160x90 DepthUint16,"centre=10631 min=3058 max=35828 hex=31DB 2C80 2987 31CB 18CD","centre=9973 min=6877 max=10264 hex=262C 267D 26F5 2653 2233",0,0,0,,0,,,None,Unavailable,NoWallUnderCrosshair,,,,"only 0 valid depth samples under crosshair (0 no-data, 436 out-of-range, 5 low-confidence)",0,,,None,Unavailable,NoWallInView,,,,-1.54461658,0.883834839,-0.215480745,-0.009080619,-0.1494582,0.0011947453,0.988725662,0,0,0,0,0,0,283657.387257312,283657.387257312,0.031086353992577642
19.621155410455454,d62bf83a,SessionTracking,Tracking,30.0568752,29.70906,1,0.034667603991692886,0.7509722,4.688542,1,160x90 DepthUint16,"centre=9893 min=2780 max=35731 hex=2E9D 2B9E 26A5 31C6 1925","centre=9998 min=7174 max=11971 hex=261C 2680 270E 267C 22A0",0,0,0,,0,,,None,Unavailable,NoWallUnderCrosshair,,,,"only 0 valid depth samples under crosshair (0 no-data, 434 out-of-range, 7 low-confidence)",0,,,None,Unavailable,NoWallInView,,,,-1.55805552,0.8916483,-0.216730982,-0.008821004,-0.1451482,0.0004958511,0.989370465,0,0,0,0,0,0,283657.420647002,283657.420647002,0.034607812995091081
19.656206764458826,d62bf83a,SessionTracking,Tracking,30.0654621,29.70906,1,0.034513177000917494,0.76111114,4.86305571,1,160x90 DepthUint16,"centre=8601 min=2796 max=35614 hex=2B85 2B2A 2199 3174 1544","centre=10031 min=7266 max=12098 hex=2660 26AF 272F 26BE 2266",0,0,0,,0,,,None,Unavailable,NoWallUnderCrosshair,,,,"only 0 valid depth samples under crosshair (0 no-data, 430 out-of-range, 11 low-confidence)",0,,,None,Unavailable,NoWallInView,,,,-1.56602681,0.891978145,-0.221003354,-0.009171523,-0.139723837,2.77459621E-05,0.990148067,0,0,0,0,0,0,283657.45397408603,283657.45397408603,0.034355156007222831
19.686708431461508,d62bf83a,SessionTracking,Tracking,30.0629063,29.70906,1,0.029532916989410296,0.775347233,4.91708326,1,160x90 DepthUint16,"centre=8249 min=2796 max=35483 hex=2B20 2A4E 2039 2F72 1481","centre=9974 min=7200 max=12271 hex=264B 268E 26F6 2671 2255",0,0,0,,0,,,None,Unavailable,NoWallUnderCrosshair,,,,"only 0 valid depth samples under crosshair (0 no-data, 427 out-of-range, 14 low-confidence)",0,,,None,Unavailable,NoWallInView,,,,-1.57401621,0.8923106,-0.225413561,-0.00943901,-0.133909866,-0.000331610441,0.990948558,0,0,0,0,0,0,283657.487301169,283657.487301169,0.029417709010886028
19.726386191472326,d62bf83a,SessionTracking,Tracking,30.0643215,29.70906,1,0.039126457995735109,0.7859028,5.068125,1,160x90 DepthUint16,"centre=8681 min=2684 max=35366 hex=2B06 28C6 21E9 2C4B 17D7","centre=9992 min=8150 max=21231 hex=2688 2699 2708 27F2 2912",0,0,0,,0,,,None,Unavailable,NoWallUnderCrosshair,,,,"only 0 valid depth samples under crosshair (0 no-data, 421 out-of-range, 20 low-confidence)",0,,,None,Unavailable,NoWallInView,,,,-1.48788214,0.900991559,-0.197125942,-0.00847275648,-0.129689589,-0.00184434664,0.991516769,0,0,0,0,0,0,283657.52034177503,283657.52034177503,0.039082239993149415
19.758932806467552,d62bf83a,SessionTracking,Tracking,30.0687733,29.70906,1,0.031720521015813574,0.793680549,5.1825,1,160x90 DepthUint16,"centre=9330 min=2608 max=35260 hex=2AE0 2782 2472 2D86 1D20","centre=9990 min=8112 max=24994 hex=2602 265D 2706 27F2 290C",0,0,0,,0,,,None,Unavailable,NoWallUnderCrosshair,,,,"only 0 valid depth samples under crosshair (0 no-data, 420 out-of-range, 21 low-confidence)",0,,,None,Unavailable,NoWallInView,,,,-1.49363911,0.901356757,-0.200572923,-0.008351557,-0.124957778,-0.00213104486,0.9921246,0,0,0,0,0,0,283657.553668859,283657.553668859,0.031662032008171082
19.789306191468992,d62bf83a,SessionTracking,Tracking,30.0644054,29.70906,1,0.02921593701466918,0.801805556,5.28131962,1,160x90 DepthUint16,"centre=9594 min=2094 max=35145 hex=2A93 2600 257A 2E55 2F13","centre=9987 min=8117 max=22412 hex=2627 2654 2703 27F5 28B7",0,0,0,,0,,,None,Unavailable,NoWallUnderCrosshair,,,,"only 0 valid depth samples under crosshair (0 no-data, 420 out-of-range, 21 low-confidence)",0,,,None,Unavailable,NoWallInView,,,,-1.49931681,0.9017301,-0.2039069,-0.007909269,-0.120427243,-0.00245142,0.992687643,0,0,0,0,0,0,283657.586995942,283657.586995942,0.029047343996353447
19.822266347476894,d62bf83a,SessionTracking,Tracking,30.0674458,29.70906,1,0.03214317699894309,0.8161111,5.448264,1,160x90 DepthUint16,"centre=9039 min=1984 max=35054 hex=29A5 23A9 234F 2AF5 2A73","centre=9588 min=8851 max=27527 hex=23C8 2473 2574 273B 2619",0,0,0,,0,,,None,Unavailable,NoWallUnderCrosshair,,,,"only 0 valid depth samples under crosshair (0 no-data, 417 out-of-range, 24 low-confidence)",0,,,None,Unavailable,NoWallInView,,,,-0.985063434,0.7913884,0.0554246828,-0.006453842,-0.1634905,-0.00365135074,0.9865171,0,0,0,0,0,0,283657.620121399,283657.620121399,0.032086979015730321
19.852022024457025,d62bf83a,SessionTracking,Tracking,30.07331,29.70906,1,0.028872186987427995,0.8222917,5.532778,1,160x90 DepthUint16,"centre=8800 min=1988 max=34965 hex=2891 228B 2260 29AE 2C48","centre=9566 min=9140 max=22278 hex=23D3 2479 255E 2728 267E",0,0,0,,0,,,None,Unavailable,NoWallUnderCrosshair,,,,"only 0 valid depth samples under crosshair (0 no-data, 414 out-of-range, 27 low-confidence)",0,,,None,Unavailable,NoWallInView,,,,-0.9888085,0.791884065,0.05208373,-0.00549304532,-0.16006352,-0.00390332961,0.987083733,0,0,0,0,0,0,283657.65344848303,283657.65344848303,0.028780988999642432
19.886615462459073,d62bf83a,SessionTracking,Tracking,30.0645142,29.70906,1,0.033741146005922928,0.8302778,5.50055552,1,160x90 DepthUint16,"centre=8643 min=1994 max=34898 hex=27CD 2201 21C3 2A46 20CC","centre=9506 min=8955 max=24716 hex=239D 2454 2522 26CE 263A",0,0,0,,0,,,None,Unavailable,NoWallUnderCrosshair,,,,"only 0 valid depth samples under crosshair (0 no-data, 416 out-of-range, 25 low-confidence)",0,,,None,Unavailable,NoWallInView,,,,-0.9923672,0.792316556,0.04877486,-0.00517356442,-0.157415032,-0.004215867,0.98751,0,0,0,0,0,0,283657.686775566,283657.686775566,0.033620417001657188
19.92036093146066,d62bf83a,SessionTracking,Tracking,30.0687237,29.70906,1,0.032873802992980927,0.84034723,5.86805534,1,160x90 DepthUint16,"centre=8254 min=2004 max=38000 hex=242A 2048 203E 28ED 227D","centre=9795 min=8202 max=13376 hex=24C6 253B 2643 27F1 284E",0,0,0,,0,,,None,Unavailable,NoWallUnderCrosshair,,,,"only 0 valid depth samples under crosshair (0 no-data, 412 out-of-range, 29 low-confidence)",0,,,None,Unavailable,NoWallInView,,,,-1.045014,0.850406647,0.0866238251,-0.004488722,-0.1423451,-0.005253226,0.989793,0,0,0,0,0,0,283657.719572308,283657.719572308,0.03277349000563845
19.956165722458305,d62bf83a,SessionTracking,Tracking,30.06876,29.70906,1,0.034694686997681856,0.851180553,5.878958,1,160x90 DepthUint16,"centre=8140 min=2008 max=34709 hex=22E9 1FCD 1FCC 28A7 22C5","centre=9775 min=8145 max=13607 hex=24C2 253B 262F 27CE 275A",0,0,0,,0,,,None,Unavailable,NoWallUnderCrosshair,,,,"only 0 valid depth samples under crosshair (0 no-data, 417 out-of-range, 24 low-confidence)",0,,,None,Unavailable,NoWallInView,,,,-1.0471096,0.8510287,0.08416843,-0.003338732,-0.138602152,-0.00559476065,0.9903267,0,0,0,0,0,0,283657.75289939204,283657.75289939204,0.034601719002239406
19.989958430469184,d62bf83a,SessionTracking,Tracking,30.0692616,29.70906,1,0.032692864013370126,0.861388862,5.84354162,1,160x90 DepthUint16,"centre=8047 min=2014 max=34603 hex=2348 1F65 1F6F 2833 22C7","centre=9763 min=8153 max=13652 hex=24C6 2534 2623 27D2 2740",0,0,0,,0,,,None,Unavailable,NoWallUnderCrosshair,,,,"only 0 valid depth samples under crosshair (0 no-data, 415 out-of-range, 26 low-confidence)",0,,,None,Unavailable,NoWallInView,,,,-1.04914963,0.851609945,0.081740804,-0.00235268474,-0.134763882,-0.00584313273,0.9908577,0,0,0,0,0,0,283657.78622647503,283657.78622647503,0.031843802018556744
20.02043488945105,d62bf83a,SessionTracking,Tracking,30.0699387,29.70906,1,0.029758124990621582,0.8759028,6.262361,1,160x90 DepthUint16,"centre=7910 min=2026 max=34507 hex=25F6 1EA8 1EE6 2911 245A","centre=10074 min=8105 max=18906 hex=26E2 2750 275A 2819 2285",0,0,0,,0,,,None,Unavailable,NoWallUnderCrosshair,,,,"only 0 valid depth samples under crosshair (0 no-data, 410 out-of-range, 31 low-confidence)",0,,,None,Unavailable,NoWallInView,,,,-1.03145492,0.855196357,0.08376226,-0.0008908808,-0.131507114,-0.00653865933,0.9912933,0,0,0,0,0,0,283657.81975545804,283657.81975545804,0.029698437982006
20.051384576454208,d62bf83a,SessionTracking,Tracking,30.07906,29.70906,1,0.030416875000810251,0.8836111,6.34416676,1,160x90 DepthUint16,"centre=7830 min=2021 max=34419 hex=25CD 1EEB 1E96 28C7 2498","centre=10021 min=8401 max=20644 hex=26F6 274D 2725 2818 2381",0,0,0,,0,,,None,Unavailable,NoWallUnderCrosshair,,,,"only 0 valid depth samples under crosshair (0 no-data, 409 out-of-range, 32 low-confidence)",0,,,None,Unavailable,NoWallInView,,,,-1.03163552,0.855751634,0.08206629,0.000407077372,-0.128615528,-0.006795317,0.9916712,0,0,0,0,0,0,283657.85281244,283657.85281244,0.030371822998858988
20.082723118455529,d62bf83a,SessionTracking,Tracking,30.0659542,29.70906,1,0.030803853995166719,0.8879167,6.26840258,1,160x90 DepthUint16,"centre=7758 min=2025 max=34353 hex=2562 1F3A 1E4E 286C 24AE","centre=9938 min=8371 max=20519 hex=2654 26C8 26D2 281F 22C1",0,0,0,,0,,,None,Unavailable,NoWallUnderCrosshair,,,,"only 0 valid depth samples under crosshair (0 no-data, 411 out-of-range, 30 low-confidence)",0,,,None,Unavailable,NoWallInView,,,,-1.03153682,0.8562175,0.08040298,0.00126539171,-0.126290038,-0.007093668,0.9919672,0,0,0,0,0,0,283657.88586499204,283657.88586499204,0.030757187982089818
20.121166920467427,d62bf83a,SessionTracking,Tracking,30.0723953,29.70906,1,0.037931458005914465,0.8970139,6.52618074,1,160x90 DepthUint16,"centre=8081 min=2044 max=34295 hex=2202 205B 1F91 287A 25B3","centre=10053 min=7628 max=20238 hex=272B 2795 2745 2850 25E0",0,0,0,,0,,,None,Unavailable,NoWallUnderCrosshair,,,,"only 0 valid depth samples under crosshair (0 no-data, 405 out-of-range, 36 low-confidence)",0,,,None,Unavailable,NoWallInView,,,,-1.01527584,0.8568043,0.07925532,0.00242094346,-0.123446122,-0.007811726,0.9923176,0,0,0,0,0,0,283657.91883637704,283657.91883637704,0.037884791992837563
20.153191347464368,d62bf83a,SessionTracking,Tracking,30.0671062,30.37129,1,0.031420885003171861,0.913333356,6.4398613,1,160x90 DepthUint16,"centre=8406 min=1266 max=34176 hex=2053 209A 20D6 27F8 2578","centre=9937 min=7606 max=20651 hex=25F4 2675 26D1 283B 26C1",0,0,0,,0,,,None,Unavailable,NoWallUnderCrosshair,,,,"only 0 valid depth samples under crosshair (0 no-data, 395 out-of-range, 46 low-confidence)",0,,,None,Unavailable,NoWallInView,,,,-1.01376235,0.857311,0.0780941546,0.00443211664,-0.119408451,-0.007984014,0.9928033,0,0,0,0,0,0,283657.951242455,283657.951242455,0.031367082992801443
20.185481608470351,d62bf83a,SessionTracking,Tracking,30.0665512,30.37129,1,0.031658282008720562,0.9181945,6.673611,1,160x90 DepthUint16,"centre=9111 min=1265 max=34106 hex=1F7C 209B 2397 2879 25A0","centre=9965 min=7748 max=19575 hex=25C3 2639 26ED 287B 2607",0,0,0,,0,,,None,Unavailable,NoWallUnderCrosshair,,,,"only 0 valid depth samples under crosshair (0 no-data, 393 out-of-range, 48 low-confidence)",0,,,None,Unavailable,NoWallInView,,,,-1.01186192,0.8578248,0.0769339651,0.006223038,-0.116722882,-0.008284807,0.993110538,0,0,0,0,0,0,283657.98357325804,283657.98357325804,0.031589635997079313
20.227412232463163,d62bf83a,SessionTracking,Tracking,30.0671978,30.37129,1,0.040960312006063759,0.92125,6.707986,1,160x90 DepthUint16,"centre=9442 min=1288 max=34027 hex=1E78 1DE9 24E2 2854 254E","centre=10022 min=7459 max=19580 hex=27AA 27B8 2726 286B 21BC",0,0,0,,0,,,None,Unavailable,NoWallUnderCrosshair,,,,"only 0 valid depth samples under crosshair (0 no-data, 396 out-of-range, 45 low-confidence)",0,,,None,Unavailable,NoWallInView,,,,-1.00594425,0.8564136,0.08092382,0.006730624,-0.113877267,-0.008660258,0.9934343,0,0,0,0,0,0,283658.015723372,283658.015723372,0.040878697007428855
20.257956868477546,d62bf83a,SessionTracking,Tracking,30.065918,30.37129,1,0.029403594002360478,0.9422917,6.519514,1,160x90 DepthUint16,"centre=9994 min=684 max=33800 hex=1DF4 1977 270A 2B86 2497","centre=10015 min=7339 max=19749 hex=26CB 270E 271F 2852 2049",0,0,0,,0,,,None,Unavailable,NoWallUnderCrosshair,,,,"only 0 valid depth samples under crosshair (0 no-data, 370 out-of-range, 71 low-confidence)",0,,,None,Unavailable,NoWallInView,,,,-1.00339687,0.85692203,0.0794494152,0.00719625549,-0.109269924,-0.008769573,0.9939474,0,0,0,0,0,0,283658.04905045603,283658.04905045603,0.029254063003463671
20.288808014450975,d62bf83a,SessionTracking,Tracking,30.0656471,30.37129,1,0.030213437974452972,0.9438889,6.771806,1,160x90 DepthUint16,"centre=10150 min=693 max=36000 hex=1D98 0A14 27A6 2908 1E84","centre=10100 min=7451 max=19972 hex=27E1 27C4 2774 287E 2098",0,0,0,,0,,,None,Unavailable,NoWallUnderCrosshair,,,,"only 0 valid depth samples under crosshair (0 no-data, 369 out-of-range, 72 low-confidence)",0,,,None,Unavailable,NoWallInView,,,,-1.00073528,0.857409239,0.0779273957,0.00737324776,-0.104441069,-0.008790017,0.994464934,0,0,0,0,0,0,283658.082377539,283658.082377539,0.030168645986123011
20.326670149461048,d62bf83a,SessionTracking,Tracking,30.0643349,30.37129,1,0.037151719006942585,0.951041639,6.463889,1,160x90 DepthUint16,"centre=9990 min=637 max=33547 hex=1D2C 09C5 2706 2818 10E6","centre=9776 min=7229 max=21766 hex=2581 25EC 2630 27F4 1F67",0,0,0,,0,,,None,Unavailable,NoWallUnderCrosshair,,,,"only 0 valid depth samples under crosshair (0 no-data, 373 out-of-range, 68 low-confidence)",0,,,None,Unavailable,NoWallInView,,,,-1.00092614,0.8567871,0.08806409,0.008334559,-0.1011321,-0.008302451,0.9948035,0,0,0,0,0,0,283658.115497606,283658.115497606,0.037103125010617077
20.35705931645111,d62bf83a,SessionTracking,Tracking,30.0666447,30.37129,1,0.028641510987654328,0.9636111,6.40875,1,160x90 DepthUint16,"centre=8029 min=571 max=30349 hex=1CE6 0A0F 1F5D 27CF 2067","centre=9563 min=6912 max=18855 hex=23A7 249C 255B 27EE 1E22",0,0,0,,0,,,None,Unavailable,NoWallUnderCrosshair,,,,"only 0 valid depth samples under crosshair (0 no-data, 333 out-of-range, 108 low-confidence)",0,,,None,Unavailable,NoWallInView,,,,-0.998535,0.857102036,0.08749853,0.008907724,-0.0956143141,-0.008363694,0.995343447,0,0,0,0,0,0,283658.14882469,283658.14882469,0.028542499989271164
20.388533118475376,d62bf83a,SessionTracking,Tracking,30.06675,30.37129,1,0.030840886000078171,0.9618056,6.143472,1,160x90 DepthUint16,"centre=8909 min=582 max=30292 hex=1CA5 0440 22CD 28F2 13A2","centre=9551 min=6871 max=19288 hex=22F2 2414 254F 27B4 1D9F",0,0,0,,0,,,None,Unavailable,NoWallUnderCrosshair,,,,"only 0 valid depth samples under crosshair (0 no-data, 335 out-of-range, 106 low-confidence)",0,,,None,Unavailable,NoWallInView,,,,-0.9962047,0.857356369,0.08705299,0.009556488,-0.08919614,-0.008312703,0.9959336,0,0,0,0,0,0,283658.182151773,283658.182151773,0.030726406024768949
20.420927441478621,d62bf83a,SessionTracking,Tracking,30.06645,30.37129,1,0.031793177011422813,0.955208361,6.37152767,1,160x90 DepthUint16,"centre=8248 min=591 max=30289 hex=091C 05A4 2038 2A50 1957","centre=9629 min=7154 max=18972 hex=247C 252C 259D 27BF 1FCC",0,0,0,,0,,,None,Unavailable,NoWallUnderCrosshair,,,,"only 0 valid depth samples under crosshair (0 no-data, 357 out-of-range, 84 low-confidence)",0,,,None,Unavailable,NoWallInView,,,,-0.9863919,0.854077339,0.0950579941,0.0105600208,-0.08586122,-0.00796023,0.9962194,0,0,0,0,0,0,283658.21518454904,283658.21518454904,0.031729479000205174
20.453036920461951,d62bf83a,SessionTracking,Tracking,30.06876,30.37129,1,0.030925364990253,0.9658333,5.97333336,1,160x90 DepthUint16,"centre=8176 min=593 max=30256 hex=0852 1464 1FF0 2A0A 1F7C","centre=9720 min=7004 max=18703 hex=2584 25FD 25F8 2774 1F42",0,0,0,,0,,,None,Unavailable,NoWallUnderCrosshair,,,,"only 0 valid depth samples under crosshair (0 no-data, 322 out-of-range, 119 low-confidence)",0,,,None,Unavailable,NoWallInView,,,,-0.983360767,0.854249537,0.09482197,0.0112632513,-0.08145182,-0.008543879,0.996577,0,0,0,0,0,0,283658.248511633,283658.248511633,0.030798646010225639
20.492858691464559,d62bf83a,SessionTracking,Tracking,30.0667152,30.37129,1,0.035105209011817351,0.9627778,6.01909733,1,160x90 DepthUint16,"centre=8429 min=594 max=30222 hex=0A42 148A 20ED 2A05 20B5","centre=9801 min=6887 max=18498 hex=264A 2688 2649 274D 1ECE",0,0,0,,0,,,None,Unavailable,NoWallUnderCrosshair,,,,"only 0 valid depth samples under crosshair (0 no-data, 317 out-of-range, 124 low-confidence)",0,,,None,Unavailable,NoWallInView,,,,-0.9801578,0.8544041,0.09472349,0.0119601274,-0.0772834048,-0.00917199347,0.996895254,0,0,0,0,0,0,283658.281838716,283658.281838716,0.034954531991388649
20.522899524457667,d62bf83a,SessionTracking,Tracking,30.0670052,30.37129,1,0.028977916983421892,0.955208361,6.16256952,1,160x90 DepthUint16,"centre=7812 min=592 max=30205 hex=08DE 1462 1E84 289D 1E31","centre=9879 min=6914 max=10886 hex=265D 26B9 2697 2729 1EC9",0,0,0,,0,,,None,Unavailable,NoWallUnderCrosshair,,,,"only 0 valid depth samples under crosshair (1 no-data, 308 out-of-range, 132 low-confidence)",0,,,None,Unavailable,NoWallInView,,,,-0.9807573,0.8527589,0.0962872952,0.0125959134,-0.07363974,-0.009196908,0.997163,0,0,0,0,0,0,283658.315014182,283658.315014182,0.028858957986813039
20.554292805467181,d62bf83a,SessionTracking,Tracking,30.0665169,30.37129,1,0.030895781004801393,0.9679861,5.67534733,1,160x90 DepthUint16,"centre=8153 min=592 max=30186 hex=06F9 0800 1FD9 1732 19A9","centre=9868 min=7006 max=10889 hex=2637 2692 268C 2708 1F18",0,0,0,,0,,,None,Unavailable,NoWallUnderCrosshair,,,,"only 0 valid depth samples under crosshair (0 no-data, 286 out-of-range, 155 low-confidence)",0,,,None,Unavailable,NoWallInView,,,,-0.9771896,0.8529131,0.09625552,0.01343147,-0.07030686,-0.009530307,0.9973895,0,0,0,0,0,0,283658.34834126604,283658.34834126604,0.030851666000671685
20.587791087458523,d62bf83a,SessionTracking,Tracking,30.0647316,30.37129,1,0.032966355007374659,0.9629167,5.8922224,1,160x90 DepthUint16,"centre=2692 min=593 max=30165 hex=07BD 03B9 0A84 1662 22B3","centre=9888 min=7004 max=11003 hex=2689 26D9 26A0 26F2 1F3F",0,0,0,,0,,,None,Unavailable,NoWallUnderCrosshair,,,,"only 0 valid depth samples under crosshair (0 no-data, 290 out-of-range, 151 low-confidence)",0,,,None,Unavailable,NoWallInView,,,,-0.973467946,0.8530993,0.0961914,0.0140617862,-0.06723563,-0.009872586,0.997589231,0,0,0,0,0,0,283658.38141153,283658.38141153,0.032919479999691248
20.618837962454332,d62bf83a,SessionTracking,Tracking,30.0664864,30.37129,1,0.030403020995436236,0.946805537,5.93479156,1,160x90 DepthUint16,"centre=9391 min=578 max=30104 hex=1BA2 15FB 24AF 2931 230C","centre=9869 min=6510 max=20433 hex=2675 26AF 268D 2722 1DCB",0,0,0,,0,,,None,Unavailable,NoWallUnderCrosshair,,,,"only 0 valid depth samples under crosshair (3 no-data, 299 out-of-range, 139 low-confidence)",0,,,None,Unavailable,NoWallInView,,,,-0.9838108,0.8516847,0.0998508856,0.0143907508,-0.0617618077,-0.009644986,0.9979406,0,0,0,0,0,0,283658.41483403504,283658.41483403504,0.030358385993167758
20.650046399477784,d62bf83a,SessionTracking,Tracking,30.0655441,30.37129,1,0.030676042020786554,0.9492361,5.444375,1,160x90 DepthUint16,"centre=9902 min=608 max=30066 hex=133E 0D92 26AE 284B 22B9","centre=9973 min=6745 max=17340 hex=26CF 26F6 26F5 2700 1E61",0,0,0,,0,,,None,Unavailable,NoWallUnderCrosshair,,,,"only 0 valid depth samples under crosshair (0 no-data, 275 out-of-range, 166 low-confidence)",0,,,None,Unavailable,NoWallInView,,,,-0.9802863,0.8518151,0.09997331,0.015124076,-0.0577465259,-0.0100207934,0.998166442,0,0,0,0,0,0,283658.448161119,283658.448161119,0.030631042027380317
20.681417857474795,d62bf83a,SessionTracking,Tracking,30.0654869,30.37129,1,0.030800521024502814,0.9479167,5.69493055,1,160x90 DepthUint16,"centre=10151 min=622 max=30043 hex=088B 0816 27A7 27C9 2249","centre=9831 min=6833 max=18600 hex=2644 2673 2667 2696 1E9E",0,0,0,,0,,,None,Unavailable,NoWallUnderCrosshair,,,,"only 0 valid depth samples under crosshair (0 no-data, 284 out-of-range, 157 low-confidence)",0,,,None,Unavailable,NoWallInView,,,,-0.9763999,0.8519605,0.100146309,0.0158493984,-0.0547204055,-0.0105492482,0.9983202,0,0,0,0,0,0,283658.481488202,283658.481488202,0.03075682302005589
20.718225097461751,d62bf83a,SessionTracking,Tracking,30.0656013,30.37129,1,0.0361782289983239,0.923958361,5.82930565,1,160x90 DepthUint16,"centre=10276 min=583 max=30002 hex=04D3 06E1 2824 26A3 2199","centre=9806 min=4714 max=21140 hex=2609 25EC 264E 2630 2632",0,0,0,,0,,,None,Unavailable,NoWallUnderCrosshair,,,,"only 0 valid depth samples under crosshair (9 no-data, 292 out-of-range, 140 low-confidence)",0,,,None,Unavailable,NoWallInView,,,,-0.9682895,0.84926033,0.115958735,0.0166452136,-0.0552133545,-0.009803415,0.998287737,0,0,0,0,0,0,283658.514923073,283658.514923073,0.03613390598911792
20.749461711475075,d62bf83a,SessionTracking,Tracking,30.0661259,30.37129,1,0.030673697008751333,0.9492361,4.91756964,1,160x90 DepthUint16,"centre=10283 min=488 max=29886 hex=0DC4 14A1 282B 1953 215D","centre=9780 min=4567 max=20438 hex=2635 261E 2634 25A3 23EB",0,0,0,,0,,,None,Unavailable,NoWallUnderCrosshair,,,,"only 0 valid depth samples under crosshair (2 no-data, 248 out-of-range, 191 low-confidence)",0,,,None,Unavailable,NoWallInView,,,,-0.965122044,0.849390745,0.116395563,0.0170542486,-0.051004637,-0.0100557208,0.9985022,0,0,0,0,0,0,283658.54825015704,283658.54825015704,0.030628072010586038
20.790577805458948,d62bf83a,SessionTracking,Tracking,30.0660629,30.37129,1,0.040544010000303388,0.9436111,5.01881933,1,160x90 DepthUint16,"centre=10313 min=600 max=29723 hex=0BCC 1690 2849 1A7F 21A5","centre=9841 min=4757 max=18202 hex=266B 2664 2671 25CC 2330",0,0,0,,0,,,None,Unavailable,NoWallUnderCrosshair,,,,"only 0 valid depth samples under crosshair (2 no-data, 249 out-of-range, 190 low-confidence)",0,,,None,Unavailable,NoWallInView,,,,-0.961888433,0.8495498,0.116845168,0.0170920845,-0.04672336,-0.0104272673,0.998707235,0,0,0,0,0,0,283658.58157724,283658.58157724,0.040498540998669341
20.834999472459227,d62bf83a,SessionTracking,Tracking,30.0660248,30.37129,1,0.0437928129977081,0.9259028,5.62375,1,160x90 DepthUint16,"centre=10354 min=586 max=29591 hex=0930 0C9D 2872 28D9 22E1","centre=9666 min=4285 max=15048 hex=2619 2602 25C2 2501 2271",0,0,0,,0,,,None,Unavailable,NoWallUnderCrosshair,,,,"only 0 valid depth samples under crosshair (9 no-data, 237 out-of-range, 195 low-confidence)",0,,,None,Unavailable,NoWallInView,,,,-0.9645822,0.8494445,0.118820012,0.0169680379,-0.0435448475,-0.009585501,0.9988614,0,0,0,0,0,0,283658.61486990604,283658.61486990604,0.043746249983087182
20.853856139470505,d62bf83a,SessionTracking,Tracking,30.0645638,30.37129,1,0.016800209006760269,0.953611135,4.86368036,1,160x90 DepthUint16,"centre=10339 min=622 max=30449 hex=0769 0C70 2863 288A 22FF","centre=9586 min=4019 max=14572 hex=25DE 25CF 2572 249F 2285",0,0,0,,0,,,None,Unavailable,NoWallUnderCrosshair,,,,"only 0 valid depth samples under crosshair (1 no-data, 249 out-of-range, 191 low-confidence)",0,,,None,Unavailable,NoWallInView,,,,-0.9616294,0.8495747,0.119328134,0.016833622,-0.03992923,-0.009777785,0.9990129,0,0,0,0,0,0,283658.64819699,283658.64819699,0.016756302997237071
20.885496191451008,d62bf83a,SessionTracking,Tracking,30.0640717,30.37129,1,0.031107187998713925,0.9504861,4.96868038,1,160x90 DepthUint16,"centre=10267 min=585 max=29455 hex=0580 1C10 281B 28A9 2351","centre=9638 min=3971 max=14150 hex=25FD 2611 25A6 247C 2142",0,0,0,,0,,,None,Unavailable,NoWallUnderCrosshair,,,,"only 0 valid depth samples under crosshair (1 no-data, 226 out-of-range, 214 low-confidence)",0,,,None,Unavailable,NoWallInView,,,,-0.958851457,0.849726439,0.119869195,0.0172305368,-0.0351278,-0.009774537,0.9991865,0,0,0,0,0,0,283658.681524073,283658.681524073,0.031061926973052323
20.9214272844581,d62bf83a,SessionTracking,Tracking,30.0664864,30.37129,1,0.03532119799638167,0.9425,5.22756958,1,160x90 DepthUint16,"centre=9390 min=629 max=28689 hex=0A93 14B8 24AE 28C1 2714","centre=9661 min=4398 max=10229 hex=25C4 2631 25BD 2432 1E70",0,0,0,,0,,,None,Unavailable,NoWallUnderCrosshair,,,,"only 0 valid depth samples under crosshair (4 no-data, 229 out-of-range, 208 low-confidence)",0,,,None,Unavailable,NoWallInView,,,,-0.9673796,0.8483573,0.122435041,0.017631311,-0.0300509,-0.008689642,0.9993551,0,0,0,0,0,0,283658.71465483104,283658.71465483104,0.035276092996355146
20.9529615554527,d62bf83a,SessionTracking,Tracking,30.065321,30.37129,1,0.027860780974151567,0.9601389,5.303889,1,160x90 DepthUint16,"centre=6656 min=629 max=28847 hex=1BFB 241B 1A00 28C8 274B","centre=9617 min=3977 max=10009 hex=25F1 2646 2591 2413 1D34",0,0,0,,0,,,None,Unavailable,NoWallUnderCrosshair,,,,"only 0 valid depth samples under crosshair (0 no-data, 233 out-of-range, 208 low-confidence)",0,,,None,Unavailable,NoWallInView,,,,-0.965064,0.848178,0.123187862,0.0169452578,-0.0255278386,-0.009033322,0.999489665,0,0,0,0,0,0,283658.747981915,283658.747981915,0.027817811991553754
20.983771503469821,d62bf83a,SessionTracking,Tracking,30.0662537,30.37129,1,0.030253177013946697,0.9559722,5.049028,1,160x90 DepthUint16,"centre=3417 min=629 max=27789 hex=19E5 226C 0D59 27A0 27A4","centre=9612 min=3851 max=10023 hex=263A 267B 258C 2358 1CC6",0,0,0,,0,,,None,Unavailable,NoWallUnderCrosshair,,,,"only 0 valid depth samples under crosshair (0 no-data, 215 out-of-range, 226 low-confidence)",0,,,None,Unavailable,NoWallInView,,,,-0.962672532,0.848060966,0.123899385,0.01612132,-0.0212014578,-0.009263068,0.9996023,0,0,0,0,0,0,283658.781308998,283658.781308998,0.03020599001320079
21.024827441465956,d62bf83a,SessionTracking,Tracking,30.0662937,30.37129,1,0.040485625009750947,0.944305539,4.992639,1,160x90 DepthUint16,"centre=1551 min=647 max=26094 hex=099F 1F37 060F 24D5 2756","centre=9364 min=3407 max=9875 hex=2568 25B8 2494 229C 1DBA",0,0,0,,0,,,None,Unavailable,NoWallUnderCrosshair,,,,"only 0 valid depth samples under crosshair (0 no-data, 209 out-of-range, 232 low-confidence)",0,,,None,Unavailable,NoWallInView,,,,-0.9679201,0.8462911,0.124971777,0.0151890889,-0.0170319416,-0.008615912,0.9997025,0,0,0,0,0,0,283658.814440539,283658.814440539,0.040440365002723411
21.053932128477523,d62bf83a,SessionTracking,Tracking,30.0669212,30.37129,1,0.028232812008354813,0.9592361,4.557361,1,160x90 DepthUint16,"centre=1389 min=581 max=24496 hex=0735 1E0D 056D 24FD 2780","centre=9441 min=3370 max=9829 hex=2576 25D4 24E1 232B 1D9C",0,0,0,,0,,,None,Unavailable,NoWallUnderCrosshair,,,,"only 0 valid depth samples under crosshair (0 no-data, 206 out-of-range, 235 low-confidence)",0,,,None,Unavailable,NoWallInView,,,,-0.965660334,0.846169353,0.125653133,0.01427647,-0.0136668636,-0.009097905,0.9997633,0,0,0,0,0,0,283658.847767623,283658.847767623,0.028163125010905787
21.084550513452765,d62bf83a,SessionTracking,Tracking,30.0660553,30.37129,1,0.030102238990366459,0.9538889,4.79680538,1,160x90 DepthUint16,"centre=1510 min=586 max=24426 hex=0590 1B70 05E6 23B5 27D7","centre=9368 min=3411 max=9806 hex=24CC 2561 2498 22FC 1D37",0,0,0,,0,,,None,Unavailable,NoWallUnderCrosshair,,,,"only 0 valid depth samples under crosshair (0 no-data, 195 out-of-range, 246 low-confidence)",0,,,None,Unavailable,NoWallInView,,,,-0.9633166,0.846083164,0.12634027,0.0133676967,-0.0107767871,-0.009381086,0.99980855,0,0,0,0,0,0,283658.881094706,283658.881094706,0.030060571996727958
21.117675253455442,d62bf83a,SessionTracking,Tracking,30.067049,30.37129,1,0.032505520997801796,0.942986131,4.62694454,1,160x90 DepthUint16,"centre=8454 min=587 max=24557 hex=04C0 0F7D 2106 2274 28F1","centre=9314 min=3673 max=9810 hex=24E8 2576 2462 2244 1B05",0,0,0,,0,,,None,Unavailable,NoWallUnderCrosshair,,,,"only 0 valid depth samples under crosshair (0 no-data, 179 out-of-range, 262 low-confidence)",0,,,None,Unavailable,NoWallInView,,,,-0.96805954,0.8456511,0.124417052,0.0128274551,-0.00742185861,-0.00861582253,0.9998531,0,0,0,0,0,0,283658.914342154,283658.914342154,0.032463332987390459
21.153175149465593,d62bf83a,SessionTracking,Tracking,30.0661469,30.37129,1,0.034584792010718957,0.955138862,4.744097,1,160x90 DepthUint16,"centre=12601 min=586 max=24599 hex=04C0 0E5C 3139 22D4 2965","centre=9398 min=3633 max=9810 hex=24F5 257C 24B6 2386 1C0C",0,0,0,,0,,,None,Unavailable,NoWallUnderCrosshair,,,,"only 0 valid depth samples under crosshair (0 no-data, 162 out-of-range, 279 low-confidence)",0,,,None,Unavailable,NoWallInView,,,,-0.9662278,0.8455251,0.125166416,0.0122508574,-0.004435562,-0.00867042,0.9998776,0,0,0,0,0,0,283658.947669238,283658.947669238,0.034543958987342194
21.184481034466213,d62bf83a,SessionTracking,Tracking,30.06598,30.05945,1,0.030828073009615764,0.9479167,5.027153,1,160x90 DepthUint16,"centre=12339 min=583 max=25027 hex=35EE 0D82 3033 22E4 29E6","centre=9440 min=3709 max=9779 hex=2592 25E8 24E0 2369 1B44",0,0,0,,0,,,None,Unavailable,NoWallUnderCrosshair,,,,"only 0 valid depth samples under crosshair (0 no-data, 170 out-of-range, 271 low-confidence)",0,,,None,Unavailable,NoWallInView,,,,-0.964385569,0.84545815,0.12610206,0.0123361461,-0.00148387579,-0.00872907,0.9998847,0,0,0,0,0,0,283658.980996321,283658.980996321,0.030786301998887211
21.216643065450395,d62bf83a,SessionTracking,Tracking,30.06587,30.05945,1,0.031656978972023353,0.9377083,5.01659727,1,160x90 DepthUint16,"centre=10811 min=594 max=25549 hex=220C 15FB 2A3B 20B4 2A11","centre=9390 min=3344 max=9800 hex=250B 259A 24AE 2391 1BD9",0,0,0,,0,,,None,Unavailable,NoWallUnderCrosshair,,,,"only 0 valid depth samples under crosshair (0 no-data, 171 out-of-range, 270 low-confidence)",0,,,None,Unavailable,NoWallInView,,,,-0.967845857,0.844267368,0.125486568,0.011892166,0.0006711521,-0.008149982,0.9998959,0,0,0,0,0,0,283659.014348364,283659.014348364,0.031617082975571975
21.255758951450613,d62bf83a,SessionTracking,Tracking,30.0656013,30.05945,1,0.038568176998523995,0.949375,4.91430569,1,160x90 DepthUint16,"centre=7492 min=485 max=23102 hex=1C93 1517 1D44 2170 2D2B","centre=9463 min=3289 max=9855 hex=248D 2597 24F7 23C2 1BFB",0,0,0,,0,,,None,Unavailable,NoWallUnderCrosshair,,,,"only 0 valid depth samples under crosshair (0 no-data, 144 out-of-range, 297 low-confidence)",0,,,None,Unavailable,NoWallInView,,,,-0.9664959,0.8440604,0.126438379,0.0118865175,0.00391065236,-0.008485348,0.999885738,0,0,0,0,0,0,283659.047675448,283659.047675448,0.038527135999174789
21.286929055469724,d62bf83a,SessionTracking,Tracking,30.0657253,30.05945,1,0.030460052017588168,0.9472917,4.831389,1,160x90 DepthUint16,"centre=5627 min=535 max=22094 hex=12DB 0F78 15FB 25C0 2A55","centre=9334 min=3189 max=9796 hex=2468 2547 2476 2324 1C10",0,0,0,,0,,,None,Unavailable,NoWallUnderCrosshair,,,,"only 0 valid depth samples under crosshair (0 no-data, 135 out-of-range, 306 low-confidence)",0,,,None,Unavailable,NoWallInView,,,,-0.9651202,0.843923569,0.127618164,0.0125222644,0.006756316,-0.00890419,0.999859154,0,0,0,0,0,0,283659.081002531,283659.081002531,0.030384479003259912
21.318412128460974,d62bf83a,SessionTracking,Tracking,30.066658,30.05945,1,0.030926874984288588,0.94416666,4.878264,1,160x90 DepthUint16,"centre=4768 min=635 max=23451 hex=0508 066C 12A0 25D1 2448","centre=9280 min=3238 max=9696 hex=2551 2593 2440 2201 1957",0,0,0,,0,,,None,Unavailable,NoWallUnderCrosshair,,,,"only 0 valid depth samples under crosshair (0 no-data, 139 out-of-range, 302 low-confidence)",0,,,None,Unavailable,NoWallInView,,,,-0.967610657,0.8429511,0.1291697,0.013106606,0.008824217,-0.008856624,0.999835968,0,0,0,0,0,0,283659.114385885,283659.114385885,0.030874166986905038
21.360078899455171,d62bf83a,SessionTracking,Tracking,30.0667934,30.05945,1,0.040921459003584459,0.951875,4.82479143,1,160x90 DepthUint16,"centre=4844 min=357 max=22609 hex=0471 0610 12EC 286D 167A","centre=8999 min=2993 max=9598 hex=2388 2424 2327 2114 1650",0,0,0,,0,,,None,Unavailable,NoWallUnderCrosshair,,,,"only 0 valid depth samples under crosshair (0 no-data, 163 out-of-range, 278 low-confidence)",0,,,None,Unavailable,NoWallInView,,,,-0.9665397,0.842689633,0.130216166,0.0128997443,0.0110308407,-0.00924623,0.9998132,0,0,0,0,0,0,283659.14771296905,283659.14771296905,0.040858958993339911
21.390737961457258,d62bf83a,SessionTracking,Tracking,30.0676956,30.05945,1,0.029642707988386974,0.94875,4.94666672,1,160x90 DepthUint16,"centre=6893 min=355 max=22324 hex=045D 0543 1AED 2893 12AD","centre=8931 min=3004 max=9587 hex=2349 23ED 22E3 2133 1746",0,0,0,,0,,,None,Unavailable,NoWallUnderCrosshair,,,,"only 0 valid depth samples under crosshair (0 no-data, 138 out-of-range, 303 low-confidence)",0,,,None,Unavailable,NoWallInView,,,,-0.965707839,0.8424833,0.1312297,0.0131354425,0.01438746,-0.009327978,0.9997667,0,0,0,0,0,0,283659.18104005203,283659.18104005203,0.029516718990635127
21.420889003467661,d62bf83a,SessionTracking,Tracking,30.0662613,30.05945,1,0.029109688010066748,0.946041644,4.801875,1,160x90 DepthUint16,"centre=9013 min=399 max=22578 hex=0457 05F5 2335 1FA3 12FB","centre=8809 min=3374 max=9602 hex=22C0 234E 2269 208D 15C0",0,0,0,,0,,,None,Unavailable,NoWallUnderCrosshair,,,,"only 0 valid depth samples under crosshair (0 no-data, 144 out-of-range, 297 low-confidence)",0,,,None,Unavailable,NoWallInView,,,,-0.965753734,0.8474569,0.1389046,0.0139299668,0.019504942,-0.010140419,0.9996613,0,0,0,0,0,0,283659.214056599,283659.214056599,0.029067916999338195
21.452579472479325,d62bf83a,SessionTracking,Tracking,30.0677738,30.05945,1,0.031020000024000183,0.940625,4.81854153,1,160x90 DepthUint16,"centre=3714 min=431 max=21992 hex=1825 06EB 0E82 2767 1A9D","centre=8953 min=3614 max=9662 hex=2346 23F8 22F9 2114 169B",0,0,0,,0,,,None,Unavailable,NoWallUnderCrosshair,,,,"only 0 valid depth samples under crosshair (0 no-data, 166 out-of-range, 275 low-confidence)",0,,,None,Unavailable,NoWallInView,,,,-0.965338767,0.8472234,0.1401535,0.0132733565,0.0239281263,-0.0103489757,0.999572,0,0,0,0,0,0,283659.247383683,283659.247383683,0.030977865011664107
21.4885614514676,d62bf83a,SessionTracking,Tracking,30.06645,30.05945,1,0.03520468799979426,0.932916641,4.53805542,1,160x90 DepthUint16,"centre=3627 min=453 max=21418 hex=1C46 0933 0E2B 2686 2787","centre=9015 min=3662 max=9627 hex=22EA 23D6 2337 2165 1619",0,0,0,,0,,,None,Unavailable,NoWallUnderCrosshair,,,,"only 0 valid depth samples under crosshair (0 no-data, 129 out-of-range, 312 low-confidence)",0,,,None,Unavailable,NoWallInView,,,,-0.9648215,0.8471031,0.141566262,0.0133883674,0.0274108443,-0.0107169151,0.999477148,0,0,0,0,0,0,283659.28071076603,283659.28071076603,0.035118802014039829
21.519547701467442,d62bf83a,SessionTracking,Tracking,30.0670834,30.05945,1,0.030212551995646209,0.923194468,4.53326368,1,160x90 DepthUint16,"centre=1227 min=503 max=21811 hex=1C39 04FB 04CB 2318 22CB","centre=9064 min=3722 max=9530 hex=2330 2419 2368 21C6 1527",0,0,0,,0,,,None,Unavailable,NoWallUnderCrosshair,,,,"only 0 valid depth samples under crosshair (0 no-data, 147 out-of-range, 294 low-confidence)",0,,,None,Unavailable,NoWallInView,,,,-0.96699506,0.8503704,0.141871989,0.0137994885,0.0299427081,-0.0110155065,0.999395669,0,0,0,0,0,0,283659.314106696,283659.314106696,0.030156822991557419
21.551255878471917,d62bf83a,SessionTracking,Tracking,30.0674152,30.05945,1,0.031165209016762674,0.929444432,4.762778,1,160x90 DepthUint16,"centre=985 min=638 max=20852 hex=129B 04FD 03D9 251C 0699","centre=8844 min=2547 max=9595 hex=2268 235F 228C 1FB1 0D70",0,0,0,,0,,,None,Unavailable,NoWallUnderCrosshair,,,,"only 0 valid depth samples under crosshair (0 no-data, 118 out-of-range, 323 low-confidence)",0,,,None,Unavailable,NoWallInView,,,,-0.966756463,0.8505198,0.143303961,0.0140608186,0.0325944647,-0.010956795,0.9993097,0,0,0,0,0,0,283659.34743378,283659.34743378,0.031120261002797633
21.587911347454561,d62bf83a,SessionTracking,Tracking,30.0682678,30.05945,1,0.036157239985186607,0.917916656,5.43076372,1,160x90 DepthUint16,"centre=3511 min=637 max=21013 hex=129B 05F7 0DB7 2499 2168","centre=9166 min=2483 max=9585 hex=23C2 248D 23CE 20ED 0D37",0,0,0,,0,,,None,Unavailable,NoWallUnderCrosshair,,,,"only 0 valid depth samples under crosshair (0 no-data, 152 out-of-range, 289 low-confidence)",0,,,None,Unavailable,NoWallInView,,,,-0.966380537,0.850660563,0.1447294,0.0138103971,0.0345525257,-0.0108436951,0.9992486,0,0,0,0,0,0,283659.380760863,283659.380760863,0.036118645977694541
21.619645461472597,d62bf83a,SessionTracking,Tracking,30.06646,30.05945,1,0.031129896000493318,0.903819442,4.976736,1,160x90 DepthUint16,"centre=5953 min=730 max=20983 hex=0F37 05E8 1741 23F6 267E","centre=9052 min=2428 max=9557 hex=236B 2425 235C 205D 0D51",0,0,0,,0,,,None,Unavailable,NoWallUnderCrosshair,,,,"only 0 valid depth samples under crosshair (1 no-data, 160 out-of-range, 280 low-confidence)",0,,,None,Unavailable,NoWallInView,,,,-0.969639,0.8565438,0.1384477,0.0142569169,0.0356762521,-0.0104506621,0.9992071,0,0,0,0,0,0,283659.41386498004,283659.41386498004,0.031068229000084102
21.651105409462385,d62bf83a,SessionTracking,Tracking,30.0667763,30.05945,1,0.030858854006510228,0.910208344,4.866597,1,160x90 DepthUint16,"centre=9275 min=714 max=22917 hex=0D0F 05E2 243B 23C3 29B1","centre=8926 min=2265 max=9521 hex=22EF 239F 22DE 1FF7 0BB9",0,0,0,,0,,,None,Unavailable,NoWallUnderCrosshair,,,,"only 0 valid depth samples under crosshair (0 no-data, 176 out-of-range, 265 low-confidence)",0,,,None,Unavailable,NoWallInView,,,,-0.9701184,0.856969833,0.139365137,0.0141896354,0.0379103273,-0.0105724931,0.999124467,0,0,0,0,0,0,283659.447192064,283659.447192064,0.030801041983067989
21.682549003456867,d62bf83a,SessionTracking,Tracking,30.0656853,30.05945,1,0.030743801995413378,0.900555551,4.646042,1,160x90 DepthUint16,"centre=8249 min=713 max=22594 hex=0CE7 05DC 2039 237C 2996","centre=9036 min=2114 max=9426 hex=23F6 2488 234C 1F9F 0B77",0,0,0,,0,,,None,Unavailable,NoWallUnderCrosshair,,,,"only 0 valid depth samples under crosshair (0 no-data, 156 out-of-range, 285 low-confidence)",0,,,None,Unavailable,NoWallInView,,,,-0.970736146,0.8573897,0.140321419,0.0141184218,0.0403053,-0.0106807947,0.9990306,0,0,0,0,0,0,283659.480519147,283659.480519147,0.030691719002788886
21.722008222455539,d62bf83a,SessionTracking,Tracking,30.0665245,30.05945,1,0.038915468991035596,0.900555551,4.356111,1,160x90 DepthUint16,"centre=9571 min=690 max=21606 hex=0BC8 03CA 2563 234A 293E","centre=8737 min=2225 max=9481 hex=21CC 22AC 2221 1F6C 0C0D",0,0,0,,0,,,None,Unavailable,NoWallUnderCrosshair,,,,"only 0 valid depth samples under crosshair (0 no-data, 150 out-of-range, 291 low-confidence)",0,,,None,Unavailable,NoWallInView,,,,-0.965366244,0.8545857,0.151850626,0.014049531,0.04182869,-0.0112278759,0.998963,0,0,0,0,0,0,283659.513276559,283659.513276559,0.038873385987244546
21.754595669455508,d62bf83a,SessionTracking,Tracking,30.06452,30.05945,1,0.031780780991539359,0.9025695,4.632292,1,160x90 DepthUint16,"centre=9564 min=688 max=22818 hex=0A4C 0410 255C 2395 257F","centre=9008 min=2021 max=9368 hex=23BE 245B 2330 1F58 0B94",0,0,0,,0,,,None,Unavailable,NoWallUnderCrosshair,,,,"only 0 valid depth samples under crosshair (0 no-data, 202 out-of-range, 239 low-confidence)",0,,,None,Unavailable,NoWallInView,,,,-0.9655859,0.8549017,0.153315321,0.0140294563,0.0432323627,-0.0112845022,0.998902857,0,0,0,0,0,0,283659.54660364304,283659.54660364304,0.031690988980699331
21.785634576462822,d62bf83a,SessionTracking,Tracking,30.0664234,30.05945,1,0.030221927008824423,0.9025695,4.265347,1,160x90 DepthUint16,"centre=9089 min=703 max=21321 hex=0A4A 0410 2381 23C3 2014","centre=8794 min=2215 max=9337 hex=2294 2339 225A 1F26 0C41",0,0,0,,0,,,None,Unavailable,NoWallUnderCrosshair,,,,"only 0 valid depth samples under crosshair (0 no-data, 169 out-of-range, 272 low-confidence)",0,,,None,Unavailable,NoWallInView,,,,-0.9658582,0.855196357,0.154793441,0.014145337,0.0446002036,-0.011360378,0.998840153,0,0,0,0,0,0,283659.57993072603,283659.57993072603,0.03013989600003697
21.820149836453989,d62bf83a,SessionTracking,Tracking,30.065052,30.05945,1,0.033855416986625642,0.8938889,4.255903,1,160x90 DepthUint16,"centre=8702 min=668 max=21767 hex=0A0F 08FB 21FE 241D 0DE0","centre=8820 min=2325 max=9388 hex=2241 233E 2274 1EFD 0C26",0,0,0,,0,,,None,Unavailable,NoWallUnderCrosshair,,,,"only 0 valid depth samples under crosshair (0 no-data, 162 out-of-range, 279 low-confidence)",0,,,None,Unavailable,NoWallInView,,,,-0.963574946,0.852191567,0.159764469,0.01385753,0.0459239371,-0.0119332355,0.9987775,0,0,0,0,0,0,283659.613121934,283659.613121934,0.033812447974924
21.852028638477119,d62bf83a,SessionTracking,Tracking,30.0658054,30.05945,1,0.031380781001644209,0.8968056,3.91763878,1,160x90 DepthUint16,"centre=8840 min=655 max=21704 hex=092B 0856 2288 1F31 0553","centre=8849 min=2446 max=9334 hex=22E5 2371 2291 1F48 0D09",0,0,0,,0,,,None,Unavailable,NoWallUnderCrosshair,,,,"only 0 valid depth samples under crosshair (0 no-data, 169 out-of-range, 272 low-confidence)",0,,,None,Unavailable,NoWallInView,,,,-0.9639108,0.852365,0.161522329,0.0140825734,0.04794787,-0.0123417992,0.998674333,0,0,0,0,0,0,283659.64644901804,283659.64644901804,0.031341198016889393
21.8829494714771,d62bf83a,SessionTracking,Tracking,30.0649166,30.05945,1,0.030041718011489138,0.8965972,3.560486,1,160x90 DepthUint16,"centre=8732 min=655 max=21758 hex=0929 090E 221C 1F30 057F","centre=8713 min=2453 max=9301 hex=21AD 2298 2209 1F11 0D0C",0,0,0,,0,,,None,Unavailable,NoWallUnderCrosshair,,,,"only 0 valid depth samples under crosshair (0 no-data, 160 out-of-range, 281 low-confidence)",0,,,None,Unavailable,NoWallInView,,,,-0.9643554,0.852575839,0.163373679,0.0143414382,0.0500113964,-0.0124988575,0.998567462,0,0,0,0,0,0,283659.679776101,283659.679776101,0.02992156200343743
21.926841711454241,d62bf83a,SessionTracking,Tracking,30.0645638,30.05945,1,0.043235155986621976,0.8858333,3.825,1,160x90 DepthUint16,"centre=8553 min=645 max=21708 hex=0A31 08F7 2169 0566 05B7","centre=8700 min=2517 max=9329 hex=21AB 2273 21FC 1F63 0D61",0,0,0,,0,,,None,Unavailable,NoWallUnderCrosshair,,,,"only 0 valid depth samples under crosshair (0 no-data, 174 out-of-range, 267 low-confidence)",0,,,None,Unavailable,NoWallInView,,,,-0.963378131,0.8510517,0.1653871,0.0143271266,0.0525366627,-0.01263699,0.9984363,0,0,0,0,0,0,283659.713260859,283659.713260859,0.043184114998439327
21.957559367470591,d62bf83a,SessionTracking,Tracking,30.0623112,30.05945,1,0.026546875014901161,0.8873611,4.056736,1,160x90 DepthUint16,"centre=9422 min=641 max=22009 hex=0B41 0560 24CE 254A 048D","centre=8854 min=2301 max=9352 hex=226A 2332 2296 1FAB 0BEF",0,0,0,,0,,,None,Unavailable,NoWallUnderCrosshair,,,,"only 0 valid depth samples under crosshair (0 no-data, 202 out-of-range, 239 low-confidence)",0,,,None,Unavailable,NoWallInView,,,,-0.9636754,0.851282954,0.167225629,0.0142145976,0.05388517,-0.0128647685,0.9983631,0,0,0,0,0,0,283659.746587943,283659.746587943,0.026490729011129588
21.989159628461262,d62bf83a,SessionTracking,Tracking,30.06579,30.05945,1,0.027935521007748321,0.886666656,3.57368064,1,160x90 DepthUint16,"centre=9419 min=640 max=21918 hex=0AB0 046F 24CB 2571 0426","centre=8921 min=2352 max=9388 hex=2268 2366 22D9 1FB2 0C26",0,0,0,,0,,,None,Unavailable,NoWallUnderCrosshair,,,,"only 0 valid depth samples under crosshair (0 no-data, 190 out-of-range, 251 low-confidence)",0,,,None,Unavailable,NoWallInView,,,,-0.9642589,0.851552844,0.168982863,0.014240793,0.0564881451,-0.0127816508,0.9982199,0,0,0,0,0,0,283659.77991502604,283659.77991502604,0.027798802009783685
22.025555773466973,d62bf83a,SessionTracking,Tracking,30.0616646,30.05945,1,0.035490572015987709,0.8757639,3.593889,1,160x90 DepthUint16,"centre=8339 min=635 max=22011 hex=0B29 03F9 2093 257A 0504","centre=8936 min=2302 max=9381 hex=2258 2372 22E8 1FAC 0BF9",0,0,0,,0,,,None,Unavailable,NoWallUnderCrosshair,,,,"only 0 valid depth samples under crosshair (0 no-data, 204 out-of-range, 237 low-confidence)",0,,,None,Unavailable,NoWallInView,,,,-0.963919342,0.8511564,0.1705171,0.0143022295,0.05977661,-0.0126816332,0.998028755,0,0,0,0,0,0,283659.813326131,283659.813326131,0.035412291006650776
22.056953846451275,d62bf83a,SessionTracking,Tracking,30.0632076,30.05945,1,0.030665467988001183,0.864861131,3.66083336,1,160x90 DepthUint16,"centre=3725 min=633 max=22560 hex=0AFB 03EA 0E8D 25F5 04FC","centre=8853 min=2326 max=9340 hex=21BB 22EB 2295 1F83 0C00",0,0,0,,0,,,None,Unavailable,NoWallUnderCrosshair,,,,"only 0 valid depth samples under crosshair (0 no-data, 200 out-of-range, 241 low-confidence)",0,,,None,Unavailable,NoWallInView,,,,-0.964602,0.8513601,0.172342062,0.0144245215,0.06276289,-0.0127521753,0.9978428,0,0,0,0,0,0,283659.846653215,283659.846653215,0.030580780992750078
22.088243586451195,d62bf83a,SessionTracking,Tracking,30.0652637,30.05945,1,0.030592447990784422,0.865625,3.5867362,1,160x90 DepthUint16,"centre=3202 min=671 max=21884 hex=0AD0 03EC 0C82 25FF 0499","centre=8935 min=2153 max=9285 hex=224E 2361 22E7 1F90 0B3F",0,0,0,,0,,,None,Unavailable,NoWallUnderCrosshair,,,,"only 0 valid depth samples under crosshair (0 no-data, 218 out-of-range, 223 low-confidence)",0,,,None,Unavailable,NoWallInView,,,,-0.965242267,0.851524353,0.174172342,0.0143427188,0.0651675761,-0.012974144,0.9976869,0,0,0,0,0,0,283659.879980298,283659.879980298,0.030480728979455307
22.119589732468508,d62bf83a,SessionTracking,Tracking,30.06195,30.05945,1,0.030667240003822371,0.854652762,3.504861,1,160x90 DepthUint16,"centre=2960 min=671 max=22560 hex=0AAB 03F0 0B90 26A1 051C","centre=8626 min=2298 max=9253 hex=2116 21FD 21B2 1ECF 0C47",0,0,0,,0,,,None,Unavailable,NoWallUnderCrosshair,,,,"only 0 valid depth samples under crosshair (0 no-data, 196 out-of-range, 245 low-confidence)",0,,,None,Unavailable,NoWallInView,,,,-0.9649887,0.8511007,0.176105216,0.0145744113,0.0675483346,-0.0130870352,0.9975237,0,0,0,0,0,0,283659.913383694,283659.913383694,0.030605209001805633
22.151418065451931,d62bf83a,SessionTracking,Tracking,30.06598,30.05945,1,0.031209686974762008,0.8545139,3.32875,1,160x90 DepthUint16,"centre=2921 min=672 max=22457 hex=0ABF 03EF 0B69 26BB 0503","centre=8753 min=2294 max=9293 hex=21A1 227F 2231 1F3E 0C29",0,0,0,,0,,,None,Unavailable,NoWallUnderCrosshair,,,,"only 0 valid depth samples under crosshair (0 no-data, 190 out-of-range, 251 low-confidence)",0,,,None,Unavailable,NoWallInView,,,,-0.9655721,0.851276338,0.17805922,0.0145881083,0.06938681,-0.0130595267,0.997397661,0,0,0,0,0,0,283659.946710778,283659.946710778,0.0311644269968383
22.189583482457007,d62bf83a,SessionTracking,Tracking,30.0665379,29.8477039,1,0.037515208998229355,0.8446528,3.24243045,1,160x90 DepthUint16,"centre=2900 min=672 max=21482 hex=0AF8 03FC 0B54 26CB 0515","centre=8423 min=2251 max=9202 hex=202E 2112 20E7 1E3B 0BC7",0,0,0,,0,,,None,Unavailable,NoWallUnderCrosshair,,,,"only 0 valid depth samples under crosshair (0 no-data, 183 out-of-range, 258 low-confidence)",0,,,None,Unavailable,NoWallInView,,,,-0.9661633,0.851504862,0.180133834,0.0148947882,0.07102623,-0.0129008,0.9972798,0,0,0,0,0,0,283659.98003786104,283659.98003786104,0.037464687979081646
22.220908742459638,d62bf83a,SessionTracking,Tracking,30.0653343,29.8477039,1,0.030048073007492349,0.8439583,3.15319443,1,160x90 DepthUint16,"centre=2919 min=673 max=21551 hex=0B41 04BF 0B67 26B9 0570","centre=8205 min=2279 max=9205 hex=1FB0 207B 200D 1CFE 0BB5",0,0,0,,0,,,None,Unavailable,NoWallUnderCrosshair,,,,"only 0 valid depth samples under crosshair (0 no-data, 212 out-of-range, 229 low-confidence)",0,,,None,Unavailable,NoWallInView,,,,-0.966194153,0.851453841,0.182413,0.0153770968,0.07294228,-0.0127938688,0.9971355,0,0,0,0,0,0,283660.013348427,283660.013348427,0.029953385004773736
22.253244003459027,d62bf83a,SessionTracking,Tracking,30.0661259,29.8477039,1,0.031667553004808724,0.845208347,3.34347224,1,160x90 DepthUint16,"centre=2921 min=671 max=21485 hex=0C6D 064C 0B69 26A5 0597","centre=8487 min=2238 max=9186 hex=209F 2186 2127 1DC2 0BA0",0,0,0,,0,,,None,Unavailable,NoWallUnderCrosshair,,,,"only 0 valid depth samples under crosshair (0 no-data, 208 out-of-range, 233 low-confidence)",0,,,None,Unavailable,NoWallInView,,,,-0.9668605,0.8516395,0.1845561,0.0155467167,0.07468826,-0.0128833354,0.9970025,0,0,0,0,0,0,283660.046675511,283660.046675511,0.031615208979928866
22.290697909458455,d62bf83a,SessionTracking,Tracking,30.066288,29.8477039,1,0.036358490004204214,0.8451389,3.01270843,1,160x90 DepthUint16,"centre=2924 min=669 max=21379 hex=0C8F 065E 0B6C 268C 059A","centre=8424 min=2233 max=9156 hex=2085 216F 20E8 1D64 0BC0",0,0,0,,0,,,None,Unavailable,NoWallUnderCrosshair,,,,"only 0 valid depth samples under crosshair (0 no-data, 199 out-of-range, 242 low-confidence)",0,,,None,Unavailable,NoWallInView,,,,-0.9677263,0.8518623,0.186737388,0.01580961,0.07720057,-0.0129500348,0.996806145,0,0,0,0,0,0,283660.08000259404,283660.08000259404,0.036094896000577137
22.322358378474515,d62bf83a,SessionTracking,Tracking,30.0650253,29.8477039,1,0.03071802100748755,0.83368057,3.12881947,1,160x90 DepthUint16,"centre=3205 min=666 max=21464 hex=1009 0D4F 0C85 268A 06F4","centre=8632 min=2250 max=9211 hex=2147 222E 21B8 1E10 0C00",0,0,0,,0,,,None,Unavailable,NoWallUnderCrosshair,,,,"only 0 valid depth samples under crosshair (0 no-data, 223 out-of-range, 218 low-confidence)",0,,,None,Unavailable,NoWallInView,,,,-0.967721,0.8518623,0.189029872,0.015997896,0.07960802,-0.0129434476,0.99661386,0,0,0,0,0,0,283660.113314724,283660.113314724,0.030480625020572916
22.353935148453953,d62bf83a,SessionTracking,Tracking,30.06591,29.8477039,1,0.030871041002683342,0.823819458,2.97340274,1,160x90 DepthUint16,"centre=3195 min=664 max=21542 hex=1022 0D6B 0C7B 26A3 06A0","centre=8610 min=2202 max=9088 hex=211A 220A 21A2 1DDB 0BAE",0,0,0,,0,,,None,Unavailable,NoWallUnderCrosshair,,,,"only 0 valid depth samples under crosshair (0 no-data, 201 out-of-range, 240 low-confidence)",0,,,None,Unavailable,NoWallInView,,,,-0.968591332,0.852144361,0.191336229,0.0163751841,0.0819899142,-0.012767883,0.996416867,0,0,0,0,0,0,283660.14664180804,283660.14664180804,0.030817394988844171
22.38484572145148,d62bf83a,SessionTracking,Tracking,30.0630722,29.8477039,1,0.029843020980479196,0.8233333,2.926597,1,160x90 DepthUint16,"centre=4430 min=662 max=21459 hex=1389 1231 114E 271F 060B","centre=8607 min=2233 max=9186 hex=2101 2201 219F 1DE5 0BD1",0,0,0,,0,,,None,Unavailable,NoWallUnderCrosshair,,,,"only 0 valid depth samples under crosshair (0 no-data, 234 out-of-range, 207 low-confidence)",0,,,None,Unavailable,NoWallInView,,,,-0.9695152,0.852442443,0.193682119,0.0167294424,0.08460856,-0.0127548892,0.9961922,0,0,0,0,0,0,283660.179968891,283660.179968891,0.029730363981798291
22.421851815455508,d62bf83a,SessionTracking,Tracking,30.0646286,29.8477039,1,0.036206041986588389,0.825138867,2.955486,1,160x90 DepthUint16,"centre=7254 min=665 max=21280 hex=14A2 1333 1C56 27D5 05B3","centre=8912 min=3457 max=25249 hex=247C 247C 22D0 1F0B 1083",0,0,0,,0,,,None,Unavailable,NoWallUnderCrosshair,,,,"only 0 valid depth samples under crosshair (0 no-data, 235 out-of-range, 206 low-confidence)",0,,,None,Unavailable,NoWallInView,,,,-0.9692298,0.8526546,0.195976853,0.0170519557,0.08750444,-0.0130031714,0.9959333,0,0,0,0,0,0,283660.213304332,283660.213304332,0.036101353995036334
22.453180669461059,d62bf83a,SessionTracking,Tracking,30.0642242,29.8477039,1,0.03055307298200205,0.814375,2.86833334,1,160x90 DepthUint16,"centre=9443 min=663 max=21382 hex=162A 17A8 24E3 2835 05B6","centre=9073 min=3848 max=25381 hex=2544 254A 2371 1F55 1191",0,0,0,,0,,,None,Unavailable,NoWallUnderCrosshair,,,,"only 0 valid depth samples under crosshair (0 no-data, 248 out-of-range, 193 low-confidence)",0,,,None,Unavailable,NoWallInView,,,,-0.970239639,0.8529472,0.198524058,0.0174138322,0.0901797339,-0.0130977631,0.9956871,0,0,0,0,0,0,283660.246631416,283660.246631416,0.030504791997373104
22.484223482464355,d62bf83a,SessionTracking,Tracking,30.0657425,29.8477039,1,0.030243124987464398,0.803194463,2.86479163,1,160x90 DepthUint16,"centre=8965 min=660 max=21458 hex=1803 21DD 2305 2873 05A4","centre=9059 min=3515 max=26039 hex=25A6 255B 2363 1F0F 1008",0,0,0,,0,,,None,Unavailable,NoWallUnderCrosshair,,,,"only 0 valid depth samples under crosshair (0 no-data, 274 out-of-range, 167 low-confidence)",0,,,None,Unavailable,NoWallInView,,,,-0.971482754,0.853268743,0.2010892,0.0176537931,0.09370766,-0.0130540133,0.995357633,0,0,0,0,0,0,283660.279958499,283660.279958499,0.030172761005815119
22.521557232455731,d62bf83a,SessionTracking,Tracking,30.0657043,29.8477039,1,0.0366841149807442,0.792152762,2.61493063,1,160x90 DepthUint16,"centre=6742 min=666 max=21397 hex=1788 28FC 1A56 280E 064F","centre=9013 min=3484 max=20312 hex=2499 248D 2335 1F3A 103F",0,0,0,,0,,,None,Unavailable,NoWallUnderCrosshair,,,,"only 0 valid depth samples under crosshair (0 no-data, 289 out-of-range, 152 low-confidence)",0,,,None,Unavailable,NoWallInView,,,,-0.9710235,0.853524566,0.203644469,0.0176825877,0.0974181,-0.013136955,0.994999766,0,0,0,0,0,0,283660.31336391805,283660.31336391805,0.036637395998695865
22.556874836478297,d62bf83a,SessionTracking,Tracking,30.06511,29.8477039,1,0.034070573019562289,0.792152762,2.499861,1,160x90 DepthUint16,"centre=5091 min=683 max=21391 hex=1586 292F 13E3 2803 0670","centre=8979 min=3704 max=20150 hex=2405 2427 2313 1F3D 10B0",0,0,0,,0,,,None,Unavailable,NoWallUnderCrosshair,,,,"only 0 valid depth samples under crosshair (0 no-data, 296 out-of-range, 145 low-confidence)",0,,,None,Unavailable,NoWallInView,,,,-0.972193658,0.853864551,0.206155211,0.0176994745,0.100650735,-0.0131377885,0.9946776,0,0,0,0,0,0,283660.346691002,283660.346691002,0.033985677000600845
22.584433169456812,d62bf83a,SessionTracking,Tracking,30.06521,29.8477039,1,0.021671822993084788,0.782916665,2.52611113,1,160x90 DepthUint16,"centre=4229 min=680 max=21394 hex=12E3 2B70 1085 2842 064A","centre=9111 min=3906 max=20289 hex=240F 2477 2397 2026 1136",0,0,0,,0,,,None,Unavailable,NoWallUnderCrosshair,,,,"only 0 valid depth samples under crosshair (0 no-data, 317 out-of-range, 124 low-confidence)",0,,,None,Unavailable,NoWallInView,,,,-0.9732717,0.8541664,0.20869036,0.01735152,0.103021115,-0.013235569,0.9944397,0,0,0,0,0,0,283660.380018085,283660.380018085,0.021524686977500096
22.625424784466073,d62bf83a,SessionTracking,Tracking,30.0647755,29.8477039,1,0.039792969007976353,0.7825,2.23861122,1,160x90 DepthUint16,"centre=3332 min=686 max=21132 hex=100A 2B50 0D04 2903 0689","centre=9051 min=5181 max=20115 hex=2471 247A 235B 21BE 1A27",0,0,0,,0,,,None,Unavailable,NoWallUnderCrosshair,,,,"only 0 valid depth samples under crosshair (0 no-data, 292 out-of-range, 149 low-confidence)",0,,,None,Unavailable,NoWallInView,,,,-0.9724397,0.854454041,0.2118704,0.0170884784,0.105458774,-0.0133018773,0.994187832,0,0,0,0,0,0,283660.413380354,283660.413380354,0.039736667007673532
22.656378534451274,d62bf83a,SessionTracking,Tracking,30.065506,29.8477039,1,0.0299352609727066,0.771875,2.41576385,1,160x90 DepthUint16,"centre=3119 min=684 max=21296 hex=0FA3 2BC4 0C2F 296D 0701","centre=9181 min=5153 max=20504 hex=2510 2532 23DD 2214 1B13",0,0,0,,0,,,None,Unavailable,NoWallUnderCrosshair,,,,"only 0 valid depth samples under crosshair (0 no-data, 304 out-of-range, 137 low-confidence)",0,,,None,Unavailable,NoWallInView,,,,-0.9735398,0.8547758,0.214775711,0.01694376,0.107660055,-0.013291955,0.993954539,0,0,0,0,0,0,283660.44670743804,283660.44670743804,0.029807083978084847
22.687708898450861,d62bf83a,SessionTracking,Tracking,30.0651169,29.8477039,1,0.030020103993592784,0.7735417,2.29548621,1,160x90 DepthUint16,"centre=3193 min=681 max=19506 hex=1065 2A6F 0C79 2983 0779","centre=8915 min=5417 max=21175 hex=23F3 2401 22D3 2164 1C35",0,0,0,,0,,,None,Unavailable,NoWallUnderCrosshair,,,,"only 0 valid depth samples under crosshair (0 no-data, 300 out-of-range, 141 low-confidence)",0,,,None,Unavailable,NoWallInView,,,,-0.974802,0.8550726,0.217739731,0.0165028609,0.11013414,-0.0133156776,0.9936905,0,0,0,0,0,0,283660.480034521,283660.480034521,0.029915155988419428
22.7195950964558,d62bf83a,SessionTracking,Tracking,30.06618,29.8477039,1,0.03125046897912398,0.7625,2.20645833,1,160x90 DepthUint16,"centre=3734 min=678 max=19402 hex=106A 2514 0E96 2878 0987","centre=9755 min=5384 max=20874 hex=2AEB 2870 261B 2425 1CFC",0,0,0,,0,,,None,Unavailable,NoWallUnderCrosshair,,,,"only 0 valid depth samples under crosshair (0 no-data, 293 out-of-range, 148 low-confidence)",0,,,None,Unavailable,NoWallInView,,,,-0.9712076,0.854377866,0.222236872,0.0164452232,0.112881243,-0.0136767924,0.9933783,0,0,0,0,0,0,283660.513055554,283660.513055554,0.031204843980958685
22.749960565477291,d62bf83a,SessionTracking,Tracking,30.06839,29.8477039,1,0.029417136014671996,0.7596528,2.2259028,1,160x90 DepthUint16,"centre=6425 min=671 max=19776 hex=115E 1DD2 1919 2767 08D8","centre=9988 min=5611 max=20789 hex=2CA5 29BD 2704 250F 1EA0",0,0,0,,0,,,None,Unavailable,NoWallUnderCrosshair,,,,"only 0 valid depth samples under crosshair (0 no-data, 277 out-of-range, 164 low-confidence)",0,,,None,Unavailable,NoWallInView,,,,-0.972182631,0.8546436,0.225484937,0.01612288,0.115129478,-0.0135976085,0.9931266,0,0,0,0,0,0,283660.54638263804,283660.54638263804,0.0293175520200748
22.788035513458222,d62bf83a,SessionTracking,Tracking,30.0661163,29.8477039,1,0.037583750003250316,0.7613889,2.20569444,1,160x90 DepthUint16,"centre=5435 min=669 max=19487 hex=1191 17BF 153B 2629 08C6","centre=9976 min=5703 max=20823 hex=2C9C 29B3 26F8 2518 1EDC",0,0,0,,0,,,None,Unavailable,NoWallUnderCrosshair,,,,"only 0 valid depth samples under crosshair (0 no-data, 286 out-of-range, 155 low-confidence)",0,,,None,Unavailable,NoWallInView,,,,-0.9730798,0.854878545,0.22877118,0.0155531429,0.116855428,-0.0137862861,0.9929315,0,0,0,0,0,0,283660.57970972103,283660.57970972103,0.037537655996857211
22.818817804454508,d62bf83a,SessionTracking,Tracking,30.07074,29.8477039,1,0.029873905994463712,0.750486135,2.15979171,1,160x90 DepthUint16,"centre=9928 min=672 max=19633 hex=1190 10C0 26C8 23AF 07E5","centre=8861 min=4972 max=18276 hex=237C 2388 229D 20C1 1869",0,0,0,,0,,,None,Unavailable,NoWallUnderCrosshair,,,,"only 0 valid depth samples under crosshair (0 no-data, 279 out-of-range, 162 low-confidence)",0,,,None,Unavailable,NoWallInView,,,,-0.969177544,0.8543943,0.232948959,0.0155416746,0.119078666,-0.0143335778,0.9926597,0,0,0,0,0,0,283660.612767243,283660.612767243,0.029744582978310063
22.852582804454638,d62bf83a,SessionTracking,Tracking,30.0667763,29.8477039,1,0.033014946995535865,0.7503472,2.08763885,1,160x90 DepthUint16,"centre=9929 min=668 max=19323 hex=117F 1052 26C9 22EB 07E1","centre=8812 min=4929 max=17730 hex=231C 2342 226C 2068 17FA",0,0,0,,0,,,None,Unavailable,NoWallUnderCrosshair,,,,"only 0 valid depth samples under crosshair (0 no-data, 257 out-of-range, 184 low-confidence)",0,,,None,Unavailable,NoWallInView,,,,-0.9699298,0.8546283,0.236439645,0.0151076466,0.120751828,-0.0143637657,0.9924638,0,0,0,0,0,0,283660.64609432704,283660.64609432704,0.03295989497564733
22.889256190453803,d62bf83a,SessionTracking,Tracking,30.0730553,29.8477039,1,0.035409584001172334,0.7470833,2.049375,1,160x90 DepthUint16,"centre=10400 min=665 max=19099 hex=1134 0E83 28A0 22A2 0AFA","centre=8466 min=4936 max=17529 hex=20EB 218D 2112 1FC4 1809",0,0,0,,0,,,None,Unavailable,NoWallUnderCrosshair,,,,"only 0 valid depth samples under crosshair (0 no-data, 223 out-of-range, 218 low-confidence)",0,,,None,Unavailable,NoWallInView,,,,-0.9706876,0.8548399,0.23997356,0.0144398417,0.122309342,-0.0143612344,0.9922831,0,0,0,0,0,0,283660.67942141,283660.67942141,0.035245209001004696
22.919968013451349,d62bf83a,SessionTracking,Tracking,30.06709,29.8477039,1,0.029674791992874816,0.738958359,1.97569442,1,160x90 DepthUint16,"centre=4558 min=705 max=19309 hex=0F51 10B8 11CE 20F0 1E36","centre=8826 min=4417 max=22849 hex=22E1 2367 227A 2036 1594",0,0,0,,0,,,None,Unavailable,NoWallUnderCrosshair,,,,"only 0 valid depth samples under crosshair (0 no-data, 214 out-of-range, 227 low-confidence)",0,,,None,Unavailable,NoWallInView,,,,-0.9659198,0.854079545,0.241577536,0.014050832,0.124245226,-0.0146629531,0.992043734,0,0,0,0,0,0,283660.712433331,283660.712433331,0.029594895982882008
22.952158325471597,d62bf83a,SessionTracking,Tracking,30.0738735,29.8477039,1,0.031469687004573643,0.736041665,1.85423613,1,160x90 DepthUint16,"centre=3546 min=675 max=18889 hex=0DA1 1148 0DDA 204A 1E32","centre=8900 min=4094 max=23044 hex=2303 239F 22C4 2080 1495",0,0,0,,0,,,None,Unavailable,NoWallUnderCrosshair,,,,"only 0 valid depth samples under crosshair (0 no-data, 193 out-of-range, 248 low-confidence)",0,,,None,Unavailable,NoWallInView,,,,-0.966500044,0.854362965,0.245414376,0.01403181,0.126592487,-0.01471609,0.9917464,0,0,0,0,0,0,283660.74576041504,283660.74576041504,0.031414323020726442
22.9948256694513,d62bf83a,SessionTracking,Tracking,30.0709534,29.8477039,1,0.041840728983515874,0.7317361,1.83541667,1,160x90 DepthUint16,"centre=3570 min=665 max=19341 hex=080D 0F0D 0DF2 1F51 1E2D","centre=8959 min=4265 max=22555 hex=23E1 2431 22FF 204C 14E9",0,0,0,,0,,,None,Unavailable,NoWallUnderCrosshair,,,,"only 0 valid depth samples under crosshair (0 no-data, 183 out-of-range, 258 low-confidence)",0,,,None,Unavailable,NoWallInView,,,,-0.9669803,0.854616344,0.249371439,0.0139371846,0.128449872,-0.0150228459,0.9915043,0,0,0,0,0,0,283660.779087498,283660.779087498,0.041734739992534742
23.024352231473809,d62bf83a,SessionTracking,Tracking,30.0688381,29.8477039,1,0.028502135013695806,0.722291648,1.75534725,1,160x90 DepthUint16,"centre=2597 min=729 max=19351 hex=0B48 0765 0A25 1D6A 2B8E","centre=8967 min=3912 max=18394 hex=2419 2423 2307 2041 1426",0,0,0,,0,,,None,Unavailable,NoWallUnderCrosshair,,,,"only 0 valid depth samples under crosshair (0 no-data, 175 out-of-range, 266 low-confidence)",0,,,None,Unavailable,NoWallInView,,,,-0.9625239,0.8529144,0.2484093,0.0136981923,0.13101463,-0.0155241769,0.9911642,0,0,0,0,0,0,283660.81234214,283660.81234214,0.028391405998263508
23.056140200471187,d62bf83a,SessionTracking,Tracking,30.0676079,29.8477039,1,0.0309505210025236,0.7135417,1.73527777,1,160x90 DepthUint16,"centre=2396 min=722 max=18965 hex=0939 04DF 095C 1C51 2B4B","centre=9121 min=3572 max=18736 hex=24B9 24D4 23A1 2070 1319",0,0,0,,0,,,None,Unavailable,NoWallUnderCrosshair,,,,"only 0 valid depth samples under crosshair (0 no-data, 170 out-of-range, 271 low-confidence)",0,,,None,Unavailable,NoWallInView,,,,-0.9629353,0.853139758,0.2523393,0.01350363,0.133762285,-0.0157217383,0.990796745,0,0,0,0,0,0,283660.84566922404,283660.84566922404,0.030868072994053364
23.086536554477558,d62bf83a,SessionTracking,Tracking,30.068922,29.8477039,1,0.029482812009518966,0.710625,1.64118052,1,160x90 DepthUint16,"centre=2320 min=719 max=19363 hex=0921 0525 0910 1B58 2AAE","centre=8930 min=3239 max=19461 hex=23AA 23D1 22E2 1FFC 128E",0,0,0,,0,,,None,Unavailable,NoWallUnderCrosshair,,,,"only 0 valid depth samples under crosshair (0 no-data, 159 out-of-range, 282 low-confidence)",0,,,None,Unavailable,NoWallInView,,,,-0.9631395,0.85334754,0.256287783,0.0130862594,0.135581523,-0.0157575011,0.9905545,0,0,0,0,0,0,283660.87899630703,283660.87899630703,0.029385729023488238
23.122315617456248,d62bf83a,SessionTracking,Tracking,30.069746,29.8477039,1,0.034920417005196214,0.701111138,1.6200695,1,160x90 DepthUint16,"centre=10484 min=712 max=18958 hex=147D 0FFE 28F4 1A78 27B4","centre=9084 min=3587 max=17637 hex=23AE 241D 237C 227D 1E5E",0,0,0,,0,,,None,Unavailable,NoWallUnderCrosshair,,,,"only 0 valid depth samples under crosshair (0 no-data, 159 out-of-range, 282 low-confidence)",0,,,None,Unavailable,NoWallInView,,,,-0.95893234,0.8523536,0.253997445,0.01245378,0.137568787,-0.0158353746,0.9902873,0,0,0,0,0,0,283660.912250182,283660.912250182,0.03484708399628289
23.154245617453622,d62bf83a,SessionTracking,Tracking,30.0689659,29.8477039,1,0.031080208980711177,0.69534725,1.58583331,1,160x90 DepthUint16,"centre=10490 min=709 max=19343 hex=16A6 11CF 28FA 186A 27AC","centre=9150 min=3232 max=16989 hex=23C0 245F 23BE 22D1 1E8F",0,0,0,,0,,,None,Unavailable,NoWallUnderCrosshair,,,,"only 0 valid depth samples under crosshair (0 no-data, 153 out-of-range, 288 low-confidence)",0,,,None,Unavailable,NoWallInView,,,,-0.9589589,0.8525653,0.257811844,0.0120919431,0.140046075,-0.0157967526,0.9899451,0,0,0,0,0,0,283660.94557726604,283660.94557726604,0.030934895999962464
23.185950617454861,d62bf83a,SessionTracking,Tracking,30.0680428,29.8477039,1,0.030740208982024342,0.688194454,1.49513888,1,160x90 DepthUint16,"centre=10498 min=701 max=18739 hex=1634 11CC 2902 16D4 2757","centre=9115 min=3830 max=18049 hex=239F 2420 239B 234F 21C6",0,0,0,,0,,,None,Unavailable,NoWallUnderCrosshair,,,,"only 0 valid depth samples under crosshair (0 no-data, 145 out-of-range, 296 low-confidence)",0,,,None,Unavailable,NoWallInView,,,,-0.959117055,0.8527771,0.261710525,0.0116708726,0.143079057,-0.0158226788,0.989516,0,0,0,0,0,0,283660.97890434903,283660.97890434903,0.03065869800047949
23.223795721456323,d62bf83a,SessionTracking,Tracking,30.0696964,29.9745045,1,0.037037187983514741,0.68298614,1.46930552,1,160x90 DepthUint16,"centre=10534 min=697 max=19333 hex=1583 1A6D 2926 1B88 270D","centre=8766 min=3979 max=13592 hex=22F4 234F 223E 2196 21E6",0,0,0,,0,,,None,Unavailable,NoWallUnderCrosshair,,,,"only 0 valid depth samples under crosshair (0 no-data, 144 out-of-range, 297 low-confidence)",0,,,None,Unavailable,NoWallInView,,,,-0.956507862,0.852306366,0.258397937,0.0106326276,0.144433334,-0.0163013358,0.989323139,0,0,0,0,0,0,283661.012260249,283661.012260249,0.036960416997317225
23.254519731479146,d62bf83a,SessionTracking,Tracking,30.0680218,29.9745045,1,0.029753750015515834,0.681875,1.45180559,1,160x90 DepthUint16,"centre=10527 min=692 max=19140 hex=155F 1A6D 291F 1B81 26C2","centre=8870 min=3474 max=13658 hex=2307 238E 22A6 2200 20F2",0,0,0,,0,,,None,Unavailable,NoWallUnderCrosshair,,,,"only 0 valid depth samples under crosshair (0 no-data, 154 out-of-range, 287 low-confidence)",0,,,None,Unavailable,NoWallInView,,,,-0.9560283,0.8525616,0.262252331,0.0103676841,0.145308882,-0.0167409778,0.9891904,0,0,0,0,0,0,283661.04558733304,283661.04558733304,0.029659791005542502
23.285623481471472,d62bf83a,SessionTracking,Tracking,30.0696526,29.9745045,1,0.030346406012540683,0.6813194,1.43166661,1,160x90 DepthUint16,"centre=10517 min=685 max=19006 hex=1573 1A65 2915 1B77 268A","centre=8748 min=3568 max=13548 hex=228D 231C 222C 21AD 22CD",0,0,0,,0,,,None,Unavailable,NoWallUnderCrosshair,,,,"only 0 valid depth samples under crosshair (0 no-data, 149 out-of-range, 292 low-confidence)",0,,,None,Unavailable,NoWallInView,,,,-0.9554677,0.852867246,0.266405582,0.0104775354,0.145704627,-0.01706639,0.9891255,0,0,0,0,0,0,283661.078914416,283661.078914416,0.030290312017314136
23.324691867459247,d62bf83a,SessionTracking,Tracking,30.06915,29.9745045,1,0.038429531996371225,0.6802083,1.46173608,1,160x90 DepthUint16,"centre=10444 min=689 max=19440 hex=1518 1A99 28CC 1B74 26B8","centre=9048 min=3112 max=11904 hex=225B 238E 2358 22D2 26D7",0,0,0,,0,,,None,Unavailable,NoWallUnderCrosshair,,,,"only 0 valid depth samples under crosshair (1 no-data, 153 out-of-range, 287 low-confidence)",0,,,None,Unavailable,NoWallInView,,,,-0.953107,0.851682067,0.258569419,0.009450973,0.146080241,-0.0174091775,0.9890744,0,0,0,0,0,0,283661.111988347,283661.111988347,0.038385416992241517
23.355546294453003,d62bf83a,SessionTracking,Tracking,30.0684471,29.9745045,1,0.029721926985075697,0.67527777,1.4396528,1,160x90 DepthUint16,"centre=10347 min=686 max=19415 hex=1545 1A92 286B 1B6E 252F","centre=8983 min=3326 max=11723 hex=222F 233F 2317 226A 260D",0,0,0,,0,,,None,Unavailable,NoWallUnderCrosshair,,,,"only 0 valid depth samples under crosshair (1 no-data, 152 out-of-range, 288 low-confidence)",0,,,None,Unavailable,NoWallInView,,,,-0.952619135,0.8518833,0.2621156,0.00872393,0.1475929,-0.0176722724,0.988851845,0,0,0,0,0,0,283661.145315431,283661.145315431,0.029579322988865897
23.386773221460086,d62bf83a,SessionTracking,Tracking,30.0683689,29.9745045,1,0.030379948002519086,0.6825,1.26652777,1,160x90 DepthUint16,"centre=4535 min=685 max=29340 hex=15DF 0EE7 11B7 1CC9 2759","centre=8888 min=3929 max=11868 hex=20DC 2299 22B8 224D 26E1",0,0,0,,0,,,None,Unavailable,NoWallUnderCrosshair,,,,"only 0 valid depth samples under crosshair (0 no-data, 98 out-of-range, 343 low-confidence)",0,,,None,Unavailable,NoWallInView,,,,-0.952415347,0.852086067,0.26569277,0.007981911,0.15042448,-0.0174487829,0.988435268,0,0,0,0,0,0,283661.17864251405,283661.17864251405,0.03030109399696812
23.425807856463276,d62bf83a,SessionTracking,Tracking,30.0685673,29.9745045,1,0.03848583300714381,0.671597242,1.30270839,1,160x90 DepthUint16,"centre=4862 min=683 max=29253 hex=161D 05EE 12FE 1CBC 2815","centre=8365 min=4061 max=13603 hex=2071 20AF 20AD 209F 2118",0,0,0,,0,,,None,Unavailable,NoWallUnderCrosshair,,,,"only 0 valid depth samples under crosshair (0 no-data, 99 out-of-range, 342 low-confidence)",0,,,None,Unavailable,NoWallInView,,,,-0.948841751,0.8495413,0.253454983,0.006601275,0.153761446,-0.0170067269,0.9879396,0,0,0,0,0,0,283661.21210315404,283661.21210315404,0.038437656010501087
23.457068325460337,d62bf83a,SessionTracking,Tracking,30.0678444,29.9745045,1,0.026780936983413994,0.669444442,1.2365278,1,160x90 DepthUint16,"centre=7393 min=682 max=29320 hex=1682 0656 1CE1 19DC 28DA","centre=8434 min=3985 max=12786 hex=2100 212A 20F2 2093 1FD5",0,0,0,,0,,,None,Unavailable,NoWallUnderCrosshair,,,,"only 0 valid depth samples under crosshair (0 no-data, 91 out-of-range, 350 low-confidence)",0,,,None,Unavailable,NoWallInView,,,,-0.948453069,0.8497329,0.256770968,0.00626121555,0.156381786,-0.0165875573,0.987537563,0,0,0,0,0,0,283661.245430238,283661.245430238,0.026672603999031708
23.4880346794705,d62bf83a,SessionTracking,Tracking,30.0672474,29.9745045,1,0.030027396016521379,0.66,1.23027778,1,160x90 DepthUint16,"centre=4535 min=673 max=29162 hex=17E6 064E 11B7 199A 298D","centre=8553 min=3878 max=13532 hex=2113 2164 2169 20F4 1EEC",0,0,0,,0,,,None,Unavailable,NoWallUnderCrosshair,,,,"only 0 valid depth samples under crosshair (0 no-data, 97 out-of-range, 344 low-confidence)",0,,,None,Unavailable,NoWallInView,,,,-0.947903454,0.849926233,0.2601403,0.00591408461,0.158424765,-0.0164206326,0.98721683,0,0,0,0,0,0,283661.278757321,283661.278757321,0.029919583001174033
23.5193306694598,d62bf83a,SessionTracking,Tracking,30.0634365,29.9745045,1,0.030697031994350255,0.65965277,1.20277774,1,160x90 DepthUint16,"centre=3793 min=671 max=29129 hex=17DF 0852 0ED1 1855 283E","centre=8345 min=4036 max=8797 hex=1F57 2034 2099 1F2D 1922",0,0,0,,0,,,None,Unavailable,NoWallUnderCrosshair,,,,"only 0 valid depth samples under crosshair (0 no-data, 93 out-of-range, 348 low-confidence)",0,,,None,Unavailable,NoWallInView,,,,-0.9383362,0.8484827,0.265297025,0.00589162856,0.1588428,-0.0163517,0.9871509,0,0,0,0,0,0,283661.31197661004,283661.31197661004,0.030638853990240023
23.55425655446356,d62bf83a,SessionTracking,Tracking,30.0611324,29.9745045,1,0.034356301999650896,0.666180551,1.08222222,1,160x90 DepthUint16,"centre=3531 min=667 max=29125 hex=190A 084D 0DCB 1AAC 2A82","centre=8456 min=4280 max=8797 hex=1FED 20B9 2108 1FA5 1A30",0,0,0,,0,,,None,Unavailable,NoWallUnderCrosshair,,,,"only 0 valid depth samples under crosshair (0 no-data, 100 out-of-range, 341 low-confidence)",0,,,None,Unavailable,NoWallInView,,,,-0.937760949,0.848808348,0.269100547,0.00689239055,0.161614567,-0.0159881711,0.986700356,0,0,0,0,0,0,283661.345303694,283661.345303694,0.034304010012419894
23.58485358546363,d62bf83a,SessionTracking,Tracking,30.0673752,29.9745045,1,0.029692499985685572,0.6551389,1.0936805,1,160x90 DepthUint16,"centre=3395 min=663 max=29009 hex=1ABD 1F3C 0D43 13AF 29DC","centre=8440 min=4061 max=8760 hex=1FE7 20A7 20F8 1F91 1A40",0,0,0,,0,,,None,Unavailable,NoWallUnderCrosshair,,,,"only 0 valid depth samples under crosshair (0 no-data, 113 out-of-range, 328 low-confidence)",0,,,None,Unavailable,NoWallInView,,,,-0.937463343,0.849046767,0.2729199,0.007322752,0.165369138,-0.01556048,0.986081839,0,0,0,0,0,0,283661.378630777,283661.378630777,0.02960890598478727
23.627993481469954,d62bf83a,SessionTracking,Tracking,30.0611973,29.9745045,1,0.04260031200828962,0.653125,1.03090274,1,160x90 DepthUint16,"centre=3392 min=659 max=28970 hex=1ABB 1DD4 0D40 13AD 28C4","centre=8324 min=4039 max=8758 hex=1F9A 2035 2084 1EBF 16C6",0,0,0,,0,,,None,Unavailable,NoWallUnderCrosshair,,,,"only 0 valid depth samples under crosshair (0 no-data, 108 out-of-range, 333 low-confidence)",0,,,None,Unavailable,NoWallInView,,,,-0.935475945,0.8501097,0.273547918,0.007320114,0.167223319,-0.01512009,0.985775948,0,0,0,0,0,0,283661.41172062705,283661.41172062705,0.042549739009700716
23.659814471469641,d62bf83a,SessionTracking,Tracking,30.0624828,29.9745045,1,0.030688021011883393,0.644375,1.02381945,1,160x90 DepthUint16,"centre=3685 min=654 max=29053 hex=1D0F 1A53 0E65 14B8 28A2","centre=8210 min=3930 max=8650 hex=1EF2 1F84 2012 1E7F 1782",0,0,0,,0,,,None,Unavailable,NoWallUnderCrosshair,,,,"only 0 valid depth samples under crosshair (0 no-data, 120 out-of-range, 321 low-confidence)",0,,,None,Unavailable,NoWallInView,,,,-0.9351247,0.8505342,0.277293682,0.007562518,0.170651674,-0.01460737,0.9851941,0,0,0,0,0,0,283661.445047711,283661.445047711,0.030539322993718088
23.689240877461767,d62bf83a,SessionTracking,Tracking,30.0666275,29.9745045,1,0.028604582999832928,0.6333333,1.03180552,1,160x90 DepthUint16,"centre=5121 min=648 max=29005 hex=1F08 1AC6 1401 1930 2F6D","centre=8198 min=3863 max=8633 hex=1E8D 1F3E 2006 1E73 184F",0,0,0,,0,,,None,Unavailable,NoWallUnderCrosshair,,,,"only 0 valid depth samples under crosshair (0 no-data, 129 out-of-range, 312 low-confidence)",0,,,None,Unavailable,NoWallInView,,,,-0.934899151,0.850916743,0.2809286,0.0073824157,0.1751465,-0.014240087,0.9844117,0,0,0,0,0,0,283661.478374794,283661.478374794,0.028557812009239569
23.729984419452872,d62bf83a,SessionTracking,Tracking,30.0622272,29.9745045,1,0.039914374996442348,0.625625,1.05173612,1,160x90 DepthUint16,"centre=5161 min=648 max=28708 hex=1EC7 1ACC 1429 223C 331A","centre=8101 min=3838 max=8624 hex=1DB0 1E9B 1FA5 1E8A 1A1E",0,0,0,,0,,,None,Unavailable,NoWallUnderCrosshair,,,,"only 0 valid depth samples under crosshair (20 no-data, 118 out-of-range, 303 low-confidence)",0,,,None,Unavailable,NoWallInView,,,,-0.9321537,0.8515098,0.277970254,0.00630809367,0.177447468,-0.0140379965,0.98401,0,0,0,0,0,0,283661.511271134,283661.511271134,0.039850051980465651
23.759156189454867,d62bf83a,SessionTracking,Tracking,30.060915,29.9745045,1,0.027904218004550785,0.62166667,1.02236116,1,160x90 DepthUint16,"centre=5403 min=645 max=28689 hex=1ECD 1CE7 151B 2236 322E","centre=8169 min=4117 max=8624 hex=1E40 1F20 1FE9 1EDB 1A62",0,0,0,,0,,,None,Unavailable,NoWallUnderCrosshair,,,,"only 0 valid depth samples under crosshair (21 no-data, 131 out-of-range, 289 low-confidence)",0,,,None,Unavailable,NoWallInView,,,,-0.931444,0.851906836,0.281235963,0.005759329,0.1799687,-0.0141019234,0.9835544,0,0,0,0,0,0,283661.544598218,283661.544598218,0.027833332977024838
23.790830981455425,d62bf83a,SessionTracking,Tracking,30.0609,29.9745045,1,0.030471613979898393,0.6134028,0.999930561,1,160x90 DepthUint16,"centre=5411 min=644 max=28734 hex=1EE0 1D1B 1523 255A 27AD","centre=8143 min=4005 max=8583 hex=1E2B 1F14 1FCF 1EB3 1A81",0,0,0,,0,,,None,Unavailable,NoWallUnderCrosshair,,,,"only 0 valid depth samples under crosshair (42 no-data, 125 out-of-range, 274 low-confidence)",0,,,None,Unavailable,NoWallInView,,,,-0.930717647,0.852339864,0.284661949,0.005323127,0.182424158,-0.01409784,0.983104467,0,0,0,0,0,0,283661.57818212,283661.57818212,0.030414166976697743
23.821609939451942,d62bf83a,SessionTracking,Tracking,30.0564518,29.9745045,1,0.030051301990170032,0.6109722,1.01159728,1,160x90 DepthUint16,"centre=5691 min=642 max=27616 hex=1EF9 1D2F 163B 2526 24BC","centre=8496 min=4597 max=10385 hex=20DF 214E 2130 1F35 15F8",0,0,0,,0,,,None,Unavailable,NoWallUnderCrosshair,,,,"only 0 valid depth samples under crosshair (42 no-data, 123 out-of-range, 276 low-confidence)",0,,,None,Unavailable,NoWallInView,,,,-0.935443461,0.851779938,0.279916,0.00391893135,0.183898374,-0.01376319,0.9828411,0,0,0,0,0,0,283661.61150125304,283661.61150125304,0.029972707998240367
23.853351450470424,d62bf83a,SessionTracking,Tracking,30.0617733,29.9745045,1,0.030942551995394751,0.6070833,0.9311111,1,160x90 DepthUint16,"centre=5661 min=640 max=28510 hex=1F01 1D2C 161D 1F94 229E","centre=8371 min=4503 max=10830 hex=2087 20AB 20B3 1EF2 164C",0,0,0,,0,,,None,Unavailable,NoWallUnderCrosshair,,,,"only 0 valid depth samples under crosshair (42 no-data, 115 out-of-range, 284 low-confidence)",0,,,None,Unavailable,NoWallInView,,,,-0.935028732,0.8523092,0.2833571,0.00382135832,0.186504319,-0.0136563191,0.98235184,0,0,0,0,0,0,283661.644828337,283661.644828337,0.030844688008073717
23.88865566946674,d62bf83a,SessionTracking,Tracking,30.06258,29.9745045,1,0.034266563015989959,0.600972235,0.9827778,1,160x90 DepthUint16,"centre=5455 min=636 max=28475 hex=1EFC 1E8C 154F 1B04 2291","centre=8409 min=4592 max=10635 hex=2072 20F6 20D9 1F1B 1648",0,0,0,,0,,,None,Unavailable,NoWallUnderCrosshair,,,,"only 0 valid depth samples under crosshair (63 no-data, 116 out-of-range, 262 low-confidence)",0,,,None,Unavailable,NoWallInView,,,,-0.934522867,0.8529105,0.2868834,0.00401645945,0.188525543,-0.0134828705,0.981967568,0,0,0,0,0,0,283661.67815542,283661.67815542,0.034142969001550227
23.919593689471863,d62bf83a,SessionTracking,Tracking,30.0637455,29.9745045,1,0.029955000005429611,0.5989583,0.9229861,1,160x90 DepthUint16,"centre=6925 min=641 max=28438 hex=2137 1E69 1B0D 1793 2206","centre=8209 min=4120 max=8529 hex=1EF1 1FAA 2011 1F2C 1AC6",0,0,0,,0,,,None,Unavailable,NoWallUnderCrosshair,,,,"only 0 valid depth samples under crosshair (63 no-data, 115 out-of-range, 263 low-confidence)",0,,,None,Unavailable,NoWallInView,,,,-0.931748033,0.851470232,0.284299165,0.00347340875,0.189498678,-0.013351352,0.981784046,0,0,0,0,0,0,283661.71144654404,283661.71144654404,0.029805260011926293
23.951985408468087,d62bf83a,SessionTracking,Tracking,30.0649738,29.9745045,1,0.031552396016195416,0.5936111,0.9090972,1,160x90 DepthUint16,"centre=6723 min=647 max=28509 hex=213A 1D92 1A43 105A 2417","centre=8263 min=4017 max=8584 hex=1F11 1FB4 2047 1F81 1AF2",0,0,0,,0,,,None,Unavailable,NoWallUnderCrosshair,,,,"only 0 valid depth samples under crosshair (73 no-data, 99 out-of-range, 269 low-confidence)",0,,,None,Unavailable,NoWallInView,,,,-0.931223452,0.8519759,0.287678927,0.00336941355,0.191620752,-0.0131384144,0.981375337,0,0,0,0,0,0,283661.744773628,283661.744773628,0.031480884994380176
23.991849158457395,d62bf83a,SessionTracking,Tracking,30.0678368,29.9745045,1,0.039024322992190719,0.5886111,0.86722225,1,160x90 DepthUint16,"centre=7118 min=649 max=28448 hex=214B 1C33 1BCE 0E6F 2372","centre=8247 min=4074 max=8540 hex=1F05 1F9B 2037 1F6B 1A7F",0,0,0,,0,,,None,Unavailable,NoWallUnderCrosshair,,,,"only 0 valid depth samples under crosshair (84 no-data, 107 out-of-range, 250 low-confidence)",0,,,None,Unavailable,NoWallInView,,,,-0.9306756,0.852426648,0.291128,0.0029651525,0.193383262,-0.0130293677,0.9810323,0,0,0,0,0,0,283661.778100711,283661.778100711,0.038945207983488217
24.022770304469073,d62bf83a,SessionTracking,Tracking,30.0651932,29.9745045,1,0.030008750007255003,0.5877778,0.869722247,1,160x90 DepthUint16,"centre=7168 min=655 max=28304 hex=24D6 1E2B 1C00 0DFF 22DA","centre=6951 min=3201 max=10095 hex=1732 197B 1B27 1B4F 1B86",0,0,0,,0,,,None,Unavailable,NoWallUnderCrosshair,,,,"only 0 valid depth samples under crosshair (84 no-data, 109 out-of-range, 248 low-confidence)",0,,,None,Unavailable,NoWallInView,,,,-0.9280443,0.8506728,0.285806358,0.00158549077,0.193072587,-0.013030408,0.9810966,0,0,0,0,0,0,283661.811223766,283661.811223766,0.02991729200584814
24.055183950465786,d62bf83a,SessionTracking,Tracking,30.0685177,29.9745045,1,0.031684167013736442,0.5948611,0.8815278,1,160x90 DepthUint16,"centre=6434 min=652 max=28337 hex=2189 1E91 1922 0E17 22B2","centre=7084 min=3133 max=10061 hex=1748 19D1 1BAC 1BD0 1B6D",0,0,0,,0,,,None,Unavailable,NoWallUnderCrosshair,,,,"only 0 valid depth samples under crosshair (63 no-data, 112 out-of-range, 266 low-confidence)",0,,,None,Unavailable,NoWallInView,,,,-0.9264574,0.851065755,0.2888643,0.00146447134,0.190754265,-0.0125332186,0.9815567,0,0,0,0,0,0,283661.84455085004,283661.84455085004,0.031627760996343568
24.085924366463356,d62bf83a,SessionTracking,Tracking,30.0689926,29.9745045,1,0.029650781012605876,0.6025,0.90875,1,160x90 DepthUint16,"centre=5325 min=649 max=27586 hex=1F21 1F42 14CD 107E 210C","centre=7027 min=3193 max=9558 hex=16C8 197D 1B73 1BA3 1B19",0,0,0,,0,,,None,Unavailable,NoWallUnderCrosshair,,,,"only 0 valid depth samples under crosshair (61 no-data, 99 out-of-range, 281 low-confidence)",0,,,None,Unavailable,NoWallInView,,,,-0.924495935,0.851432443,0.2920475,0.00158011913,0.186917976,-0.0116610229,0.98230505,0,0,0,0,0,0,283661.87787793303,283661.87787793303,0.029559635004261509
24.122647960469973,d62bf83a,SessionTracking,Tracking,30.07229,29.9745045,1,0.03592281200690195,0.6086111,0.9467361,1,160x90 DepthUint16,"centre=5315 min=650 max=27250 hex=1F02 1FB6 14C3 19F4 209E","centre=6429 min=1595 max=7639 hex=1557 17A8 191D 17F3 0B9A",0,0,0,,0,,,None,Unavailable,NoWallUnderCrosshair,,,,"only 0 valid depth samples under crosshair (42 no-data, 117 out-of-range, 282 low-confidence)",0,,,None,Unavailable,NoWallInView,,,,-0.921104,0.8513211,0.29107973,0.00160697848,0.184258342,-0.0105622113,0.9828198,0,0,0,0,0,0,283661.91138696304,283661.91138696304,0.035870937019353732
24.153859523477646,d62bf83a,SessionTracking,Tracking,30.0677357,29.9745045,1,0.030117917020106688,0.6097222,0.9113889,1,160x90 DepthUint16,"centre=5157 min=646 max=28426 hex=1ED2 1FF3 1425 1CE4 2013","centre=6386 min=1578 max=7625 hex=14DA 174D 18F2 17D1 0B7C",0,0,0,,0,,,None,Unavailable,NoWallUnderCrosshair,,,,"only 0 valid depth samples under crosshair (42 no-data, 113 out-of-range, 286 low-confidence)",0,,,None,Unavailable,NoWallInView,,,,-0.920034349,0.8515985,0.294614971,0.00118231028,0.183779329,-0.009805858,0.9829179,0,0,0,0,0,0,283661.944714047,283661.944714047,0.030017032026080415
24.185638637459984,d62bf83a,SessionTracking,Tracking,30.0683689,29.9745045,1,0.031006301986053586,0.610625,0.89618057,1,160x90 DepthUint16,"centre=5109 min=643 max=28422 hex=1EB2 1FF2 13F5 1E69 1FD1","centre=6401 min=1633 max=7677 hex=144B 1747 1901 17D6 0BCF",0,0,0,,0,,,None,Unavailable,NoWallUnderCrosshair,,,,"only 0 valid depth samples under crosshair (42 no-data, 117 out-of-range, 282 low-confidence)",0,,,None,Unavailable,NoWallInView,,,,-0.919058263,0.8519366,0.298239678,0.00108940154,0.18350324,-0.009413481,0.9829734,0,0,0,0,0,0,283661.97804113,283661.97804113,0.030945415986934677
24.218301866468888,d62bf83a,SessionTracking,Tracking,30.0689926,29.9745045,1,0.031749687012052163,0.6109028,0.899027765,1,160x90 DepthUint16,"centre=5089 min=648 max=28424 hex=1E9D 2006 13E1 1EF3 1FD0","centre=5515 min=1592 max=7202 hex=1047 13B6 158B 1479 0995",0,0,0,,0,,,None,Unavailable,NoWallUnderCrosshair,,,,"only 0 valid depth samples under crosshair (42 no-data, 117 out-of-range, 282 low-confidence)",0,,,None,Unavailable,NoWallInView,,,,-0.9188097,0.850673556,0.2911195,0.0008467064,0.18330358,-0.009044261,0.9830144,0,0,0,0,0,0,283662.011693413,283662.011693413,0.031687759998021647
24.254561085461088,d62bf83a,SessionTracking,Tracking,30.0721951,30.07474,1,0.03549437498440966,0.613541663,0.8788889,1,160x90 DepthUint16,"centre=5095 min=644 max=28428 hex=1E61 2016 13E7 22A3 1F59","centre=5645 min=1609 max=7342 hex=10A5 1445 160D 14C8 0960",0,0,0,,0,,,None,Unavailable,NoWallUnderCrosshair,,,,"only 0 valid depth samples under crosshair (38 no-data, 112 out-of-range, 291 low-confidence)",0,,,None,Unavailable,NoWallInView,,,,-0.9175279,0.850986362,0.294161379,0.0005001203,0.182232365,-0.00906092,0.9832136,0,0,0,0,0,0,283662.045020497,283662.045020497,0.035391093988437206
24.286292283479039,d62bf83a,SessionTracking,Tracking,30.0694275,30.07474,1,0.03084130201023072,0.6134028,0.878958344,1,160x90 DepthUint16,"centre=5027 min=640 max=28415 hex=1E67 2024 13A3 2293 1F81","centre=5590 min=1614 max=7330 hex=1044 13EE 15D6 14BA 09BC",0,0,0,,0,,,None,Unavailable,NoWallUnderCrosshair,,,,"only 0 valid depth samples under crosshair (38 no-data, 112 out-of-range, 291 low-confidence)",0,,,None,Unavailable,NoWallInView,,,,-0.91645354,0.8513138,0.2972964,0.000245183735,0.182358339,-0.009179921,0.9831893,0,0,0,0,0,0,283662.07903390704,283662.07903390704,0.030723698000656441
24.317710148465036,d62bf83a,SessionTracking,Tracking,30.0699329,30.07474,1,0.030730781989404932,0.6120833,0.8927778,1,160x90 DepthUint16,"centre=5037 min=644 max=28415 hex=1E61 2045 13AD 22A3 1EDF","centre=5727 min=1592 max=7493 hex=10B5 148B 165F 154A 09F1",0,0,0,,0,,,None,Unavailable,NoWallUnderCrosshair,,,,"only 0 valid depth samples under crosshair (38 no-data, 112 out-of-range, 291 low-confidence)",0,,,None,Unavailable,NoWallInView,,,,-0.919184,0.849926353,0.287767857,4.184991E-05,0.182481766,-0.008924156,0.9831687,0,0,0,0,0,0,283662.11237347504,283662.11237347504,0.030676041991682723
24.358060512462313,d62bf83a,SessionTracking,Tracking,30.0681629,30.07474,1,0.039363280986435711,0.6120833,0.8975694,1,160x90 DepthUint16,"centre=5015 min=645 max=28410 hex=1E4F 2050 1397 2304 1F22","centre=5718 min=1635 max=7454 hex=109C 1464 1656 1548 09FB",0,0,0,,0,,,None,Unavailable,NoWallUnderCrosshair,,,,"only 0 valid depth samples under crosshair (36 no-data, 106 out-of-range, 299 low-confidence)",0,,,None,Unavailable,NoWallInView,,,,-0.918163955,0.850281835,0.290814459,-8.599461E-05,0.1823027,-0.008751989,0.98320353,0,0,0,0,0,0,283662.146032653,283662.146032653,0.039261458005057648
24.387730304475323,d62bf83a,SessionTracking,Tracking,30.06756,30.07474,1,0.02885265601798892,0.613333344,0.8946528,1,160x90 DepthUint16,"centre=4884 min=642 max=28399 hex=1E30 1F11 1314 235C 1EFF","centre=5750 min=1622 max=7521 hex=10BA 1495 1676 155C 09DF",0,0,0,,0,,,None,Unavailable,NoWallUnderCrosshair,,,,"only 0 valid depth samples under crosshair (24 no-data, 111 out-of-range, 306 low-confidence)",0,,,None,Unavailable,NoWallInView,,,,-0.9170802,0.8506415,0.293832362,-0.00047867,0.181919634,-0.008618742,0.983275533,0,0,0,0,0,0,283662.17935973604,283662.17935973604,0.028773854020982981
24.431810148471182,d62bf83a,SessionTracking,Tracking,30.0702915,30.07474,1,0.043317136005498469,0.613194466,0.90965277,1,160x90 DepthUint16,"centre=4839 min=644 max=28470 hex=1DFD 1F1B 12E7 234C 1F18","centre=5725 min=1593 max=7531 hex=109C 1470 165D 1556 0A3F",0,0,0,,0,,,None,Unavailable,NoWallUnderCrosshair,,,,"only 0 valid depth samples under crosshair (24 no-data, 109 out-of-range, 308 low-confidence)",0,,,None,Unavailable,NoWallInView,,,,-0.918901443,0.849702239,0.286343664,-0.000899426755,0.181960091,-0.008368374,0.98326993,0,0,0,0,0,0,283662.212687727,283662.212687727,0.043255313008558005
24.461336450450968,d62bf83a,SessionTracking,Tracking,20.045887,30.07474,1,0.028155624982900918,0.6130555,0.90847224,1,160x90 DepthUint16,"centre=4811 min=644 max=28464 hex=1B90 1F18 12CB 2339 1F28","centre=5742 min=1600 max=7567 hex=10BD 148B 166E 156A 0A59",0,0,0,,0,,,None,Unavailable,NoWallUnderCrosshair,,,,"only 0 valid depth samples under crosshair (21 no-data, 108 out-of-range, 312 low-confidence)",0,,,None,Unavailable,NoWallInView,,,,-0.917866,0.8500137,0.289189279,-0.00102949154,0.181777552,-0.008175285,0.983305156,0,0,0,0,0,0,283662.24601481104,283662.24601481104,0.02801828199881129
24.492887075469977,d62bf83a,SessionTracking,Tracking,30.0678768,30.07474,1,0.03077000001212582,0.6122917,0.898680568,1,160x90 DepthUint16,"centre=4722 min=642 max=28438 hex=1DD1 1F17 1272 230A 1F3E","centre=5733 min=1589 max=7496 hex=10A1 146E 1665 1564 0A88",0,0,0,,0,,,None,Unavailable,NoWallUnderCrosshair,,,,"only 0 valid depth samples under crosshair (30 no-data, 104 out-of-range, 307 low-confidence)",0,,,None,Unavailable,NoWallInView,,,,-0.916910946,0.8501991,0.2920696,-0.00141735375,0.182287037,-0.00809288,0.98321104,0,0,0,0,0,0,283662.279341894,283662.279341894,0.030720417009433731
24.524415981464468,d62bf83a,SessionTracking,Tracking,30.070137,30.07474,1,0.030576719000237063,0.6105555,0.91736114,1,160x90 DepthUint16,"centre=4707 min=638 max=28426 hex=1D9D 1F26 1263 22BA 1F3F","centre=5827 min=1680 max=7579 hex=1163 14E9 16C3 15B6 0A39",0,0,0,,0,,,None,Unavailable,NoWallUnderCrosshair,,,,"only 0 valid depth samples under crosshair (41 no-data, 102 out-of-range, 298 low-confidence)",0,,,None,Unavailable,NoWallInView,,,,-0.9214759,0.8480954,0.280227959,-0.00174072385,0.183076844,-0.00779441,0.9830662,0,0,0,0,0,0,283662.312668904,283662.312668904,0.030494011007249355
24.556215095453577,d62bf83a,SessionTracking,Tracking,30.067749,30.07474,1,0.031133124983171,0.6081945,0.8877083,1,160x90 DepthUint16,"centre=4704 min=640 max=28417 hex=1DB5 1F22 1260 21D1 1F38","centre=5427 min=1651 max=7125 hex=104E 136C 1533 145A 0A04",0,0,0,,0,,,None,Unavailable,NoWallUnderCrosshair,,,,"only 0 valid depth samples under crosshair (42 no-data, 107 out-of-range, 292 low-confidence)",0,,,None,Unavailable,NoWallInView,,,,-0.920636952,0.848229647,0.283017367,-0.00157153618,0.183854163,-0.0077847545,0.9829214,0,0,0,0,0,0,283662.345995988,283662.345995988,0.031079426989890635
24.588000408464492,d62bf83a,SessionTracking,Tracking,30.0692654,30.07474,1,0.031097759987460449,0.60715276,0.901319444,1,160x90 DepthUint16,"centre=4680 min=641 max=28404 hex=1DB9 1F1F 1248 2117 1F32","centre=5540 min=1650 max=7321 hex=108C 13CD 15A4 14CE 0A1D",0,0,0,,0,,,None,Unavailable,NoWallUnderCrosshair,,,,"only 0 valid depth samples under crosshair (42 no-data, 109 out-of-range, 290 low-confidence)",0,,,None,Unavailable,NoWallInView,,,,-0.91966635,0.84830004,0.28583312,-0.00158711534,0.184421346,-0.00779599,0.9828151,0,0,0,0,0,0,283662.37932307104,283662.37932307104,0.031044375005876645
24.618926085476911,d62bf83a,SessionTracking,Tracking,30.0695419,30.07474,1,0.030183542025042698,0.603125,0.9415972,1,160x90 DepthUint16,"centre=4978 min=654 max=28420 hex=1CDF 1F3F 1372 2373 1F38","centre=5813 min=1737 max=7531 hex=11FB 1515 16B5 15A7 0ABF",0,0,0,,0,,,None,Unavailable,NoWallUnderCrosshair,,,,"only 0 valid depth samples under crosshair (44 no-data, 96 out-of-range, 301 low-confidence)",0,,,None,Unavailable,NoWallInView,,,,-0.9368265,0.8444358,0.2601949,-0.00126939267,0.182142913,-0.00529181957,0.983257,0,0,0,0,0,0,283662.411802433,283662.411802433,0.030126354016829282
24.650231293464227,d62bf83a,SessionTracking,Tracking,30.0711823,30.07474,1,0.030650103988591582,0.605555534,0.937777758,1,160x90 DepthUint16,"centre=3991 min=652 max=28440 hex=1D12 1F3B 0F97 2390 1FA3","centre=5723 min=1726 max=7508 hex=114C 149A 165B 1579 0B4F",0,0,0,,0,,,None,Unavailable,NoWallUnderCrosshair,,,,"only 0 valid depth samples under crosshair (39 no-data, 100 out-of-range, 302 low-confidence)",0,,,None,Unavailable,NoWallInView,,,,-0.936951637,0.844613135,0.2626611,-0.000876523554,0.181728721,-0.00540596247,0.983333468,0,0,0,0,0,0,283662.445129517,283662.445129517,0.030589375004637986
24.686488220471571,d62bf83a,SessionTracking,Tracking,30.0678768,30.07474,1,0.035561666009016335,0.6039583,0.954444468,1,160x90 DepthUint16,"centre=5122 min=650 max=30689 hex=1D3B 1F36 1402 23A8 1E69","centre=5806 min=1731 max=7553 hex=11B1 14ED 16AE 15C8 0B23",0,0,0,,0,,,None,Unavailable,NoWallUnderCrosshair,,,,"only 0 valid depth samples under crosshair (46 no-data, 101 out-of-range, 294 low-confidence)",0,,,None,Unavailable,NoWallInView,,,,-0.937377751,0.8448168,0.265312433,-0.000448681443,0.182475969,-0.00522750663,0.9831964,0,0,0,0,0,0,283662.47845660005,283662.47845660005,0.035480468010064214
24.718707856463649,d62bf83a,SessionTracking,Tracking,30.0666924,30.07474,1,0.031562291987938806,0.5925695,0.9959028,1,160x90 DepthUint16,"centre=3083 min=713 max=30697 hex=1C9C 0562 0C0B 2402 1EA2","centre=6017 min=2380 max=7786 hex=1311 15DB 1781 16E3 1125",0,0,0,,0,,,None,Unavailable,NoWallUnderCrosshair,,,,"only 0 valid depth samples under crosshair (40 no-data, 101 out-of-range, 300 low-confidence)",0,,,None,Unavailable,NoWallInView,,,,-0.954204261,0.8358238,0.222408265,-0.00119620573,0.1807469,-0.00354749,0.983522534,0,0,0,0,0,0,283662.511474701,283662.511474701,0.031215625000186265
24.759265564472795,d62bf83a,SessionTracking,Tracking,30.0688381,30.07474,1,0.03962057302123867,0.8564583,4.56583357,1,160x90 DepthUint16,"centre=4513 min=714 max=30666 hex=1C9A 1F1B 11A1 16E4 1320","centre=6030 min=2473 max=7707 hex=12DD 15C4 178E 170C 105E",0,0,0,,0,,,None,Unavailable,NoWallUnderCrosshair,,,,"only 0 valid depth samples under crosshair (33 no-data, 41 out-of-range, 367 low-confidence)",0,,,None,Unavailable,NoWallInView,,,,-0.955698848,0.835916162,0.223431319,-0.00150734186,0.181567013,-0.00348135829,0.983371258,0,0,0,0,0,0,283662.544801785,283662.544801785,0.039531042013550177
24.790111241458131,d62bf83a,SessionTracking,Tracking,30.068346,30.07474,1,0.028801040985854343,0.856875,4.47756958,1,160x90 DepthUint16,"centre=4530 min=714 max=30665 hex=1CAF 054E 11B2 163C 1321","centre=6031 min=2424 max=7706 hex=12D5 15CB 178F 1704 106F",0,0,0,,0,,,None,Unavailable,NoWallUnderCrosshair,,,,"only 0 valid depth samples under crosshair (34 no-data, 39 out-of-range, 368 low-confidence)",0,,,None,Unavailable,NoWallInView,,,,-0.957087338,0.836086631,0.2244288,-0.0013679713,0.181828842,-0.00341543555,0.983323336,0,0,0,0,0,0,283662.578128868,283662.578128868,0.028625781007576734
24.822163012464213,d62bf83a,SessionTracking,Tracking,30.0686951,30.07474,1,0.03133072899072431,0.85375,3.77819443,1,160x90 DepthUint16,"centre=4493 min=726 max=30645 hex=1C39 19E8 118D 14E6 0E9B","centre=5829 min=2179 max=7605 hex=1250 1527 16C5 1612 1065",0,0,0,,0,,,None,Unavailable,NoWallUnderCrosshair,,,,"only 0 valid depth samples under crosshair (33 no-data, 35 out-of-range, 373 low-confidence)",0,,,None,Unavailable,NoWallInView,,,,-0.957693338,0.833888531,0.215309054,-0.00182472914,0.1818299,-0.003216654,0.9833231,0,0,0,0,0,0,283662.611170617,283662.611170617,0.031265937985153869
24.854866762474327,d62bf83a,SessionTracking,Tracking,30.0676861,30.07474,1,0.031926719006150961,0.880069435,6.6677084,1,160x90 DepthUint16,"centre=4649 min=531 max=28719 hex=1C47 0586 1229 14AB 0FB4","centre=6363 min=2984 max=7741 hex=1429 1735 18DB 17FB 0F87",0,0,0,,0,,,None,Unavailable,NoWallUnderCrosshair,,,,"only 0 valid depth samples under crosshair (20 no-data, 15 out-of-range, 406 low-confidence)",0,,,None,Unavailable,NoWallInView,,,,-0.9592934,0.8338914,0.215892375,-0.00188383472,0.182662725,-0.003104389,0.9831689,0,0,0,0,0,0,283662.644497701,283662.644497701,0.031847448000917211
24.888203324462435,d62bf83a,SessionTracking,Tracking,30.0668564,30.07474,1,0.032407238992163911,0.880902767,5.36645842,1,160x90 DepthUint16,"centre=4677 min=531 max=28688 hex=1C83 05F6 1245 1474 0FB5","centre=5820 min=2593 max=7432 hex=122E 1501 16BC 1639 0F34",0,0,0,,0,,,None,Unavailable,NoWallUnderCrosshair,,,,"only 0 valid depth samples under crosshair (23 no-data, 14 out-of-range, 404 low-confidence)",0,,,None,Unavailable,NoWallInView,,,,-0.960909665,0.833927155,0.216620386,-0.001722552,0.183383122,-0.00313994312,0.983035,0,0,0,0,0,0,283662.677824784,283662.677824784,0.0323309889936354
24.920138012475714,d62bf83a,SessionTracking,Tracking,30.0667114,30.07474,1,0.031349740020232275,0.877986133,5.312847,1,160x90 DepthUint16,"centre=4663 min=536 max=28672 hex=1C3B 0586 1237 1448 0FB9","centre=6605 min=2649 max=7718 hex=15AA 1828 19CD 18B0 0DE1",0,0,0,,0,,,None,Unavailable,NoWallUnderCrosshair,,,,"only 0 valid depth samples under crosshair (22 no-data, 16 out-of-range, 403 low-confidence)",0,,,None,Unavailable,NoWallInView,,,,-0.9604265,0.8331593,0.212103248,-0.001887992,0.1834062,-0.00344097614,0.983029366,0,0,0,0,0,0,283662.71112634405,283662.71112634405,0.031296875007683411
24.956172856476538,d62bf83a,SessionTracking,Tracking,30.06618,30.07474,1,0.033146198024041951,0.8823611,5.10694456,1,160x90 DepthUint16,"centre=4718 min=536 max=27033 hex=1CA1 0646 126E 14A6 0FBA","centre=6631 min=2618 max=7705 hex=155F 1839 19E7 18C8 0E0F",0,0,0,,0,,,None,Unavailable,NoWallUnderCrosshair,,,,"only 0 valid depth samples under crosshair (23 no-data, 14 out-of-range, 404 low-confidence)",0,,,None,Unavailable,NoWallInView,,,,-0.9618459,0.8332798,0.21285522,-0.00157076889,0.183253869,-0.00355494069,0.983058,0,0,0,0,0,0,283662.744453428,283662.744453428,0.033002969023073092
24.9899117104685,d62bf83a,SessionTracking,Tracking,30.0658779,30.07474,1,0.03277349000563845,0.8832639,5.32131958,1,160x90 DepthUint16,"centre=4789 min=536 max=24717 hex=1CD5 0A2A 12B5 1532 0FBB","centre=6685 min=2554 max=7729 hex=15C9 187F 1A1D 18F4 0E0B",0,0,0,,0,,,None,Unavailable,NoWallUnderCrosshair,,,,"only 0 valid depth samples under crosshair (23 no-data, 15 out-of-range, 403 low-confidence)",0,,,None,Unavailable,NoWallInView,,,,-0.9632579,0.8334397,0.213672265,-0.00116696965,0.1829656,-0.00371354842,0.9831116,0,0,0,0,0,0,283662.777780511,283662.777780511,0.032668750005541369
25.0225852514593,d62bf83a,SessionTracking,Tracking,30.0622578,30.07474,1,0.031842291005887091,0.883402765,5.234722,1,160x90 DepthUint16,"centre=4782 min=536 max=24863 hex=1CE1 074A 12AE 1509 0FBC","centre=6575 min=2590 max=7655 hex=1520 1805 19AF 18C7 0EE6",0,0,0,,0,,,None,Unavailable,NoWallUnderCrosshair,,,,"only 0 valid depth samples under crosshair (23 no-data, 14 out-of-range, 404 low-confidence)",0,,,None,Unavailable,NoWallInView,,,,-0.9620321,0.833614469,0.212881178,-0.00118437409,0.182911575,-0.003962904,0.9831207,0,0,0,0,0,0,283662.81102092704,283662.81102092704,0.031763801991473883
25.05310493946649,d62bf83a,SessionTracking,Tracking,30.0674534,30.07474,1,0.029737968987319618,0.883402765,5.31729174,1,160x90 DepthUint16,"centre=4814 min=535 max=24175 hex=1CF2 09F6 12CE 1553 0FBC","centre=6743 min=2619 max=7767 hex=160E 18C0 1A57 195C 0ED2",0,0,0,,0,,,None,Unavailable,NoWallUnderCrosshair,,,,"only 0 valid depth samples under crosshair (23 no-data, 15 out-of-range, 403 low-confidence)",0,,,None,Unavailable,NoWallInView,,,,-0.9634563,0.833767653,0.213836253,-0.000963121653,0.182779059,-0.00385114551,0.9831461,0,0,0,0,0,0,283662.844348011,283662.844348011,0.029665156005648896
25.08395712645483,d62bf83a,SessionTracking,Tracking,30.0657921,30.07474,1,0.029911821999121457,0.8833333,5.654514,1,160x90 DepthUint16,"centre=4991 min=535 max=23600 hex=1D40 1132 137F 167A 0FBF","centre=6986 min=2650 max=8086 hex=16D3 19AD 1B4A 1A2D 0F33",0,0,0,,0,,,None,Unavailable,NoWallUnderCrosshair,,,,"only 0 valid depth samples under crosshair (23 no-data, 17 out-of-range, 401 low-confidence)",0,,,None,Unavailable,NoWallInView,,,,-0.964910567,0.8339762,0.215156019,9.908528E-05,0.1828133,-0.003677279,0.983140767,0,0,0,0,0,0,283662.877675094,283662.877675094,0.029813540983013809
25.12153337645918,d62bf83a,SessionTracking,Tracking,30.0651455,30.07474,1,0.0357865100086201,0.8834722,5.849236,1,160x90 DepthUint16,"centre=5125 min=535 max=25095 hex=1D8F 1313 1405 1812 0FC1","centre=6483 min=2478 max=7593 hex=150E 17A5 1953 1865 0E8A",0,0,0,,0,,,None,Unavailable,NoWallUnderCrosshair,,,,"only 0 valid depth samples under crosshair (23 no-data, 15 out-of-range, 403 low-confidence)",0,,,None,Unavailable,NoWallInView,,,,-0.963508368,0.8342696,0.216260284,0.0008345396,0.182895318,-0.003998757,0.983123958,0,0,0,0,0,0,283662.910944244,283662.910944244,0.03572822900605388
25.153498793460809,d62bf83a,SessionTracking,Tracking,30.0647964,30.07474,1,0.031005936994915828,0.883541644,6.048264,1,160x90 DepthUint16,"centre=5191 min=535 max=26508 hex=1DB3 15F9 1447 18C8 0FC2","centre=6831 min=2589 max=8028 hex=1634 18FE 1AAF 1986 0EC1",0,0,0,,0,,,None,Unavailable,NoWallUnderCrosshair,,,,"only 0 valid depth samples under crosshair (23 no-data, 19 out-of-range, 399 low-confidence)",0,,,None,Unavailable,NoWallInView,,,,-0.9648716,0.8341961,0.217503369,0.00117196154,0.182616428,-0.004005254,0.9831754,0,0,0,0,0,0,283662.94427132804,283662.94427132804,0.030954635003581643
25.185200408453735,d62bf83a,SessionTracking,Tracking,30.0644226,30.07474,1,0.030809010990196839,0.88277775,6.123958,1,160x90 DepthUint16,"centre=5234 min=534 max=26167 hex=1DC9 174D 1472 194A 0FC2","centre=6773 min=2545 max=7991 hex=15F9 18C4 1A75 1959 0EB1",0,0,0,,0,,,None,Unavailable,NoWallUnderCrosshair,,,,"only 0 valid depth samples under crosshair (23 no-data, 19 out-of-range, 399 low-confidence)",0,,,None,Unavailable,NoWallInView,,,,-0.966365755,0.8340311,0.218603909,0.00140512735,0.182794839,-0.00386402,0.9831425,0,0,0,0,0,0,283662.97759841103,283662.97759841103,0.030744947987841442
25.226919991462406,d62bf83a,SessionTracking,Tracking,30.0642872,30.07474,1,0.040901145985117182,0.883402765,5.906597,1,160x90 DepthUint16,"centre=5256 min=532 max=28844 hex=1DDD 1623 1488 198A 0FC0","centre=6804 min=2659 max=10027 hex=1648 18DD 1A94 1974 0F20",0,0,0,,0,,,None,Unavailable,NoWallUnderCrosshair,,,,"only 0 valid depth samples under crosshair (23 no-data, 17 out-of-range, 401 low-confidence)",0,,,None,Unavailable,NoWallInView,,,,-0.96469903,0.8351595,0.219848335,0.00160112989,0.183241621,-0.00398597168,0.9830585,0,0,0,0,0,0,283663.010808905,283663.010808905,0.040844375005690381
25.258119626468893,d62bf83a,SessionTracking,Tracking,30.06447,29.8936214,1,0.030062031000852585,0.8979861,4.885208,1,160x90 DepthUint16,"centre=4323 min=733 max=18747 hex=1E1D 06F3 10E3 1072 0DE5","centre=6382 min=2475 max=7649 hex=149F 1756 18EE 1825 0F80",0,0,0,,0,,,None,Unavailable,NoWallUnderCrosshair,,,,"only 0 valid depth samples under crosshair (14 no-data, 12 out-of-range, 415 low-confidence)",0,,,None,Unavailable,NoWallInView,,,,-0.966068745,0.8349494,0.220978647,0.0017911793,0.183168992,-0.0038968625,0.9830721,0,0,0,0,0,0,283663.04413598904,283663.04413598904,0.029919738997705281
25.288528168460967,d62bf83a,SessionTracking,Tracking,30.0651531,29.8936214,1,0.029382499982602894,0.8979861,5.113333,1,160x90 DepthUint16,"centre=4362 min=732 max=18953 hex=1E17 06F2 110A 1073 0DF3","centre=6684 min=2469 max=7965 hex=155D 186D 1A1C 1906 0F27",0,0,0,,0,,,None,Unavailable,NoWallUnderCrosshair,,,,"only 0 valid depth samples under crosshair (14 no-data, 12 out-of-range, 415 low-confidence)",0,,,None,Unavailable,NoWallInView,,,,-0.9673592,0.8347641,0.222102627,0.0021860823,0.1828132,-0.00387826562,0.9831376,0,0,0,0,0,0,283663.077463072,283663.077463072,0.029285260010510683
25.330298376476772,d62bf83a,SessionTracking,Tracking,30.0651741,29.8936214,1,0.04114859300898388,0.8979861,5.324375,1,160x90 DepthUint16,"centre=4421 min=733 max=22900 hex=1E19 06F1 1145 1074 0D59","centre=5830 min=2222 max=7453 hex=120C 1520 16C6 161D 0E77",0,0,0,,0,,,None,Unavailable,NoWallUnderCrosshair,,,,"only 0 valid depth samples under crosshair (14 no-data, 12 out-of-range, 415 low-confidence)",0,,,None,Unavailable,NoWallInView,,,,-0.9670765,0.8340978,0.220932245,0.00277145975,0.182253852,-0.00382179045,0.9832402,0,0,0,0,0,0,283663.110767183,283663.110767183,0.041096093016676605
25.362315303474812,d62bf83a,SessionTracking,Tracking,30.066658,29.8936214,1,0.031088540999917313,0.8979861,5.368125,1,160x90 DepthUint16,"centre=4442 min=733 max=23137 hex=1E24 06F1 115A 1074 0D23","centre=5787 min=2189 max=7407 hex=1203 1501 169B 1608 0EEE",0,0,0,,0,,,None,Unavailable,NoWallUnderCrosshair,,,,"only 0 valid depth samples under crosshair (14 no-data, 12 out-of-range, 415 low-confidence)",0,,,None,Unavailable,NoWallInView,,,,-0.9684321,0.8338922,0.221907526,0.002990052,0.182430744,-0.00380957127,0.9832068,0,0,0,0,0,0,283663.14409426705,283663.14409426705,0.031022552022477612
25.392077543456022,d62bf83a,SessionTracking,Tracking,30.0665512,29.8936214,1,0.028647343977354467,0.8976389,5.201597,1,160x90 DepthUint16,"centre=4448 min=732 max=23091 hex=1E4E 06F0 1160 1074 0B78","centre=5536 min=2175 max=7205 hex=115F 1415 15A0 1538 0F17",0,0,0,,0,,,None,Unavailable,NoWallUnderCrosshair,,,,"only 0 valid depth samples under crosshair (14 no-data, 11 out-of-range, 416 low-confidence)",0,,,None,Unavailable,NoWallInView,,,,-0.969892,0.833694458,0.222786158,0.00316216052,0.1833165,-0.003757,0.9830417,0,0,0,0,0,0,283663.17742135003,283663.17742135003,0.028572968993103132
25.423642595476618,d62bf83a,SessionTracking,Tracking,30.06842,29.8936214,1,0.030825677007669583,0.898194432,5.62048626,1,160x90 DepthUint16,"centre=4372 min=732 max=27606 hex=1E5A 06F3 1114 1BCB 0A88","centre=5636 min=2145 max=7388 hex=1173 144D 1604 15AF 1009",0,0,0,,0,,,None,Unavailable,NoWallUnderCrosshair,,,,"only 0 valid depth samples under crosshair (10 no-data, 14 out-of-range, 417 low-confidence)",0,,,None,Unavailable,NoWallInView,,,,-0.9694405,0.832916737,0.220862255,0.003038541,0.1834791,-0.003889889,0.983011246,0,0,0,0,0,0,283663.210758329,283663.210758329,0.030762083013541996
25.454980460464636,d62bf83a,SessionTracking,Tracking,30.0685368,29.8936214,1,0.030563906999304891,0.895902753,6.057361,1,160x90 DepthUint16,"centre=5510 min=732 max=23389 hex=1E7A 06F2 1586 1B63 0A88","centre=5522 min=2183 max=7268 hex=1143 13FF 1592 1540 0F9B",0,0,0,,0,,,None,Unavailable,NoWallUnderCrosshair,,,,"only 0 valid depth samples under crosshair (14 no-data, 15 out-of-range, 412 low-confidence)",0,,,None,Unavailable,NoWallInView,,,,-0.970829546,0.8327942,0.221518,0.003303498,0.184044018,-0.00388491154,0.9829048,0,0,0,0,0,0,283663.244085413,283663.244085413,0.030498593987431377
25.489505408451574,d62bf83a,SessionTracking,Tracking,30.0692921,29.8936214,1,0.033819374977611005,0.895694435,5.96243048,1,160x90 DepthUint16,"centre=5518 min=732 max=23672 hex=1E81 06F2 158E 1B9D 0A89","centre=5499 min=2158 max=7275 hex=10EB 13D1 157B 1540 0FD6",0,0,0,,0,,,None,Unavailable,NoWallUnderCrosshair,,,,"only 0 valid depth samples under crosshair (14 no-data, 14 out-of-range, 413 low-confidence)",0,,,None,Unavailable,NoWallInView,,,,-0.9721674,0.8327341,0.222088739,0.003473699,0.184199065,-0.0038087368,0.982875466,0,0,0,0,0,0,283663.27741249604,283663.27741249604,0.033765624975785613
25.522063845451836,d62bf83a,SessionTracking,Tracking,30.0692272,29.8936214,1,0.031733332987641916,0.8952778,6.059583,1,160x90 DepthUint16,"centre=5504 min=733 max=22357 hex=1E9D 18CC 1580 197E 0A89","centre=6345 min=2295 max=11367 hex=147A 1700 18C9 196E 1E00",0,0,0,,0,,,None,Unavailable,NoWallUnderCrosshair,,,,"only 0 valid depth samples under crosshair (14 no-data, 12 out-of-range, 415 low-confidence)",0,,,None,Unavailable,NoWallInView,,,,-0.9708869,0.8332696,0.220509171,0.00321193784,0.184996188,-0.00382897258,0.9827266,0,0,0,0,0,0,283663.31078383204,283663.31078383204,0.031646666990127414
25.553299626455324,d62bf83a,SessionTracking,Tracking,30.06915,29.8936214,1,0.030594634998124093,0.8952778,5.771875,1,160x90 DepthUint16,"centre=5500 min=733 max=25829 hex=1EC3 15BF 157C 17E2 0A89","centre=6316 min=2279 max=11343 hex=1457 16E4 18AC 195B 1E15",0,0,0,,0,,,None,Unavailable,NoWallUnderCrosshair,,,,"only 0 valid depth samples under crosshair (14 no-data, 12 out-of-range, 415 low-confidence)",0,,,None,Unavailable,NoWallInView,,,,-0.9721353,0.833248854,0.22096622,0.003154025,0.185904145,-0.00368827628,0.9825559,0,0,0,0,0,0,283663.344110916,283663.344110916,0.030546302004950121
25.58800540847346,d62bf83a,SessionTracking,Tracking,30.068676,29.8936214,1,0.034150104998843744,0.8952778,5.827361,1,160x90 DepthUint16,"centre=5500 min=733 max=26039 hex=1EC1 17EF 157C 1811 0A89","centre=6324 min=2258 max=11278 hex=1467 16F2 18B4 1955 1DD0",0,0,0,,0,,,None,Unavailable,NoWallUnderCrosshair,,,,"only 0 valid depth samples under crosshair (14 no-data, 12 out-of-range, 415 low-confidence)",0,,,None,Unavailable,NoWallInView,,,,-0.9731284,0.8332343,0.2213509,0.003136911,0.1858884,-0.00375405,0.9825587,0,0,0,0,0,0,283663.377437999,283663.377437999,0.034104323014616966
25.62297478347659,d62bf83a,SessionTracking,Tracking,30.06814,29.8936214,1,0.034090417000697926,0.8952778,5.761597,1,160x90 DepthUint16,"centre=5505 min=732 max=25074 hex=1EDF 15F2 1581 1793 0A89","centre=6273 min=2355 max=7565 hex=149C 170C 1881 17D8 1038",0,0,0,,0,,,None,Unavailable,NoWallUnderCrosshair,,,,"only 0 valid depth samples under crosshair (14 no-data, 12 out-of-range, 415 low-confidence)",0,,,None,Unavailable,NoWallInView,,,,-0.9727705,0.833073139,0.221324772,0.00323271,0.186051369,-0.00384747982,0.9825272,0,0,0,0,0,0,283663.410700122,283663.410700122,0.03397557302378118
25.651634158453586,d62bf83a,SessionTracking,Tracking,30.0678844,29.8936214,1,0.027964947978034616,0.9054861,7.585625,1,160x90 DepthUint16,"centre=5783 min=744 max=17381 hex=1ECE 0706 1697 149B 0ABA","centre=6087 min=2261 max=7409 hex=1403 165B 17C7 174C 10B6",0,0,0,,0,,,None,Unavailable,NoWallUnderCrosshair,,,,"only 0 valid depth samples under crosshair (7 no-data, 8 out-of-range, 426 low-confidence)",0,,,None,Unavailable,NoWallInView,,,,-0.9740053,0.832935333,0.221783578,0.00306958728,0.187247291,-0.00393670844,0.982300162,0,0,0,0,0,0,283663.44402720605,283663.44402720605,0.027903541980776936
25.689414835451085,d62bf83a,SessionTracking,Tracking,30.0675812,29.8936214,1,0.037150676973396912,0.9050695,7.118819,1,160x90 DepthUint16,"centre=5771 min=744 max=17315 hex=1EC8 06D3 168B 138D 0ABA","centre=6034 min=2244 max=7424 hex=13C2 1622 1792 1710 10BE",0,0,0,,0,,,None,Unavailable,NoWallUnderCrosshair,,,,"only 0 valid depth samples under crosshair (7 no-data, 7 out-of-range, 427 low-confidence)",0,,,None,Unavailable,NoWallInView,,,,-0.9752006,0.8327849,0.222209319,0.00297495746,0.188446388,-0.004044593,0.9820707,0,0,0,0,0,0,283663.47735428903,283663.47735428903,0.037102551985299215
25.721126137479356,d62bf83a,SessionTracking,Tracking,30.067955,29.8936214,1,0.031109271018067375,0.904583335,6.5804863,1,160x90 DepthUint16,"centre=5801 min=745 max=17824 hex=1ED4 06A3 16A9 134A 0ABA","centre=5964 min=2239 max=7325 hex=138A 15E7 174C 16B6 0FE6",0,0,0,,0,,,None,Unavailable,NoWallUnderCrosshair,,,,"only 0 valid depth samples under crosshair (7 no-data, 8 out-of-range, 426 low-confidence)",0,,,None,Unavailable,NoWallInView,,,,-0.9735539,0.8323126,0.221559167,0.00309179747,0.188670158,-0.00424760627,0.982026458,0,0,0,0,0,0,283663.510681032,283663.510681032,0.031059480010299012
25.75270452245945,d62bf83a,SessionTracking,Tracking,30.0681343,29.8936214,1,0.030746667005587369,0.9065972,6.176736,1,160x90 DepthUint16,"centre=5811 min=744 max=17265 hex=1FD4 08C0 16B3 1332 0B03","centre=5981 min=2240 max=7308 hex=13BA 15FA 175D 16A5 0F18",0,0,0,,0,,,None,Unavailable,NoWallUnderCrosshair,,,,"only 0 valid depth samples under crosshair (7 no-data, 5 out-of-range, 429 low-confidence)",0,,,None,Unavailable,NoWallInView,,,,-0.97459054,0.8321198,0.222052038,0.00335529447,0.1892175,-0.004411876,0.9819195,0,0,0,0,0,0,283663.544008116,283663.544008116,0.030694635002873838
25.784022907467939,d62bf83a,SessionTracking,Tracking,30.0677929,29.8936214,1,0.030644946993561462,0.907916665,6.230417,1,160x90 DepthUint16,"centre=5819 min=748 max=17086 hex=1FDD 0B48 16BB 1373 0B5E","centre=6016 min=2228 max=7439 hex=137A 15FC 1780 16D2 0F33",0,0,0,,0,,,None,Unavailable,NoWallUnderCrosshair,,,,"only 0 valid depth samples under crosshair (7 no-data, 5 out-of-range, 429 low-confidence)",0,,,None,Unavailable,NoWallInView,,,,-0.975578368,0.8319491,0.222716451,0.00384800136,0.1892762,-0.00447198749,0.9819062,0,0,0,0,0,0,283663.577335199,283663.577335199,0.030599635007092729
25.819033428477038,d62bf83a,SessionTracking,Tracking,30.06776,29.8936214,1,0.034324323001783341,0.907916665,6.43736124,1,160x90 DepthUint16,"centre=5828 min=746 max=16815 hex=1FCA 0E6A 16C4 13E2 0BAC","centre=5854 min=2234 max=7184 hex=131A 1574 16DE 1627 0EDC",0,0,0,,0,,,None,Unavailable,NoWallUnderCrosshair,,,,"only 0 valid depth samples under crosshair (7 no-data, 6 out-of-range, 428 low-confidence)",0,,,None,Unavailable,NoWallInView,,,,-0.9771215,0.831647635,0.223473832,0.004524112,0.1890024,-0.00418105768,0.9819573,0,0,0,0,0,0,283663.610703898,283663.610703898,0.034276302001671866
25.85482155345721,d62bf83a,SessionTracking,Tracking,30.06773,29.8936214,1,0.03489958299905993,0.907916665,6.73395824,1,160x90 DepthUint16,"centre=5832 min=743 max=17353 hex=1F8F 1021 16C8 14BF 0BCB","centre=5915 min=2255 max=7223 hex=1351 15AF 171B 167F 0F07",0,0,0,,0,,,None,Unavailable,NoWallUnderCrosshair,,,,"only 0 valid depth samples under crosshair (7 no-data, 6 out-of-range, 428 low-confidence)",0,,,None,Unavailable,NoWallInView,,,,-0.9781697,0.8315512,0.224090874,0.00485953735,0.1883443,-0.00386518263,0.98208344,0,0,0,0,0,0,283663.64403098205,283663.64403098205,0.034801509988028556
25.886931032469644,d62bf83a,SessionTracking,Tracking,30.0628929,29.8936214,1,0.0312128119985573,0.9086111,6.40541649,1,160x90 DepthUint16,"centre=5836 min=744 max=17260 hex=1F2E 1342 16CC 17DB 0BE4","centre=5831 min=2210 max=7152 hex=12D5 1558 16C7 162B 0F21",0,0,0,,0,,,None,Unavailable,NoWallUnderCrosshair,,,,"only 0 valid depth samples under crosshair (5 no-data, 8 out-of-range, 428 low-confidence)",0,,,None,Unavailable,NoWallInView,,,,-0.9790752,0.83149004,0.224548608,0.005131111,0.186858371,-0.00359433913,0.9823669,0,0,0,0,0,0,283663.67735806503,283663.67735806503,0.031128645001444966
25.924319418470755,d62bf83a,SessionTracking,Tracking,30.0673046,29.8936214,1,0.0368722400162369,0.910208344,6.529028,1,160x90 DepthUint16,"centre=4973 min=745 max=16206 hex=1EB3 1316 136D 13A2 0D80","centre=5949 min=2159 max=7217 hex=137E 15D9 173D 1698 0EF3",0,0,0,,0,,,None,Unavailable,NoWallUnderCrosshair,,,,"only 0 valid depth samples under crosshair (4 no-data, 9 out-of-range, 428 low-confidence)",0,,,None,Unavailable,NoWallInView,,,,-0.9793394,0.831952751,0.223553985,0.00491973,0.184666812,-0.00348210335,0.9827827,0,0,0,0,0,0,283663.71067289804,283663.71067289804,0.036828073003562167
25.95419269946046,d62bf83a,SessionTracking,Tracking,30.0656643,29.8936214,1,0.02926015600678511,0.91076386,6.230139,1,160x90 DepthUint16,"centre=4941 min=745 max=17193 hex=1E39 12C1 134D 13A1 0D80","centre=6281 min=2258 max=7635 hex=1441 16EC 1889 17CF 0F9D",0,0,0,,0,,,None,Unavailable,NoWallUnderCrosshair,,,,"only 0 valid depth samples under crosshair (4 no-data, 11 out-of-range, 426 low-confidence)",0,,,None,Unavailable,NoWallInView,,,,-0.9802196,0.8317033,0.2237575,0.00437512249,0.182494938,-0.00341767073,0.983191133,0,0,0,0,0,0,283663.743999982,283663.743999982,0.029202239995356649
25.985322022464739,d62bf83a,SessionTracking,Tracking,30.0654564,29.8936214,1,0.029924166999990121,0.913472235,6.545417,1,160x90 DepthUint16,"centre=4161 min=747 max=17678 hex=1D8C 0B7D 1041 11E1 0ECB","centre=6431 min=2279 max=7761 hex=14D1 177B 191F 1849 0F33",0,0,0,,0,,,None,Unavailable,NoWallUnderCrosshair,,,,"only 0 valid depth samples under crosshair (2 no-data, 15 out-of-range, 424 low-confidence)",0,,,None,Unavailable,NoWallInView,,,,-0.980836034,0.8314562,0.223994046,0.00422731834,0.179094151,-0.00327944779,0.9838174,0,0,0,0,0,0,283663.777327065,283663.777327065,0.029656719008926302
26.029844782464121,d62bf83a,SessionTracking,Tracking,30.0650177,29.8936214,1,0.043829895003000274,0.9145139,6.148611,1,160x90 DepthUint16,"centre=3860 min=751 max=16980 hex=1D08 0BDD 0F14 11E9 0F41","centre=6527 min=2212 max=7891 hex=14CE 17B9 197F 1891 0ED6",0,0,0,,0,,,None,Unavailable,NoWallUnderCrosshair,,,,"only 0 valid depth samples under crosshair (0 no-data, 18 out-of-range, 423 low-confidence)",0,,,None,Unavailable,NoWallInView,,,,-0.9798981,0.831474662,0.222236782,0.004572675,0.176650509,-0.003375501,0.9842572,0,0,0,0,0,0,283663.810295098,283663.810295098,0.043782603985164315
26.059283012469447,d62bf83a,SessionTracking,Tracking,30.0647888,29.8936214,1,0.028292553004575893,0.927361131,7.397847,1,160x90 DepthUint16,"centre=3875 min=774 max=16675 hex=1C29 0C99 0F23 11C4 103A","centre=6502 min=1991 max=7929 hex=1470 1789 1966 18A3 0EF9",0,0,0,,0,,,None,Unavailable,NoWallUnderCrosshair,,,,"only 0 valid depth samples under crosshair (0 no-data, 22 out-of-range, 419 low-confidence)",0,,,None,Unavailable,NoWallInView,,,,-0.980360866,0.8311871,0.22258541,0.00474157929,0.1731298,-0.00349143147,0.9848814,0,0,0,0,0,0,283663.84362218203,283663.84362218203,0.028175000014016405
26.090141605472805,d62bf83a,SessionTracking,Tracking,30.0666142,29.8936214,1,0.030155051994370297,0.9284028,7.33527756,1,160x90 DepthUint16,"centre=3885 min=777 max=16636 hex=19C9 0D06 0F2D 117A 107C","centre=6592 min=2048 max=8003 hex=14E8 17F7 19C0 18DA 0F2B",0,0,0,,0,,,None,Unavailable,NoWallUnderCrosshair,,,,"only 0 valid depth samples under crosshair (0 no-data, 32 out-of-range, 409 low-confidence)",0,,,None,Unavailable,NoWallInView,,,,-0.980680466,0.8309839,0.222968787,0.005156473,0.169129953,-0.00368991541,0.9855734,0,0,0,0,0,0,283663.876949265,283663.876949265,0.030109531013295054
26.120927803454602,d62bf83a,SessionTracking,Tracking,30.0669613,29.8936214,1,0.0303208330005873,0.929930568,7.090625,1,160x90 DepthUint16,"centre=3847 min=776 max=16596 hex=1872 0959 0F07 1178 1085","centre=6614 min=2070 max=8033 hex=1528 1828 19D6 18E5 0F1E",0,0,0,,0,,,None,Unavailable,NoWallUnderCrosshair,,,,"only 0 valid depth samples under crosshair (0 no-data, 39 out-of-range, 402 low-confidence)",0,,,None,Unavailable,NoWallInView,,,,-0.9790497,0.8315582,0.222667456,0.005415492,0.1654083,-0.004154325,0.9862016,0,0,0,0,0,0,283663.91012392903,283663.91012392903,0.030277238984126598
26.155959314466369,d62bf83a,SessionTracking,Tracking,30.070919,29.8936214,1,0.034456822992069647,0.9320833,6.690139,1,160x90 DepthUint16,"centre=3545 min=775 max=16552 hex=1758 06BD 0DD9 11D3 11A8","centre=6576 min=2102 max=7985 hex=1519 180D 19B0 18D9 0F4E",0,0,0,,0,,,None,Unavailable,NoWallUnderCrosshair,,,,"only 0 valid depth samples under crosshair (0 no-data, 40 out-of-range, 401 low-confidence)",0,,,None,Unavailable,NoWallInView,,,,-0.979256153,0.831455946,0.22289592,0.00537592964,0.16187872,-0.00439640926,0.986786246,0,0,0,0,0,0,283663.943451013,283663.943451013,0.034414219000609592
26.18689702247843,d62bf83a,SessionTracking,Tracking,30.0691376,29.8936214,1,0.030308802000945434,0.932430565,6.738125,1,160x90 DepthUint16,"centre=3671 min=773 max=16519 hex=1758 06BB 0E57 1268 11EE","centre=6693 min=2133 max=8077 hex=15CE 1887 1A25 1964 0FA2",0,0,0,,0,,,None,Unavailable,NoWallUnderCrosshair,,,,"only 0 valid depth samples under crosshair (0 no-data, 47 out-of-range, 394 low-confidence)",0,,,None,Unavailable,NoWallInView,,,,-0.979678,0.831399262,0.223104075,0.00531054335,0.159433588,-0.004470438,0.9871843,0,0,0,0,0,0,283663.976778096,283663.976778096,0.030262500018579885
26.222387647463389,d62bf83a,SessionTracking,Tracking,30.0700226,29.8936214,1,0.034789166995324194,0.9330556,6.4867363,1,160x90 DepthUint16,"centre=3355 min=773 max=16480 hex=1652 06A7 0D1B 12E4 11AB","centre=7033 min=2112 max=8318 hex=1790 19E0 1B79 1AAC 1056",0,0,0,,0,,,None,Unavailable,NoWallUnderCrosshair,,,,"only 0 valid depth samples under crosshair (0 no-data, 47 out-of-range, 394 low-confidence)",0,,,None,Unavailable,NoWallInView,,,,-0.9773854,0.832825363,0.222229868,0.00471399771,0.157396138,-0.004730225,0.987513,0,0,0,0,0,0,283664.01014586503,283664.01014586503,0.034740676986984909
26.257440564458872,d62bf83a,SessionTracking,Tracking,30.0657253,29.8936214,1,0.034395833994494751,0.9328472,6.46555567,1,160x90 DepthUint16,"centre=3350 min=771 max=16899 hex=18A1 0741 0D16 1384 1168","centre=6952 min=2130 max=8261 hex=173C 1993 1B28 1A7E 1099",0,0,0,,0,,,None,Unavailable,NoWallUnderCrosshair,,,,"only 0 valid depth samples under crosshair (0 no-data, 57 out-of-range, 384 low-confidence)",0,,,None,Unavailable,NoWallInView,,,,-0.9776847,0.832830548,0.2222867,0.00423288345,0.154882148,-0.00473174453,0.987912536,0,0,0,0,0,0,283664.043472949,283664.043472949,0.034349895984632894
26.288368116456464,d62bf83a,SessionTracking,Tracking,30.06851,30.0898285,1,0.029911510995589197,0.93409723,6.447292,1,160x90 DepthUint16,"centre=2639 min=769 max=16373 hex=15C7 0818 0A4F 14D3 0FE1","centre=7013 min=2146 max=8326 hex=1762 19CA 1B65 1AA4 108F",0,0,0,,0,,,None,Unavailable,NoWallUnderCrosshair,,,,"only 0 valid depth samples under crosshair (0 no-data, 56 out-of-range, 385 low-confidence)",0,,,None,Unavailable,NoWallInView,,,,-0.977656364,0.8328172,0.222239509,0.00361893326,0.15116486,-0.004704237,0.98849076,0,0,0,0,0,0,283664.076800032,283664.076800032,0.029814166977303103
26.320317074456167,d62bf83a,SessionTracking,Tracking,30.068737,30.0898285,1,0.031280469003831968,0.936041653,6.208542,1,160x90 DepthUint16,"centre=2479 min=803 max=16282 hex=10F7 08BC 09AF 1806 1034","centre=6902 min=2148 max=8306 hex=1678 193B 1AF6 1A48 108D",0,0,0,,0,,,None,Unavailable,NoWallUnderCrosshair,,,,"only 0 valid depth samples under crosshair (0 no-data, 54 out-of-range, 387 low-confidence)",0,,,None,Unavailable,NoWallInView,,,,-0.9811259,0.830918133,0.223394662,0.00295855128,0.146044,-0.003302634,0.9892682,0,0,0,0,0,0,283664.108430574,283664.108430574,0.031232448003720492
26.351965199460889,d62bf83a,SessionTracking,Tracking,30.0686455,30.0898285,1,0.030887656001141295,0.9409722,6.037847,1,160x90 DepthUint16,"centre=1126 min=812 max=22140 hex=0432 04A2 0466 0457 0368","centre=5668 min=1957 max=7473 hex=12A8 14E2 1624 15AD 1083",0,0,0,,0,,,None,Unavailable,NoWallUnderCrosshair,,,,"only 0 valid depth samples under crosshair (0 no-data, 0 out-of-range, 441 low-confidence)",0,,,None,Unavailable,NoWallInView,,,,-0.9814351,0.8309693,0.223825365,0.003193103,0.141459838,-0.00321596884,0.9899336,0,0,0,0,0,0,283664.14175765804,283664.14175765804,0.030805312999291345
26.388927022464255,d62bf83a,SessionTracking,Tracking,30.0688381,30.0898285,1,0.036193489999277517,0.9409722,6.507986,1,160x90 DepthUint16,"centre=1123 min=807 max=24774 hex=0431 0475 0463 0454 043E","centre=5581 min=1980 max=7527 hex=121B 147C 15CD 155D 10A6",0,0,0,,0,,,None,Unavailable,NoWallUnderCrosshair,,,,"only 0 valid depth samples under crosshair (0 no-data, 0 out-of-range, 441 low-confidence)",0,,,None,Unavailable,NoWallInView,,,,-0.9819985,0.8309896,0.22445029,0.00357839512,0.137824342,-0.002929211,0.9904459,0,0,0,0,0,0,283664.17508474103,283664.17508474103,0.036111719004111364
26.420174626462309,d62bf83a,SessionTracking,Tracking,30.0687027,30.0898285,1,0.03024343799916096,0.942222238,6.29375,1,160x90 DepthUint16,"centre=1131 min=811 max=24849 hex=042F 046D 046B 0452 05EA","centre=5671 min=1976 max=7632 hex=1284 14D3 1627 15E7 1264",0,0,0,,0,,,None,Unavailable,NoWallUnderCrosshair,,,,"only 0 valid depth samples under crosshair (0 no-data, 0 out-of-range, 441 low-confidence)",0,,,None,Unavailable,NoWallInView,,,,-0.9798449,0.8315774,0.224210113,0.00380273932,0.13474454,-0.00240382575,0.9908702,0,0,0,0,0,0,283664.20830140304,283664.20830140304,0.030132865009363741
26.452497282476312,d62bf83a,SessionTracking,Tracking,30.0681973,30.0898285,1,0.031627239019144326,0.943125,6.45986128,1,160x90 DepthUint16,"centre=1160 min=809 max=24892 hex=042E 0464 0488 044F 09D4","centre=5671 min=1968 max=7658 hex=1261 14B2 1627 15F0 1242",0,0,0,,0,,,None,Unavailable,NoWallUnderCrosshair,,,,"only 0 valid depth samples under crosshair (0 no-data, 0 out-of-range, 441 low-confidence)",0,,,None,Unavailable,NoWallInView,,,,-0.98078,0.8315165,0.224990577,0.004055076,0.1326174,-0.002132565,0.991156757,0,0,0,0,0,0,283664.241628487,283664.241628487,0.03156552099972032
26.487305043472357,d62bf83a,SessionTracking,Tracking,30.0655365,30.0898285,1,0.034088437998434529,0.944583356,6.35694456,1,160x90 DepthUint16,"centre=1183 min=808 max=24949 hex=042D 0462 049F 044D 0360","centre=5873 min=2004 max=7777 hex=1305 156D 16F1 16BD 1323",0,0,0,,0,,,None,Unavailable,NoWallUnderCrosshair,,,,"only 0 valid depth samples under crosshair (0 no-data, 0 out-of-range, 441 low-confidence)",0,,,None,Unavailable,NoWallInView,,,,-0.981702566,0.8314157,0.225747228,0.004394375,0.130508155,-0.00191500783,0.991435647,0,0,0,0,0,0,283664.27495557,283664.27495557,0.032730364997405559
26.519713584453481,d62bf83a,SessionTracking,Tracking,30.0678768,30.0898285,1,0.031756040989421308,0.9459722,6.38527775,1,160x90 DepthUint16,"centre=1200 min=807 max=25000 hex=042E 0467 04B0 044E 0360","centre=5781 min=1954 max=7745 hex=12D1 1508 1695 15E5 108F",0,0,0,,0,,,None,Unavailable,NoWallUnderCrosshair,,,,"only 0 valid depth samples under crosshair (0 no-data, 0 out-of-range, 441 low-confidence)",0,,,None,Unavailable,NoWallInView,,,,-0.982636631,0.8309783,0.224289387,0.00500702159,0.128900513,-0.00144842279,0.991643846,0,0,0,0,0,0,283664.30809875403,283664.30809875403,0.031684426998253912
26.549924209455408,d62bf83a,SessionTracking,Tracking,30.0671978,30.0898285,1,0.029299738991539925,0.947777748,6.429236,1,160x90 DepthUint16,"centre=1208 min=806 max=24985 hex=042D 0469 04B8 044C 0360","centre=5921 min=1980 max=7769 hex=134D 1591 1721 165F 10AF",0,0,0,,0,,,None,Unavailable,NoWallUnderCrosshair,,,,"only 0 valid depth samples under crosshair (0 no-data, 0 out-of-range, 441 low-confidence)",0,,,None,Unavailable,NoWallInView,,,,-0.983705,0.8309413,0.2249411,0.005979851,0.1274935,-0.001008153,0.9918209,0,0,0,0,0,0,283664.341425838,283664.341425838,0.029199896001955494
26.590527126452567,d62bf83a,SessionTracking,Tracking,30.0670967,30.0898285,1,0.039968957978999242,0.948819458,6.2575,1,160x90 DepthUint16,"centre=1181 min=804 max=25095 hex=042D 0466 049D 044A 0360","centre=6009 min=1984 max=7896 hex=13B5 15F7 1779 16CA 116B",0,0,0,,0,,,None,Unavailable,NoWallUnderCrosshair,,,,"only 0 valid depth samples under crosshair (0 no-data, 0 out-of-range, 441 low-confidence)",0,,,None,Unavailable,NoWallInView,,,,-0.984787,0.830852032,0.225542933,0.006475203,0.125908658,-0.0007151962,0.9920205,0,0,0,0,0,0,283664.374752921,283664.374752921,0.039913437998620793
26.620958740477132,d62bf83a,SessionTracking,Tracking,30.066658,30.0898285,1,0.029887759999837726,0.9482639,6.221736,1,160x90 DepthUint16,"centre=1182 min=805 max=25124 hex=042D 0467 049E 044B 0360","centre=5992 min=1974 max=7917 hex=13AE 15E5 1768 16DE 1201",0,0,0,,0,,,None,Unavailable,NoWallUnderCrosshair,,,,"only 0 valid depth samples under crosshair (0 no-data, 0 out-of-range, 441 low-confidence)",0,,,None,Unavailable,NoWallInView,,,,-0.9859179,0.829963267,0.223738253,0.006380726,0.124681242,-0.0003924072,0.992176235,0,0,0,0,0,0,283664.40817666304,283664.40817666304,0.029844270000467077
26.651967230460055,d62bf83a,SessionTracking,Tracking,30.0663662,30.0898285,1,0.030414270993787795,0.9482639,6.2924304,1,160x90 DepthUint16,"centre=1170 min=804 max=25147 hex=042D 0466 0492 044A 0360","centre=6079 min=1975 max=7991 hex=13CC 1619 17BF 174B 1243",0,0,0,,0,,,None,Unavailable,NoWallUnderCrosshair,,,,"only 0 valid depth samples under crosshair (0 no-data, 0 out-of-range, 441 low-confidence)",0,,,None,Unavailable,NoWallInView,,,,-0.9872726,0.8299163,0.2241532,0.00649728253,0.123633653,-0.000312417746,0.9923066,0,0,0,0,0,0,283664.441503747,283664.441503747,0.030364322999957949
26.683722907476973,d62bf83a,SessionTracking,Tracking,30.0664234,30.0898285,1,0.031146302004344761,0.9498611,6.191597,1,160x90 DepthUint16,"centre=1164 min=804 max=25190 hex=042D 0471 048C 0449 0360","centre=6117 min=1945 max=8072 hex=13E4 162A 17E5 176E 12AD",0,0,0,,0,,,None,Unavailable,NoWallUnderCrosshair,,,,"only 0 valid depth samples under crosshair (0 no-data, 0 out-of-range, 441 low-confidence)",0,,,None,Unavailable,NoWallInView,,,,-0.988530338,0.830032349,0.224516854,0.006978456,0.122252092,-6.613135E-05,0.992474556,0,0,0,0,0,0,283664.47483083,283664.47483083,0.031092707999050617
26.72584999047444,d62bf83a,SessionTracking,Tracking,30.0671463,30.0898285,1,0.041461770015303046,0.948541641,6.178472,1,160x90 DepthUint16,"centre=1167 min=805 max=25191 hex=042C 0467 048F 0449 035F","centre=6004 min=1964 max=8019 hex=135D 15B3 1774 16FC 127D",0,0,0,,0,,,None,Unavailable,NoWallUnderCrosshair,,,,"only 0 valid depth samples under crosshair (0 no-data, 0 out-of-range, 441 low-confidence)",0,,,None,Unavailable,NoWallInView,,,,-0.9876808,0.8291541,0.222294852,0.00652885856,0.119284309,0.0005469323,0.992838562,0,0,0,0,0,0,283664.508899818,283664.508899818,0.041393593011889607
26.757842178459892,d62bf83a,SessionTracking,Tracking,30.0681973,30.0898285,1,0.029971771000418812,0.9589583,6.405903,1,160x90 DepthUint16,"centre=1154 min=812 max=25112 hex=042C 046A 0482 0448 0379","centre=5823 min=1721 max=8003 hex=1271 14DA 16BF 1648 1163",0,0,0,,0,,,None,Unavailable,NoWallUnderCrosshair,,,,"only 0 valid depth samples under crosshair (0 no-data, 0 out-of-range, 441 low-confidence)",0,,,None,Unavailable,NoWallInView,,,,-0.9890978,0.8293508,0.222424358,0.006353416,0.117288992,0.000637620746,0.993077338,0,0,0,0,0,0,283664.54222690203,283664.54222690203,0.029876405984396115
26.788112438461891,d62bf83a,SessionTracking,Tracking,30.0708828,30.0898285,1,0.02963781199650839,0.956875,6.12597227,1,160x90 DepthUint16,"centre=1153 min=811 max=25149 hex=042D 0466 0481 0447 0382","centre=5890 min=1696 max=8091 hex=12C8 1534 1702 167E 1200",0,0,0,,0,,,None,Unavailable,NoWallUnderCrosshair,,,,"only 0 valid depth samples under crosshair (0 no-data, 0 out-of-range, 441 low-confidence)",0,,,None,Unavailable,NoWallInView,,,,-0.990631938,0.82950604,0.222487748,0.005813908,0.115507126,0.0007714927,0.993289351,0,0,0,0,0,0,283664.575553985,283664.575553985,0.029592551989480853
26.824181970474225,d62bf83a,SessionTracking,Tracking,30.0689716,30.0898285,1,0.0354554170044139,0.9567361,6.161667,1,160x90 DepthUint16,"centre=1133 min=813 max=25164 hex=0431 0456 046D 0448 0385","centre=5969 min=1683 max=8234 hex=130A 1572 1751 16BC 11CA",0,0,0,,0,,,None,Unavailable,NoWallUnderCrosshair,,,,"only 0 valid depth samples under crosshair (0 no-data, 0 out-of-range, 441 low-confidence)",0,,,None,Unavailable,NoWallInView,,,,-0.991342366,0.8302597,0.2213175,0.00524272071,0.113990746,0.0008096696,0.9934677,0,0,0,0,0,0,283664.60799939604,283664.60799939604,0.035411093995207921
26.856249730455371,d62bf83a,SessionTracking,Tracking,30.068018,30.0898285,1,0.0314236459962558,0.9558333,5.949375,1,160x90 DepthUint16,"centre=1128 min=812 max=25172 hex=0431 0454 0468 0447 0384","centre=6030 min=1710 max=8237 hex=134F 15BD 178E 16F4 11EC",0,0,0,,0,,,None,Unavailable,NoWallUnderCrosshair,,,,"only 0 valid depth samples under crosshair (0 no-data, 0 out-of-range, 441 low-confidence)",0,,,None,Unavailable,NoWallInView,,,,-0.992900133,0.830366254,0.22144112,0.005020365,0.113154963,0.00132793188,0.993563831,0,0,0,0,0,0,283664.64132648,283664.64132648,0.031369167001685128
26.887403167467479,d62bf83a,SessionTracking,Tracking,30.0692711,30.0898285,1,0.030393071996513754,0.9617361,6.94784737,1,160x90 DepthUint16,"centre=1123 min=813 max=20898 hex=0431 0452 0463 0446 0370","centre=5627 min=1475 max=8242 hex=1252 1455 15FB 15A0 10DE",0,0,0,,0,,,None,Unavailable,NoWallUnderCrosshair,,,,"only 0 valid depth samples under crosshair (0 no-data, 0 out-of-range, 441 low-confidence)",0,,,None,Unavailable,NoWallInView,,,,-0.9943334,0.8303909,0.2217317,0.005052276,0.111861974,0.00132775307,0.993710041,0,0,0,0,0,0,283664.674653563,283664.674653563,0.030326822015922517
26.918880980465243,d62bf83a,SessionTracking,Tracking,30.0692348,30.0898285,1,0.030215469014365226,0.9571528,6.645486,1,160x90 DepthUint16,"centre=1115 min=813 max=20944 hex=0432 0451 045B 0446 0374","centre=5508 min=1485 max=8240 hex=1196 13B5 1584 14D7 0F48",0,0,0,,0,,,None,Unavailable,NoWallUnderCrosshair,,,,"only 0 valid depth samples under crosshair (0 no-data, 0 out-of-range, 441 low-confidence)",0,,,None,Unavailable,NoWallInView,,,,-0.994173765,0.8295822,0.222042859,0.00551449927,0.1094316,0.000904679357,0.9939786,0,0,0,0,0,0,283664.707487276,283664.707487276,0.030159426998579875
26.952112282455115,d62bf83a,SessionTracking,Tracking,30.0690422,30.0898285,1,0.032639686978654936,0.95645833,6.91506958,1,160x90 DepthUint16,"centre=1112 min=812 max=21008 hex=0432 0450 0458 0444 0376","centre=5525 min=1454 max=8355 hex=1193 13C3 1595 14E9 0F81",0,0,0,,0,,,None,Unavailable,NoWallUnderCrosshair,,,,"only 0 valid depth samples under crosshair (0 no-data, 0 out-of-range, 441 low-confidence)",0,,,None,Unavailable,NoWallInView,,,,-0.9955047,0.8294132,0.222628966,0.006047819,0.107271671,0.0008201003,0.9942111,0,0,0,0,0,0,283664.74081436003,283664.74081436003,0.032593332987744361
26.986766605466752,d62bf83a,SessionTracking,Tracking,30.0686188,30.0898285,1,0.034008281014394015,0.9508333,6.57243061,1,160x90 DepthUint16,"centre=1110 min=811 max=18558 hex=0431 044F 0456 0442 0377","centre=5584 min=1488 max=8408 hex=11C3 1412 15D0 1502 0F92",0,0,0,,0,,,None,Unavailable,NoWallUnderCrosshair,,,,"only 0 valid depth samples under crosshair (0 no-data, 0 out-of-range, 441 low-confidence)",0,,,None,Unavailable,NoWallInView,,,,-0.996877551,0.829256,0.223177791,0.0066568,0.105700038,0.000850945769,0.9943754,0,0,0,0,0,0,283664.774141443,283664.774141443,0.03394333299365826
27.018793949453308,d62bf83a,SessionTracking,Tracking,30.0679417,30.0898285,1,0.031180313002550974,0.9438889,6.56625,1,160x90 DepthUint16,"centre=1110 min=818 max=21063 hex=0433 0451 0456 0443 038C","centre=5611 min=1493 max=8538 hex=1224 143B 15EB 156B 10C6",0,0,0,,0,,,None,Unavailable,NoWallUnderCrosshair,,,,"only 0 valid depth samples under crosshair (0 no-data, 0 out-of-range, 441 low-confidence)",0,,,None,Unavailable,NoWallInView,,,,-0.9967927,0.8297028,0.2230052,0.00718585867,0.1039083,0.0007815362,0.994560659,0,0,0,0,0,0,283664.806703415,283664.806703415,0.031105834001209587
27.05098926145342,d62bf83a,SessionTracking,Tracking,30.06707,30.0898285,1,0.031391770986374468,0.946875,5.94083357,1,160x90 DepthUint16,"centre=1110 min=817 max=18744 hex=0433 0451 0456 0442 08FA","centre=5543 min=1558 max=8559 hex=11C3 13E9 15A7 1535 109F",0,0,0,,0,,,None,Unavailable,NoWallUnderCrosshair,,,,"only 0 valid depth samples under crosshair (0 no-data, 0 out-of-range, 441 low-confidence)",0,,,None,Unavailable,NoWallInView,,,,-0.998163462,0.829520464,0.223229334,0.00726569444,0.10285385,0.00114551187,0.9946693,0,0,0,0,0,0,283664.84003049904,283664.84003049904,0.031319166999310255
27.090253897451245,d62bf83a,SessionTracking,Tracking,30.065897,30.0898285,1,0.03844723998918198,0.9470139,6.184514,1,160x90 DepthUint16,"centre=1110 min=817 max=18342 hex=0434 0451 0456 0442 091E","centre=5374 min=1507 max=8607 hex=1119 133E 14FE 14BD 10C8",0,0,0,,0,,,None,Unavailable,NoWallUnderCrosshair,,,,"only 0 valid depth samples under crosshair (0 no-data, 0 out-of-range, 441 low-confidence)",0,,,None,Unavailable,NoWallInView,,,,-0.999578059,0.8293881,0.223284066,0.0073202597,0.102027386,0.00137752306,0.9947537,0,0,0,0,0,0,283664.873357582,283664.873357582,0.038373124989448115
27.120875928467054,d62bf83a,SessionTracking,Tracking,30.0651588,30.0898285,1,0.029716198012465611,0.9379167,5.987361,1,160x90 DepthUint16,"centre=1110 min=817 max=19187 hex=0435 0453 0456 0443 0963","centre=5364 min=1507 max=8704 hex=114A 1334 14F4 151C 12E6",0,0,0,,0,,,None,Unavailable,NoWallUnderCrosshair,,,,"only 0 valid depth samples under crosshair (0 no-data, 0 out-of-range, 441 low-confidence)",0,,,None,Unavailable,NoWallInView,,,,-0.9998967,0.8297187,0.222236335,0.00720607862,0.100642219,0.00133630633,0.9948957,0,0,0,0,0,0,283664.906693711,283664.906693711,0.02963921899208799
27.15284816746475,d62bf83a,SessionTracking,Tracking,30.0612278,30.0898285,1,0.031269530998542905,0.9379167,5.95979166,1,160x90 DepthUint16,"centre=1110 min=816 max=21113 hex=0435 0455 0456 0443 09AA","centre=5502 min=1521 max=8727 hex=11F6 13D1 157E 1575 12FB",0,0,0,,0,,,None,Unavailable,NoWallUnderCrosshair,,,,"only 0 valid depth samples under crosshair (0 no-data, 0 out-of-range, 441 low-confidence)",0,,,None,Unavailable,NoWallInView,,,,-1.00139046,0.829634666,0.222287476,0.006991402,0.0998275653,0.00135695946,0.994979262,0,0,0,0,0,0,283664.94002079504,283664.94002079504,0.031218124990118667
27.191362334476931,d62bf83a,SessionTracking,Tracking,30.0692844,30.0898285,1,0.037570208020042628,0.933125,6.180625,1,160x90 DepthUint16,"centre=1109 min=816 max=15866 hex=0435 0456 0455 0443 0A62","centre=5476 min=1513 max=8764 hex=11DD 13B8 1564 1571 12ED",0,0,0,,0,,,None,Unavailable,NoWallUnderCrosshair,,,,"only 0 valid depth samples under crosshair (0 no-data, 0 out-of-range, 441 low-confidence)",0,,,None,Unavailable,NoWallInView,,,,-1.00294614,0.829671,0.2224336,0.00714464532,0.09914401,0.00165790331,0.9950461,0,0,0,0,0,0,283664.973347878,283664.973347878,0.037453958007972687
27.223538428461094,d62bf83a,SessionTracking,Tracking,30.0656013,30.0898285,1,0.03135281300637871,0.9298611,5.92506933,1,160x90 DepthUint16,"centre=1109 min=824 max=15882 hex=0436 045B 0455 0444 0AB8","centre=5585 min=1586 max=8792 hex=123E 1418 15D1 15BA 11FA",0,0,0,,0,,,None,Unavailable,NoWallUnderCrosshair,,,,"only 0 valid depth samples under crosshair (0 no-data, 0 out-of-range, 441 low-confidence)",0,,,None,Unavailable,NoWallInView,,,,-1.00319612,0.830677867,0.222446978,0.007461154,0.098906666,0.001657814,0.995067358,0,0,0,0,0,0,283665.006657138,283665.006657138,0.03127187499194406
27.254518480450994,d62bf83a,SessionTracking,Tracking,30.06552,30.0898285,1,0.030194947990821674,0.9313889,6.421111,1,160x90 DepthUint16,"centre=1109 min=826 max=16841 hex=0437 045D 0455 0444 09A7","centre=5096 min=1428 max=8760 hex=1018 11DC 13E8 1460 11C4",0,0,0,,0,,,None,Unavailable,NoWallUnderCrosshair,,,,"only 0 valid depth samples under crosshair (0 no-data, 0 out-of-range, 441 low-confidence)",0,,,None,Unavailable,NoWallInView,,,,-1.00464892,0.8306606,0.222517729,0.007153601,0.09869765,0.00150412333,0.995090663,0,0,0,0,0,0,283665.03998422204,283665.03998422204,0.030110469000646845
27.294860928468321,d62bf83a,SessionTracking,Tracking,30.0663319,29.8064728,1,0.039312865003012121,0.9313889,6.58055544,1,160x90 DepthUint16,"centre=1109 min=826 max=16254 hex=0437 045F 0455 0444 0983","centre=5051 min=1484 max=8740 hex=0FED 11B0 13BB 1443 11C9",0,0,0,,0,,,None,Unavailable,NoWallUnderCrosshair,,,,"only 0 valid depth samples under crosshair (0 no-data, 0 out-of-range, 441 low-confidence)",0,,,None,Unavailable,NoWallInView,,,,-1.00621319,0.8306739,0.222658753,0.00707473233,0.09848255,0.0013071,0.9951128,0,0,0,0,0,0,283665.073311305,283665.073311305,0.039191615011077374
27.325176084475739,d62bf83a,SessionTracking,Tracking,30.0670052,29.8064728,1,0.02946437502396293,0.93194443,6.815347,1,160x90 DepthUint16,"centre=1106 min=823 max=15223 hex=0435 0460 0452 0443 07EE","centre=5036 min=1421 max=8786 hex=0FDC 119B 13AC 141A 112B",0,0,0,,0,,,None,Unavailable,NoWallUnderCrosshair,,,,"only 0 valid depth samples under crosshair (0 no-data, 0 out-of-range, 441 low-confidence)",0,,,None,Unavailable,NoWallInView,,,,-1.00794113,0.83091706,0.223644778,0.00690668356,0.0970729,0.0014387666,0.995252252,0,0,0,0,0,0,283665.10671447,283665.10671447,0.029380260006291792
27.357938480450454,d62bf83a,SessionTracking,Tracking,30.0712929,29.8064728,1,0.031035416992381215,0.9317361,6.812986,1,160x90 DepthUint16,"centre=1106 min=822 max=16511 hex=0435 0464 0452 0443 0809","centre=4802 min=1461 max=8792 hex=0EF2 10C0 12C2 131A 10CD",0,0,0,,0,,,None,Unavailable,NoWallUnderCrosshair,,,,"only 0 valid depth samples under crosshair (0 no-data, 0 out-of-range, 441 low-confidence)",0,,,None,Unavailable,NoWallInView,,,,-1.00943244,0.831013441,0.2238051,0.00700346753,0.09616186,0.00157693028,0.9953399,0,0,0,0,0,0,283665.140041554,283665.140041554,0.030980572977568954
27.387388428472828,d62bf83a,SessionTracking,Tracking,30.0691,29.8064728,1,0.028439999994589016,0.9232639,6.41270828,1,160x90 DepthUint16,"centre=1105 min=822 max=17758 hex=0435 0466 0451 0444 0408","centre=5208 min=1627 max=8834 hex=1111 12A2 1458 143D 109F",0,0,0,,0,,,None,Unavailable,NoWallUnderCrosshair,,,,"only 0 valid depth samples under crosshair (0 no-data, 0 out-of-range, 441 low-confidence)",0,,,None,Unavailable,NoWallInView,,,,-1.01093221,0.8310826,0.223949134,0.00695922226,0.09539238,0.001744628,0.9954139,0,0,0,0,0,0,283665.17336863704,283665.17336863704,0.02833828201983124
27.41846129246164,d62bf83a,SessionTracking,Tracking,30.0674458,29.8064728,1,0.030407031008508056,0.9230555,6.47395849,1,160x90 DepthUint16,"centre=1102 min=818 max=12962 hex=0432 0463 044E 0442 0477","centre=5511 min=1544 max=8909 hex=1296 1408 1587 1502 10E6",0,0,0,,0,,,None,Unavailable,NoWallUnderCrosshair,,,,"only 0 valid depth samples under crosshair (0 no-data, 0 out-of-range, 441 low-confidence)",0,,,None,Unavailable,NoWallInView,,,,-1.01026976,0.8330811,0.22605297,0.007289704,0.09392312,0.002222687,0.9955503,0,0,0,0,0,0,283665.20667032903,283665.20667032903,0.0303566140064504
27.455947803453224,d62bf83a,SessionTracking,Tracking,30.07084,29.8064728,1,0.036815572995692492,0.9227778,6.40256929,1,160x90 DepthUint16,"centre=1101 min=818 max=12934 hex=0432 0464 044D 0442 048C","centre=5473 min=1749 max=8912 hex=1292 13E1 1561 14F7 10EF",0,0,0,,0,,,None,Unavailable,NoWallUnderCrosshair,,,,"only 0 valid depth samples under crosshair (0 no-data, 0 out-of-range, 441 low-confidence)",0,,,None,Unavailable,NoWallInView,,,,-1.01179576,0.8332932,0.226549417,0.0071747154,0.09338003,0.00230690837,0.995602,0,0,0,0,0,0,283665.239997413,283665.239997413,0.036771041981410235
27.486523167466427,d62bf83a,SessionTracking,Tracking,30.0670185,29.8064728,1,0.029555000015534461,0.922708333,6.3479166,1,160x90 DepthUint16,"centre=1100 min=817 max=13093 hex=0431 0464 044C 0442 0491","centre=5565 min=1840 max=8950 hex=131B 1458 15BD 1528 10E0",0,0,0,,0,,,None,Unavailable,NoWallUnderCrosshair,,,,"only 0 valid depth samples under crosshair (0 no-data, 0 out-of-range, 441 low-confidence)",0,,,None,Unavailable,NoWallInView,,,,-1.01339066,0.833457,0.2272248,0.007288199,0.09335239,0.0021160543,0.9956043,0,0,0,0,0,0,283665.273324496,283665.273324496,0.02943921901169233
27.518787646465849,d62bf83a,SessionTracking,Tracking,30.0685043,29.8064728,1,0.03160859300987795,0.9261111,9.29125,1,160x90 DepthUint16,"centre=1098 min=458 max=12772 hex=042E 0460 044A 0408 03B8","centre=4999 min=769 max=8921 hex=1159 124E 1387 11DF 06B2",0,0,0,,0,,,None,Unavailable,NoWallUnderCrosshair,,,,"only 0 valid depth samples under crosshair (0 no-data, 0 out-of-range, 441 low-confidence)",0,,,None,Unavailable,NoWallInView,,,,-1.01045132,0.835375845,0.230021581,0.007947789,0.0923138,0.00223925733,0.99569577,0,0,0,0,0,0,283665.30653471,283665.30653471,0.031562812015181407
27.556420719458171,d62bf83a,SessionTracking,Tracking,30.0679646,29.8064728,1,0.036831613979302347,0.926041663,9.338056,1,160x90 DepthUint16,"centre=1097 min=455 max=12761 hex=042E 045F 0449 040A 03B6","centre=5074 min=763 max=8922 hex=1196 1295 13D2 122C 06E8",0,0,0,,0,,,None,Unavailable,NoWallUnderCrosshair,,,,"only 0 valid depth samples under crosshair (0 no-data, 0 out-of-range, 441 low-confidence)",0,,,None,Unavailable,NoWallInView,,,,-1.011986,0.8356737,0.231067479,0.008070748,0.09245707,0.00247585773,0.9956809,0,0,0,0,0,0,283665.339861794,283665.339861794,0.036719374998938292
27.586723636460871,d62bf83a,SessionTracking,Tracking,30.0678768,29.8064728,1,0.029437969002174214,0.926041663,9.568819,1,160x90 DepthUint16,"centre=1096 min=455 max=14960 hex=042D 045D 0448 041D 03B2","centre=4983 min=716 max=8946 hex=1158 1248 1377 120C 06BA",0,0,0,,0,,,None,Unavailable,NoWallUnderCrosshair,,,,"only 0 valid depth samples under crosshair (0 no-data, 0 out-of-range, 441 low-confidence)",0,,,None,Unavailable,NoWallInView,,,,-1.01321685,0.8359735,0.23191601,0.00760937156,0.09122526,0.0027354958,0.995797455,0,0,0,0,0,0,283665.372830216,283665.372830216,0.029349166987231
27.618763219452145,d62bf83a,SessionTracking,Tracking,30.0673885,29.8064728,1,0.031383697991259396,0.9170833,8.858889,1,160x90 DepthUint16,"centre=1095 min=494 max=12838 hex=042D 0459 0447 0452 03AF","centre=5337 min=696 max=9028 hex=127C 1388 14D9 1347 071B",0,0,0,,0,,,None,Unavailable,NoWallUnderCrosshair,,,,"only 0 valid depth samples under crosshair (0 no-data, 0 out-of-range, 441 low-confidence)",0,,,None,Unavailable,NoWallInView,,,,-1.00497007,0.8390483,0.233947247,0.008160551,0.08902124,0.00265529775,0.9959928,0,0,0,0,0,0,283665.406344686,283665.406344686,0.03133822898962535
27.649810198465044,d62bf83a,SessionTracking,Tracking,30.0647831,29.8064728,1,0.030141561990603805,0.915833354,8.990556,1,160x90 DepthUint16,"centre=1094 min=537 max=13099 hex=042C 0457 0446 0473 03CC","centre=5286 min=700 max=9046 hex=120D 1343 14A6 1304 070B",0,0,0,,0,,,None,Unavailable,NoWallUnderCrosshair,,,,"only 0 valid depth samples under crosshair (0 no-data, 0 out-of-range, 441 low-confidence)",0,,,None,Unavailable,NoWallInView,,,,-1.00570142,0.839409947,0.235056028,0.007572968,0.0881105,0.00318452739,0.9960769,0,0,0,0,0,0,283665.43967177003,283665.43967177003,0.0300303119875025
27.688188115458384,d62bf83a,SessionTracking,Tracking,30.0671844,29.8064728,1,0.03770416698534973,0.916388869,8.889028,1,160x90 DepthUint16,"centre=1093 min=532 max=15615 hex=042B 0454 0445 0493 03D0","centre=5275 min=691 max=9061 hex=11F3 1323 149B 130B 070B",0,0,0,,0,,,None,Unavailable,NoWallUnderCrosshair,,,,"only 0 valid depth samples under crosshair (0 no-data, 0 out-of-range, 441 low-confidence)",0,,,None,Unavailable,NoWallInView,,,,-1.00643921,0.839839637,0.236386865,0.00776697742,0.08736114,0.00359377288,0.996139944,0,0,0,0,0,0,283665.472998853,283665.472998853,0.0376540620054584
27.719817959474081,d62bf83a,SessionTracking,Tracking,30.06525,29.8064728,1,0.030886874999850988,0.9085417,8.687917,1,160x90 DepthUint16,"centre=1092 min=534 max=12867 hex=042D 0453 0444 048D 03D1","centre=5211 min=682 max=9080 hex=1173 12BA 145B 12D9 0704",0,0,0,,0,,,None,Unavailable,NoWallUnderCrosshair,,,,"only 0 valid depth samples under crosshair (0 no-data, 0 out-of-range, 441 low-confidence)",0,,,None,Unavailable,NoWallInView,,,,-1.001509,0.8394482,0.238319159,0.007895734,0.08581872,0.00324523449,0.9962742,0,0,0,0,0,0,283665.505981698,283665.505981698,0.030818802013527602
27.75291566746068,d62bf83a,SessionTracking,Tracking,30.064867,29.8064728,1,0.032358228985685855,0.9084028,8.747361,1,160x90 DepthUint16,"centre=1090 min=533 max=15506 hex=042C 0452 0442 048F 03D4","centre=5207 min=698 max=9125 hex=11CA 12EF 1457 12BE 0720",0,0,0,,0,,,None,Unavailable,NoWallUnderCrosshair,,,,"only 0 valid depth samples under crosshair (0 no-data, 0 out-of-range, 441 low-confidence)",0,,,None,Unavailable,NoWallInView,,,,-1.00175738,0.839599133,0.239802271,0.008106027,0.08505602,0.00335678458,0.996337533,0,0,0,0,0,0,283665.539308782,283665.539308782,0.032301926985383034
27.789147907463981,d62bf83a,SessionTracking,Tracking,30.0624619,29.8064728,1,0.035517709009582177,0.910833359,13.6036806,1,160x90 DepthUint16,"centre=1087 min=550 max=14786 hex=042E 0452 043F 04A2 03DC","centre=5018 min=696 max=9153 hex=1197 1283 139A 11BA 0500",0,0,0,,0,,,None,Unavailable,NoWallUnderCrosshair,,,,"only 0 valid depth samples under crosshair (0 no-data, 0 out-of-range, 441 low-confidence)",0,,,None,Unavailable,NoWallInView,,,,-1.00173426,0.839758337,0.241329163,0.008346088,0.08344572,0.00336107612,0.996471763,0,0,0,0,0,0,283665.572635865,283665.572635865,0.035455261007882655
27.82067134447038,d62bf83a,SessionTracking,Tracking,30.06598,29.8064728,1,0.03060083300806582,0.911319435,13.27625,1,160x90 DepthUint16,"centre=1088 min=549 max=17955 hex=042F 0453 0440 0401 03D8","centre=4920 min=720 max=9191 hex=10D4 11F9 1338 1191 050C",0,0,0,,0,,,None,Unavailable,NoWallUnderCrosshair,,,,"only 0 valid depth samples under crosshair (0 no-data, 0 out-of-range, 441 low-confidence)",0,,,None,Unavailable,NoWallInView,,,,-1.00099766,0.837833047,0.238543779,0.008413625,0.0815281346,0.00328022265,0.996630132,0,0,0,0,0,0,283665.60604207905,283665.60604207905,0.030508697993354872
27.851911761452126,d62bf83a,SessionTracking,Tracking,30.06379,29.8064728,1,0.030396197980735451,0.910972238,13.6672916,1,160x90 DepthUint16,"centre=1086 min=548 max=15540 hex=042F 0452 043E 0400 03DB","centre=4868 min=693 max=9200 hex=1095 11C8 1304 1168 0513",0,0,0,,0,,,None,Unavailable,NoWallUnderCrosshair,,,,"only 0 valid depth samples under crosshair (0 no-data, 0 out-of-range, 441 low-confidence)",0,,,None,Unavailable,NoWallInView,,,,-1.00115752,0.837927,0.239747718,0.008658939,0.08092542,0.00346669578,0.9966765,0,0,0,0,0,0,283665.639369163,283665.639369163,0.030303905979963019
27.887650615451772,d62bf83a,SessionTracking,Tracking,30.0622768,29.8064728,1,0.034983176999958232,0.908819437,13.9806252,1,160x90 DepthUint16,"centre=1085 min=552 max=17889 hex=0431 0452 043D 03FE 03E3","centre=4717 min=697 max=9225 hex=1005 1125 126D 111F 04F8",0,0,0,,0,,,None,Unavailable,NoWallUnderCrosshair,,,,"only 0 valid depth samples under crosshair (0 no-data, 0 out-of-range, 441 low-confidence)",0,,,None,Unavailable,NoWallInView,,,,-1.00117111,0.838000655,0.240894049,0.008407843,0.0794457,0.00353115844,0.9967975,0,0,0,0,0,0,283665.672696246,283665.672696246,0.034912916977191344
27.92040926145614,d62bf83a,SessionTracking,Tracking,30.0651588,29.8064728,1,0.032045885978732258,0.9026389,13.6864586,1,160x90 DepthUint16,"centre=1085 min=554 max=12889 hex=0434 0455 043D 049A 03E9","centre=4769 min=697 max=9255 hex=0FD9 1123 12A1 114F 04E1",0,0,0,,0,,,None,Unavailable,NoWallUnderCrosshair,,,,"only 0 valid depth samples under crosshair (0 no-data, 0 out-of-range, 441 low-confidence)",0,,,None,Unavailable,NoWallInView,,,,-0.9999346,0.837985635,0.239137739,0.007942052,0.0779762939,0.00369590544,0.9969168,0,0,0,0,0,0,283665.70607587,283665.70607587,0.031999426981201395
27.95202988645519,d62bf83a,SessionTracking,Tracking,30.06645,29.8064728,1,0.030785729002673179,0.902708352,13.6732635,1,160x90 DepthUint16,"centre=1085 min=614 max=14323 hex=0434 0455 043D 0475 03EB","centre=4651 min=713 max=9257 hex=0F63 10AE 122B 1128 04F6",0,0,0,,0,,,None,Unavailable,NoWallUnderCrosshair,,,,"only 0 valid depth samples under crosshair (0 no-data, 0 out-of-range, 441 low-confidence)",0,,,None,Unavailable,NoWallInView,,,,-1.00012577,0.8382195,0.240058,0.007792991,0.07789711,0.00415811,0.9969223,0,0,0,0,0,0,283665.739402954,283665.739402954,0.030702239979291335
27.991654730463548,d62bf83a,SessionTracking,Tracking,30.0661659,29.8064728,1,0.038654167001368478,0.9034028,13.5136108,1,160x90 DepthUint16,"centre=1084 min=544 max=16398 hex=0435 0454 043C 0463 03EE","centre=4793 min=726 max=9258 hex=1014 1140 12B9 1197 051B",0,0,0,,0,,,None,Unavailable,NoWallUnderCrosshair,,,,"only 0 valid depth samples under crosshair (0 no-data, 0 out-of-range, 441 low-confidence)",0,,,None,Unavailable,NoWallInView,,,,-1.00026453,0.838410139,0.240914375,0.00726282224,0.0776796341,0.004599333,0.9969413,0,0,0,0,0,0,283665.772366948,283665.772366948,0.0385323440132197
28.022905615452824,d62bf83a,SessionTracking,Tracking,30.0662365,29.8064728,1,0.030444582982454449,0.9004861,13.4961805,1,160x90 DepthUint16,"centre=1085 min=551 max=12751 hex=0436 0456 043D 0458 03F0","centre=4838 min=724 max=9290 hex=1037 1176 12E6 11B8 053A",0,0,0,,0,,,None,Unavailable,NoWallUnderCrosshair,,,,"only 0 valid depth samples under crosshair (0 no-data, 0 out-of-range, 441 low-confidence)",0,,,None,Unavailable,NoWallInView,,,,-0.999832332,0.8378769,0.238948971,0.00654193759,0.07654145,0.00475856662,0.9970336,0,0,0,0,0,0,283665.805721295,283665.805721295,0.029000624985201284
28.054478584472005,d62bf83a,SessionTracking,Tracking,30.0659924,29.8064728,1,0.030891667003743351,0.8996528,13.8061113,1,160x90 DepthUint16,"centre=1084 min=543 max=13931 hex=0438 0458 043C 044F 03EE","centre=4743 min=696 max=9304 hex=0FBF 110B 1287 11AB 0531",0,0,0,,0,,,None,Unavailable,NoWallUnderCrosshair,,,,"only 0 valid depth samples under crosshair (0 no-data, 0 out-of-range, 441 low-confidence)",0,,,None,Unavailable,NoWallInView,,,,-0.999683857,0.838026,0.239963889,0.006509859,0.0751028359,0.004729092,0.9971433,0,0,0,0,0,0,283665.83904837904,283665.83904837904,0.030824271001620218
28.086112073451428,d62bf83a,SessionTracking,Tracking,30.0654869,29.8064728,1,0.030835051991743967,0.895,13.7318058,1,160x90 DepthUint16,"centre=1082 min=602 max=15795 hex=043C 045B 043A 044A 03E9","centre=4983 min=708 max=9333 hex=10B2 1204 1377 1201 0539",0,0,0,,0,,,None,Unavailable,NoWallUnderCrosshair,,,,"only 0 valid depth samples under crosshair (0 no-data, 0 out-of-range, 441 low-confidence)",0,,,None,Unavailable,NoWallInView,,,,-0.999462962,0.8381728,0.241018027,0.00653377548,0.073365,0.0046903193,0.99727273,0,0,0,0,0,0,283665.87237546203,283665.87237546203,0.030747863987926394
28.117887073461812,d62bf83a,SessionTracking,Tracking,30.065237,29.8064728,1,0.031127708003623411,0.8869445,14.2664585,1,160x90 DepthUint16,"centre=1086 min=620 max=12692 hex=0440 0461 043E 0451 03F2","centre=4941 min=693 max=9401 hex=1030 11B1 134D 120B 0528",0,0,0,,0,,,None,Unavailable,NoWallUnderCrosshair,,,,"only 0 valid depth samples under crosshair (0 no-data, 0 out-of-range, 441 low-confidence)",0,,,None,Unavailable,NoWallInView,,,,-0.9998784,0.836313546,0.235708624,0.00631270651,0.06908945,0.005384058,0.997576,0,0,0,0,0,0,283665.90580072504,283665.90580072504,0.031078228988917544
28.153567073462678,d62bf83a,SessionTracking,Tracking,30.0669975,29.8064728,1,0.034821874985937029,0.8815278,14.1272221,1,160x90 DepthUint16,"centre=1085 min=547 max=14913 hex=0444 0464 043D 043D 03F0","centre=4993 min=698 max=9435 hex=105E 11DF 1381 1216 054E",0,0,0,,0,,,None,Unavailable,NoWallUnderCrosshair,,,,"only 0 valid depth samples under crosshair (0 no-data, 0 out-of-range, 441 low-confidence)",0,,,None,Unavailable,NoWallInView,,,,-1.00006807,0.8364016,0.23652941,0.00627888925,0.06729326,0.00552162528,0.9976982,0,0,0,0,0,0,283665.939127809,283665.939127809,0.034717344009550288
28.182824573453896,d62bf83a,SessionTracking,Tracking,30.0656471,29.8064728,1,0.028370728978188708,0.879583359,14.2938194,1,160x90 DepthUint16,"centre=1085 min=616 max=16655 hex=0446 0465 043D 042A 03EE","centre=4982 min=712 max=9462 hex=104C 11DA 1376 1227 0561",0,0,0,,0,,,None,Unavailable,NoWallUnderCrosshair,,,,"only 0 valid depth samples under crosshair (0 no-data, 0 out-of-range, 441 low-confidence)",0,,,None,Unavailable,NoWallInView,,,,-1.00034034,0.836405039,0.237254217,0.005678684,0.06607611,0.005615503,0.997782648,0,0,0,0,0,0,283665.972454892,283665.972454892,0.028276094002649188
28.215690302462232,d62bf83a,SessionTracking,Tracking,30.0688438,29.8064728,1,0.032121927011758089,0.8734722,14.0834026,1,160x90 DepthUint16,"centre=1089 min=545 max=14284 hex=044A 0467 0441 0420 03F7","centre=5032 min=725 max=9430 hex=1120 125F 13A8 120F 056D",0,0,0,,0,,,None,Unavailable,NoWallUnderCrosshair,,,,"only 0 valid depth samples under crosshair (0 no-data, 0 out-of-range, 441 low-confidence)",0,,,None,Unavailable,NoWallInView,,,,-1.00056255,0.8362097,0.235746175,0.00511751371,0.06392285,0.005742908,0.9979252,0,0,0,0,0,0,283666.00574463804,283666.00574463804,0.032072708010673523
28.255737125469519,d62bf83a,SessionTracking,Tracking,30.0668259,29.8064728,1,0.039379738998832181,0.870694458,14.10382,1,160x90 DepthUint16,"centre=1091 min=615 max=16142 hex=044E 0468 0443 0427 03F6","centre=5065 min=733 max=9482 hex=1157 127F 13C9 1215 0587",0,0,0,,0,,,None,Unavailable,NoWallUnderCrosshair,,,,"only 0 valid depth samples under crosshair (0 no-data, 0 out-of-range, 441 low-confidence)",0,,,None,Unavailable,NoWallInView,,,,-1.00075352,0.8362663,0.236435309,0.005063294,0.06253673,0.00586316036,0.9980126,0,0,0,0,0,0,283666.039071722,283666.039071722,0.039336301997536793
28.286483792475106,d62bf83a,SessionTracking,Tracking,30.0661087,29.8064728,1,0.029688542010262609,0.8691667,14.1590977,1,160x90 DepthUint16,"centre=1092 min=613 max=15984 hex=0450 0466 0444 0429 03F3","centre=4915 min=718 max=9477 hex=101B 1182 1333 11C6 05A4",0,0,0,,0,,,None,Unavailable,NoWallUnderCrosshair,,,,"only 0 valid depth samples under crosshair (0 no-data, 0 out-of-range, 441 low-confidence)",0,,,None,Unavailable,NoWallInView,,,,-1.00100875,0.8362415,0.237174436,0.004740712,0.061749313,0.005990983,0.9980625,0,0,0,0,0,0,283666.072398805,283666.072398805,0.029539531009504572
28.318237386472671,d62bf83a,SessionTracking,Tracking,30.0667629,30.2918835,1,0.031075730017619208,0.9540278,17.6682644,1,160x90 DepthUint16,"centre=989 min=646 max=12518 hex=03D5 03E8 03DD 03DF 03E6","centre=3854 min=698 max=7865 hex=0E69 0EFF 0F0E 0D27 0493",0,0,0,,0,,,None,Unavailable,NoWallUnderCrosshair,,,,"only 0 valid depth samples under crosshair (0 no-data, 0 out-of-range, 441 low-confidence)",0,,,None,Unavailable,NoWallInView,,,,-0.997676134,0.83394134,0.229025692,0.00466463156,0.05781158,0.00640434027,0.9982961,0,0,0,0,0,0,283666.106377455,283666.106377455,0.031021407019579783
28.355482906455787,d62bf83a,SessionTracking,Tracking,30.0668259,30.2918835,1,0.03645296799368225,0.9519445,17.8981953,1,160x90 DepthUint16,"centre=1003 min=645 max=12579 hex=03EA 03FB 03EB 03E4 03E7","centre=3933 min=699 max=8026 hex=0E0C 0EF1 0F5D 0D94 04A7",0,0,0,,0,,,None,Unavailable,NoWallUnderCrosshair,,,,"only 0 valid depth samples under crosshair (0 no-data, 0 out-of-range, 441 low-confidence)",0,,,None,Unavailable,NoWallInView,,,,-0.997831,0.833891034,0.229550779,0.00526250526,0.0553371534,0.00652599335,0.9984325,0,0,0,0,0,0,283666.13970453903,283666.13970453903,0.036369687004480511
28.386061709464908,d62bf83a,SessionTracking,Tracking,30.0666447,30.2918835,1,0.029724635998718441,0.9511806,17.541111,1,160x90 DepthUint16,"centre=1015 min=647 max=12591 hex=03F9 0408 03F7 03E5 03E6","centre=3978 min=707 max=8077 hex=0E3F 0F2C 0F8A 0DA9 04B2",0,0,0,,0,,,None,Unavailable,NoWallUnderCrosshair,,,,"only 0 valid depth samples under crosshair (0 no-data, 0 out-of-range, 441 low-confidence)",0,,,None,Unavailable,NoWallInView,,,,-0.9981295,0.8337637,0.230026975,0.005271249,0.05383718,0.00670740055,0.9985133,0,0,0,0,0,0,283666.173031622,283666.173031622,0.029627553012687713
28.41836941746055,d62bf83a,SessionTracking,Tracking,30.065527,30.2918835,1,0.031637187988962978,0.9536806,17.458889,1,160x90 DepthUint16,"centre=1015 min=649 max=12641 hex=03F8 0406 03F7 03E5 03E6","centre=3777 min=709 max=8111 hex=0D94 0E6E 0EC1 0CEA 04AF",0,0,0,,0,,,None,Unavailable,NoWallUnderCrosshair,,,,"only 0 valid depth samples under crosshair (0 no-data, 0 out-of-range, 441 low-confidence)",0,,,None,Unavailable,NoWallInView,,,,-0.9984052,0.833865941,0.228928864,0.00490162568,0.0538922772,0.00705337571,0.9985098,0,0,0,0,0,0,283666.206260288,283666.206260288,0.031588490004651248
28.451878948460713,d62bf83a,SessionTracking,Tracking,30.0640316,30.2918835,1,0.032578957994701341,0.9565972,18.2070141,1,160x90 DepthUint16,"centre=1013 min=648 max=12610 hex=03F8 0408 03F5 03E5 03E6","centre=3450 min=706 max=8082 hex=0C87 0D46 0D7A 0BD4 0494",0,0,0,,0,,,None,Unavailable,NoWallUnderCrosshair,,,,"only 0 valid depth samples under crosshair (0 no-data, 0 out-of-range, 441 low-confidence)",0,,,None,Unavailable,NoWallInView,,,,-0.9991815,0.833816469,0.229562446,0.005050829,0.0547908433,0.00751939462,0.9984568,0,0,0,0,0,0,283666.239587372,283666.239587372,0.032491927006049082
28.482931031470567,d62bf83a,SessionTracking,Tracking,30.0652885,30.2918835,1,0.030432500003371388,0.9554861,17.8517361,1,160x90 DepthUint16,"centre=1013 min=650 max=12594 hex=03F2 0402 03F5 03E4 03E5","centre=3491 min=707 max=8039 hex=0CEE 0D8D 0DA3 0BF1 049E",0,0,0,,0,,,None,Unavailable,NoWallUnderCrosshair,,,,"only 0 valid depth samples under crosshair (0 no-data, 0 out-of-range, 441 low-confidence)",0,,,None,Unavailable,NoWallInView,,,,-0.99974215,0.83383286,0.230297536,0.00511744,0.0546095,0.007945328,0.998463035,0,0,0,0,0,0,283666.27291445504,283666.27291445504,0.030369687010534108
28.517165979461193,d62bf83a,SessionTracking,Tracking,30.0637817,30.2918835,1,0.033661927009234205,0.953055561,17.6774311,1,160x90 DepthUint16,"centre=1015 min=648 max=12457 hex=03F3 0402 03F7 03E6 03E7","centre=3859 min=706 max=8075 hex=0E02 0ECB 0F13 0D4F 049E",0,0,0,,0,,,None,Unavailable,NoWallUnderCrosshair,,,,"only 0 valid depth samples under crosshair (0 no-data, 0 out-of-range, 441 low-confidence)",0,,,None,Unavailable,NoWallInView,,,,-0.9976597,0.8333224,0.227515727,0.005011903,0.05329112,0.008156389,0.9985331,0,0,0,0,0,0,283666.30601379403,283666.30601379403,0.033597030997043476
28.555897386456987,d62bf83a,SessionTracking,Tracking,30.06361,30.2918835,1,0.037739480001619086,0.9546528,18.0998611,1,160x90 DepthUint16,"centre=1012 min=648 max=12569 hex=03F8 0408 03F4 03E5 03E6","centre=3596 min=704 max=8091 hex=0D40 0DEC 0E0C 0C4F 049C",0,0,0,,0,,,None,Unavailable,NoWallUnderCrosshair,,,,"only 0 valid depth samples under crosshair (0 no-data, 0 out-of-range, 441 low-confidence)",0,,,None,Unavailable,NoWallInView,,,,-0.9983697,0.833364367,0.2283634,0.00509648072,0.05455739,0.008191944,0.998464048,0,0,0,0,0,0,283666.339340878,283666.339340878,0.037645053002052009
28.587852333472025,d62bf83a,SessionTracking,Tracking,30.0637531,30.2918835,1,0.031019582995213568,0.9575694,17.5947227,1,160x90 DepthUint16,"centre=991 min=646 max=12460 hex=03E2 03F1 03DF 03E2 03E7","centre=3608 min=704 max=7941 hex=0D64 0DFD 0E18 0C62 0486",0,0,0,,0,,,None,Unavailable,NoWallUnderCrosshair,,,,"only 0 valid depth samples under crosshair (0 no-data, 0 out-of-range, 441 low-confidence)",0,,,None,Unavailable,NoWallInView,,,,-0.9994672,0.833353639,0.229662329,0.0054227137,0.0581078865,0.008318306,0.9982609,0,0,0,0,0,0,283666.372667961,283666.372667961,0.0308929159946274
28.61967655245439,d62bf83a,SessionTracking,Tracking,30.0641727,30.2918835,1,0.031146665976848453,0.958125,17.9116669,1,160x90 DepthUint16,"centre=985 min=649 max=12533 hex=03D3 03E9 03D9 03EA 03E9","centre=3614 min=700 max=7803 hex=0D53 0DF7 0E1E 0C6A 046F",0,0,0,,0,,,None,Unavailable,NoWallUnderCrosshair,,,,"only 0 valid depth samples under crosshair (0 no-data, 0 out-of-range, 441 low-confidence)",0,,,None,Unavailable,NoWallInView,,,,-0.9987201,0.833224356,0.230281949,0.00572878,0.0606348552,0.007925124,0.998112142,0,0,0,0,0,0,283666.405566682,283666.405566682,0.031092552002519369
28.649624365472615,d62bf83a,SessionTracking,Tracking,30.06258,30.2918835,1,0.029335938015719876,0.9590972,17.91743,1,160x90 DepthUint16,"centre=982 min=648 max=12487 hex=03DB 03EA 03D6 03E8 03E7","centre=3609 min=699 max=7751 hex=0D2B 0DDE 0E19 0C6C 0475",0,0,0,,0,,,None,Unavailable,NoWallUnderCrosshair,,,,"only 0 valid depth samples under crosshair (0 no-data, 0 out-of-range, 441 low-confidence)",0,,,None,Unavailable,NoWallInView,,,,-0.999234259,0.8330758,0.232301,0.00628542434,0.0606891625,0.00765898731,0.998107553,0,0,0,0,0,0,283666.438893766,283666.438893766,0.029291042010299861
28.687132386465006,d62bf83a,SessionTracking,Tracking,30.0653019,30.2918835,1,0.036884011002257466,0.956875,17.8208332,1,160x90 DepthUint16,"centre=995 min=644 max=12432 hex=0405 0402 03E3 03DF 03E5","centre=3611 min=707 max=8002 hex=0DD8 0E4D 0E1B 0C30 0494",0,0,0,,0,,,None,Unavailable,NoWallUnderCrosshair,,,,"only 0 valid depth samples under crosshair (0 no-data, 0 out-of-range, 441 low-confidence)",0,,,None,Unavailable,NoWallInView,,,,-0.9988392,0.8328657,0.234676182,0.007177606,0.0559881032,0.00726893544,0.99837923,0,0,0,0,0,0,283666.472220849,283666.472220849,0.036825729999691248
28.720177386454221,d62bf83a,SessionTracking,Tracking,30.0637684,30.2918835,1,0.032495886000106111,0.9547222,17.65264,1,160x90 DepthUint16,"centre=991 min=645 max=12396 hex=03EE 03F8 03DF 03D6 03E8","centre=3843 min=713 max=8134 hex=0EC8 0F39 0F03 0CFC 04C8",0,0,0,,0,,,None,Unavailable,NoWallUnderCrosshair,,,,"only 0 valid depth samples under crosshair (0 no-data, 0 out-of-range, 441 low-confidence)",0,,,None,Unavailable,NoWallInView,,,,-0.996922731,0.832651138,0.235058129,0.008490396,0.05099875,0.00755608128,0.99863404,0,0,0,0,0,0,283666.506711525,283666.506711525,0.032451927982037887
28.750531344474208,d62bf83a,SessionTracking,Tracking,30.064621,30.2918835,1,0.029672136006411165,0.95652777,17.3020134,1,160x90 DepthUint16,"centre=990 min=657 max=12735 hex=03EA 03F4 03DE 03D1 03F0","centre=3676 min=732 max=8359 hex=0E11 0E8E 0E5C 0C7A 04E9",0,0,0,,0,,,None,Unavailable,NoWallUnderCrosshair,,,,"only 0 valid depth samples under crosshair (0 no-data, 0 out-of-range, 441 low-confidence)",0,,,None,Unavailable,NoWallInView,,,,-0.996986032,0.83246243,0.237050444,0.0100149177,0.04702732,0.007530153,0.998815,0,0,0,0,0,0,283666.540038609,283666.540038609,0.02959474001545459
28.788801917460429,d62bf83a,SessionTracking,Tracking,30.0671673,30.2918835,1,0.037315313005819917,0.954166651,17.05743,1,160x90 DepthUint16,"centre=986 min=661 max=14443 hex=03DB 03EB 03DA 03CD 03F9","centre=3917 min=739 max=8414 hex=0EF5 0F85 0F4D 0D29 0538",0,0,0,,0,,,None,Unavailable,NoWallUnderCrosshair,,,,"only 0 valid depth samples under crosshair (0 no-data, 0 out-of-range, 441 low-confidence)",0,,,None,Unavailable,NoWallInView,,,,-0.9974795,0.832260847,0.238658756,0.011622441,0.04570923,0.007834316,0.9988565,0,0,0,0,0,0,283666.573365692,283666.573365692,0.037216353986877948
28.819609833477212,d62bf83a,SessionTracking,Tracking,30.0653782,30.2918835,1,0.029780468001263216,0.954375,17.1086121,1,160x90 DepthUint16,"centre=984 min=657 max=11935 hex=03DB 03E9 03D8 03CC 03FF","centre=3848 min=745 max=8506 hex=0E15 0EF8 0F08 0D28 052B",0,0,0,,0,,,None,Unavailable,NoWallUnderCrosshair,,,,"only 0 valid depth samples under crosshair (0 no-data, 0 out-of-range, 441 low-confidence)",0,,,None,Unavailable,NoWallInView,,,,-0.998404562,0.8316208,0.23829022,0.012522012,0.0461839028,0.007682414,0.998824954,0,0,0,0,0,0,283666.60717951704,283666.60717951704,0.029655989026650786
28.85319722947656,d62bf83a,SessionTracking,Tracking,30.06638,30.2918835,1,0.032991771004162729,0.956666648,17.28007,1,160x90 DepthUint16,"centre=982 min=658 max=11898 hex=03DA 03E8 03D6 03CB 0400","centre=3648 min=731 max=8398 hex=0E09 0E91 0E40 0C5A 052C",0,0,0,,0,,,None,Unavailable,NoWallUnderCrosshair,,,,"only 0 valid depth samples under crosshair (0 no-data, 0 out-of-range, 441 low-confidence)",0,,,None,Unavailable,NoWallInView,,,,-0.9993481,0.831341267,0.2389898,0.0132923843,0.04867656,0.00769218849,0.9986965,0,0,0,0,0,0,283666.640506601,283666.640506601,0.03292833300656639
28.888555927467447,d62bf83a,SessionTracking,Tracking,30.0672112,30.2918835,1,0.034553853998659179,0.95652777,17.36257,1,160x90 DepthUint16,"centre=981 min=657 max=11950 hex=03D5 03E5 03D5 03CB 0400","centre=3798 min=732 max=8359 hex=0E86 0F15 0ED6 0CE9 04ED",0,0,0,,0,,,None,Unavailable,NoWallUnderCrosshair,,,,"only 0 valid depth samples under crosshair (0 no-data, 0 out-of-range, 441 low-confidence)",0,,,None,Unavailable,NoWallInView,,,,-1.00010133,0.831068158,0.239543572,0.013444134,0.0505515151,0.007341624,0.998604,0,0,0,0,0,0,283666.673833684,283666.673833684,0.034460780996596441
28.919834313451926,d62bf83a,SessionTracking,Tracking,30.06573,30.2918835,1,0.030525833979481831,0.9565972,17.4236813,1,160x90 DepthUint16,"centre=983 min=654 max=11888 hex=03D5 03E6 03D7 03CE 0406","centre=3798 min=732 max=8437 hex=0EBC 0F32 0ED6 0CEC 0502",0,0,0,,0,,,None,Unavailable,NoWallUnderCrosshair,,,,"only 0 valid depth samples under crosshair (0 no-data, 0 out-of-range, 441 low-confidence)",0,,,None,Unavailable,NoWallInView,,,,-1.00383,0.829955459,0.236113191,0.0136139393,0.0497516841,0.00672239065,0.9986462,0,0,0,0,0,0,283666.70694527,283666.70694527,0.030470104975393042
28.952622281478167,d62bf83a,SessionTracking,Tracking,30.0683765,30.2918835,1,0.032109687017509714,0.9575,17.4277782,1,160x90 DepthUint16,"centre=984 min=654 max=11921 hex=03D3 03E5 03D8 03CE 040A","centre=3691 min=734 max=8446 hex=0D97 0E68 0E6B 0CB8 0504",0,0,0,,0,,,None,Unavailable,NoWallUnderCrosshair,,,,"only 0 valid depth samples under crosshair (0 no-data, 0 out-of-range, 441 low-confidence)",0,,,None,Unavailable,NoWallInView,,,,-1.00418854,0.829863667,0.236107573,0.0140541438,0.05041367,0.0060552666,0.9986112,0,0,0,0,0,0,283666.74027235404,283666.74027235404,0.032057447999250144
28.988925823450469,d62bf83a,SessionTracking,Tracking,30.06616,30.2918835,1,0.035607395984698087,0.9585417,17.4345837,1,160x90 DepthUint16,"centre=985 min=651 max=13830 hex=03D1 03E2 03D9 03CF 0412","centre=3849 min=730 max=8497 hex=0ED0 0F49 0F09 0D2A 0507",0,0,0,,0,,,None,Unavailable,NoWallUnderCrosshair,,,,"only 0 valid depth samples under crosshair (0 no-data, 0 out-of-range, 441 low-confidence)",0,,,None,Unavailable,NoWallInView,,,,-1.00464749,0.830120444,0.23587966,0.0152450977,0.051309552,0.00581577467,0.9985495,0,0,0,0,0,0,283666.77359943703,283666.77359943703,0.035477499972330406
29.019683271475284,d62bf83a,SessionTracking,Tracking,30.0654564,30.2918835,1,0.030144999996991828,0.957291663,17.8329868,1,160x90 DepthUint16,"centre=986 min=651 max=14279 hex=03DA 03EB 03DA 03D4 040C","centre=3635 min=723 max=8398 hex=0E2B 0E83 0E33 0C61 04D8",0,0,0,,0,,,None,Unavailable,NoWallUnderCrosshair,,,,"only 0 valid depth samples under crosshair (0 no-data, 0 out-of-range, 441 low-confidence)",0,,,None,Unavailable,NoWallInView,,,,-1.00380313,0.83064574,0.23239848,0.0143713038,0.0538425781,0.00572094368,0.998429656,0,0,0,0,0,0,283666.80902086,283666.80902086,0.030096719012362882
29.052992698477961,d62bf83a,SessionTracking,Tracking,30.0659924,30.2918835,1,0.032718438014853746,0.9611111,17.8543053,1,160x90 DepthUint16,"centre=980 min=652 max=12289 hex=03D0 03E9 03D4 03E1 03FD","centre=3720 min=714 max=8160 hex=0E7C 0EC5 0E88 0CB7 04B6",0,0,0,,0,,,None,Unavailable,NoWallUnderCrosshair,,,,"only 0 valid depth samples under crosshair (0 no-data, 0 out-of-range, 441 low-confidence)",0,,,None,Unavailable,NoWallInView,,,,-1.00509846,0.83126086,0.232072324,0.0128564471,0.05955826,0.006305099,0.998122156,0,0,0,0,0,0,283666.84234794404,283666.84234794404,0.032669636013451964
29.088505042458333,d62bf83a,SessionTracking,Tracking,30.0652313,30.2918835,1,0.034752551990095526,0.9622222,17.9215279,1,160x90 DepthUint16,"centre=983 min=653 max=12853 hex=03CB 03EB 03D7 03F5 03EF","centre=3149 min=699 max=7860 hex=0D47 0D17 0C4D 0A82 0477",0,0,0,,0,,,None,Unavailable,NoWallUnderCrosshair,,,,"only 0 valid depth samples under crosshair (0 no-data, 0 out-of-range, 441 low-confidence)",0,,,None,Unavailable,NoWallInView,,,,-1.00630665,0.8322414,0.232493728,0.0122311395,0.065223746,0.006969601,0.9977714,0,0,0,0,0,0,283666.875675027,283666.875675027,0.034679739997955039
29.1195375424611,d62bf83a,SessionTracking,Tracking,30.0656853,30.2918835,1,0.030365938000613824,0.9618056,18.013195,1,160x90 DepthUint16,"centre=981 min=652 max=12142 hex=03D5 03EE 03D5 03F0 03F3","centre=3511 min=706 max=7896 hex=0DB3 0E04 0DB7 0BEE 0478",0,0,0,,0,,,None,Unavailable,NoWallUnderCrosshair,,,,"only 0 valid depth samples under crosshair (0 no-data, 0 out-of-range, 441 low-confidence)",0,,,None,Unavailable,NoWallInView,,,,-1.00781584,0.8326316,0.231539786,0.0108978041,0.06371507,0.006834388,0.9978852,0,0,0,0,0,0,283666.91073943704,283666.91073943704,0.030319947982206941
29.151369104456304,d62bf83a,SessionTracking,Tracking,30.0651169,30.2918835,1,0.031228281004587188,0.960347235,17.8920841,1,160x90 DepthUint16,"centre=983 min=650 max=12364 hex=03DC 03F2 03D7 03E4 03F7","centre=3735 min=717 max=7980 hex=0EB6 0EE6 0E97 0CA3 04A8",0,0,0,,0,,,None,Unavailable,NoWallUnderCrosshair,,,,"only 0 valid depth samples under crosshair (0 no-data, 0 out-of-range, 441 low-confidence)",0,,,None,Unavailable,NoWallInView,,,,-1.00698137,0.8336804,0.23268941,0.0116769532,0.0600762479,0.00675743865,0.998102665,0,0,0,0,0,0,283666.944066521,283666.944066521,0.031172238988801837
29.189639521475097,d62bf83a,SessionTracking,Tracking,30.0645981,30.2918835,1,0.037749270995846018,0.96125,17.8798618,1,160x90 DepthUint16,"centre=981 min=650 max=13764 hex=03D7 03EE 03D5 03E4 03F6","centre=3705 min=718 max=8086 hex=0E02 0E79 0E79 0CAE 04A8",0,0,0,,0,,,None,Unavailable,NoWallUnderCrosshair,,,,"only 0 valid depth samples under crosshair (0 no-data, 0 out-of-range, 441 low-confidence)",0,,,None,Unavailable,NoWallInView,,,,-1.00708461,0.8344429,0.233950973,0.012396073,0.0605023056,0.00721645355,0.998065,0,0,0,0,0,0,283666.977393604,283666.977393604,0.0377038020233158
29.222183010456998,d62bf83a,SessionTracking,Tracking,30.0659237,30.2918835,1,0.03196999998181127,0.9620139,17.75264,1,160x90 DepthUint16,"centre=975 min=646 max=13616 hex=03CC 03E5 03CF 03E2 03EE","centre=3784 min=714 max=8077 hex=0EE8 0F1E 0EC8 0CCF 0490",0,0,0,,0,,,None,Unavailable,NoWallUnderCrosshair,,,,"only 0 valid depth samples under crosshair (0 no-data, 0 out-of-range, 441 low-confidence)",0,,,None,Unavailable,NoWallInView,,,,-1.006163,0.8339709,0.239180014,0.0124596776,0.0609622672,0.007660449,0.9980329,0,0,0,0,0,0,283667.009744914,283667.009744914,0.031923645990900695
29.253935979478907,d62bf83a,SessionTracking,Tracking,30.0650387,30.2918835,1,0.031122135027544573,0.962291658,17.7395134,1,160x90 DepthUint16,"centre=972 min=645 max=11867 hex=03CB 03E1 03CC 03DF 03F0","centre=3760 min=712 max=8081 hex=0EAE 0EF2 0EB0 0CC9 048F",0,0,0,,0,,,None,Unavailable,NoWallUnderCrosshair,,,,"only 0 valid depth samples under crosshair (0 no-data, 0 out-of-range, 441 low-confidence)",0,,,None,Unavailable,NoWallInView,,,,-1.00623524,0.8340949,0.240581781,0.013796729,0.06097038,0.007905246,0.99801296,0,0,0,0,0,0,283667.043071998,283667.043071998,0.0310780210129451
29.283951500463214,d62bf83a,SessionTracking,Tracking,30.06386,30.2918835,1,0.025624583009630442,0.9617361,17.8609028,1,160x90 DepthUint16,"centre=972 min=643 max=11908 hex=03D0 03E2 03CC 03D9 03F3","centre=3703 min=713 max=8073 hex=0E9E 0ECE 0E77 0C81 049B",0,0,0,,0,,,None,Unavailable,NoWallUnderCrosshair,,,,"only 0 valid depth samples under crosshair (0 no-data, 0 out-of-range, 441 low-confidence)",0,,,None,Unavailable,NoWallInView,,,,-1.00597537,0.833985567,0.241400719,0.014625458,0.05987449,0.008006245,0.998066664,0,0,0,0,0,0,283667.07639908104,283667.07639908104,0.025577396008884534
29.317998896472769,d62bf83a,SessionTracking,Tracking,30.0636978,30.2918835,1,0.033523749996675178,0.961944461,17.8790283,1,160x90 DepthUint16,"centre=973 min=642 max=11909 hex=03D1 03E3 03CD 03D7 03F4","centre=3679 min=713 max=8147 hex=0EA3 0EC1 0E5F 0C62 0493",0,0,0,,0,,,None,Unavailable,NoWallUnderCrosshair,,,,"only 0 valid depth samples under crosshair (0 no-data, 0 out-of-range, 441 low-confidence)",0,,,None,Unavailable,NoWallInView,,,,-1.00500393,0.8335887,0.241625518,0.0145244682,0.0590774231,0.00780496048,0.998117268,0,0,0,0,0,0,283667.109832027,283667.109832027,0.033481823018519208
29.352835302477384,d62bf83a,SessionTracking,Tracking,30.0654869,29.9633312,1,0.033913490013219416,0.9625694,17.7784729,1,160x90 DepthUint16,"centre=971 min=643 max=11892 hex=03CB 03DF 03CB 03DC 03F1","centre=3713 min=712 max=8089 hex=0E22 0E8F 0E81 0C9E 049A",0,0,0,,0,,,None,Unavailable,NoWallUnderCrosshair,,,,"only 0 valid depth samples under crosshair (0 no-data, 0 out-of-range, 441 low-confidence)",0,,,None,Unavailable,NoWallInView,,,,-1.00481856,0.8331757,0.241337076,0.01404538,0.0600746125,0.007542968,0.998066545,0,0,0,0,0,0,283667.14315911103,283667.14315911103,0.033813594025559723
29.38392863545209,d62bf83a,SessionTracking,Tracking,30.0657635,29.9633312,1,0.030324634979479015,0.9625694,17.7422218,1,160x90 DepthUint16,"centre=972 min=643 max=12306 hex=03C8 03DF 03CC 03DF 03EF","centre=3723 min=713 max=8077 hex=0E2F 0E9B 0E8B 0CC1 0499",0,0,0,,0,,,None,Unavailable,NoWallUnderCrosshair,,,,"only 0 valid depth samples under crosshair (0 no-data, 0 out-of-range, 441 low-confidence)",0,,,None,Unavailable,NoWallInView,,,,-1.00455368,0.832708359,0.240521222,0.0131276492,0.06049049,0.00706422329,0.9980575,0,0,0,0,0,0,283667.176486194,283667.176486194,0.030269634997239336
29.415401760463052,d62bf83a,SessionTracking,Tracking,30.0649433,29.9633312,1,0.03084010400925763,0.9622222,17.8393059,1,160x90 DepthUint16,"centre=974 min=645 max=13672 hex=03CC 03E4 03CE 03DD 03EF","centre=3719 min=714 max=8066 hex=0E97 0ECC 0E87 0CA2 04A5",0,0,0,,0,,,None,Unavailable,NoWallUnderCrosshair,,,,"only 0 valid depth samples under crosshair (0 no-data, 0 out-of-range, 441 low-confidence)",0,,,None,Unavailable,NoWallInView,,,,-1.00569,0.8326691,0.240097091,0.0124237994,0.0601942353,0.006995172,0.998084843,0,0,0,0,0,0,283667.209638946,283667.209638946,0.030794479011092335
29.454746604463931,d62bf83a,SessionTracking,Tracking,30.0647488,29.9633312,1,0.038663281011395156,0.9620139,17.7078476,1,160x90 DepthUint16,"centre=975 min=646 max=12286 hex=03CB 03E5 03CF 03E1 03EE","centre=3723 min=712 max=8060 hex=0E88 0EC5 0E8B 0CAC 0499",0,0,0,,0,,,None,Unavailable,NoWallUnderCrosshair,,,,"only 0 valid depth samples under crosshair (0 no-data, 0 out-of-range, 441 low-confidence)",0,,,None,Unavailable,NoWallInView,,,,-1.00548959,0.8322079,0.239051223,0.01174015,0.0606307276,0.00717720529,0.9980654,0,0,0,0,0,0,283667.24296603,283667.24296603,0.038619792001554742
29.486033271477705,d62bf83a,SessionTracking,Tracking,30.0643921,29.9633312,1,0.030301094026071951,0.9617361,17.59882,1,160x90 DepthUint16,"centre=975 min=647 max=12175 hex=03CE 03E7 03CF 03E5 03EC","centre=3681 min=709 max=7938 hex=0E38 0E89 0E61 0C8F 047C",0,0,0,,0,,,None,Unavailable,NoWallUnderCrosshair,,,,"only 0 valid depth samples under crosshair (0 no-data, 0 out-of-range, 441 low-confidence)",0,,,None,Unavailable,NoWallInView,,,,-1.0053972,0.8317958,0.237905979,0.0108808884,0.06115462,0.00757736061,0.998040259,0,0,0,0,0,0,283667.276293113,283667.276293113,0.030183385999407619
29.51702577146693,d62bf83a,SessionTracking,Tracking,30.0648727,29.9633312,1,0.030306355009088293,0.961319447,17.6865978,1,160x90 DepthUint16,"centre=979 min=642 max=12204 hex=03DB 03F0 03D3 03DE 03E6","centre=3638 min=714 max=7952 hex=0E9C 0EB4 0E36 0C40 048E",0,0,0,,0,,,None,Unavailable,NoWallUnderCrosshair,,,,"only 0 valid depth samples under crosshair (0 no-data, 0 out-of-range, 441 low-confidence)",0,,,None,Unavailable,NoWallInView,,,,-1.00900817,0.831853747,0.24025923,0.009972005,0.06092147,0.00761333155,0.998063743,0,0,0,0,0,0,283667.30953603104,283667.30953603104,0.030255051999120042
29.548321291458475,d62bf83a,SessionTracking,Tracking,30.0643654,29.9633312,1,0.030742394999833778,0.96125,17.7988186,1,160x90 DepthUint16,"centre=984 min=646 max=12509 hex=03EE 03FC 03D8 03DA 03E2","centre=3786 min=721 max=7907 hex=0EF8 0F16 0ECA 0CE4 0498",0,0,0,,0,,,None,Unavailable,NoWallUnderCrosshair,,,,"only 0 valid depth samples under crosshair (0 no-data, 0 out-of-range, 441 low-confidence)",0,,,None,Unavailable,NoWallInView,,,,-1.00855291,0.831513762,0.239253044,0.008206374,0.0592094176,0.007286132,0.9981853,0,0,0,0,0,0,283667.342863115,283667.342863115,0.030692239000927657
29.587671864461068,d62bf83a,SessionTracking,Tracking,30.0647755,29.9633312,1,0.036122135003097355,0.9579167,17.7456245,1,160x90 DepthUint16,"centre=990 min=650 max=12339 hex=03ED 03F5 03DE 03D6 03E0","centre=3831 min=725 max=8010 hex=0EE4 0F44 0EF7 0CFC 04D0",0,0,0,,0,,,None,Unavailable,NoWallUnderCrosshair,,,,"only 0 valid depth samples under crosshair (0 no-data, 0 out-of-range, 441 low-confidence)",0,,,None,Unavailable,NoWallInView,,,,-1.007719,0.831371367,0.237932459,0.007061575,0.05523463,0.006950945,0.998424232,0,0,0,0,0,0,283667.376190198,283667.376190198,0.036061561986571178
29.623691343472952,d62bf83a,SessionTracking,Tracking,30.0643139,29.9633312,1,0.035210833011660725,0.954375,17.3176384,1,160x90 DepthUint16,"centre=1002 min=655 max=12300 hex=03F5 03F3 03EA 03D4 03E7","centre=3952 min=741 max=8247 hex=0F3C 0FA3 0F70 0D6E 050F",0,0,0,,0,,,None,Unavailable,NoWallUnderCrosshair,,,,"only 0 valid depth samples under crosshair (0 no-data, 0 out-of-range, 441 low-confidence)",0,,,None,Unavailable,NoWallInView,,,,-1.00352073,0.831205368,0.237203032,0.00569967739,0.0477275178,0.0064971745,0.998823047,0,0,0,0,0,0,283667.41015163,283667.41015163,0.035100729000987485
29.651619156476723,d62bf83a,SessionTracking,Tracking,30.0644226,29.9633312,1,0.025190417014528066,0.9492361,17.1681252,1,160x90 DepthUint16,"centre=1016 min=660 max=13883 hex=03F5 03EE 03F8 03D9 03F0","centre=4068 min=746 max=8427 hex=0FA1 1006 0FE4 0DCA 0550",0,0,0,,0,,,None,Unavailable,NoWallUnderCrosshair,,,,"only 0 valid depth samples under crosshair (0 no-data, 0 out-of-range, 441 low-confidence)",0,,,None,Unavailable,NoWallInView,,,,-1.00251579,0.831055164,0.234489232,0.00416852348,0.0440106466,0.006160766,0.9990034,0,0,0,0,0,0,283667.44347871403,283667.44347871403,0.025091875024372712
29.687568896453509,d62bf83a,SessionTracking,Tracking,30.06616,29.9633312,1,0.03530354198301211,0.9419444,16.996666,1,160x90 DepthUint16,"centre=1031 min=661 max=12439 hex=03F1 03F4 0407 03DD 03ED","centre=3875 min=750 max=8398 hex=0EE7 0F51 0F23 0D3A 055B",0,0,0,,0,,,None,Unavailable,NoWallUnderCrosshair,,,,"only 0 valid depth samples under crosshair (0 no-data, 0 out-of-range, 441 low-confidence)",0,,,None,Unavailable,NoWallInView,,,,-1.00187147,0.830651164,0.231167361,0.00131173432,0.04160315,0.00593969226,0.9991157,0,0,0,0,0,0,283667.476548978,283667.476548978,0.035255208989838138
29.719399260476845,d62bf83a,SessionTracking,Tracking,30.0684338,29.9633312,1,0.03109916701214388,0.936805546,17.04889,1,160x90 DepthUint16,"centre=1035 min=662 max=13617 hex=03E1 03F2 040B 03DF 03E7","centre=3856 min=750 max=8475 hex=0DA4 0EA6 0F10 0D7C 0578",0,0,0,,0,,,None,Unavailable,NoWallUnderCrosshair,,,,"only 0 valid depth samples under crosshair (0 no-data, 0 out-of-range, 441 low-confidence)",0,,,None,Unavailable,NoWallInView,,,,-0.9997502,0.830281734,0.22732462,-0.000937281235,0.0388134159,0.00536382245,0.999231637,0,0,0,0,0,0,283667.51034648303,283667.51034648303,0.031042292015627027
29.750517802461896,d62bf83a,SessionTracking,Tracking,30.0651531,29.9633312,1,0.030318853998323902,0.9307639,16.9385414,1,160x90 DepthUint16,"centre=1030 min=667 max=12460 hex=03DE 03EB 0406 03E1 03E6","centre=3913 min=751 max=8401 hex=0CA5 0E43 0F49 0DE5 059F",0,0,0,,0,,,None,Unavailable,NoWallUnderCrosshair,,,,"only 0 valid depth samples under crosshair (0 no-data, 0 out-of-range, 441 low-confidence)",0,,,None,Unavailable,NoWallInView,,,,-0.9987827,0.8300122,0.223774239,-0.00200933241,0.0360615328,0.004986257,0.99933517,0,0,0,0,0,0,283667.543673567,283667.543673567,0.030257292004534975
29.793789573453747,d62bf83a,SessionTracking,Tracking,30.0662041,29.9633312,1,0.042743020982015878,0.9328472,17.0218754,1,160x90 DepthUint16,"centre=1027 min=680 max=14369 hex=03E7 03EE 0403 03F1 03F0","centre=3667 min=757 max=8586 hex=0D41 0E1D 0E53 0CC0 05BD",0,0,0,,0,,,None,Unavailable,NoWallUnderCrosshair,,,,"only 0 valid depth samples under crosshair (0 no-data, 0 out-of-range, 441 low-confidence)",0,,,None,Unavailable,NoWallInView,,,,-0.997725,0.8296733,0.219944969,-0.0040302393,0.0333183929,0.004999787,0.99942416,0,0,0,0,0,0,283667.57700065,283667.57700065,0.042696926975622773
29.823774781459857,d62bf83a,SessionTracking,Tracking,30.06709,29.9633312,1,0.029182917001890019,0.9257639,17.0940971,1,160x90 DepthUint16,"centre=1026 min=681 max=13493 hex=03EF 03F2 0402 03FD 03FA","centre=3965 min=762 max=8490 hex=0E0B 0F08 0F7D 0DD3 05D1",0,0,0,,0,,,None,Unavailable,NoWallUnderCrosshair,,,,"only 0 valid depth samples under crosshair (0 no-data, 0 out-of-range, 441 low-confidence)",0,,,None,Unavailable,NoWallInView,,,,-0.995379269,0.829749465,0.216014534,-0.00521854451,0.03091359,0.00505098747,0.9994957,0,0,0,0,0,0,283667.611157326,283667.611157326,0.029120521008735523
29.855540562453594,d62bf83a,SessionTracking,Tracking,30.0654869,29.9633312,1,0.031107811984838918,0.9224306,16.900486,1,160x90 DepthUint16,"centre=1024 min=686 max=12475 hex=03F9 03F9 0400 0415 0412","centre=3959 min=759 max=8554 hex=0E94 0F3D 0F77 0DBC 060B",0,0,0,,0,,,None,Unavailable,NoWallUnderCrosshair,,,,"only 0 valid depth samples under crosshair (0 no-data, 0 out-of-range, 441 low-confidence)",0,,,None,Unavailable,NoWallInView,,,,-0.9941135,0.829574943,0.212223783,-0.00596598769,0.0281519815,0.00494819926,0.9995736,0,0,0,0,0,0,283667.64448441,283667.64448441,0.031060468987561762
29.885903791469669,d62bf83a,SessionTracking,Tracking,30.0658131,29.9633312,1,0.029725104017416015,0.923333347,16.9365978,1,160x90 DepthUint16,"centre=1022 min=710 max=19380 hex=03FD 0403 03FE 0440 0440","centre=2714 min=761 max=8742 hex=0BB8 0B5D 0A9A 0944 0610",0,0,0,,0,,,None,Unavailable,NoWallUnderCrosshair,,,,"only 0 valid depth samples under crosshair (0 no-data, 0 out-of-range, 441 low-confidence)",0,,,None,Unavailable,NoWallInView,,,,-0.9923952,0.829487562,0.208092332,-0.006492355,0.024364274,0.0046056807,0.999671459,0,0,0,0,0,0,283667.677811493,283667.677811493,0.029654896003194153
29.918196031477915,d62bf83a,SessionTracking,Tracking,30.0625877,29.9633312,1,0.031510052009252831,0.919444442,16.7909031,1,160x90 DepthUint16,"centre=1020 min=747 max=16949 hex=03FE 040C 03FC 046C 046C","centre=2924 min=764 max=8801 hex=0CAA 0C3C 0B6C 0A03 0678",0,0,0,,0,,,None,Unavailable,NoWallUnderCrosshair,,,,"only 0 valid depth samples under crosshair (0 no-data, 0 out-of-range, 441 low-confidence)",0,,,None,Unavailable,NoWallInView,,,,-0.990407944,0.8299634,0.20441246,-0.007859294,0.0206124038,0.00366324186,0.999749959,0,0,0,0,0,0,283667.711052751,283667.711052751,0.031458906014449894
29.954034573460145,d62bf83a,SessionTracking,Tracking,30.0622272,29.9633312,1,0.035171197989257053,0.916944444,16.8954163,1,160x90 DepthUint16,"centre=1022 min=773 max=15794 hex=040B 0411 03FE 047E 047D","centre=3066 min=773 max=8919 hex=0CFA 0CAA 0BFA 0A8E 068E",0,0,0,,0,,,None,Unavailable,NoWallUnderCrosshair,,,,"only 0 valid depth samples under crosshair (0 no-data, 0 out-of-range, 441 low-confidence)",0,,,None,Unavailable,NoWallInView,,,,-0.988779545,0.8298742,0.200281769,-0.008580316,0.0187291689,0.00263670087,0.99978435,0,0,0,0,0,0,283667.744379835,283667.744379835,0.035113385994918644
29.985151916454694,d62bf83a,SessionTracking,Tracking,30.0651016,29.9633312,1,0.03052531200228259,0.922569454,16.8380547,1,160x90 DepthUint16,"centre=1027 min=775 max=16215 hex=040F 0415 0403 047B 0483","centre=3265 min=777 max=9000 hex=0E14 0D9D 0CC1 0B26 0699",0,0,0,,0,,,None,Unavailable,NoWallUnderCrosshair,,,,"only 0 valid depth samples under crosshair (0 no-data, 0 out-of-range, 441 low-confidence)",0,,,None,Unavailable,NoWallInView,,,,-0.9872621,0.829950452,0.196291581,-0.007908972,0.01794192,0.00216251635,0.99980545,0,0,0,0,0,0,283667.777706918,283667.777706918,0.030482186994049698
30.017389312477231,d62bf83a,SessionTracking,Tracking,30.0630074,29.9633312,1,0.031530052016023546,0.9225,16.8814583,1,160x90 DepthUint16,"centre=1033 min=701 max=17835 hex=040F 0416 0409 046B 0483","centre=3224 min=772 max=9097 hex=0D18 0CF9 0C98 0B3F 069B",0,0,0,,0,,,None,Unavailable,NoWallUnderCrosshair,,,,"only 0 valid depth samples under crosshair (0 no-data, 0 out-of-range, 441 low-confidence)",0,,,None,Unavailable,NoWallInView,,,,-0.984305739,0.830284655,0.192340747,-0.00616485532,0.016912898,0.00233733677,0.999835253,0,0,0,0,0,0,283667.811279174,283667.811279174,0.03147890602122061
30.053218062475704,d62bf83a,SessionTracking,Tracking,30.0632267,29.9633312,1,0.034727187012322247,0.921875,16.81264,1,160x90 DepthUint16,"centre=1037 min=705 max=18923 hex=0411 041B 040D 046C 0494","centre=2949 min=776 max=9357 hex=0D27 0C81 0B85 0A18 06B5",0,0,0,,0,,,None,Unavailable,NoWallUnderCrosshair,,,,"only 0 valid depth samples under crosshair (0 no-data, 0 out-of-range, 441 low-confidence)",0,,,None,Unavailable,NoWallInView,,,,-0.982746243,0.830109,0.18816933,-0.00565931946,0.0151401516,0.002601862,0.999866,0,0,0,0,0,0,283667.84460625803,283667.84460625803,0.034622760023921728
30.084589989451839,d62bf83a,SessionTracking,Tracking,30.0632973,29.9633312,1,0.030473228980554268,0.923680544,16.6752777,1,160x90 DepthUint16,"centre=1041 min=705 max=17479 hex=0424 041F 0411 047E 0499","centre=2561 min=778 max=9185 hex=0B71 0ADD 0A01 08E1 06C2",0,0,0,,0,,,None,Unavailable,NoWallUnderCrosshair,,,,"only 0 valid depth samples under crosshair (0 no-data, 0 out-of-range, 441 low-confidence)",0,,,None,Unavailable,NoWallInView,,,,-0.981473863,0.829480052,0.183730841,-0.00724620465,0.0138494009,0.002795577,0.999874,0,0,0,0,0,0,283667.877933341,283667.877933341,0.030389478983124718
30.115830875470916,d62bf83a,SessionTracking,Tracking,30.0631561,29.9633312,1,0.030525573005434126,0.9179861,16.6294441,1,160x90 DepthUint16,"centre=1045 min=709 max=16714 hex=0434 0424 0415 0483 04A1","centre=2395 min=781 max=9049 hex=0A98 0A1A 095B 0871 06E8",0,0,0,,0,,,None,Unavailable,NoWallUnderCrosshair,,,,"only 0 valid depth samples under crosshair (0 no-data, 0 out-of-range, 441 low-confidence)",0,,,None,Unavailable,NoWallInView,,,,-0.982372,0.828537,0.179241672,-0.00794722,0.0133677255,0.00331792259,0.9998736,0,0,0,0,0,0,283667.91116306704,283667.91116306704,0.030479636014206335
30.154833062468011,d62bf83a,SessionTracking,Tracking,30.0628529,29.9633312,1,0.038364843989256769,0.912291646,16.4995842,1,160x90 DepthUint16,"centre=1048 min=794 max=18462 hex=0432 042A 0418 047F 04B6","centre=2681 min=794 max=9100 hex=0B9C 0B2E 0A79 096B 0712",0,0,0,,0,,,None,Unavailable,NoWallUnderCrosshair,,,,"only 0 valid depth samples under crosshair (0 no-data, 0 out-of-range, 441 low-confidence)",0,,,None,Unavailable,NoWallInView,,,,-0.981080651,0.827665,0.175643519,-0.009335344,0.009302829,0.00367417932,0.9999064,0,0,0,0,0,0,283667.944490151,283667.944490151,0.038314427016302943
30.186264260471713,d62bf83a,SessionTracking,Tracking,30.0627651,29.9633312,1,0.030612552014645189,0.896666646,16.297987,1,160x90 DepthUint16,"centre=1053 min=816 max=18646 hex=0457 0434 041D 0472 04B9","centre=2155 min=811 max=9213 hex=0936 08EA 086B 07D5 0768",0,0,0,,0,,,None,Unavailable,NoWallUnderCrosshair,,,,"only 0 valid depth samples under crosshair (0 no-data, 0 out-of-range, 441 low-confidence)",0,,,None,Unavailable,NoWallInView,,,,-0.978785,0.826861441,0.172398865,-0.0106380079,4.17800657E-05,0.00360572385,0.999936938,0,0,0,0,0,0,283667.977817234,283667.977817234,0.030522604007273912
30.21763582245671,d62bf83a,SessionTracking,Tracking,30.0630074,29.9633312,1,0.030669739004224539,0.873680532,15.96,1,160x90 DepthUint16,"centre=1058 min=840 max=18553 hex=05DD 0435 0422 0444 0571","centre=3017 min=841 max=9722 hex=0D2A 0CA3 0BC9 0A78 0878",0,0,0,,0,,,None,Unavailable,NoWallUnderCrosshair,,,,"only 0 valid depth samples under crosshair (0 no-data, 0 out-of-range, 441 low-confidence)",0,,,None,Unavailable,NoWallInView,,,,-0.9793514,0.8270816,0.16775611,-0.0102143576,-0.0103612421,0.004086703,0.9998858,0,0,0,0,0,0,283668.01173840504,283668.01173840504,0.03061895800055936
30.248932281454241,d62bf83a,SessionTracking,Tracking,30.0620213,29.9633312,1,0.030611875001341105,0.853680551,15.6871529,1,160x90 DepthUint16,"centre=1069 min=842 max=18693 hex=0622 043D 042D 046F 0544","centre=2677 min=865 max=10092 hex=0B7F 0B24 0A75 0985 08EA",0,0,0,,0,,,None,Unavailable,NoWallUnderCrosshair,,,,"only 0 valid depth samples under crosshair (0 no-data, 0 out-of-range, 441 low-confidence)",0,,,None,Unavailable,NoWallInView,,,,-0.9774687,0.826664865,0.165069371,-0.0100894459,-0.0190757234,0.00418245839,0.9997584,0,0,0,0,0,0,283668.045065489,283668.045065489,0.030555520992493257
30.288797802469841,d62bf83a,SessionTracking,Tracking,30.0645332,29.9633312,1,0.039131458994233981,0.839166641,15.3891668,1,160x90 DepthUint16,"centre=1073 min=841 max=18691 hex=05E4 043F 0431 0495 0509","centre=1857 min=875 max=10140 hex=07C3 079B 0741 070F 0928",0,0,0,,0,,,None,Unavailable,NoWallUnderCrosshair,,,,"only 0 valid depth samples under crosshair (0 no-data, 0 out-of-range, 441 low-confidence)",0,,,None,Unavailable,NoWallInView,,,,-0.976415157,0.826184869,0.1624358,-0.0101425145,-0.024033485,0.00447964668,0.999649644,0,0,0,0,0,0,283668.078392572,283668.078392572,0.039015624992316589
30.318920874476813,d62bf83a,SessionTracking,Tracking,30.06422,29.9633312,1,0.028869062021840364,0.8284722,15.1198606,1,160x90 DepthUint16,"centre=1074 min=849 max=18481 hex=05D1 0441 0432 04D2 04F6","centre=2693 min=886 max=10096 hex=0B49 0B15 0A85 0993 0944",0,0,0,,0,,,None,Unavailable,NoWallUnderCrosshair,,,,"only 0 valid depth samples under crosshair (0 no-data, 0 out-of-range, 441 low-confidence)",0,,,None,Unavailable,NoWallInView,,,,-1.01595151,0.9367271,0.159518391,-0.0104109813,-0.05576442,0.00499931,0.9983772,0,0,0,0,0,0,283668.112203822,283668.112203822,0.028725572017719969
30.350437541466587,d62bf83a,SessionTracking,Tracking,30.063982,29.9633312,1,0.030990469007520005,0.820902765,15.006319,1,160x90 DepthUint16,"centre=1076 min=844 max=18717 hex=058F 0444 0434 0443 04E6","centre=2606 min=888 max=10162 hex=0AF5 0ABC 0A2E 0933 0952",0,0,0,,0,,,None,Unavailable,NoWallUnderCrosshair,,,,"only 0 valid depth samples under crosshair (0 no-data, 0 out-of-range, 441 low-confidence)",0,,,None,Unavailable,NoWallInView,,,,-1.015561,0.9362305,0.157334834,-0.0104413489,-0.0576147,0.005585671,0.9982687,0,0,0,0,0,0,283668.14553090604,283668.14553090604,0.030944739002734423
30.3879195204679,d62bf83a,SessionTracking,Tracking,30.0640011,29.9492531,1,0.036957030999474227,0.8146528,14.8140974,1,160x90 DepthUint16,"centre=1080 min=846 max=18535 hex=05AB 0448 0438 046D 04CF","centre=3603 min=896 max=10099 hex=0E4C 0E79 0E13 0C23 09EB",0,0,0,,0,,,None,Unavailable,NoWallUnderCrosshair,,,,"only 0 valid depth samples under crosshair (0 no-data, 0 out-of-range, 441 low-confidence)",0,,,None,Unavailable,NoWallInView,,,,-1.01502526,0.9357182,0.155352131,-0.0104923481,-0.06022177,0.006229461,0.9981105,0,0,0,0,0,0,283668.178857989,283668.178857989,0.03691036399686709
30.420198322451821,d62bf83a,SessionTracking,Tracking,30.06295,29.9492531,1,0.031380936998175457,0.80583334,14.5917358,1,160x90 DepthUint16,"centre=1085 min=850 max=18717 hex=0570 0450 043D 04BC 0456","centre=2639 min=899 max=9989 hex=0AE4 0AC1 0A4F 097A 0980",0,0,0,,0,,,None,Unavailable,NoWallUnderCrosshair,,,,"only 0 valid depth samples under crosshair (0 no-data, 0 out-of-range, 441 low-confidence)",0,,,None,Unavailable,NoWallInView,,,,-0.976305246,0.840284646,0.101364993,-0.0100169042,-0.06894369,0.006932021,0.9975462,0,0,0,0,0,0,283668.212208455,283668.212208455,0.031254165980499238
30.45214691647902,d62bf83a,SessionTracking,Tracking,30.063385,29.9492531,1,0.030829635012196377,0.796180546,14.2742357,1,160x90 DepthUint16,"centre=1092 min=851 max=18518 hex=055F 0455 0444 04BF 0466","centre=2593 min=904 max=9938 hex=0A74 0A71 0A21 096D 0989",0,0,0,,0,,,None,Unavailable,NoWallUnderCrosshair,,,,"only 0 valid depth samples under crosshair (0 no-data, 0 out-of-range, 441 low-confidence)",0,,,None,Unavailable,NoWallInView,,,,-0.9756109,0.83986783,0.0995571,-0.009294846,-0.07259441,0.007603169,0.99728924,0,0,0,0,0,0,283668.245535539,283668.245535539,0.030735833017388359
30.4824234264704,d62bf83a,SessionTracking,Tracking,30.0644836,29.9492531,1,0.029358019994106144,0.7840972,13.989583,1,160x90 DepthUint16,"centre=1098 min=850 max=18513 hex=057A 045A 044A 04E5 0450","centre=2622 min=907 max=9885 hex=0A4D 0A6E 0A3E 0992 0A00",0,0,0,,0,,,None,Unavailable,NoWallUnderCrosshair,,,,"only 0 valid depth samples under crosshair (0 no-data, 0 out-of-range, 441 low-confidence)",0,,,None,Unavailable,NoWallInView,,,,-0.9746498,0.8395307,0.09778889,-0.0084361285,-0.07794803,0.007961124,0.996889949,0,0,0,0,0,0,283668.27886262204,283668.27886262204,0.029255104018375278
30.521176760466684,d62bf83a,SessionTracking,Tracking,30.0658627,29.9492531,1,0.038033281016396359,0.769930542,13.7188892,1,160x90 DepthUint16,"centre=1104 min=850 max=18745 hex=0596 0463 0450 0485 0461","centre=3071 min=917 max=9685 hex=0BFE 0C3B 0BFF 0AF7 0A04",0,0,0,,0,,,None,Unavailable,NoWallUnderCrosshair,,,,"only 0 valid depth samples under crosshair (0 no-data, 0 out-of-range, 441 low-confidence)",0,,,None,Unavailable,NoWallInView,,,,-0.9684689,0.842965662,0.08474716,-0.007890941,-0.08314606,0.008566023,0.9964693,0,0,0,0,0,0,283668.31272190204,283668.31272190204,0.037980104010785
30.552620718462773,d62bf83a,SessionTracking,Tracking,30.0670185,29.9492531,1,0.030513489007717,0.762847245,13.5409718,1,160x90 DepthUint16,"centre=1109 min=850 max=18602 hex=057F 046E 0455 0484 046F","centre=2928 min=923 max=9685 hex=0B87 0BB5 0B70 0A86 0A52",0,0,0,,0,,,None,Unavailable,NoWallUnderCrosshair,,,,"only 0 valid depth samples under crosshair (0 no-data, 0 out-of-range, 441 low-confidence)",0,,,None,Unavailable,NoWallInView,,,,-0.9679395,0.84275955,0.08280959,-0.007832144,-0.08614344,0.008942426,0.9962118,0,0,0,0,0,0,283668.346048986,283668.346048986,0.030240572988986969
30.58509686446973,d62bf83a,SessionTracking,Tracking,30.0646114,29.9492531,1,0.031738385005155578,0.7540278,13.3311806,1,160x90 DepthUint16,"centre=1117 min=851 max=18756 hex=0572 0478 045D 0474 047B","centre=2900 min=930 max=9698 hex=0B51 0B91 0B54 0A74 0A69",0,0,0,,0,,,None,Unavailable,NoWallUnderCrosshair,,,,"only 0 valid depth samples under crosshair (0 no-data, 0 out-of-range, 441 low-confidence)",0,,,None,Unavailable,NoWallInView,,,,-0.967249751,0.8426818,0.08089618,-0.00734720426,-0.08945709,0.00921630953,0.995920956,0,0,0,0,0,0,283668.379376069,283668.379376069,0.031667759991250932
30.619732281458479,d62bf83a,SessionTracking,Tracking,30.0681057,29.9492531,1,0.033499999990453944,0.742777765,13.1329861,1,160x90 DepthUint16,"centre=1130 min=850 max=18779 hex=0567 0486 046A 045E 048A","centre=2878 min=939 max=9666 hex=0B0F 0B57 0B3E 0A84 0AAA",0,0,0,,0,,,None,Unavailable,NoWallUnderCrosshair,,,,"only 0 valid depth samples under crosshair (0 no-data, 0 out-of-range, 441 low-confidence)",0,,,None,Unavailable,NoWallInView,,,,-0.9712111,0.8462852,0.0740525,-0.007175681,-0.0939792246,0.009543867,0.9955026,0,0,0,0,0,0,283668.412717667,283668.412717667,0.0334105729998555
30.65442540645358,d62bf83a,SessionTracking,Tracking,30.0650826,29.9492531,1,0.033916093991138041,0.734444439,12.9893055,1,160x90 DepthUint16,"centre=1137 min=852 max=18589 hex=05B7 0488 0471 0458 049A","centre=2952 min=944 max=9787 hex=0B21 0B90 0B88 0ABA 0A83",0,0,0,,0,,,None,Unavailable,NoWallUnderCrosshair,,,,"only 0 valid depth samples under crosshair (0 no-data, 0 out-of-range, 441 low-confidence)",0,,,None,Unavailable,NoWallInView,,,,-0.970456362,0.846208334,0.0719848052,-0.00706076249,-0.09759815,0.009493113,0.9951556,0,0,0,0,0,0,283668.44604475104,283668.44604475104,0.033852604974526912
30.684537593453339,d62bf83a,SessionTracking,Tracking,30.0679855,29.9492531,1,0.029083072993671522,0.7248611,12.7892361,1,160x90 DepthUint16,"centre=1138 min=854 max=18619 hex=065D 0480 0472 0456 04B3","centre=4042 min=952 max=9694 hex=0EB7 0F88 0FCA 0E52 0B61",0,0,0,,0,,,None,Unavailable,NoWallUnderCrosshair,,,,"only 0 valid depth samples under crosshair (0 no-data, 0 out-of-range, 441 low-confidence)",0,,,None,Unavailable,NoWallInView,,,,-0.9696041,0.8461235,0.06997662,-0.006624937,-0.101629779,0.009403318,0.994755864,0,0,0,0,0,0,283668.479371834,283668.479371834,0.028982707997784019
30.716261499477465,d62bf83a,SessionTracking,Tracking,30.0638542,29.9492531,1,0.030580520018702373,0.7148611,12.5745831,1,160x90 DepthUint16,"centre=1133 min=856 max=18652 hex=071A 046F 046D 0456 04BF","centre=4024 min=959 max=9563 hex=0E00 0F0E 0FB8 0E69 0B7F",0,0,0,,0,,,None,Unavailable,NoWallUnderCrosshair,,,,"only 0 valid depth samples under crosshair (0 no-data, 0 out-of-range, 441 low-confidence)",0,,,None,Unavailable,NoWallInView,,,,-0.9655918,0.845416546,0.0712472349,-0.00604601251,-0.107307278,0.009549589,0.994161665,0,0,0,0,0,0,283668.51268049004,283668.51268049004,0.030485468014376238
30.75320306246044,d62bf83a,SessionTracking,Tracking,30.0663147,29.9492531,1,0.036312187992734835,0.7075694,12.43,1,160x90 DepthUint16,"centre=1125 min=859 max=14525 hex=07F1 045E 0465 0454 04A6","centre=4545 min=964 max=9685 hex=0E86 105A 11C1 1040 0B93",0,0,0,,0,,,None,Unavailable,NoWallUnderCrosshair,,,,"only 0 valid depth samples under crosshair (0 no-data, 0 out-of-range, 441 low-confidence)",0,,,None,Unavailable,NoWallInView,,,,-0.9649657,0.8453136,0.0689435452,-0.00547653437,-0.110115923,0.009689331,0.99385643,0,0,0,0,0,0,283668.546007574,283668.546007574,0.036258645995985717
30.783593635456551,d62bf83a,SessionTracking,Tracking,30.0649738,29.9492531,1,0.029281406983500347,0.7015972,12.2617359,1,160x90 DepthUint16,"centre=1116 min=858 max=18624 hex=08EE 044F 045C 0450 04AA","centre=3408 min=968 max=9566 hex=0CB5 0D41 0D50 0C56 0B7B",0,0,0,,0,,,None,Unavailable,NoWallUnderCrosshair,,,,"only 0 valid depth samples under crosshair (0 no-data, 0 out-of-range, 441 low-confidence)",0,,,None,Unavailable,NoWallInView,,,,-0.964333951,0.845032454,0.06647018,-0.00589576364,-0.112701021,0.009686261,0.993564248,0,0,0,0,0,0,283668.579334657,283668.579334657,0.029163020983105525
30.815911551475207,d62bf83a,SessionTracking,Tracking,30.0653515,29.9492531,1,0.03166645800229162,0.692777753,12.1209726,1,160x90 DepthUint16,"centre=1103 min=867 max=18897 hex=0918 0441 044F 044B 0445","centre=4135 min=974 max=9654 hex=0DCA 0F27 1027 0EFF 0BE5",0,0,0,,0,,,None,Unavailable,NoWallUnderCrosshair,,,,"only 0 valid depth samples under crosshair (0 no-data, 0 out-of-range, 441 low-confidence)",0,,,None,Unavailable,NoWallInView,,,,-0.9732251,0.844815433,0.0622653961,-0.005624593,-0.114026725,0.0100895176,0.9934105,0,0,0,0,0,0,283668.61248909,283668.61248909,0.031619531015167013
30.86065524947821,d62bf83a,SessionTracking,Tracking,30.064827,29.9492531,1,0.043836093012942,0.686666667,12.0268059,1,160x90 DepthUint16,"centre=1098 min=871 max=17100 hex=091D 0435 044A 0445 044C","centre=5070 min=979 max=9491 hex=104A 123D 13CE 11F4 0BCE",0,0,0,,0,,,None,Unavailable,NoWallUnderCrosshair,,,,"only 0 valid depth samples under crosshair (0 no-data, 0 out-of-range, 441 low-confidence)",0,,,None,Unavailable,NoWallInView,,,,-0.9731752,0.844715834,0.05953896,-0.00544104725,-0.115529485,0.010278821,0.993235946,0,0,0,0,0,0,283668.64581617404,283668.64581617404,0.043729531025746837
30.887937697468939,d62bf83a,SessionTracking,Tracking,30.062355,29.9492531,1,0.026311562018236145,0.682222247,11.9643059,1,160x90 DepthUint16,"centre=1090 min=884 max=18523 hex=0925 0433 0442 0442 03FF","centre=4737 min=981 max=9561 hex=0F05 10F5 1281 1103 0BBE",0,0,0,,0,,,None,Unavailable,NoWallUnderCrosshair,,,,"only 0 valid depth samples under crosshair (0 no-data, 0 out-of-range, 441 low-confidence)",0,,,None,Unavailable,NoWallInView,,,,-0.9732283,0.8445982,0.0567563176,-0.00577795925,-0.116785929,0.0104478607,0.9930854,0,0,0,0,0,0,283668.67914325703,283668.67914325703,0.026156509993597865
30.920122176470382,d62bf83a,SessionTracking,Tracking,30.06486,29.9492531,1,0.031410625000717118,0.670416653,12.1057634,1,160x90 DepthUint16,"centre=1096 min=878 max=18762 hex=0925 0438 0448 0448 040D","centre=3722 min=981 max=9667 hex=0AFC 0CAD 0E8A 0E03 0BC3",0,0,0,,0,,,None,Unavailable,NoWallUnderCrosshair,,,,"only 0 valid depth samples under crosshair (0 no-data, 0 out-of-range, 441 low-confidence)",0,,,None,Unavailable,NoWallInView,,,,-0.9832858,0.842227,0.0480484366,-0.00683845673,-0.117565461,0.0110287378,0.992980361,0,0,0,0,0,0,283668.711716366,283668.711716366,0.03124979100539349
30.958158530472925,d62bf83a,SessionTracking,Tracking,30.0610352,29.9492531,1,0.037168697017477825,0.66625,11.8507643,1,160x90 DepthUint16,"centre=1093 min=893 max=18721 hex=0975 0436 0445 0444 0411","centre=3601 min=983 max=9222 hex=0B8C 0CCF 0E11 0D8A 0BC0",0,0,0,,0,,,None,Unavailable,NoWallUnderCrosshair,,,,"only 0 valid depth samples under crosshair (0 no-data, 0 out-of-range, 441 low-confidence)",0,,,None,Unavailable,NoWallInView,,,,-0.9835527,0.842207551,0.0445738062,-0.00701168226,-0.118713342,0.0112331519,0.9928403,0,0,0,0,0,0,283668.74504345004,283668.74504345004,0.037068541016196832
30.988652697476706,d62bf83a,SessionTracking,Tracking,30.0635071,29.9492531,1,0.029291719023603946,0.6632639,11.677083,1,160x90 DepthUint16,"centre=1088 min=895 max=18628 hex=096B 0438 0440 0442 0410","centre=3020 min=987 max=8977 hex=0A7A 0B29 0BCC 0B67 0BAF",0,0,0,,0,,,None,Unavailable,NoWallUnderCrosshair,,,,"only 0 valid depth samples under crosshair (0 no-data, 0 out-of-range, 441 low-confidence)",0,,,None,Unavailable,NoWallInView,,,,-0.9838342,0.842182755,0.0410685837,-0.007008561,-0.119963832,0.0115688751,0.992686152,0,0,0,0,0,0,283668.778370533,283668.778370533,0.029116614023223519
31.020644624459006,d62bf83a,SessionTracking,Tracking,30.0610046,29.9492531,1,0.031078489002538845,0.6563889,11.5861111,1,160x90 DepthUint16,"centre=1082 min=888 max=18527 hex=0964 0434 043A 0438 0403","centre=2716 min=985 max=9207 hex=09D0 0A45 0A9C 0A55 0BA9",0,0,0,,0,,,None,Unavailable,NoWallUnderCrosshair,,,,"only 0 valid depth samples under crosshair (0 no-data, 0 out-of-range, 441 low-confidence)",0,,,None,Unavailable,NoWallInView,,,,-0.9919395,0.841840863,0.0406893119,-0.00725954026,-0.122156821,0.0120718777,0.9924109,0,0,0,0,0,0,283668.810892382,283668.810892382,0.030976770998677239
31.053354416453427,d62bf83a,SessionTracking,Tracking,30.0602417,29.9492531,1,0.0315601039910689,0.646944463,11.3908329,1,160x90 DepthUint16,"centre=1081 min=888 max=18518 hex=09E8 0438 0439 0435 03EB","centre=2760 min=993 max=9150 hex=09BB 0A4C 0AC8 0A97 0C1B",0,0,0,,0,,,None,Unavailable,NoWallUnderCrosshair,,,,"only 0 valid depth samples under crosshair (0 no-data, 0 out-of-range, 441 low-confidence)",0,,,None,Unavailable,NoWallInView,,,,-0.9922623,0.841717362,0.037411496,-0.00726534473,-0.124866433,0.0121279368,0.9920728,0,0,0,0,0,0,283668.84421946603,283668.84421946603,0.031428697984665632
31.091205405453135,d62bf83a,SessionTracking,Tracking,30.0551662,29.9492531,1,0.036806509975576773,0.6413889,11.2521524,1,160x90 DepthUint16,"centre=1084 min=893 max=18515 hex=09EA 043D 043C 0435 03E5","centre=2571 min=999 max=9318 hex=08F2 097A 0A0B 0A09 0BE1",0,0,0,,0,,,None,Unavailable,NoWallUnderCrosshair,,,,"only 0 valid depth samples under crosshair (0 no-data, 0 out-of-range, 441 low-confidence)",0,,,None,Unavailable,NoWallInView,,,,-0.992819548,0.8416191,0.03407625,-0.00718778744,-0.126580045,0.0122053921,0.991855264,0,0,0,0,0,0,283668.877546549,283668.877546549,0.03670166598749347
31.12279972847659,d62bf83a,SessionTracking,Tracking,20.0391579,29.9492531,1,0.030772655998589471,0.6363889,11.0572224,1,160x90 DepthUint16,"centre=1080 min=885 max=18490 hex=0AE9 043B 0438 0430 03D0","centre=2607 min=1000 max=9292 hex=0908 099E 0A2F 0A1A 0BDB",0,0,0,,0,,,None,Unavailable,NoWallUnderCrosshair,,,,"only 0 valid depth samples under crosshair (0 no-data, 0 out-of-range, 441 low-confidence)",0,,,None,Unavailable,NoWallInView,,,,-0.996354461,0.8422913,0.0347948968,-0.007599622,-0.128042281,0.0122382939,0.991664052,0,0,0,0,0,0,283668.910709435,283668.910709435,0.02440078102517873
31.152795353471216,d62bf83a,SessionTracking,Tracking,30.0627079,29.9492531,1,0.029360000015003607,0.630347252,10.8929167,1,160x90 DepthUint16,"centre=1086 min=887 max=17505 hex=0AE8 0440 043E 0433 03CF","centre=2544 min=1009 max=9369 hex=08BF 0957 09F0 09F5 0BFE",0,0,0,,0,,,None,Unavailable,NoWallUnderCrosshair,,,,"only 0 valid depth samples under crosshair (0 no-data, 0 out-of-range, 441 low-confidence)",0,,,None,Unavailable,NoWallInView,,,,-0.9969315,0.8422127,0.0316106752,-0.007865011,-0.130203545,0.0120898765,0.99138236,0,0,0,0,0,0,283668.94403651904,283668.94403651904,0.029277863999595866
31.191263322459914,d62bf83a,SessionTracking,Tracking,30.0627079,29.9492531,1,0.0370140099839773,0.621458352,10.711319,1,160x90 DepthUint16,"centre=1091 min=886 max=18201 hex=0000 0446 0443 0438 03D0","centre=2745 min=1012 max=9398 hex=093B 09FB 0AB9 0AA8 0C1C",0,0,0,,0,,,None,Unavailable,NoWallUnderCrosshair,,,,"only 0 valid depth samples under crosshair (0 no-data, 0 out-of-range, 441 low-confidence)",0,,,None,Unavailable,NoWallInView,,,,-0.9975371,0.8421618,0.0283355936,-0.008117822,-0.132367432,0.0119671244,0.991095245,0,0,0,0,0,0,283668.977363602,283668.977363602,0.036944739986211061
31.219672385461077,d62bf83a,SessionTracking,Tracking,30.0579414,29.9492531,1,0.027590833982685581,0.61625,10.391736,1,160x90 DepthUint16,"centre=1088 min=879 max=18508 hex=0000 0445 0440 0436 03CD","centre=2731 min=1018 max=9427 hex=0983 0A2C 0AAB 0A6F 0BCA",0,0,0,,0,,,None,Unavailable,NoWallUnderCrosshair,,,,"only 0 valid depth samples under crosshair (0 no-data, 0 out-of-range, 441 low-confidence)",0,,,None,Unavailable,NoWallInView,,,,-1.00046861,0.8435575,0.0300553814,-0.008257673,-0.135194257,0.0117025385,0.9907156,0,0,0,0,0,0,283669.010758752,283669.010758752,0.027507657010573894
31.251048218462298,d62bf83a,SessionTracking,Tracking,30.06049,29.9492531,1,0.030594374984502792,0.60715276,10.1083336,1,160x90 DepthUint16,"centre=1095 min=878 max=18464 hex=0000 044C 0447 043C 03D2","centre=2811 min=1031 max=9242 hex=09A3 0A55 0AFB 0ACA 0C02",0,0,0,,0,,,None,Unavailable,NoWallUnderCrosshair,,,,"only 0 valid depth samples under crosshair (0 no-data, 0 out-of-range, 441 low-confidence)",0,,,None,Unavailable,NoWallInView,,,,-1.00108445,0.843524337,0.02696076,-0.008805507,-0.138600335,0.0115100751,0.990242362,0,0,0,0,0,0,283669.04408583604,283669.04408583604,0.030512291996274143
31.282238687479317,d62bf83a,SessionTracking,Tracking,30.0606785,29.9492531,1,0.030385365011170506,0.5959028,9.944792,1,160x90 DepthUint16,"centre=1102 min=878 max=18387 hex=0000 0453 044E 0443 03D8","centre=2817 min=1034 max=9394 hex=0996 0A4F 0B01 0AF9 0C69",0,0,0,,0,,,None,Unavailable,NoWallUnderCrosshair,,,,"only 0 valid depth samples under crosshair (0 no-data, 0 out-of-range, 441 low-confidence)",0,,,None,Unavailable,NoWallInView,,,,-1.00171816,0.8434224,0.0235788822,-0.009795443,-0.141663313,0.01128015,0.9898022,0,0,0,0,0,0,283669.077412919,283669.077412919,0.030309115012641996
31.320544260470111,d62bf83a,SessionTracking,Tracking,30.0633221,29.9492531,1,0.03753098999732174,0.5792361,9.947917,1,160x90 DepthUint16,"centre=1126 min=895 max=12605 hex=0000 046C 0466 045A 03ED","centre=3694 min=1053 max=9596 hex=0A76 0C14 0E6E 0E7B 0D31",0,0,0,,0,,,None,Unavailable,NoWallUnderCrosshair,,,,"only 0 valid depth samples under crosshair (0 no-data, 0 out-of-range, 441 low-confidence)",0,,,None,Unavailable,NoWallInView,,,,-0.996679962,0.840750337,0.009985909,-0.0107578039,-0.14455162,0.01089409,0.9893788,0,0,0,0,0,0,283669.111587502,283669.111587502,0.037444375018822029
31.351531239462698,d62bf83a,SessionTracking,Tracking,30.0624771,29.9492531,1,0.030116093985270709,0.573194444,9.7525,1,160x90 DepthUint16,"centre=1133 min=897 max=12631 hex=0000 0473 046D 0460 03F5","centre=4580 min=1065 max=9251 hex=0C61 0E94 11E4 11BF 0E1E",0,0,0,,0,,,None,Unavailable,NoWallUnderCrosshair,,,,"only 0 valid depth samples under crosshair (0 no-data, 0 out-of-range, 441 low-confidence)",0,,,None,Unavailable,NoWallInView,,,,-0.9969651,0.840679765,0.00595213473,-0.0102518732,-0.1472597,0.0111531625,0.988981843,0,0,0,0,0,0,283669.145933007,283669.145933007,0.030031823000172153
31.390874676467998,d62bf83a,SessionTracking,Tracking,30.0630512,29.9116058,1,0.038703541998984292,0.5609028,9.488125,1,160x90 DepthUint16,"centre=1142 min=906 max=18368 hex=0000 047B 0476 0469 03FB","centre=4522 min=1079 max=9437 hex=0C4F 0E67 11AA 1174 0EF6",0,0,0,,0,,,None,Unavailable,NoWallUnderCrosshair,,,,"only 0 valid depth samples under crosshair (0 no-data, 0 out-of-range, 441 low-confidence)",0,,,None,Unavailable,NoWallInView,,,,-0.997058034,0.84066397,0.00209961832,-0.00941708,-0.15186511,0.0113049159,0.98829174,0,0,0,0,0,0,283669.180203235,283669.180203235,0.038626249996013939
31.415464624474904,d62bf83a,SessionTracking,Tracking,30.0680218,29.9116058,1,0.024016302020754665,0.5513194,9.398819,1,160x90 DepthUint16,"centre=1153 min=943 max=18361 hex=0000 0486 0481 0473 0000","centre=5390 min=1097 max=9567 hex=0D9D 1086 150E 1490 0F07",0,0,0,,0,,,None,Unavailable,NoWallUnderCrosshair,,,,"only 0 valid depth samples under crosshair (0 no-data, 0 out-of-range, 441 low-confidence)",0,,,None,Unavailable,NoWallInView,,,,-0.995720863,0.840126753,-0.00326735526,-0.00916227,-0.155266061,0.0113096545,0.9877655,0,0,0,0,0,0,283669.21348512603,283669.21348512603,0.023948906018631533
31.454249312464295,d62bf83a,SessionTracking,Tracking,30.0716133,29.9116058,1,0.036988906998885795,0.544444442,9.45507,1,160x90 DepthUint16,"centre=1159 min=964 max=18356 hex=0000 048C 0487 0479 0000","centre=5990 min=1099 max=9894 hex=0E9B 121D 1766 16B1 0FB6",0,0,0,,0,,,None,Unavailable,NoWallUnderCrosshair,,,,"only 0 valid depth samples under crosshair (0 no-data, 0 out-of-range, 441 low-confidence)",0,,,None,Unavailable,NoWallInView,,,,-0.9963447,0.8399297,-0.00761859864,-0.009305158,-0.156275615,0.0114793787,0.987602949,0,0,0,0,0,0,283669.24681221,283669.24681221,0.03688020899426192
31.487919572453162,d62bf83a,SessionTracking,Tracking,30.062376,29.9116058,1,0.032927864987868816,0.54236114,9.445,1,160x90 DepthUint16,"centre=1164 min=971 max=18359 hex=0000 0492 048C 047E 0000","centre=5564 min=1100 max=9944 hex=0DCD 1105 15BC 1552 0FEC",0,0,0,,0,,,None,Unavailable,NoWallUnderCrosshair,,,,"only 0 valid depth samples under crosshair (0 no-data, 0 out-of-range, 441 low-confidence)",0,,,None,Unavailable,NoWallInView,,,,-0.997125,0.8397249,-0.0121744648,-0.009403125,-0.156339258,0.0118140886,0.987588,0,0,0,0,0,0,283669.280139293,283669.280139293,0.032854374992894009
31.517337957458718,d62bf83a,SessionTracking,Tracking,30.0659046,29.9116058,1,0.028573749994393438,0.536875,9.426319,1,160x90 DepthUint16,"centre=1171 min=989 max=18358 hex=0000 0498 0493 0483 0000","centre=5627 min=1107 max=10048 hex=0DD1 1112 15FB 1590 1058",0,0,0,,0,,,None,Unavailable,NoWallUnderCrosshair,,,,"only 0 valid depth samples under crosshair (0 no-data, 0 out-of-range, 441 low-confidence)",0,,,None,Unavailable,NoWallInView,,,,-0.997689545,0.83950156,-0.0170893446,-0.009536565,-0.156991258,0.0120959887,0.987479866,0,0,0,0,0,0,283669.313473617,283669.313473617,0.028503176989033818
31.551968009476465,d62bf83a,SessionTracking,Tracking,30.0692,29.9116058,1,0.033835729002021253,0.530208349,9.333264,1,160x90 DepthUint16,"centre=1177 min=1004 max=18350 hex=0000 049F 0499 048B 0000","centre=6293 min=1109 max=10078 hex=0EF0 12B6 1895 17CE 105D",0,0,0,,0,,,None,Unavailable,NoWallUnderCrosshair,,,,"only 0 valid depth samples under crosshair (0 no-data, 0 out-of-range, 441 low-confidence)",0,,,None,Unavailable,NoWallInView,,,,-0.9981349,0.839243054,-0.0218244866,-0.009742425,-0.158370808,0.0122227976,0.987256,0,0,0,0,0,0,283669.346800701,283669.346800701,0.033758906007278711
31.583690614472058,d62bf83a,SessionTracking,Tracking,30.0636616,29.9116058,1,0.030998906993772835,0.5242361,9.182083,1,160x90 DepthUint16,"centre=1185 min=1022 max=18344 hex=0000 04A7 04A1 0492 0000","centre=5587 min=1115 max=10126 hex=0D5D 109A 15D3 1593 1075",0,0,0,,0,,,None,Unavailable,NoWallUnderCrosshair,,,,"only 0 valid depth samples under crosshair (0 no-data, 0 out-of-range, 441 low-confidence)",0,,,None,Unavailable,NoWallInView,,,,-0.998435,0.83905673,-0.0265403613,-0.009555586,-0.160676479,0.0121366382,0.986886263,0,0,0,0,0,0,283669.38012778404,283669.38012778404,0.03091729199513793
31.619533270455346,d62bf83a,SessionTracking,Tracking,30.0617085,29.9116058,1,0.035028646001592278,0.5161806,9.125417,1,160x90 DepthUint16,"centre=1196 min=1028 max=12808 hex=0000 04B0 04AC 049B 0000","centre=6249 min=1127 max=10137 hex=0E4D 1247 1869 17C8 1072",0,0,0,,0,,,None,Unavailable,NoWallUnderCrosshair,,,,"only 0 valid depth samples under crosshair (0 no-data, 0 out-of-range, 441 low-confidence)",0,,,None,Unavailable,NoWallInView,,,,-0.997135,0.839139,-0.0326007679,-0.009767466,-0.162924722,0.0119138965,0.986518264,0,0,0,0,0,0,283669.413455831,283669.413455831,0.034944166982313618
31.655678791463057,d62bf83a,SessionTracking,Tracking,30.0619373,29.9116058,1,0.03517953198752366,0.5096528,9.150208,1,160x90 DepthUint16,"centre=1203 min=1031 max=12782 hex=0000 04B9 04B3 04A2 0000","centre=6645 min=1126 max=10202 hex=0F2A 1343 19F5 1901 108A",0,0,0,,0,,,None,Unavailable,NoWallUnderCrosshair,,,,"only 0 valid depth samples under crosshair (0 no-data, 0 out-of-range, 441 low-confidence)",0,,,None,Unavailable,NoWallInView,,,,-0.9973588,0.839060545,-0.0379132032,-0.0102991918,-0.164270833,0.0119447121,0.9862892,0,0,0,0,0,0,283669.44678291504,283669.44678291504,0.035080208996078
31.687332332457796,d62bf83a,SessionTracking,Tracking,30.0628662,29.9116058,1,0.02873385400744155,0.505486131,9.015625,1,160x90 DepthUint16,"centre=1210 min=1036 max=12785 hex=0000 04C0 04BA 04A9 0000","centre=6667 min=1139 max=10070 hex=0EFE 132C 1A0B 1914 1058",0,0,0,,0,,,None,Unavailable,NoWallUnderCrosshair,,,,"only 0 valid depth samples under crosshair (0 no-data, 0 out-of-range, 441 low-confidence)",0,,,None,Unavailable,NoWallInView,,,,-0.997651637,0.8390198,-0.0434020832,-0.0109477416,-0.16496703,0.0119369626,0.98616606,0,0,0,0,0,0,283669.480109998,283669.480109998,0.028628750005736947
31.718331916464873,d62bf83a,SessionTracking,Tracking,30.0636311,29.9116058,1,0.029982292006025091,0.5011805,8.899236,1,160x90 DepthUint16,"centre=1215 min=1043 max=12787 hex=0000 04C5 04BF 04AE 0000","centre=6728 min=1145 max=10064 hex=0F24 1362 1A48 19B3 1073",0,0,0,,0,,,None,Unavailable,NoWallUnderCrosshair,,,,"only 0 valid depth samples under crosshair (0 no-data, 0 out-of-range, 441 low-confidence)",0,,,None,Unavailable,NoWallInView,,,,-1.00221193,0.838269353,-0.0476659,-0.0116348043,-0.165694773,0.0120600462,0.9860347,0,0,0,0,0,0,283669.5134568,283669.5134568,0.02989213599357754
31.758226864450759,d62bf83a,SessionTracking,Tracking,30.0609341,29.9116058,1,0.038952656992478296,0.494722217,8.833542,1,160x90 DepthUint16,"centre=1223 min=1048 max=12803 hex=0000 04CE 04C7 04B5 0000","centre=6917 min=1160 max=10129 hex=0F49 13B0 1B05 1A26 105B",0,0,0,,0,,,None,Unavailable,NoWallUnderCrosshair,,,,"only 0 valid depth samples under crosshair (0 no-data, 0 out-of-range, 441 low-confidence)",0,,,None,Unavailable,NoWallInView,,,,-1.00269365,0.838181853,-0.0533805564,-0.0121448636,-0.166958541,0.0117990971,0.9858185,0,0,0,0,0,0,283669.546783884,283669.546783884,0.038841249974211678
31.789456082453167,d62bf83a,SessionTracking,Tracking,30.0644932,29.9116058,1,0.030432707979343832,0.488402784,8.684931,1,160x90 DepthUint16,"centre=1231 min=1052 max=12806 hex=0000 04D6 04CF 04BC 0000","centre=6628 min=1164 max=10141 hex=0E94 12C7 19E4 1919 10A3",0,0,0,,0,,,None,Unavailable,NoWallUnderCrosshair,,,,"only 0 valid depth samples under crosshair (0 no-data, 0 out-of-range, 441 low-confidence)",0,,,None,Unavailable,NoWallInView,,,,-1.00317192,0.8381199,-0.0590947345,-0.0124737769,-0.1682252,0.0117787421,0.9855993,0,0,0,0,0,0,283669.58011096704,283669.58011096704,0.030325572995934635
31.820592697451271,d62bf83a,SessionTracking,Tracking,30.06272,29.9116058,1,0.025218437978764996,0.482708335,8.681389,1,160x90 DepthUint16,"centre=1241 min=1059 max=12807 hex=0000 04E0 04D9 04C4 0000","centre=7019 min=1185 max=9979 hex=0F12 13B0 1B6B 1A9E 112B",0,0,0,,0,,,None,Unavailable,NoWallUnderCrosshair,,,,"only 0 valid depth samples under crosshair (12 no-data, 0 out-of-range, 429 low-confidence)",0,,,None,Unavailable,NoWallInView,,,,-1.001447,0.8378066,-0.06537326,-0.0126119722,-0.1695675,0.0117964167,0.9853673,0,0,0,0,0,0,283669.613418206,283669.613418206,0.02512593797291629
31.852627228454136,d62bf83a,SessionTracking,Tracking,30.0625534,29.9116058,1,0.030985416990006343,0.474166662,8.540833,1,160x90 DepthUint16,"centre=1250 min=1063 max=12850 hex=0000 04E9 04E2 04CD 0000","centre=7139 min=1192 max=9943 hex=0F5E 1409 1BE3 1AEF 110D",0,0,0,,0,,,None,Unavailable,NoWallUnderCrosshair,,,,"only 0 valid depth samples under crosshair (21 no-data, 2 out-of-range, 418 low-confidence)",0,,,None,Unavailable,NoWallInView,,,,-1.00170612,0.8376869,-0.07115332,-0.0126963258,-0.171800911,0.01199466,0.9849768,0,0,0,0,0,0,283669.64674529,283669.64674529,0.030865832988638431
31.888599468456729,d62bf83a,SessionTracking,Tracking,30.0632,29.9116058,1,0.034955885988892987,0.46763888,8.37875,1,160x90 DepthUint16,"centre=1260 min=1069 max=12853 hex=0000 04F2 04EC 04D7 0000","centre=7123 min=1208 max=9985 hex=0F12 13B9 1BD3 1AFA 10C1",0,0,0,,0,,,None,Unavailable,NoWallUnderCrosshair,,,,"only 0 valid depth samples under crosshair (28 no-data, 5 out-of-range, 408 low-confidence)",0,,,None,Unavailable,NoWallInView,,,,-1.00200939,0.837527752,-0.07710058,-0.0126393894,-0.174179479,0.0120470831,0.9845591,0,0,0,0,0,0,283669.680373471,283669.680373471,0.034760833979817107
31.921209832453084,d62bf83a,SessionTracking,Tracking,30.06354,29.9116058,1,0.0317703639739193,0.4561111,8.366875,1,160x90 DepthUint16,"centre=1278 min=1080 max=12854 hex=0000 0504 04FE 04E9 0000","centre=7102 min=1229 max=19363 hex=0F54 139A 1BBE 1C80 14E1",0,0,0,,0,,,None,Unavailable,NoWallUnderCrosshair,,,,"only 0 valid depth samples under crosshair (44 no-data, 10 out-of-range, 387 low-confidence)",0,,,None,Unavailable,NoWallInView,,,,-1.00611484,0.8357905,-0.09067247,-0.0138776582,-0.176476836,0.0122417193,0.9841308,0,0,0,0,0,0,283669.713702121,283669.713702121,0.031688957998994738
31.9520235824782,d62bf83a,SessionTracking,Tracking,30.0631638,29.9116058,1,0.029868489014916122,0.44875,8.283334,1,160x90 DepthUint16,"centre=1286 min=1087 max=12878 hex=0000 050C 0506 04F2 0000","centre=7115 min=1238 max=19257 hex=0F09 136A 1BCB 1C79 1547",0,0,0,,0,,,None,Unavailable,NoWallUnderCrosshair,,,,"only 0 valid depth samples under crosshair (53 no-data, 12 out-of-range, 376 low-confidence)",0,,,None,Unavailable,NoWallInView,,,,-1.0068382,0.8355856,-0.0971982256,-0.01423441,-0.177895591,0.0121231982,0.983871758,0,0,0,0,0,0,283669.747029205,283669.747029205,0.029763646016363055
31.990815770466494,d62bf83a,SessionTracking,Tracking,30.0645981,29.9116058,1,0.03783312501036562,0.4442361,8.169653,1,160x90 DepthUint16,"centre=1294 min=1090 max=12860 hex=0000 0515 050E 04FB 0000","centre=7060 min=1233 max=19670 hex=0EC2 1319 1B94 1C4B 15CA",0,0,0,,0,,,None,Unavailable,NoWallUnderCrosshair,,,,"only 0 valid depth samples under crosshair (63 no-data, 12 out-of-range, 366 low-confidence)",0,,,None,Unavailable,NoWallInView,,,,-1.00757623,0.8353898,-0.1039682,-0.0149594638,-0.178675845,0.0119958837,0.983721137,0,0,0,0,0,0,283669.780356288,283669.780356288,0.037743333989055827
32.025136863466969,d62bf83a,SessionTracking,Tracking,30.0644627,29.9116058,1,0.033374269987692884,0.44125,8.081041,1,160x90 DepthUint16,"centre=1295 min=1091 max=12854 hex=0000 0516 050F 04FD 0000","centre=7161 min=1261 max=24613 hex=0F44 138E 1BF9 1E11 1A16",0,0,0,,0,,,None,Unavailable,NoWallUnderCrosshair,,,,"only 0 valid depth samples under crosshair (62 no-data, 13 out-of-range, 366 low-confidence)",0,,,None,Unavailable,NoWallInView,,,,-1.00989318,0.834355831,-0.106077082,-0.0152983526,-0.178763047,0.0121037075,0.9836988,0,0,0,0,0,0,283669.81406489504,283669.81406489504,0.033272135013252324
32.059151863478974,d62bf83a,SessionTracking,Tracking,30.0644283,29.9116058,1,0.032903281011385843,0.436180562,8.029583,1,160x90 DepthUint16,"centre=1303 min=1098 max=12858 hex=0000 051F 0517 0504 0000","centre=7168 min=1274 max=24662 hex=0F42 139B 1C00 1DDD 18CD",0,0,0,,0,,,None,Unavailable,NoWallUnderCrosshair,,,,"only 0 valid depth samples under crosshair (73 no-data, 13 out-of-range, 355 low-confidence)",0,,,None,Unavailable,NoWallInView,,,,-1.01065838,0.8341462,-0.112973295,-0.0155606121,-0.178832963,0.0122637153,0.98368,0,0,0,0,0,0,283669.847391979,283669.847391979,0.032801614026539028
32.091748634473106,d62bf83a,SessionTracking,Tracking,30.06454,29.9116058,1,0.029891094018239528,0.4317361,7.97930574,1,160x90 DepthUint16,"centre=1311 min=1102 max=12883 hex=0000 0527 051F 050D 0000","centre=7101 min=1280 max=25148 hex=0F57 1379 1BBD 1D8C 1865",0,0,0,,0,,,None,Unavailable,NoWallUnderCrosshair,,,,"only 0 valid depth samples under crosshair (82 no-data, 14 out-of-range, 345 low-confidence)",0,,,None,Unavailable,NoWallInView,,,,-1.01119637,0.8338641,-0.119913131,-0.0160296876,-0.180492625,0.0120332856,0.9833721,0,0,0,0,0,0,283669.880719062,283669.880719062,0.029800051997881383
32.125390197473962,d62bf83a,SessionTracking,Tracking,30.0660248,29.9116058,1,0.023738176998449489,0.423194438,7.79430532,1,160x90 DepthUint16,"centre=1314 min=1105 max=12892 hex=0000 052C 0522 0513 0000","centre=7341 min=1272 max=10725 hex=0F7F 13CF 1CAD 1D03 133B",0,0,0,,0,,,None,Unavailable,NoWallUnderCrosshair,,,,"only 0 valid depth samples under crosshair (98 no-data, 19 out-of-range, 324 low-confidence)",0,,,None,Unavailable,NoWallInView,,,,-1.01159227,0.8349796,-0.1226303,-0.0160752852,-0.183517769,0.01181859,0.982813954,0,0,0,0,0,0,283669.91393918503,283669.91393918503,0.023580364999361336
32.153889988465153,d62bf83a,SessionTracking,Tracking,30.06386,29.9116058,1,0.027594114013481885,0.412152767,7.50638866,1,160x90 DepthUint16,"centre=0 min=1109 max=12950 hex=0000 0000 0000 051D 0000","centre=7510 min=1332 max=11360 hex=10A2 14D8 1D56 1DC0 1412",0,0,0,,0,,,None,Unavailable,NoWallUnderCrosshair,,,,"only 0 valid depth samples under crosshair (110 no-data, 26 out-of-range, 305 low-confidence)",0,,,None,Unavailable,NoWallInView,,,,-1.011803,0.8347027,-0.1294896,-0.0165622532,-0.187125355,0.0115865469,0.9821281,0,0,0,0,0,0,283669.947266269,283669.947266269,0.027506145008374006
32.18705962447325,d62bf83a,SessionTracking,Tracking,30.0664673,29.9116058,1,0.032348698005080223,0.401111126,7.292014,1,160x90 DepthUint16,"centre=0 min=1113 max=12927 hex=0000 0000 0000 052A 0000","centre=7643 min=1396 max=11337 hex=10DF 1520 1DDB 1E34 14BA",0,0,0,,0,,,None,Unavailable,NoWallUnderCrosshair,,,,"only 0 valid depth samples under crosshair (129 no-data, 30 out-of-range, 282 low-confidence)",0,,,None,Unavailable,NoWallInView,,,,-1.01196122,0.8344832,-0.136273354,-0.01643791,-0.191189229,0.011484772,0.9813484,0,0,0,0,0,0,283669.980593352,283669.980593352,0.032261301996186376
32.219642020474339,d62bf83a,SessionTracking,Tracking,30.0630455,29.9116058,1,0.031179011013591662,0.392291665,7.05055571,1,160x90 DepthUint16,"centre=0 min=1116 max=12963 hex=0000 0000 0000 0000 0000","centre=7227 min=1486 max=10127 hex=0F60 13CE 1C3B 1CC3 1444",0,0,0,,0,,,None,Unavailable,NoWallUnderCrosshair,,,,"only 0 valid depth samples under crosshair (144 no-data, 32 out-of-range, 265 low-confidence)",0,,,None,Unavailable,NoWallInView,,,,-1.01615071,0.8341342,-0.142309964,-0.0170230344,-0.1936321,0.0113040209,0.9808614,0,0,0,0,0,0,283670.014726957,283670.014726957,0.031047813012264669
32.261379259467276,d62bf83a,SessionTracking,Tracking,30.0650177,29.9116058,1,0.040874530997825786,0.386527777,7.073264,1,160x90 DepthUint16,"centre=0 min=1121 max=12987 hex=0000 0000 0000 0000 0000","centre=7509 min=1575 max=10173 hex=1009 1494 1D55 1D85 13FD",0,0,0,,0,,,None,Unavailable,NoWallUnderCrosshair,,,,"only 0 valid depth samples under crosshair (150 no-data, 31 out-of-range, 260 low-confidence)",0,,,None,Unavailable,NoWallInView,,,,-1.01690924,0.833871961,-0.149571568,-0.0174028669,-0.195031762,0.0109312246,0.980581641,0,0,0,0,0,0,283670.048054041,283670.048054041,0.040795884997351095
32.284584311451681,d62bf83a,SessionTracking,Tracking,30.0623188,29.9116058,1,0.022049270977731794,0.3851389,7.009444,1,160x90 DepthUint16,"centre=0 min=1127 max=12955 hex=0000 0000 0000 0000 0000","centre=7376 min=1522 max=9874 hex=0F52 13DE 1CD0 1D11 12FC",0,0,0,,0,,,None,Unavailable,NoWallUnderCrosshair,,,,"only 0 valid depth samples under crosshair (151 no-data, 30 out-of-range, 260 low-confidence)",0,,,None,Unavailable,NoWallInView,,,,-1.0182023,0.8335309,-0.15722,-0.0181361753,-0.193686038,0.0107312212,0.9808372,0,0,0,0,0,0,283670.08138112404,283670.08138112404,0.021818228997290134
32.317099988463951,d62bf83a,SessionTracking,Tracking,30.063839,29.9116058,1,0.031742863997351378,0.3825,6.967986,1,160x90 DepthUint16,"centre=0 min=1134 max=12942 hex=0000 0000 0000 0000 0000","centre=7251 min=1549 max=10006 hex=0F91 13E0 1C53 1CCF 13C3",0,0,0,,0,,,None,Unavailable,NoWallUnderCrosshair,,,,"only 0 valid depth samples under crosshair (155 no-data, 26 out-of-range, 260 low-confidence)",0,,,None,Unavailable,NoWallInView,,,,-1.019364,0.833213,-0.165053159,-0.0186128914,-0.192989662,0.0105698109,0.980967343,0,0,0,0,0,0,283670.11470990104,283670.11470990104,0.031674271012889221
32.356388217452832,d62bf83a,SessionTracking,Tracking,30.0642128,29.9116058,1,0.0378587500017602,0.376805544,6.854653,1,160x90 DepthUint16,"centre=0 min=1140 max=12972 hex=0000 0000 0000 0000 0000","centre=7232 min=1594 max=9961 hex=0F33 1393 1C40 1CDF 1477",0,0,0,,0,,,None,Unavailable,NoWallUnderCrosshair,,,,"only 0 valid depth samples under crosshair (176 no-data, 26 out-of-range, 239 low-confidence)",0,,,None,Unavailable,NoWallInView,,,,-1.02017248,0.8329011,-0.17265223,-0.01886146,-0.194558531,0.0106283436,0.980652,0,0,0,0,0,0,283670.148036985,283670.148036985,0.037767967995023355
32.38760050945325,d62bf83a,SessionTracking,Tracking,30.064085,29.9116058,1,0.030358593998244032,0.390555561,6.622083,1,160x90 DepthUint16,"centre=0 min=1147 max=29472 hex=0000 0000 0000 0000 0000","centre=7357 min=1591 max=10148 hex=0F9C 13FC 1CBD 1CED 138E",0,0,0,,0,,,None,Unavailable,NoWallUnderCrosshair,,,,"only 0 valid depth samples under crosshair (176 no-data, 26 out-of-range, 239 low-confidence)",0,,,None,Unavailable,NoWallInView,,,,-1.02086639,0.8325363,-0.180328444,-0.0191649944,-0.196322814,0.0105725825,0.980295062,0,0,0,0,0,0,283670.181364068,283670.181364068,0.030272238975157961
32.419040770477068,d62bf83a,SessionTracking,Tracking,30.0641422,30.15077,1,0.03061046902439557,0.387083322,6.37479162,1,160x90 DepthUint16,"centre=0 min=1153 max=29508 hex=0000 0000 0000 0000 0000","centre=6949 min=1614 max=14111 hex=0F22 130F 1B25 1BE1 14D6",0,0,0,,0,,,None,Unavailable,NoWallUnderCrosshair,,,,"only 0 valid depth samples under crosshair (194 no-data, 28 out-of-range, 219 low-confidence)",0,,,None,Unavailable,NoWallInView,,,,-1.02140081,0.8321216,-0.18803364,-0.0184497628,-0.197432443,0.010416151,0.9800876,0,0,0,0,0,0,283670.21469636704,283670.21469636704,0.030520678003085777
32.456700249462074,d62bf83a,SessionTracking,Tracking,30.06455,30.15077,1,0.036461198003962636,0.38395834,6.353889,1,160x90 DepthUint16,"centre=0 min=1161 max=29566 hex=0000 0000 0000 0000 0000","centre=7366 min=1675 max=14152 hex=0FF5 1411 1CC6 1D5D 1589",0,0,0,,0,,,None,Unavailable,NoWallUnderCrosshair,,,,"only 0 valid depth samples under crosshair (197 no-data, 25 out-of-range, 219 low-confidence)",0,,,None,Unavailable,NoWallInView,,,,-1.02220106,0.8316985,-0.195712477,-0.01823686,-0.199613214,0.0100495219,0.979653537,0,0,0,0,0,0,283670.248023451,283670.248023451,0.036317343998234719
32.488039467458066,d62bf83a,SessionTracking,Tracking,30.06447,30.15077,1,0.030495519982650876,0.437291652,6.1575,1,160x90 DepthUint16,"centre=0 min=806 max=31372 hex=0000 0000 0000 0000 0000","centre=7361 min=1782 max=14109 hex=0F88 13C8 1CC1 1E36 16DD",0,0,0,,0,,,None,Unavailable,NoWallUnderCrosshair,,,,"only 0 valid depth samples under crosshair (193 no-data, 28 out-of-range, 220 low-confidence)",0,,,None,Unavailable,NoWallInView,,,,-1.02300918,0.831285238,-0.203568861,-0.0180318058,-0.201649159,0.009695053,0.9792438,0,0,0,0,0,0,283670.281350534,283670.281350534,0.030412135005462915
32.519079780471429,d62bf83a,SessionTracking,Tracking,30.0642071,30.15077,1,0.030253177013946697,0.432361126,6.23777771,1,160x90 DepthUint16,"centre=0 min=813 max=31433 hex=0000 0000 0000 0000 0000","centre=7558 min=1827 max=10279 hex=0FD4 1449 1D86 1E21 14A3",0,0,0,,0,,,None,Unavailable,NoWallUnderCrosshair,,,,"only 0 valid depth samples under crosshair (210 no-data, 32 out-of-range, 199 low-confidence)",0,,,None,Unavailable,NoWallInView,,,,-1.024027,0.830875039,-0.2113938,-0.0171901,-0.202644482,0.009620757,0.9790542,0,0,0,0,0,0,283670.314684588,283670.314684588,0.030166562995873392
32.552616551463643,d62bf83a,SessionTracking,Tracking,30.0636539,30.15077,1,0.03258786498918198,0.4295139,6.25673628,1,160x90 DepthUint16,"centre=0 min=821 max=31445 hex=0000 0000 0000 0000 0000","centre=7502 min=1889 max=10334 hex=0F60 13BA 1D4E 1EFC 15EC",0,0,0,,0,,,None,Unavailable,NoWallUnderCrosshair,,,,"only 0 valid depth samples under crosshair (215 no-data, 27 out-of-range, 199 low-confidence)",0,,,None,Unavailable,NoWallInView,,,,-1.02488327,0.8304893,-0.2197324,-0.0171509329,-0.204025045,0.009469927,0.9787696,0,0,0,0,0,0,283670.348286203,283670.348286203,0.0324911980133038
32.589994936457288,d62bf83a,SessionTracking,Tracking,30.0630283,30.15077,1,0.036529582983348519,0.5339583,6.2166667,1,160x90 DepthUint16,"centre=0 min=513 max=32476 hex=0000 0000 0000 0000 0000","centre=7611 min=1831 max=9768 hex=0F66 13EA 1DBB 1E83 1372",0,0,0,,0,,,None,Unavailable,NoWallUnderCrosshair,,,,"only 0 valid depth samples under crosshair (210 no-data, 31 out-of-range, 200 low-confidence)",0,,,None,Unavailable,NoWallInView,,,,-1.025697,0.8301325,-0.228233367,-0.0170698166,-0.205695584,0.00944593549,0.978421569,0,0,0,0,0,0,283670.38161328604,283670.38161328604,0.0364422389829997
32.623565040473977,d62bf83a,SessionTracking,Tracking,30.06415,30.15077,1,0.032222708017798141,0.53458333,6.336875,1,160x90 DepthUint16,"centre=0 min=521 max=32513 hex=0000 0000 0000 0000 0000","centre=7555 min=1838 max=10072 hex=0F66 13D9 1D83 1EA1 15A2",0,0,0,,0,,,None,Unavailable,NoWallUnderCrosshair,,,,"only 0 valid depth samples under crosshair (210 no-data, 31 out-of-range, 200 low-confidence)",0,,,None,Unavailable,NoWallInView,,,,-1.019888,0.829625547,-0.235385284,-0.0169683322,-0.207078189,0.008987904,0.978135943,0,0,0,0,0,0,283670.415005902,283670.415005902,0.032104009995236993
32.659773686467588,d62bf83a,SessionTracking,Tracking,30.0629,30.15077,1,0.035399167012656108,0.529791653,6.197361,1,160x90 DepthUint16,"centre=0 min=529 max=32539 hex=0000 0000 0000 0000 0000","centre=7520 min=1896 max=10096 hex=0F3F 13B8 1D60 1ECC 1596",0,0,0,,0,,,None,Unavailable,NoWallUnderCrosshair,,,,"only 0 valid depth samples under crosshair (235 no-data, 27 out-of-range, 179 low-confidence)",0,,,None,Unavailable,NoWallInView,,,,-1.02070415,0.829187155,-0.2443451,-0.0170180872,-0.20780915,0.008769751,0.977982044,0,0,0,0,0,0,283670.44860308804,283670.44860308804,0.03531249999650754
32.690820509454852,d62bf83a,SessionTracking,Tracking,30.0643921,30.15077,1,0.0300923959875945,0.5695139,6.043611,1,160x90 DepthUint16,"centre=0 min=536 max=33393 hex=0000 0000 0000 0000 0000","centre=7527 min=1952 max=9985 hex=0F12 13A2 1D67 1DDE 143F",0,0,0,,0,,,None,Unavailable,NoWallUnderCrosshair,,,,"only 0 valid depth samples under crosshair (234 no-data, 27 out-of-range, 180 low-confidence)",0,,,None,Unavailable,NoWallInView,,,,-1.02164638,0.828792751,-0.2532864,-0.01682757,-0.208328336,0.008799882,0.977874637,0,0,0,0,0,0,283670.481930171,283670.481930171,0.030012812989298254
32.722882019475719,d62bf83a,SessionTracking,Tracking,30.0630417,30.15077,1,0.02971781202359125,0.569583356,6.13069439,1,160x90 DepthUint16,"centre=0 min=544 max=33446 hex=0000 0000 0000 0000 0000","centre=7651 min=1938 max=9942 hex=0F41 1402 1DE3 1E36 12F2",0,0,0,,0,,,None,Unavailable,NoWallUnderCrosshair,,,,"only 0 valid depth samples under crosshair (230 no-data, 31 out-of-range, 180 low-confidence)",0,,,None,Unavailable,NoWallInView,,,,-1.02183449,0.8284896,-0.262378752,-0.0165669639,-0.209756926,0.0088772485,0.9775729,0,0,0,0,0,0,283670.515258154,283670.515258154,0.02960676999646239
32.753909780472668,d62bf83a,SessionTracking,Tracking,30.0633488,30.15077,1,0.025678750011138618,0.564375,6.20409727,1,160x90 DepthUint16,"centre=0 min=552 max=33498 hex=0000 0000 0000 0000 0000","centre=7690 min=1952 max=10443 hex=0F16 1422 1E0A 1E8C 13A2",0,0,0,,0,,,None,Unavailable,NoWallUnderCrosshair,,,,"only 0 valid depth samples under crosshair (250 no-data, 32 out-of-range, 159 low-confidence)",0,,,None,Unavailable,NoWallInView,,,,-1.02267146,0.8281729,-0.2716892,-0.0163212214,-0.210532948,0.008993001,0.9774092,0,0,0,0,0,0,283670.548850913,283670.548850913,0.025566459022229537
32.788694832477404,d62bf83a,SessionTracking,Tracking,30.0635662,30.15077,1,0.033932865015231073,0.5933333,5.96055555,1,160x90 DepthUint16,"centre=0 min=879 max=37680 hex=0000 0000 0000 59DB 0000","centre=7706 min=2013 max=10540 hex=0F1E 144F 1E1A 1E56 13F5",0,0,0,,0,,,None,Unavailable,NoWallUnderCrosshair,,,,"only 0 valid depth samples under crosshair (252 no-data, 28 out-of-range, 161 low-confidence)",0,,,None,Unavailable,NoWallInView,,,,-1.02349913,0.8278222,-0.281006366,-0.0162145719,-0.2119256,0.009005517,0.9771098,0,0,0,0,0,0,283670.582177996,283670.582177996,0.033844792022136971
32.8203861344698,d62bf83a,SessionTracking,Tracking,30.0636616,30.15077,1,0.030739009991521016,0.593680561,5.803125,1,160x90 DepthUint16,"centre=0 min=884 max=38944 hex=0000 0000 0000 3205 0000","centre=7684 min=2029 max=10259 hex=0F26 145C 1E04 1E2C 1415",0,0,0,,0,,,None,Unavailable,NoWallUnderCrosshair,,,,"only 0 valid depth samples under crosshair (271 no-data, 30 out-of-range, 140 low-confidence)",0,,,None,Unavailable,NoWallInView,,,,-1.01867557,0.825261235,-0.2846202,-0.0157027934,-0.214886576,0.008605332,0.9764749,0,0,0,0,0,0,283670.61554391,283670.61554391,0.03058062499621883
32.853814676465618,d62bf83a,SessionTracking,Tracking,30.0635967,30.15077,1,0.031988594011636451,0.5902778,6.00041676,1,160x90 DepthUint16,"centre=0 min=893 max=39049 hex=0000 0000 0000 3210 0000","centre=7721 min=2091 max=10518 hex=0F1E 1452 1E29 1E8E 150B",0,0,0,,0,,,None,Unavailable,NoWallUnderCrosshair,,,,"only 0 valid depth samples under crosshair (275 no-data, 27 out-of-range, 139 low-confidence)",0,,,None,Unavailable,NoWallInView,,,,-1.01899028,0.8249616,-0.29403922,-0.0154347057,-0.217367813,0.008646996,0.975929439,0,0,0,0,0,0,283670.64887099405,283670.64887099405,0.031895157007966191
32.888198009462712,d62bf83a,SessionTracking,Tracking,30.06552,30.15077,1,0.03355275999638252,0.5860417,5.816389,1,160x90 DepthUint16,"centre=0 min=902 max=39102 hex=0000 0000 0000 3219 0000","centre=7728 min=2137 max=10635 hex=0ED4 1429 1E30 1ED7 14F8",0,0,0,,0,,,None,Unavailable,NoWallUnderCrosshair,,,,"only 0 valid depth samples under crosshair (295 no-data, 27 out-of-range, 119 low-confidence)",0,,,None,Unavailable,NoWallInView,,,,-1.01953828,0.824669957,-0.303653151,-0.0153215025,-0.218571246,0.00861469,0.9756627,0,0,0,0,0,0,283670.68245489604,283670.68245489604,0.033469271002104506
32.925411082458368,d62bf83a,SessionTracking,Tracking,30.0638542,30.15077,1,0.036417291994439438,0.611875,5.800139,1,160x90 DepthUint16,"centre=0 min=914 max=39120 hex=0000 0000 0000 30A5 2BA5","centre=7634 min=2050 max=10696 hex=0ECE 142B 1DD2 1E1A 14ED",0,0,0,,0,,,None,Unavailable,NoWallUnderCrosshair,,,,"only 0 valid depth samples under crosshair (270 no-data, 32 out-of-range, 139 low-confidence)",0,,,None,Unavailable,NoWallInView,,,,-1.01253009,0.8252755,-0.3145845,-0.0154297948,-0.219095945,0.00833568,0.975545764,0,0,0,0,0,0,283670.715782522,283670.715782522,0.036322708998341113
32.953950405473506,d62bf83a,SessionTracking,Tracking,30.0645065,30.15077,1,0.027442240010714158,0.609097242,5.77097225,1,160x90 DepthUint16,"centre=0 min=923 max=39247 hex=0000 0000 0000 3061 2BB9","centre=7735 min=2056 max=10528 hex=0EE1 1447 1E37 1E36 14A2",0,0,0,,0,,,None,Unavailable,NoWallUnderCrosshair,,,,"only 0 valid depth samples under crosshair (293 no-data, 29 out-of-range, 119 low-confidence)",0,,,None,Unavailable,NoWallInView,,,,-1.012859,0.825101137,-0.3242494,-0.014255085,-0.2208993,0.008167089,0.9751583,0,0,0,0,0,0,283670.749109606,283670.749109606,0.027359532017726451
32.986562123467365,d62bf83a,SessionTracking,Tracking,30.0644283,30.15077,1,0.031702759995823726,0.626319468,5.46006966,1,160x90 DepthUint16,"centre=0 min=932 max=39444 hex=0000 0000 0000 3014 2BCF","centre=7744 min=2180 max=10391 hex=0F07 1473 1E40 1E69 151A",0,0,0,,0,,,None,Unavailable,NoWallUnderCrosshair,,,,"only 0 valid depth samples under crosshair (307 no-data, 35 out-of-range, 99 low-confidence)",0,,,None,Unavailable,NoWallInView,,,,-1.01281071,0.8249266,-0.333986282,-0.0130031705,-0.224817231,0.007959276,0.974281669,0,0,0,0,0,0,283670.78255181503,283670.78255181503,0.031609478988684714
33.020437488452217,d62bf83a,SessionTracking,Tracking,30.0640011,30.15077,1,0.03243093698984012,0.6329861,5.67104149,1,160x90 DepthUint16,"centre=0 min=941 max=39623 hex=0000 0000 0000 3074 2B71","centre=7787 min=2263 max=20966 hex=1054 1511 1E6B 1FB8 1D70",0,0,0,,0,,,None,Unavailable,NoWallUnderCrosshair,,,,"only 0 valid depth samples under crosshair (283 no-data, 38 out-of-range, 120 low-confidence)",0,,,None,Unavailable,NoWallInView,,,,-0.9964131,0.8261683,-0.338155061,-0.0111695156,-0.227779537,0.007113129,0.9736227,0,0,0,0,0,0,283670.815880622,283670.815880622,0.0323265100014396
33.056794623469386,d62bf83a,SessionTracking,Tracking,30.0641022,30.15077,1,0.03516776001197286,0.6272917,5.2947917,1,160x90 DepthUint16,"centre=0 min=950 max=39777 hex=0000 0000 0000 0F74 1576","centre=7914 min=2299 max=21148 hex=10B1 1581 1EEA 1FF6 1F67",0,0,0,,0,,,None,Unavailable,NoWallUnderCrosshair,,,,"only 0 valid depth samples under crosshair (307 no-data, 35 out-of-range, 99 low-confidence)",0,,,None,Unavailable,NoWallInView,,,,-0.995833337,0.8258507,-0.3480894,-0.0100034252,-0.230565548,0.00699394941,0.9729802,0,0,0,0,0,0,283670.849207706,283670.849207706,0.030139895010506734
33.086686342463281,d62bf83a,SessionTracking,Tracking,30.0633717,30.15077,1,0.029038906010100618,0.6468056,5.310694,1,160x90 DepthUint16,"centre=0 min=960 max=39924 hex=0000 0000 0000 0E9F 174A","centre=7923 min=2365 max=21848 hex=10B2 1588 1EF3 2012 20B7",0,0,0,,0,,,None,Unavailable,NoWallUnderCrosshair,,,,"only 0 valid depth samples under crosshair (300 no-data, 43 out-of-range, 98 low-confidence)",0,,,None,Unavailable,NoWallInView,,,,-0.9949694,0.8252932,-0.358284354,-0.009534255,-0.23419331,0.006835252,0.972119331,0,0,0,0,0,0,283670.88253478904,283670.88253478904,0.02888984399032779
33.12136082147822,d62bf83a,SessionTracking,Tracking,30.0630512,30.15077,1,0.03381838501081802,0.6575,5.36472225,1,160x90 DepthUint16,"centre=0 min=885 max=39995 hex=0000 0000 0000 0E59 170A","centre=7608 min=2348 max=10388 hex=0FD2 1503 1DB8 1D02 172B",0,0,0,,0,,,None,Unavailable,NoWallUnderCrosshair,,,,"only 0 valid depth samples under crosshair (278 no-data, 42 out-of-range, 121 low-confidence)",0,,,None,Unavailable,NoWallInView,,,,-0.9954194,0.8297659,-0.280064285,-0.00711915642,-0.235895842,0.006421536,0.971731067,0,0,0,0,0,0,283670.91592259303,283670.91592259303,0.033745885011740029
33.157656550469028,d62bf83a,SessionTracking,Tracking,30.0582447,30.15077,1,0.035249583015684038,0.6603472,5.24194431,1,160x90 DepthUint16,"centre=0 min=893 max=36170 hex=0000 0000 0000 0E62 1738","centre=7770 min=2438 max=10626 hex=0FEA 155D 1E5A 1D3A 17EF",0,0,0,,0,,,None,Unavailable,NoWallUnderCrosshair,,,,"only 0 valid depth samples under crosshair (277 no-data, 43 out-of-range, 121 low-confidence)",0,,,None,Unavailable,NoWallInView,,,,-0.994769931,0.829093456,-0.288621575,-0.00681804167,-0.236946508,0.00639894651,0.9714777,0,0,0,0,0,0,283670.949249677,283670.949249677,0.03516567699261941
33.204057384460384,d62bf83a,SessionTracking,Tracking,30.06315,30.15077,1,0.043657030997565016,0.6816667,5.00923634,1,160x90 DepthUint16,"centre=0 min=900 max=36167 hex=0000 0000 0000 0E69 1794","centre=7754 min=2471 max=10234 hex=0FED 1575 1E4A 1C59 170F",0,0,0,,0,,,None,Unavailable,NoWallUnderCrosshair,,,,"only 0 valid depth samples under crosshair (265 no-data, 54 out-of-range, 122 low-confidence)",0,,,None,Unavailable,NoWallInView,,,,-0.9942166,0.828475952,-0.297156245,-0.00597006874,-0.2377869,0.00652808,0.971277058,0,0,0,0,0,0,283670.98257676,283670.98257676,0.043522916996153072
33.219363738465972,d62bf83a,SessionTracking,Tracking,30.0600624,30.15077,1,0.01445349000277929,0.681597233,5.04729176,1,160x90 DepthUint16,"centre=0 min=874 max=35882 hex=0000 0000 0000 0E72 177C","centre=8090 min=2626 max=9866 hex=10F4 16C8 1F9A 1D05 16B5",0,0,0,,0,,,None,Unavailable,NoWallUnderCrosshair,,,,"only 0 valid depth samples under crosshair (267 no-data, 52 out-of-range, 122 low-confidence)",0,,,None,Unavailable,NoWallInView,,,,-1.00503421,0.830139,-0.278893739,-0.004533313,-0.23696661,0.006915748,0.971482635,0,0,0,0,0,0,283671.016451034,283671.016451034,0.014374063001014292
33.256040144453209,d62bf83a,SessionTracking,Tracking,30.06317,30.15077,1,0.036028332979185507,0.67965275,4.818611,1,160x90 DepthUint16,"centre=0 min=881 max=36258 hex=0000 0000 0000 0E6F 17A0","centre=7868 min=2587 max=9900 hex=10BA 1643 1EBC 1B9B 1599",0,0,0,,0,,,None,Unavailable,NoWallUnderCrosshair,,,,"only 0 valid depth samples under crosshair (265 no-data, 54 out-of-range, 122 low-confidence)",0,,,None,Unavailable,NoWallInView,,,,-1.00484991,0.8294995,-0.286693484,-0.0046036914,-0.2379415,0.00696697831,0.9712436,0,0,0,0,0,0,283671.04977811803,283671.04977811803,0.035948020988143981
33.288048061458312,d62bf83a,SessionTracking,Tracking,30.0585918,30.15077,1,0.031196302006719634,0.698055565,5.016111,1,160x90 DepthUint16,"centre=0 min=888 max=36258 hex=0000 0000 0000 0E4E 161E","centre=7480 min=2646 max=9883 hex=104A 157B 1D38 1993 1563",0,0,0,,0,,,None,Unavailable,NoWallUnderCrosshair,,,,"only 0 valid depth samples under crosshair (252 no-data, 66 out-of-range, 123 low-confidence)",0,,,None,Unavailable,NoWallInView,,,,-1.00470352,0.8291017,-0.29438588,-0.00375103951,-0.239311561,0.00721719861,0.970908761,0,0,0,0,0,0,283671.083105201,283671.083105201,0.031109843985177577
33.320981550470378,d62bf83a,SessionTracking,Tracking,30.062645,30.15077,1,0.032074531016405672,0.69090277,4.9554863,1,160x90 DepthUint16,"centre=0 min=917 max=36367 hex=0000 0000 0000 0E66 13BA","centre=7710 min=2826 max=18680 hex=11CD 16FD 1E1E 1BAA 1A13",0,0,0,,0,,,None,Unavailable,NoWallUnderCrosshair,,,,"only 0 valid depth samples under crosshair (269 no-data, 70 out-of-range, 102 low-confidence)",0,,,None,Unavailable,NoWallInView,,,,-0.999513566,0.8253206,-0.3211048,-0.004166529,-0.242499873,0.0073214476,0.9701149,0,0,0,0,0,0,283671.11681324604,283671.11681324604,0.031986665999284014
33.351751134472352,d62bf83a,SessionTracking,Tracking,30.060915,30.15077,1,0.029631615005200729,0.6897917,4.99368048,1,160x90 DepthUint16,"centre=0 min=925 max=39752 hex=0000 0000 0000 0E7F 13DA","centre=7799 min=2828 max=19886 hex=120D 1745 1E77 1B5F 1921",0,0,0,,0,,,None,Unavailable,NoWallUnderCrosshair,,,,"only 0 valid depth samples under crosshair (287 no-data, 73 out-of-range, 81 low-confidence)",0,,,None,Unavailable,NoWallInView,,,,-0.998790443,0.8250063,-0.329807073,-0.004179776,-0.244508117,0.007549525,0.969608843,0,0,0,0,0,0,283671.15014033,283671.15014033,0.029531250009313226
33.386799675474094,d62bf83a,SessionTracking,Tracking,30.0610619,30.15077,1,0.032280625018756837,0.7117361,4.66708326,1,160x90 DepthUint16,"centre=0 min=934 max=37779 hex=0000 0000 0000 0E78 14C3","centre=8001 min=2870 max=20049 hex=1270 17F3 1F41 1C50 1AC1",0,0,0,,0,,,None,Unavailable,NoWallUnderCrosshair,,,,"only 0 valid depth samples under crosshair (274 no-data, 86 out-of-range, 81 low-confidence)",0,,,None,Unavailable,NoWallInView,,,,-0.9982424,0.824641645,-0.338913381,-0.00463659363,-0.24494718,0.007681549,0.969494939,0,0,0,0,0,0,283671.183467413,283671.183467413,0.032172395003726706
33.41902998846831,d62bf83a,SessionTracking,Tracking,30.0612469,30.15077,1,0.031457395991310477,0.7210417,4.79993057,1,160x90 DepthUint16,"centre=0 min=912 max=36358 hex=0000 0000 0000 0E56 1461","centre=8152 min=4276 max=30807 hex=1334 17CC 1FD8 2397 3354",0,0,0,,0,,,None,Unavailable,NoWallUnderCrosshair,,,,"only 0 valid depth samples under crosshair (242 no-data, 76 out-of-range, 123 low-confidence)",0,,,None,Unavailable,NoWallInView,,,,-0.9910658,0.8279691,-0.3138548,-0.004029408,-0.242485374,0.007504761,0.9701177,0,0,0,0,0,0,283671.217158772,283671.217158772,0.031371615012176335
33.450649155452766,d62bf83a,SessionTracking,Tracking,30.0616646,30.0501633,1,0.030682135984534398,0.7189583,5.09944439,1,160x90 DepthUint16,"centre=0 min=920 max=37482 hex=0000 0000 0000 0E5A 167E","centre=8188 min=4187 max=30870 hex=125F 1745 1FFC 2436 3394",0,0,0,,0,,,None,Unavailable,NoWallUnderCrosshair,,,,"only 0 valid depth samples under crosshair (240 no-data, 78 out-of-range, 123 low-confidence)",0,,,None,Unavailable,NoWallInView,,,,-0.9905857,0.8275835,-0.322486758,-0.00425831974,-0.240488008,0.007575214,0.9706132,0,0,0,0,0,0,283671.250485856,283671.250485856,0.030597916978877038
33.487914102475543,d62bf83a,SessionTracking,Tracking,30.0619583,30.0501633,1,0.036364947009133175,0.716875,4.910208,1,160x90 DepthUint16,"centre=0 min=928 max=36271 hex=0000 0000 0000 0E63 1685","centre=8308 min=4194 max=31379 hex=12F8 17CE 2074 2431 32F0",0,0,0,,0,,,None,Unavailable,NoWallUnderCrosshair,,,,"only 0 valid depth samples under crosshair (239 no-data, 79 out-of-range, 123 low-confidence)",0,,,None,Unavailable,NoWallInView,,,,-0.9900416,0.827102661,-0.3310186,-0.00419768,-0.23876597,0.00736409472,0.9710401,0,0,0,0,0,0,283671.283812939,283671.283812939,0.036277395003708079
33.519398790467449,d62bf83a,SessionTracking,Tracking,30.0623684,30.0501633,1,0.030115677014691755,0.7125,4.891111,1,160x90 DepthUint16,"centre=0 min=944 max=38845 hex=0000 0000 0000 0E60 167C","centre=8439 min=3456 max=17201 hex=129B 1851 20F7 1F85 1EC6",0,0,0,,0,,,None,Unavailable,NoWallUnderCrosshair,,,,"only 0 valid depth samples under crosshair (251 no-data, 81 out-of-range, 109 low-confidence)",0,,,None,Unavailable,NoWallInView,,,,-1.0057404,0.821810544,-0.3566997,-0.004063167,-0.2376809,0.00764498161,0.9713047,0,0,0,0,0,0,283671.316758645,283671.316758645,0.030024895997485146
33.550781394474825,d62bf83a,SessionTracking,Tracking,30.0623989,30.0501633,1,0.030607135005993769,0.733888865,4.815486,1,160x90 DepthUint16,"centre=0 min=951 max=36231 hex=0000 0000 0000 0E64 168C","centre=8211 min=3515 max=18072 hex=1182 1712 2013 1F98 1F25",0,0,0,,0,,,None,Unavailable,NoWallUnderCrosshair,,,,"only 0 valid depth samples under crosshair (215 no-data, 89 out-of-range, 137 low-confidence)",0,,,None,Unavailable,NoWallInView,,,,-1.00598466,0.8212256,-0.365608454,-0.003690392,-0.235123336,0.00744250463,0.9719301,0,0,0,0,0,0,283671.35008572903,283671.35008572903,0.030525625013979152
33.58356983246972,d62bf83a,SessionTracking,Tracking,30.0625038,30.0501633,1,0.031700521009042859,0.7328472,5.140972,1,160x90 DepthUint16,"centre=0 min=959 max=36154 hex=0000 0000 0000 0E6F 1622","centre=8160 min=3225 max=18465 hex=1119 16B5 1FE0 1DD9 1CCD",0,0,0,,0,,,None,Unavailable,NoWallUnderCrosshair,,,,"only 0 valid depth samples under crosshair (217 no-data, 87 out-of-range, 137 low-confidence)",0,,,None,Unavailable,NoWallInView,,,,-1.00642693,0.820638955,-0.374792874,-0.00333978981,-0.231268853,0.00733929873,0.972856462,0,0,0,0,0,0,283671.383412812,283671.383412812,0.031553854991216213
33.6229393114661,d62bf83a,SessionTracking,Tracking,30.0626049,30.0501633,1,0.038499843998579308,0.7267361,4.904514,1,160x90 DepthUint16,"centre=0 min=965 max=36052 hex=0000 0000 0000 0E6A 15F0","centre=8402 min=2758 max=19094 hex=11BE 1767 20D2 1EDC 1D52",0,0,0,,0,,,None,Unavailable,NoWallUnderCrosshair,,,,"only 0 valid depth samples under crosshair (236 no-data, 89 out-of-range, 116 low-confidence)",0,,,None,Unavailable,NoWallInView,,,,-1.03391433,0.8125992,-0.396534055,-0.003631808,-0.227320477,0.008231909,0.9737784,0,0,0,0,0,0,283671.41581801703,283671.41581801703,0.0384138019871898
33.655292800456436,d62bf83a,SessionTracking,Tracking,30.0626049,30.0501633,1,0.031458905985346064,0.7486111,5.01791668,1,160x90 DepthUint16,"centre=0 min=973 max=35899 hex=0000 0000 0000 0E87 1675","centre=8475 min=2534 max=19885 hex=11DD 176D 211B 1EC6 1CB2",0,0,0,,0,,,None,Unavailable,NoWallUnderCrosshair,,,,"only 0 valid depth samples under crosshair (212 no-data, 87 out-of-range, 142 low-confidence)",0,,,None,Unavailable,NoWallInView,,,,-1.03524423,0.8118435,-0.406770319,-0.003965751,-0.222443342,0.008511336,0.9749004,0,0,0,0,0,0,283671.449145101,283671.449145101,0.031368020980153233
33.686166707458824,d62bf83a,SessionTracking,Tracking,30.0623188,30.0501633,1,0.029809219005983323,0.7447917,5.302361,1,160x90 DepthUint16,"centre=0 min=981 max=35740 hex=0000 0000 0000 126D 15F6","centre=8256 min=2378 max=19403 hex=1184 16B4 2040 1EC1 1C71",0,0,0,,0,,,None,Unavailable,NoWallUnderCrosshair,,,,"only 0 valid depth samples under crosshair (202 no-data, 79 out-of-range, 160 low-confidence)",0,,,None,Unavailable,NoWallInView,,,,-1.03661466,0.8111352,-0.417252839,-0.00429315865,-0.216858134,0.008779138,0.9761542,0,0,0,0,0,0,283671.482472184,283671.482472184,0.029690105002373457
33.721644415465335,d62bf83a,SessionTracking,Tracking,30.0626621,30.0501633,1,0.034571249998407438,0.741597235,4.927708,1,160x90 DepthUint16,"centre=0 min=955 max=35551 hex=0000 0000 0000 1293 149B","centre=8532 min=2607 max=18537 hex=1250 1797 2154 2127 1F30",0,0,0,,0,,,None,Unavailable,NoWallUnderCrosshair,,,,"only 0 valid depth samples under crosshair (217 no-data, 76 out-of-range, 148 low-confidence)",0,,,None,Unavailable,NoWallInView,,,,-1.07531893,0.808584332,-0.410698473,-0.004139029,-0.210893109,0.009946645,0.9774498,0,0,0,0,0,0,283671.51436673204,283671.51436673204,0.034481874987250194
33.754252800459426,d62bf83a,SessionTracking,Tracking,30.0633717,30.0501633,1,0.031683073000749573,0.761666656,5.027014,1,160x90 DepthUint16,"centre=0 min=963 max=33740 hex=0000 0000 0000 12B9 1429","centre=8461 min=2466 max=18553 hex=12A2 177F 210D 20AD 1E2D",0,0,0,,0,,,None,Unavailable,NoWallUnderCrosshair,,,,"only 0 valid depth samples under crosshair (203 no-data, 73 out-of-range, 165 low-confidence)",0,,,None,Unavailable,NoWallInView,,,,-1.0775888,0.807921469,-0.421032459,-0.00449156761,-0.2060654,0.009796262,0.978478849,0,0,0,0,0,0,283671.547693816,283671.547693816,0.031575989007251337
33.790028321472846,d62bf83a,SessionTracking,Tracking,30.0642128,30.0501633,1,0.034921250015031546,0.760277748,5.20305538,1,160x90 DepthUint16,"centre=0 min=971 max=33649 hex=0000 0000 0000 0B93 143E","centre=8383 min=2363 max=18776 hex=1226 170A 20BF 207E 1D1D",0,0,0,,0,,,None,Unavailable,NoWallUnderCrosshair,,,,"only 0 valid depth samples under crosshair (188 no-data, 70 out-of-range, 183 low-confidence)",0,,,None,Unavailable,NoWallInView,,,,-1.07964313,0.80731833,-0.431417555,-0.00469063967,-0.20238933,0.009598076,0.979246855,0,0,0,0,0,0,283671.581020899,283671.581020899,0.034837865008739755
33.822644988456659,d62bf83a,SessionTracking,Tracking,30.0631561,30.0501633,1,0.031664010981330648,0.760694444,4.84472227,1,160x90 DepthUint16,"centre=0 min=873 max=33468 hex=0000 0000 0000 091B 130A","centre=8702 min=2793 max=13254 hex=1343 18A5 21FE 21DB 1CD7",0,0,0,,0,,,None,Unavailable,NoWallUnderCrosshair,,,,"only 0 valid depth samples under crosshair (210 no-data, 68 out-of-range, 163 low-confidence)",0,,,None,Unavailable,NoWallInView,,,,-1.12758243,0.8144568,-0.3530637,-0.00377114117,-0.1984948,0.0105392337,0.980038047,0,0,0,0,0,0,283671.614572188,283671.614572188,0.031547188002150506
33.863139675467892,d62bf83a,SessionTracking,Tracking,30.0625973,30.0501633,1,0.039669896010309458,0.780763865,4.86965275,1,160x90 DepthUint16,"centre=0 min=879 max=33333 hex=0791 0000 0000 08E4 125F","centre=8478 min=2617 max=13279 hex=12A1 17BB 211E 209C 1C0D",0,0,0,,0,,,None,Unavailable,NoWallUnderCrosshair,,,,"only 0 valid depth samples under crosshair (177 no-data, 64 out-of-range, 200 low-confidence)",0,,,None,Unavailable,NoWallInView,,,,-1.13106811,0.814112842,-0.361967772,-0.00368350744,-0.194187149,0.0106244385,0.980900049,0,0,0,0,0,0,283671.64789927204,283671.64789927204,0.039585468999575824
33.889368946463719,d62bf83a,SessionTracking,Tracking,30.0642433,30.0501633,1,0.025327240000478923,0.774791658,5.1447916,1,160x90 DepthUint16,"centre=0 min=885 max=33269 hex=0798 0000 0000 08C5 11EC","centre=8493 min=2658 max=13392 hex=12D5 17EA 212D 20B9 1B7B",0,0,0,,0,,,None,Unavailable,NoWallUnderCrosshair,,,,"only 0 valid depth samples under crosshair (182 no-data, 60 out-of-range, 199 low-confidence)",0,,,None,Unavailable,NoWallInView,,,,-1.13443947,0.813712,-0.371006459,-0.00361337536,-0.190644279,0.0107136378,0.9815941,0,0,0,0,0,0,283671.681226355,283671.681226355,0.024944948003394529
33.920966238456231,d62bf83a,SessionTracking,Tracking,30.0627327,30.0501633,1,0.030425990000367165,0.7898611,5.11006927,1,160x90 DepthUint16,"centre=0 min=789 max=33129 hex=074A 0000 0000 0838 11B6","centre=8586 min=2691 max=16152 hex=132A 184F 218A 21D4 1D9D",0,0,0,,0,,,None,Unavailable,NoWallUnderCrosshair,,,,"only 0 valid depth samples under crosshair (155 no-data, 52 out-of-range, 234 low-confidence)",0,,,None,Unavailable,NoWallInView,,,,-1.14990056,0.8206819,-0.2779066,-0.00243794918,-0.188469589,0.011154592,0.9820126,0,0,0,0,0,0,283671.714448674,283671.714448674,0.03031427098903805
33.958502488476142,d62bf83a,SessionTracking,Tracking,30.064827,30.0501633,1,0.036694479000288993,0.8067361,5.019653,1,160x90 DepthUint16,"centre=0 min=793 max=33058 hex=075A 0000 0000 084D 11E7","centre=8349 min=2620 max=15684 hex=1343 17BB 209D 2052 1D67",0,0,0,,0,,,None,Unavailable,NoWallUnderCrosshair,,,,"only 0 valid depth samples under crosshair (131 no-data, 46 out-of-range, 264 low-confidence)",0,,,None,Unavailable,NoWallInView,,,,-1.15372062,0.820318937,-0.28506428,-0.00218604528,-0.185106054,0.0113482187,0.9826506,0,0,0,0,0,0,283671.74777575803,283671.74777575803,0.036610886018024758
33.992382123458583,d62bf83a,SessionTracking,Tracking,30.064476,30.0501633,1,0.032830312004080042,0.8020833,5.21506929,1,160x90 DepthUint16,"centre=0 min=797 max=32944 hex=0761 0000 0000 0977 1227","centre=8160 min=2554 max=16212 hex=12D7 1748 1FE0 2018 1D47",0,0,0,,0,,,None,Unavailable,NoWallUnderCrosshair,,,,"only 0 valid depth samples under crosshair (137 no-data, 36 out-of-range, 268 low-confidence)",0,,,None,Unavailable,NoWallInView,,,,-1.15767634,0.819856763,-0.2923671,-0.00205753767,-0.180710286,0.0113850245,0.983468354,0,0,0,0,0,0,283671.781102841,283671.781102841,0.032746874989243224
34.0222999364521,d62bf83a,SessionTracking,Tracking,30.0642834,30.0501633,1,0.027853333973325789,0.8011111,5.33840275,1,160x90 DepthUint16,"centre=0 min=801 max=32722 hex=076E 0000 0000 097C 1276","centre=8196 min=2468 max=15901 hex=12E2 1794 2004 2034 1CA7",0,0,0,,0,,,None,Unavailable,NoWallUnderCrosshair,,,,"only 0 valid depth samples under crosshair (127 no-data, 27 out-of-range, 287 low-confidence)",0,,,None,Unavailable,NoWallInView,,,,-1.16164267,0.819361567,-0.299694926,-0.00181103509,-0.1763631,0.0113186846,0.9842585,0,0,0,0,0,0,283671.814429924,283671.814429924,0.027741614991100505
34.054879675477196,d62bf83a,SessionTracking,Tracking,30.065321,30.0501633,1,0.031625155999790877,0.823194444,5.391667,1,160x90 DepthUint16,"centre=0 min=761 max=33296 hex=074B 0000 0000 0D95 12E4","centre=7889 min=2291 max=30180 hex=122A 165F 1ED1 1ECC 1AFD",0,0,0,,0,,,None,Unavailable,NoWallUnderCrosshair,,,,"only 0 valid depth samples under crosshair (91 no-data, 23 out-of-range, 327 low-confidence)",0,,,None,Unavailable,NoWallInView,,,,-1.16828835,0.825670362,-0.262931526,-0.0008854196,-0.17235671,0.0110763619,0.984971941,0,0,0,0,0,0,283671.847843606,283671.847843606,0.0315368750016205
34.089180456477834,d62bf83a,SessionTracking,Tracking,30.0641422,30.0501633,1,0.033411875017918646,0.82027775,5.440347,1,160x90 DepthUint16,"centre=0 min=765 max=32822 hex=0751 0000 0000 0D9A 12EF","centre=7898 min=2263 max=30542 hex=12BD 1695 1EDA 1F74 1BA4",0,0,0,,0,,,None,Unavailable,NoWallUnderCrosshair,,,,"only 0 valid depth samples under crosshair (95 no-data, 12 out-of-range, 334 low-confidence)",0,,,None,Unavailable,NoWallInView,,,,-1.17226124,0.825329244,-0.269182444,-0.0004001409,-0.169193178,0.0106281349,0.985525548,0,0,0,0,0,0,283671.881055563,283671.881055563,0.033323698007734492
34.123064623450546,d62bf83a,SessionTracking,Tracking,30.063179,30.0501633,1,0.032764270988991484,0.822777748,5.39597225,1,160x90 DepthUint16,"centre=1355 min=740 max=33442 hex=0736 0000 054B 0D84 12DC","centre=7631 min=2184 max=25146 hex=11A7 1624 1DCF 1D6C 1A5F",0,0,0,,0,,,None,Unavailable,NoWallUnderCrosshair,,,,"only 0 valid depth samples under crosshair (85 no-data, 11 out-of-range, 345 low-confidence)",0,,,None,Unavailable,NoWallInView,,,,-1.18037975,0.8281648,-0.247831851,0.0005482585,-0.16700691,0.0103812227,0.985900939,0,0,0,0,0,0,283671.91442000604,283671.91442000604,0.032595780998235568
34.154759936474647,d62bf83a,SessionTracking,Tracking,30.06418,30.0501633,1,0.030884531995980069,0.837708354,5.50756931,1,160x90 DepthUint16,"centre=1359 min=743 max=36825 hex=073E 0541 054F 0E61 1407","centre=7717 min=2191 max=23519 hex=11C3 1655 1E25 1D66 19F6",0,0,0,,0,,,None,Unavailable,NoWallUnderCrosshair,,,,"only 0 valid depth samples under crosshair (63 no-data, 7 out-of-range, 371 low-confidence)",0,,,None,Unavailable,NoWallInView,,,,-1.18449306,0.82791245,-0.253839344,0.0007378906,-0.164002866,0.0101640224,0.9864072,0,0,0,0,0,0,283671.94774709,283671.94774709,0.030799219006439671
34.189787956452847,d62bf83a,SessionTracking,Tracking,30.0646687,30.0501633,1,0.033733749995008111,0.8332639,5.613611,1,160x90 DepthUint16,"centre=1364 min=746 max=36823 hex=0746 0546 0554 1298 1763","centre=7549 min=2101 max=24111 hex=11BF 1619 1D7D 1D06 19E3",0,0,0,,0,,,None,Unavailable,NoWallUnderCrosshair,,,,"only 0 valid depth samples under crosshair (63 no-data, 2 out-of-range, 376 low-confidence)",0,,,None,Unavailable,NoWallInView,,,,-1.18890274,0.827701747,-0.260012329,0.000709436834,-0.159451127,0.0101319551,0.987153649,0,0,0,0,0,0,283671.980817354,283671.980817354,0.033579530980205163
34.221356706464348,d62bf83a,SessionTracking,Tracking,30.0633221,30.0501633,1,0.030240624997531995,0.8332639,5.712986,1,160x90 DepthUint16,"centre=1356 min=742 max=36798 hex=074A 0543 054C 15BC 1730","centre=7505 min=1977 max=10259 hex=1212 1676 1D51 1B5F 12B9",0,0,0,,0,,,None,Unavailable,NoWallUnderCrosshair,,,,"only 0 valid depth samples under crosshair (49 no-data, 0 out-of-range, 392 low-confidence)",0,,,None,Unavailable,NoWallInView,,,,-1.19463336,0.82773596,-0.2584444,0.00047121197,-0.15406999,0.0101091862,0.9880081,0,0,0,0,0,0,283672.014145291,283672.014145291,0.030154531006701291
34.252820092460524,d62bf83a,SessionTracking,Tracking,30.0637112,30.0501633,1,0.030525312991812825,0.8460417,5.94354153,1,160x90 DepthUint16,"centre=1361 min=744 max=36797 hex=0754 0548 0551 1414 16A7","centre=7383 min=1910 max=10563 hex=11D8 162D 1CD7 1B44 12FC",0,0,0,,0,,,None,Unavailable,NoWallUnderCrosshair,,,,"only 0 valid depth samples under crosshair (31 no-data, 0 out-of-range, 410 low-confidence)",0,,,None,Unavailable,NoWallInView,,,,-1.19921422,0.8275939,-0.264771342,0.0006098301,-0.14879252,0.009967179,0.988818,0,0,0,0,0,0,283672.04747237504,283672.04747237504,0.030437499983236194
34.293669206472032,d62bf83a,SessionTracking,Tracking,30.0633621,30.0501633,1,0.03943989600520581,0.8431944,5.92527771,1,160x90 DepthUint16,"centre=1366 min=747 max=36796 hex=075C 054E 0556 14AC 1644","centre=7363 min=1823 max=10065 hex=129A 1692 1CC3 1B25 1219",0,0,0,,0,,,None,Unavailable,NoWallUnderCrosshair,,,,"only 0 valid depth samples under crosshair (22 no-data, 0 out-of-range, 419 low-confidence)",0,,,None,Unavailable,NoWallInView,,,,-1.20369458,0.8274883,-0.2711667,0.000811100064,-0.144025877,0.009720535,0.989525855,0,0,0,0,0,0,283672.080533783,283672.080533783,0.039320468000369146
34.321638529454276,d62bf83a,SessionTracking,Tracking,30.0628433,30.0501633,1,0.027021040994441137,0.843055546,6.084236,1,160x90 DepthUint16,"centre=1358 min=737 max=36764 hex=0759 0545 054E 1378 15A0","centre=7302 min=1793 max=10442 hex=1292 1698 1C86 1B64 124A",0,0,0,,0,,,None,Unavailable,NoWallUnderCrosshair,,,,"only 0 valid depth samples under crosshair (21 no-data, 0 out-of-range, 420 low-confidence)",0,,,None,Unavailable,NoWallInView,,,,-1.20913064,0.829514861,-0.263913721,0.000746444,-0.139187351,0.009396167,0.990221262,0,0,0,0,0,0,283672.113867658,283672.113867658,0.026936979003949091
34.353123008451576,d62bf83a,SessionTracking,Tracking,30.062439,30.0501633,1,0.030571092996979132,0.8499306,6.147847,1,160x90 DepthUint16,"centre=1363 min=741 max=36719 hex=0761 054B 0553 15BE 14EC","centre=7224 min=1719 max=10409 hex=1289 1666 1C38 1B05 11AB",0,0,0,,0,,,None,Unavailable,NoWallUnderCrosshair,,,,"only 0 valid depth samples under crosshair (10 no-data, 0 out-of-range, 431 low-confidence)",0,,,None,Unavailable,NoWallInView,,,,-1.213703,0.8293556,-0.270239234,0.000222668066,-0.134166569,0.00895387,0.990918338,0,0,0,0,0,0,283672.14692464,283672.14692464,0.030488228978356346
34.386508269471733,d62bf83a,SessionTracking,Tracking,30.0604324,30.0501633,1,0.032348750013625249,0.84826386,6.336736,1,160x90 DepthUint16,"centre=1369 min=744 max=36684 hex=076B 0551 0559 1604 14D2","centre=7332 min=1696 max=10028 hex=13A5 175E 1CA4 1B8C 11F0",0,0,0,,0,,,None,Unavailable,NoWallUnderCrosshair,,,,"only 0 valid depth samples under crosshair (3 no-data, 0 out-of-range, 438 low-confidence)",0,,,None,Unavailable,NoWallInView,,,,-1.21823883,0.8292304,-0.276763082,-9.007753E-05,-0.129651561,0.00860270951,0.9915223,0,0,0,0,0,0,283672.18025172304,283672.18025172304,0.032251198019366711
34.421974831467878,d62bf83a,SessionTracking,Tracking,30.0589218,30.0501633,1,0.034568125003715977,0.861944437,6.724653,1,160x90 DepthUint16,"centre=1307 min=677 max=36610 hex=073D 0512 051B 1690 1469","centre=7712 min=1647 max=10601 hex=16B8 1974 1E20 1D63 1250",0,0,0,,0,,,None,Unavailable,NoWallUnderCrosshair,,,,"only 0 valid depth samples under crosshair (0 no-data, 0 out-of-range, 441 low-confidence)",0,,,None,Unavailable,NoWallInView,,,,-1.21231186,0.8347323,-0.207399189,0.0002505705,-0.125629857,0.007846207,0.9920462,0,0,0,0,0,0,283672.213466571,283672.213466571,0.034470573009457439
34.455387592464604,d62bf83a,SessionTracking,Tracking,30.0647449,29.8585167,1,0.032460521004395559,0.872222245,6.79618073,1,160x90 DepthUint16,"centre=1311 min=680 max=36540 hex=08B5 0517 051F 1594 174E","centre=7759 min=1631 max=10059 hex=1786 19F9 1E4F 1D85 1181",0,0,0,,0,,,None,Unavailable,NoWallUnderCrosshair,,,,"only 0 valid depth samples under crosshair (0 no-data, 0 out-of-range, 441 low-confidence)",0,,,None,Unavailable,NoWallInView,,,,-1.21646774,0.8346441,-0.212568015,-0.00076163566,-0.121879317,0.00734242843,0.992517531,0,0,0,0,0,0,283672.246519124,283672.246519124,0.032373230002122
34.488672748473391,d62bf83a,SessionTracking,Tracking,30.060894,29.8585167,1,0.03231937502278015,0.8634028,6.905486,1,160x90 DepthUint16,"centre=1316 min=683 max=36442 hex=0CC7 051D 0524 1316 1628","centre=7618 min=1590 max=10191 hex=170D 1974 1DC2 1CFB 115B",0,0,0,,0,,,None,Unavailable,NoWallUnderCrosshair,,,,"only 0 valid depth samples under crosshair (0 no-data, 0 out-of-range, 441 low-confidence)",0,,,None,Unavailable,NoWallInView,,,,-1.2208159,0.834522963,-0.217977464,-0.0021162557,-0.116894521,0.006634862,0.993119955,0,0,0,0,0,0,283672.279270578,283672.279270578,0.0322088020038791
34.520270873475738,d62bf83a,SessionTracking,Tracking,30.06046,29.8585167,1,0.030764479015488178,0.856388867,7.03805542,1,160x90 DepthUint16,"centre=1322 min=688 max=36342 hex=0CDC 0525 052A 1181 1515","centre=7359 min=1508 max=9749 hex=150F 1816 1CBF 1C66 10E1",0,0,0,,0,,,None,Unavailable,NoWallUnderCrosshair,,,,"only 0 valid depth samples under crosshair (0 no-data, 0 out-of-range, 441 low-confidence)",0,,,None,Unavailable,NoWallInView,,,,-1.22502077,0.834211,-0.22476396,-0.003403321,-0.111569785,0.00583532453,0.993733644,0,0,0,0,0,0,283672.311673942,283672.311673942,0.030671042011817917
34.553873217464343,d62bf83a,SessionTracking,Tracking,30.0596657,29.8585167,1,0.032681406999472529,0.86375,7.03375,1,160x90 DepthUint16,"centre=1327 min=691 max=36267 hex=0CE9 052B 052F 10EB 1623","centre=6945 min=1443 max=9702 hex=1315 1677 1B21 1AAB 0F8D",0,0,0,,0,,,None,Unavailable,NoWallUnderCrosshair,,,,"only 0 valid depth samples under crosshair (0 no-data, 0 out-of-range, 441 low-confidence)",0,,,None,Unavailable,NoWallInView,,,,-1.22919548,0.834056139,-0.230326027,-0.00425991463,-0.106846116,0.00530320453,0.9942523,0,0,0,0,0,0,283672.343659368,283672.343659368,0.032528907002415508
34.586156446461018,d62bf83a,SessionTracking,Tracking,30.0566635,29.8585167,1,0.031388750008773059,0.8570833,6.98055553,1,160x90 DepthUint16,"centre=1332 min=695 max=36201 hex=0CF5 0530 0534 1014 14DA","centre=7102 min=1521 max=9784 hex=1476 17B3 1BBE 1ADE 0EC1",0,0,0,,0,,,None,Unavailable,NoWallUnderCrosshair,,,,"only 0 valid depth samples under crosshair (0 no-data, 0 out-of-range, 441 low-confidence)",0,,,None,Unavailable,NoWallInView,,,,-1.23325419,0.833848834,-0.235862374,-0.005062383,-0.103290565,0.00468355464,0.994627357,0,0,0,0,0,0,283672.376007882,283672.376007882,0.031301301991334185
34.618789310454076,d62bf83a,SessionTracking,Tracking,30.0614452,29.8585167,1,0.03176880200044252,0.8536111,6.994167,1,160x90 DepthUint16,"centre=1335 min=698 max=36158 hex=0CFC 0534 0537 0F2E 1180","centre=7115 min=1487 max=9792 hex=1463 17AE 1BCB 1B2B 0ED3",0,0,0,,0,,,None,Unavailable,NoWallUnderCrosshair,,,,"only 0 valid depth samples under crosshair (0 no-data, 0 out-of-range, 441 low-confidence)",0,,,None,Unavailable,NoWallInView,,,,-1.23892581,0.835221,-0.239336669,-0.00556694,-0.100892641,0.00412336038,0.9948732,0,0,0,0,0,0,283672.409187752,283672.409187752,0.031677708000643179
34.64978780047727,d62bf83a,SessionTracking,Tracking,30.0561,29.8585167,1,0.030150104023050517,0.8527778,7.075486,1,160x90 DepthUint16,"centre=1340 min=700 max=36144 hex=0D04 0539 053C 0F1E 1138","centre=6774 min=1473 max=9677 hex=13FB 16E8 1A76 1965 0EF5",0,0,0,,0,,,None,Unavailable,NoWallUnderCrosshair,,,,"only 0 valid depth samples under crosshair (0 no-data, 0 out-of-range, 441 low-confidence)",0,,,None,Unavailable,NoWallInView,,,,-1.24354,0.835212231,-0.244794756,-0.005229995,-0.0970833,0.003632635,0.9952559,0,0,0,0,0,0,283672.44251483603,283672.44251483603,0.030064582999330014
34.687040092456073,d62bf83a,SessionTracking,Tracking,30.061079,29.8585167,1,0.036175572982756421,0.855833352,7.17430544,1,160x90 DepthUint16,"centre=1345 min=704 max=36093 hex=0D0E 053E 0541 0CEE 11BC","centre=6586 min=1445 max=9543 hex=13A2 1661 19BA 1911 0EED",0,0,0,,0,,,None,Unavailable,NoWallUnderCrosshair,,,,"only 0 valid depth samples under crosshair (0 no-data, 0 out-of-range, 441 low-confidence)",0,,,None,Unavailable,NoWallInView,,,,-1.24805617,0.8350903,-0.25046283,-0.00569143146,-0.09371326,0.0031837225,0.9955779,0,0,0,0,0,0,283672.475841919,283672.475841919,0.036101979989325628
34.722498789462179,d62bf83a,SessionTracking,Tracking,30.0531158,29.8585167,1,0.034670936991460621,0.857569456,7.19006968,1,160x90 DepthUint16,"centre=1331 min=687 max=36052 hex=0D03 0530 0533 0B9E 0FD8","centre=6462 min=1427 max=9465 hex=12E2 15B9 193E 1892 0ED6",0,0,0,,0,,,None,Unavailable,NoWallUnderCrosshair,,,,"only 0 valid depth samples under crosshair (0 no-data, 0 out-of-range, 441 low-confidence)",0,,,None,Unavailable,NoWallInView,,,,-1.25361586,0.8424895,-0.235842586,-0.005543374,-0.0901308954,0.00315061235,0.9959095,0,0,0,0,0,0,283672.50923393003,283672.50923393003,0.034593176998896524
34.757938581464032,d62bf83a,SessionTracking,Tracking,30.0589828,29.8585167,1,0.032420469011412933,0.854375,7.179097,1,160x90 DepthUint16,"centre=1336 min=690 max=36024 hex=0D0B 0535 0538 0B59 1579","centre=6255 min=1387 max=9340 hex=128C 1511 186F 1791 0EA9",0,0,0,,0,,,None,Unavailable,NoWallUnderCrosshair,,,,"only 0 valid depth samples under crosshair (0 no-data, 0 out-of-range, 441 low-confidence)",0,,,None,Unavailable,NoWallInView,,,,-1.25848615,0.8425367,-0.241398871,-0.0053483923,-0.0858948,0.003213674,0.996284664,0,0,0,0,0,0,283672.542561014,283672.542561014,0.031740676990011707
34.784758894474862,d62bf83a,SessionTracking,Tracking,30.0606441,29.8585167,1,0.024716250016354024,0.8630555,7.20916653,1,160x90 DepthUint16,"centre=1341 min=693 max=35825 hex=0D15 053B 053D 0A56 1130","centre=5620 min=1364 max=9189 hex=10FF 1311 15F4 1534 0E45",0,0,0,,0,,,None,Unavailable,NoWallUnderCrosshair,,,,"only 0 valid depth samples under crosshair (0 no-data, 0 out-of-range, 441 low-confidence)",0,,,None,Unavailable,NoWallInView,,,,-1.26334524,0.842523158,-0.247184366,-0.005788129,-0.08199626,0.00324505568,0.9966105,0,0,0,0,0,0,283672.575888097,283672.575888097,0.024633855005959049
34.819970300453633,d62bf83a,SessionTracking,Tracking,30.0569553,29.8585167,1,0.03436567698372528,0.8539583,7.240208,1,160x90 DepthUint16,"centre=1356 min=706 max=35749 hex=0D2A 054A 054C 0A13 156A","centre=5407 min=1399 max=9153 hex=10D7 12A5 151F 1441 0E25",0,0,0,,0,,,None,Unavailable,NoWallUnderCrosshair,,,,"only 0 valid depth samples under crosshair (0 no-data, 0 out-of-range, 441 low-confidence)",0,,,None,Unavailable,NoWallInView,,,,-1.27177989,0.841423869,-0.262580752,-0.005893521,-0.07693829,0.00333538651,0.997012854,0,0,0,0,0,0,283672.609461063,283672.609461063,0.034275728976354
34.851992383457173,d62bf83a,SessionTracking,Tracking,30.0593319,29.8585167,1,0.030685832985909656,0.8617361,7.185,1,160x90 DepthUint16,"centre=1362 min=712 max=33704 hex=0D33 0550 0552 09F3 15D9","centre=5378 min=1391 max=9197 hex=1029 1247 1502 14A6 0E25",0,0,0,,0,,,None,Unavailable,NoWallUnderCrosshair,,,,"only 0 valid depth samples under crosshair (0 no-data, 0 out-of-range, 441 low-confidence)",0,,,None,Unavailable,NoWallInView,,,,-1.27690518,0.8414605,-0.268638819,-0.00629070448,-0.07310288,0.00307762646,0.99729985,0,0,0,0,0,0,283672.64278814703,283672.64278814703,0.03059781200136058
34.886058060455753,d62bf83a,SessionTracking,Tracking,30.060318,29.8585167,1,0.03315864599426277,0.858333349,7.22680569,1,160x90 DepthUint16,"centre=1367 min=716 max=33485 hex=0D3B 0555 0557 09DF 15E8","centre=5379 min=1403 max=9244 hex=1097 1289 1503 146D 0E09",0,0,0,,0,,,None,Unavailable,NoWallUnderCrosshair,,,,"only 0 valid depth samples under crosshair (0 no-data, 0 out-of-range, 441 low-confidence)",0,,,None,Unavailable,NoWallInView,,,,-1.2816925,0.8415814,-0.274644762,-0.00653454941,-0.07139856,0.00278797722,0.9974226,0,0,0,0,0,0,283672.67611523,283672.67611523,0.03307369799586013
34.920171810462989,d62bf83a,SessionTracking,Tracking,30.0594463,29.8585167,1,0.033058436994906515,0.8495139,7.301736,1,160x90 DepthUint16,"centre=1391 min=740 max=33847 hex=0D53 056C 056F 09ED 160D","centre=5236 min=1411 max=9773 hex=10F2 1262 1474 140D 0F94",0,0,0,,0,,,None,Unavailable,NoWallUnderCrosshair,,,,"only 0 valid depth samples under crosshair (0 no-data, 0 out-of-range, 441 low-confidence)",0,,,None,Unavailable,NoWallInView,,,,-1.281027,0.837492466,-0.296351075,-0.006201834,-0.07085142,0.002498031,0.9974645,0,0,0,0,0,0,283672.70984734,283672.70984734,0.032962969009531662
34.95461780045639,d62bf83a,SessionTracking,Tracking,30.0597553,29.8585167,1,0.033366718998877332,0.854652762,7.35055542,1,160x90 DepthUint16,"centre=1396 min=746 max=33380 hex=0D59 0572 0574 09FD 15EA","centre=5057 min=1411 max=9753 hex=0FDA 1176 13C1 1384 0F7A",0,0,0,,0,,,None,Unavailable,NoWallUnderCrosshair,,,,"only 0 valid depth samples under crosshair (0 no-data, 0 out-of-range, 441 low-confidence)",0,,,None,Unavailable,NoWallInView,,,,-1.28584015,0.8377073,-0.3027555,-0.006197777,-0.06940191,0.00202816748,0.9975675,0,0,0,0,0,0,283672.74317442405,283672.74317442405,0.033279010996920988
34.983459727463696,d62bf83a,SessionTracking,Tracking,30.06014,29.8585167,1,0.028008697991026565,0.853125,7.11611128,1,160x90 DepthUint16,"centre=1402 min=751 max=31982 hex=0D62 0578 057A 09F1 15AC","centre=5243 min=1427 max=9563 hex=1097 122C 147B 1462 0F77",0,0,0,,0,,,None,Unavailable,NoWallUnderCrosshair,,,,"only 0 valid depth samples under crosshair (0 no-data, 0 out-of-range, 441 low-confidence)",0,,,None,Unavailable,NoWallInView,,,,-1.290891,0.837888,-0.309371263,-0.0065497607,-0.06702772,0.00132697821,0.9977287,0,0,0,0,0,0,283672.77650150703,283672.77650150703,0.027936458005569875
35.0187037374742,d62bf83a,SessionTracking,Tracking,30.06107,29.8585167,1,0.0325815100222826,0.8611111,7.24944448,1,160x90 DepthUint16,"centre=1372 min=718 max=31072 hex=0D48 055A 055C 083B 14D3","centre=5119 min=1378 max=9132 hex=1031 11D9 13FF 1324 0DE0",0,0,0,,0,,,None,Unavailable,NoWallUnderCrosshair,,,,"only 0 valid depth samples under crosshair (0 no-data, 0 out-of-range, 441 low-confidence)",0,,,None,Unavailable,NoWallInView,,,,-1.29559517,0.840667248,-0.278599739,-0.006554257,-0.06305505,0.000460118055,0.997988462,0,0,0,0,0,0,283672.809813309,283672.809813309,0.032488958007888868
35.053988060451729,d62bf83a,SessionTracking,Tracking,30.06082,29.8585167,1,0.033478228986496106,0.8653472,7.11,1,160x90 DepthUint16,"centre=1378 min=722 max=28736 hex=0D49 0561 0562 0824 148A","centre=5194 min=1388 max=9143 hex=1028 11D3 144A 139F 0DC9",0,0,0,,0,,,None,Unavailable,NoWallUnderCrosshair,,,,"only 0 valid depth samples under crosshair (0 no-data, 0 out-of-range, 441 low-confidence)",0,,,None,Unavailable,NoWallInView,,,,-1.30124414,0.840814352,-0.284888923,-0.00696494663,-0.05836882,-0.0003923178,0.99827075,0,0,0,0,0,0,283672.84314039303,283672.84314039303,0.033387238974682987
35.086852175478043,d62bf83a,SessionTracking,Tracking,30.0616016,29.8585167,1,0.031897396023850888,0.8584722,7.18,1,160x90 DepthUint16,"centre=1384 min=726 max=28270 hex=0D07 0567 0568 07A7 148B","centre=5041 min=1386 max=8992 hex=0FEE 1171 13B1 1310 0D70",0,0,0,,0,,,None,Unavailable,NoWallUnderCrosshair,,,,"only 0 valid depth samples under crosshair (0 no-data, 0 out-of-range, 441 low-confidence)",0,,,None,Unavailable,NoWallInView,,,,-1.30686152,0.840987444,-0.291189551,-0.006895166,-0.0539360754,-0.00119957328,0.9985199,0,0,0,0,0,0,283672.876467476,283672.876467476,0.03164406301220879
35.120263216467492,d62bf83a,SessionTracking,Tracking,30.0621433,29.8585167,1,0.032218125008512288,0.8634028,7.243889,1,160x90 DepthUint16,"centre=1365 min=704 max=28149 hex=0BB2 0554 0555 06F7 154D","centre=5128 min=1372 max=9045 hex=102B 11D2 1408 13A9 0CEB",0,0,0,,0,,,None,Unavailable,NoWallUnderCrosshair,,,,"only 0 valid depth samples under crosshair (0 no-data, 0 out-of-range, 441 low-confidence)",0,,,None,Unavailable,NoWallInView,,,,-1.317763,0.8441442,-0.273106,-0.00667451043,-0.04952146,-0.001866162,0.9987491,0,0,0,0,0,0,283672.909790683,283672.909790683,0.032110311993164942
35.154920821459882,d62bf83a,SessionTracking,Tracking,30.0638027,29.8585167,1,0.033891770988702774,0.8697917,7.370764,1,160x90 DepthUint16,"centre=1371 min=708 max=27857 hex=09DB 055A 055B 06D7 1562","centre=4738 min=1366 max=8963 hex=0FBC 10E9 1282 11F1 0C5E",0,0,0,,0,,,None,Unavailable,NoWallUnderCrosshair,,,,"only 0 valid depth samples under crosshair (0 no-data, 0 out-of-range, 441 low-confidence)",0,,,None,Unavailable,NoWallInView,,,,-1.32362044,0.8443483,-0.278995454,-0.006791961,-0.045677945,-0.00257056975,0.998929858,0,0,0,0,0,0,283672.943117767,283672.943117767,0.0337195839965716
35.185944571454229,d62bf83a,SessionTracking,Tracking,30.0612411,29.8585167,1,0.028761197987478226,0.8616667,7.493819,1,160x90 DepthUint16,"centre=1376 min=712 max=27623 hex=097C 055F 0560 06FB 156D","centre=4776 min=1373 max=9042 hex=0FF9 1108 12A8 121E 0C6E",0,0,0,,0,,,None,Unavailable,NoWallUnderCrosshair,,,,"only 0 valid depth samples under crosshair (0 no-data, 0 out-of-range, 441 low-confidence)",0,,,None,Unavailable,NoWallInView,,,,-1.32947755,0.8446469,-0.284861147,-0.0064665433,-0.04230351,-0.003217727,0.999078751,0,0,0,0,0,0,283672.97644485004,283672.97644485004,0.028671406995272264
35.219948373476427,d62bf83a,SessionTracking,Tracking,30.0659618,29.8585167,1,0.031473855022341013,0.88395834,8.038195,1,160x90 DepthUint16,"centre=1304 min=641 max=27600 hex=0830 0517 0518 0590 14FE","centre=4005 min=1291 max=15462 hex=0EEA 0EF5 0FA5 0FA7 13E5",0,0,0,,0,,,None,Unavailable,NoWallUnderCrosshair,,,,"only 0 valid depth samples under crosshair (0 no-data, 0 out-of-range, 441 low-confidence)",0,,,None,Unavailable,NoWallInView,,,,-1.03311682,0.888427556,0.06028474,-0.00549555,-0.0287222732,-0.004685551,0.9995614,0,0,0,0,0,0,283673.00970169704,283673.00970169704,0.031387448019813746
35.255649727452465,d62bf83a,SessionTracking,Tracking,30.0608711,29.8585167,1,0.0347896879829932,0.8895139,8.034375,1,160x90 DepthUint16,"centre=1307 min=643 max=27247 hex=08F5 051B 051B 059F 14B0","centre=3991 min=1301 max=15179 hex=0F36 0EFB 0F97 0FCB 13EF",0,0,0,,0,,,None,Unavailable,NoWallUnderCrosshair,,,,"only 0 valid depth samples under crosshair (0 no-data, 0 out-of-range, 441 low-confidence)",0,,,None,Unavailable,NoWallInView,,,,-1.03853142,0.8887689,0.0558108762,-0.00545050856,-0.0235994644,-0.00527903438,0.9996927,0,0,0,0,0,0,283673.043028781,283673.043028781,0.034707135986536741
35.288236914467916,d62bf83a,SessionTracking,Tracking,30.061964,29.8585167,1,0.031738593010231853,0.877569437,8.081458,1,160x90 DepthUint16,"centre=1311 min=645 max=26790 hex=0953 051E 051F 05A6 143C","centre=3930 min=1318 max=15254 hex=0F11 0EAF 0F5A 0FA6 142B",0,0,0,,0,,,None,Unavailable,NoWallUnderCrosshair,,,,"only 0 valid depth samples under crosshair (0 no-data, 0 out-of-range, 441 low-confidence)",0,,,None,Unavailable,NoWallInView,,,,-1.04403651,0.8890303,0.0512753278,-0.00553642,-0.0180531722,-0.005928129,0.999804139,0,0,0,0,0,0,283673.076355864,283673.076355864,0.031651249999413267
35.319665977472823,d62bf83a,SessionTracking,Tracking,30.062355,29.8585167,1,0.030614532006438822,0.8615278,9.705486,1,160x90 DepthUint16,"centre=1222 min=587 max=26619 hex=0838 04C4 04C6 04C3 12BA","centre=3731 min=1185 max=8412 hex=0D01 0D1B 0E93 0E77 0B2E",0,0,0,,0,,,None,Unavailable,NoWallUnderCrosshair,,,,"only 0 valid depth samples under crosshair (0 no-data, 0 out-of-range, 441 low-confidence)",0,,,None,Unavailable,NoWallInView,,,,-0.997899532,0.8380383,0.0362198874,-0.00414487347,-0.0207705721,-0.007584721,0.9997469,0,0,0,0,0,0,283673.109581744,283673.109581744,0.030524948000675067
35.351175664461834,d62bf83a,SessionTracking,Tracking,30.0623417,29.8585167,1,0.030534165998687968,0.8620833,9.430695,1,160x90 DepthUint16,"centre=1224 min=587 max=34152 hex=06A9 04C5 04C8 04C6 1157","centre=3755 min=1189 max=8521 hex=0D22 0D38 0EAB 0EAF 0B1E",0,0,0,,0,,,None,Unavailable,NoWallUnderCrosshair,,,,"only 0 valid depth samples under crosshair (0 no-data, 0 out-of-range, 441 low-confidence)",0,,,None,Unavailable,NoWallInView,,,,-1.00245488,0.8386157,0.03335707,-0.003202013,-0.0145084038,-0.008161397,0.9998563,0,0,0,0,0,0,283673.14290882804,283673.14290882804,0.030221510009141639
35.391442539464833,d62bf83a,SessionTracking,Tracking,30.0627785,29.8585167,1,0.039286406012251973,0.852291644,9.352361,1,160x90 DepthUint16,"centre=1227 min=587 max=25781 hex=06ED 04C9 04CB 04CC 12BF","centre=3670 min=1198 max=8373 hex=0D29 0D19 0E56 0E49 0AB9",0,0,0,,0,,,None,Unavailable,NoWallUnderCrosshair,,,,"only 0 valid depth samples under crosshair (0 no-data, 0 out-of-range, 441 low-confidence)",0,,,None,Unavailable,NoWallInView,,,,-1.00698638,0.83918035,0.0305391178,-0.00228981744,-0.008751047,-0.008678258,0.999921441,0,0,0,0,0,0,283673.176235911,283673.176235911,0.0391760409984272
35.419701602458872,d62bf83a,SessionTracking,Tracking,30.0640221,29.8585167,1,0.025186041981214657,0.817847252,11.1841669,1,160x90 DepthUint16,"centre=1226 min=870 max=25550 hex=0857 04EA 04CA 0536 080F","centre=2996 min=1099 max=8180 hex=0B5B 0B00 0BB4 0B1A 0957",0,0,0,,0,,,None,Unavailable,NoWallUnderCrosshair,,,,"only 0 valid depth samples under crosshair (0 no-data, 0 out-of-range, 441 low-confidence)",0,,,None,Unavailable,NoWallInView,,,,-0.9980065,0.8437035,0.0349114463,-0.000356010743,-0.00238095736,-0.0102396309,0.9999447,0,0,0,0,0,0,283673.209476533,283673.209476533,0.025095572986174375
35.451438737454509,d62bf83a,SessionTracking,Tracking,30.0617218,29.8585167,1,0.030796822975389659,0.822638869,11.0552778,1,160x90 DepthUint16,"centre=1240 min=868 max=25573 hex=0863 04F1 04D8 0558 05D0","centre=2945 min=1098 max=7897 hex=0B03 0AAF 0B81 0B10 0934",0,0,0,,0,,,None,Unavailable,NoWallUnderCrosshair,,,,"only 0 valid depth samples under crosshair (0 no-data, 0 out-of-range, 441 low-confidence)",0,,,None,Unavailable,NoWallInView,,,,-1.00067449,0.8445853,0.0334268138,0.000692861737,0.00180804229,-0.0102728009,0.999945343,0,0,0,0,0,0,283673.24280361703,283673.24280361703,0.030710728984558955
35.489434414459311,d62bf83a,SessionTracking,Tracking,30.0644989,29.9793,1,0.0369784889917355,0.813194454,11.0453472,1,160x90 DepthUint16,"centre=1245 min=865 max=25558 hex=08DF 04F7 04DD 05C6 05B6","centre=2981 min=1098 max=8021 hex=0B37 0AD6 0BA5 0B17 0962",0,0,0,,0,,,None,Unavailable,NoWallUnderCrosshair,,,,"only 0 valid depth samples under crosshair (0 no-data, 0 out-of-range, 441 low-confidence)",0,,,None,Unavailable,NoWallInView,,,,-1.00352383,0.8454269,0.03196034,0.00157373678,0.006196663,-0.0101197064,0.999928355,0,0,0,0,0,0,283673.2761307,283673.2761307,0.036866979004116729
35.521754466466291,d62bf83a,SessionTracking,Tracking,30.0638733,29.9793,1,0.031452760013053194,0.778125,12.91507,1,160x90 DepthUint16,"centre=1189 min=938 max=25293 hex=0804 04C2 04A5 05EE 0D5E","centre=4534 min=1010 max=7814 hex=0E29 0F90 11B6 0F6E 083E",0,0,0,,0,,,None,Unavailable,NoWallUnderCrosshair,,,,"only 0 valid depth samples under crosshair (0 no-data, 0 out-of-range, 441 low-confidence)",0,,,None,Unavailable,NoWallInView,,,,-0.971744061,0.8472435,0.05200234,0.00302841351,0.00776351057,-0.0111097991,0.99990356,0,0,0,0,0,0,283673.309326764,283673.309326764,0.031364374997792765
35.552525508453755,d62bf83a,SessionTracking,Tracking,30.0620022,29.9793,1,0.029955364996567369,0.7702778,12.895278,1,160x90 DepthUint16,"centre=1188 min=938 max=24660 hex=07F9 04C3 04A4 05E1 0FED","centre=4697 min=1002 max=7830 hex=0DEE 0FD4 1259 102B 07EB",0,0,0,,0,,,None,Unavailable,NoWallUnderCrosshair,,,,"only 0 valid depth samples under crosshair (0 no-data, 0 out-of-range, 441 low-confidence)",0,,,None,Unavailable,NoWallInView,,,,-0.9732502,0.848154068,0.051411286,0.00304950215,0.0119286254,-0.0108916769,0.999864936,0,0,0,0,0,0,283673.342653848,283673.342653848,0.02987354199285619
35.584823737477336,d62bf83a,SessionTracking,Tracking,30.06416,29.9793,1,0.031432812014827505,0.7702778,12.50132,1,160x90 DepthUint16,"centre=1189 min=938 max=23953 hex=07F7 04C5 04A5 05D6 053B","centre=4480 min=989 max=7547 hex=0D32 0EE4 1180 1013 07DB",0,0,0,,0,,,None,Unavailable,NoWallUnderCrosshair,,,,"only 0 valid depth samples under crosshair (0 no-data, 0 out-of-range, 441 low-confidence)",0,,,None,Unavailable,NoWallInView,,,,-0.974704266,0.8491291,0.0508174971,0.00320855738,0.0161099341,-0.010385097,0.9998112,0,0,0,0,0,0,283673.37598093104,283673.37598093104,0.031339583016233519
35.622466706470505,d62bf83a,SessionTracking,Tracking,30.062048,29.9793,1,0.0367967710189987,0.704930544,14.1785421,1,160x90 DepthUint16,"centre=1175 min=719 max=22638 hex=088A 049E 0497 04D6 0527","centre=4883 min=818 max=7214 hex=0DF1 1038 1313 110E 0710",0,0,0,,0,,,None,Unavailable,NoWallUnderCrosshair,,,,"only 0 valid depth samples under crosshair (0 no-data, 0 out-of-range, 441 low-confidence)",0,,,None,Unavailable,NoWallInView,,,,-0.93000716,0.850632,0.06298262,0.00282021356,0.0143147577,-0.0113565037,0.9998291,0,0,0,0,0,0,283673.408984668,283673.408984668,0.0366130729962606
35.655285977470839,d62bf83a,SessionTracking,Tracking,30.0627651,29.9793,1,0.031885000003967434,0.7079861,13.9301386,1,160x90 DepthUint16,"centre=1174 min=715 max=21546 hex=088E 049C 0496 04CC 04F7","centre=4957 min=822 max=7394 hex=0DEB 104B 135D 1123 0691",0,0,0,,0,,,None,Unavailable,NoWallUnderCrosshair,,,,"only 0 valid depth samples under crosshair (0 no-data, 0 out-of-range, 441 low-confidence)",0,,,None,Unavailable,NoWallInView,,,,-0.9292416,0.8519896,0.06266659,0.00294407364,0.01712066,-0.0111927092,0.9997865,0,0,0,0,0,0,283673.442311752,283673.442311752,0.0317630729987286
35.683888008472195,d62bf83a,SessionTracking,Tracking,30.062355,29.9793,1,0.027906250004889444,0.708125,14.0075693,1,160x90 DepthUint16,"centre=1174 min=706 max=22511 hex=0895 049B 0496 04C8 04EC","centre=5004 min=817 max=7610 hex=0DCA 1045 138C 1156 064C",0,0,0,,0,,,None,Unavailable,NoWallUnderCrosshair,,,,"only 0 valid depth samples under crosshair (0 no-data, 0 out-of-range, 441 low-confidence)",0,,,None,Unavailable,NoWallInView,,,,-0.928149462,0.853357434,0.0623162165,0.0024697117,0.0179590229,-0.0112340162,0.9997726,0,0,0,0,0,0,283673.475638835,283673.475638835,0.027825313009088859
35.72501832046305,d62bf83a,SessionTracking,Tracking,30.0610867,29.9793,1,0.040426717983791605,0.7009722,13.9809027,1,160x90 DepthUint16,"centre=1174 min=711 max=22488 hex=08B6 0499 0496 04C1 04CA","centre=4898 min=830 max=7099 hex=0D9A 1001 1322 1111 05F5",0,0,0,,0,,,None,Unavailable,NoWallUnderCrosshair,,,,"only 0 valid depth samples under crosshair (0 no-data, 0 out-of-range, 441 low-confidence)",0,,,None,Unavailable,NoWallInView,,,,-0.9272958,0.854835749,0.061908856,0.00210657367,0.0201824438,-0.0114382515,0.9997287,0,0,0,0,0,0,283673.50896591804,283673.50896591804,0.040346093010157347
35.756101289476419,d62bf83a,SessionTracking,Tracking,30.061594,29.9793,1,0.029833594016963616,0.6970139,14.2609024,1,160x90 DepthUint16,"centre=1094 min=648 max=22390 hex=04B2 0445 0446 0455 0464","centre=4213 min=732 max=6639 hex=0AFF 0D65 1075 0E93 0592",0,0,0,,0,,,None,Unavailable,NoWallUnderCrosshair,,,,"only 0 valid depth samples under crosshair (0 no-data, 0 out-of-range, 441 low-confidence)",0,,,None,Unavailable,NoWallInView,,,,-0.907920063,0.8473233,0.07839106,0.0017467729,0.0221250076,-0.0116465995,0.9996858,0,0,0,0,0,0,283673.54101491603,283673.54101491603,0.029706198023632169
35.787554102458444,d62bf83a,SessionTracking,Tracking,30.0613689,29.9793,1,0.030529323004884645,0.694305539,15.3343058,1,160x90 DepthUint16,"centre=1095 min=637 max=22595 hex=04E5 0449 0447 044A 045A","centre=4398 min=727 max=7054 hex=0B82 0DFC 112E 0EE4 051D",0,0,0,,0,,,None,Unavailable,NoWallUnderCrosshair,,,,"only 0 valid depth samples under crosshair (21 no-data, 0 out-of-range, 420 low-confidence)",0,,,None,Unavailable,NoWallInView,,,,-0.9065391,0.84841,0.07839696,0.000809876248,0.0254924111,-0.0116374791,0.999606967,0,0,0,0,0,0,283673.574341999,283673.574341999,0.0304416150029283
35.819153008462081,d62bf83a,SessionTracking,Tracking,30.0611973,29.9793,1,0.030572760995710269,0.7353472,16.3347912,1,160x90 DepthUint16,"centre=1066 min=676 max=23329 hex=043A 042C 042A 0437 042C","centre=4439 min=744 max=6914 hex=0C22 0E6D 1157 0E37 04C2",0,0,0,,0,,,None,Unavailable,NoWallUnderCrosshair,,,,"only 0 valid depth samples under crosshair (0 no-data, 0 out-of-range, 441 low-confidence)",0,,,None,Unavailable,NoWallInView,,,,-0.899609,0.8391196,0.08163285,-0.0005784342,0.03006285,-0.0120950341,0.9994747,0,0,0,0,0,0,283673.60701403004,283673.60701403004,0.030481093999696895
35.855062643476913,d62bf83a,SessionTracking,Tracking,30.0619068,29.9793,1,0.034875937009928748,0.7303472,17.0886116,1,160x90 DepthUint16,"centre=1067 min=641 max=23429 hex=0441 042C 042B 0427 0410","centre=4199 min=721 max=6979 hex=0B28 0D90 1067 0D2A 048B",0,0,0,,0,,,None,Unavailable,NoWallUnderCrosshair,,,,"only 0 valid depth samples under crosshair (20 no-data, 1 out-of-range, 420 low-confidence)",0,,,None,Unavailable,NoWallInView,,,,-0.898358047,0.8396183,0.08149367,-0.00130534742,0.0363664068,-0.0123946974,0.999260843,0,0,0,0,0,0,283673.640341114,283673.640341114,0.034786302014254034
35.886160977479221,d62bf83a,SessionTracking,Tracking,30.06195,29.9793,1,0.030142188013996929,0.721736133,17.66375,1,160x90 DepthUint16,"centre=1070 min=616 max=23542 hex=044A 042D 042E 045C 041B","centre=4104 min=723 max=6292 hex=09E2 0CAD 1008 0C90 0469",0,0,0,,0,,,None,Unavailable,NoWallUnderCrosshair,,,,"only 0 valid depth samples under crosshair (55 no-data, 8 out-of-range, 378 low-confidence)",0,,,None,Unavailable,NoWallInView,,,,-0.897258043,0.840011,0.08146657,-0.00236654654,0.0433827564,-0.0125406384,0.998977,0,0,0,0,0,0,283673.673668197,283673.673668197,0.030053959024371579
35.918291966463357,d62bf83a,SessionTracking,Tracking,30.0616379,29.9793,1,0.031220156000927091,0.73125,17.4068756,1,160x90 DepthUint16,"centre=1038 min=686 max=23594 hex=0404 040F 040E 0411 0402","centre=4162 min=711 max=7499 hex=09DE 0CFD 1042 0CD9 044D",0,0,0,,0,,,None,Unavailable,NoWallUnderCrosshair,,,,"only 0 valid depth samples under crosshair (23 no-data, 9 out-of-range, 409 low-confidence)",0,,,None,Unavailable,NoWallInView,,,,-0.8898916,0.8290056,0.0883478746,-0.00318750925,0.04723771,-0.0127716362,0.99879694,0,0,0,0,0,0,283673.70755031804,283673.70755031804,0.03114270800142549
35.955926029451575,d62bf83a,SessionTracking,Tracking,30.0622139,29.9793,1,0.032041250000474975,0.7279861,17.5919437,1,160x90 DepthUint16,"centre=1038 min=656 max=23625 hex=0405 040E 040E 041D 03F6","centre=4732 min=700 max=7417 hex=0A9A 0E33 127C 0E1D 0434",0,0,0,,0,,,None,Unavailable,NoWallUnderCrosshair,,,,"only 0 valid depth samples under crosshair (26 no-data, 16 out-of-range, 399 low-confidence)",0,,,None,Unavailable,NoWallInView,,,,-0.887754,0.828937531,0.08865448,-0.00313264341,0.04997519,-0.0125941643,0.998666167,0,0,0,0,0,0,283673.740877402,283673.740877402,0.031953072990290821
35.98703566447125,d62bf83a,SessionTracking,Tracking,30.0625744,29.9793,1,0.029953646007925272,0.7897222,17.9291668,1,160x90 DepthUint16,"centre=1038 min=571 max=23625 hex=0405 040D 040E 041D 03F1","centre=4593 min=694 max=7013 hex=09C1 0DA3 11F1 0DD3 0427",0,0,0,,0,,,None,Unavailable,NoWallUnderCrosshair,,,,"only 0 valid depth samples under crosshair (27 no-data, 15 out-of-range, 399 low-confidence)",0,,,None,Unavailable,NoWallInView,,,,-0.8850339,0.8288368,0.0888747,-0.00303796865,0.0501949936,-0.012388885,0.998658,0,0,0,0,0,0,283673.774204485,283673.774204485,0.029814063018420711
36.026838841473136,d62bf83a,SessionTracking,Tracking,30.0620346,29.9793,1,0.03898953102179803,0.7876389,17.8664589,1,160x90 DepthUint16,"centre=1038 min=632 max=23605 hex=0404 040C 040E 041D 03EE","centre=4769 min=694 max=6993 hex=0A37 0E52 12A1 0EA8 0421",0,0,0,,0,,,None,Unavailable,NoWallUnderCrosshair,,,,"only 0 valid depth samples under crosshair (27 no-data, 15 out-of-range, 399 low-confidence)",0,,,None,Unavailable,NoWallInView,,,,-0.88202244,0.8287432,0.08908774,-0.002618652,0.0493488461,-0.0120834121,0.9987051,0,0,0,0,0,0,283673.807531568,283673.807531568,0.03890250000404194
36.05215998745166,d62bf83a,SessionTracking,Tracking,30.0628357,29.9793,1,0.024106301978463307,0.78909725,17.5830555,1,160x90 DepthUint16,"centre=1034 min=567 max=23634 hex=03EB 0403 040A 040D 03E3","centre=4753 min=694 max=7900 hex=09D1 0E22 1291 0EDF 0413",0,0,0,,0,,,None,Unavailable,NoWallUnderCrosshair,,,,"only 0 valid depth samples under crosshair (26 no-data, 16 out-of-range, 399 low-confidence)",0,,,None,Unavailable,NoWallInView,,,,-0.880180955,0.8237772,0.0889576748,-0.00286560878,0.05176169,-0.0115944445,0.9985881,0,0,0,0,0,0,283673.84097489703,283673.84097489703,0.02402031299425289
36.094742695455125,d62bf83a,SessionTracking,Tracking,30.0633488,29.9793,1,0.041622759978054091,0.8347222,17.6922226,1,160x90 DepthUint16,"centre=1035 min=488 max=25001 hex=03FF 0403 040B 0411 03E8","centre=4448 min=684 max=6466 hex=0929 0D1B 1160 0D78 0401",0,0,0,,0,,,None,Unavailable,NoWallUnderCrosshair,,,,"only 0 valid depth samples under crosshair (40 no-data, 26 out-of-range, 375 low-confidence)",0,,,None,Unavailable,NoWallInView,,,,-0.8781822,0.8232186,0.08881039,-0.00364235439,0.05625994,-0.0115933726,0.9983422,0,0,0,0,0,0,283673.87430198,283673.87430198,0.041508228983730078
36.121112799479079,d62bf83a,SessionTracking,Tracking,30.0646038,29.9793,1,0.02559885400114581,0.8335417,17.8828468,1,160x90 DepthUint16,"centre=1034 min=485 max=25059 hex=03FC 03FE 040A 040D 03DF","centre=5230 min=674 max=7367 hex=0AAF 0F41 146E 0F41 03ED",0,0,0,,0,,,None,Unavailable,NoWallUnderCrosshair,,,,"only 0 valid depth samples under crosshair (55 no-data, 31 out-of-range, 355 low-confidence)",0,,,None,Unavailable,NoWallInView,,,,-0.8743754,0.82150805,0.09286399,-0.00386943342,0.0603885464,-0.0117752571,0.998098,0,0,0,0,0,0,283673.907534666,283673.907534666,0.025515364017337561
36.152093737476889,d62bf83a,SessionTracking,Tracking,30.062048,29.9793,1,0.030220000015106052,0.8279861,18.14236,1,160x90 DepthUint16,"centre=1036 min=507 max=25100 hex=03FF 03FD 040C 0414 03D8","centre=4949 min=659 max=6837 hex=0A1A 0E73 1355 0E6A 03E8",0,0,0,,0,,,None,Unavailable,NoWallUnderCrosshair,,,,"only 0 valid depth samples under crosshair (62 no-data, 27 out-of-range, 352 low-confidence)",0,,,None,Unavailable,NoWallInView,,,,-0.871787369,0.8209925,0.09250137,-0.00403215224,0.06351536,-0.0121369679,0.997898936,0,0,0,0,0,0,283673.94086175004,283673.94086175004,0.030144948017550632
36.183259518471232,d62bf83a,SessionTracking,Tracking,30.06481,29.9793,1,0.030580417020246387,0.829166651,18.0676384,1,160x90 DepthUint16,"centre=1037 min=504 max=25117 hex=0400 0413 040D 0415 03D9","centre=4589 min=660 max=6366 hex=092C 0D2C 11ED 0D8B 03E4",0,0,0,,0,,,None,Unavailable,NoWallUnderCrosshair,,,,"only 0 valid depth samples under crosshair (80 no-data, 26 out-of-range, 335 low-confidence)",0,,,None,Unavailable,NoWallInView,,,,-0.8687526,0.8205479,0.0922871158,-0.00375188328,0.06515796,-0.0126326382,0.997787952,0,0,0,0,0,0,283673.97418883303,283673.97418883303,0.030514323007082567
36.220032070475781,d62bf83a,SessionTracking,Tracking,30.06584,29.9793,1,0.03608375001931563,0.8517361,17.8867359,1,160x90 DepthUint16,"centre=1040 min=489 max=35164 hex=0402 0416 0410 401C 03DB","centre=4768 min=667 max=6537 hex=09AA 0D79 12A0 0DAA 03E6",0,0,0,,0,,,None,Unavailable,NoWallUnderCrosshair,,,,"only 0 valid depth samples under crosshair (79 no-data, 28 out-of-range, 334 low-confidence)",0,,,None,Unavailable,NoWallInView,,,,-0.8705838,0.8185526,0.103778668,-0.00299327471,0.06730252,-0.0126396129,0.99764806,0,0,0,0,0,0,283674.007437455,283674.007437455,0.03602140600560233
36.254862591453048,d62bf83a,SessionTracking,Tracking,30.0634956,29.9793,1,0.034267968992935494,0.845069468,18.3822918,1,160x90 DepthUint16,"centre=1042 min=520 max=35195 hex=0404 2E9C 0412 1ACB 03D8","centre=5304 min=676 max=7399 hex=0ADD 0EF7 14B8 0E8C 03E3",0,0,0,,0,,,None,Unavailable,NoWallUnderCrosshair,,,,"only 0 valid depth samples under crosshair (97 no-data, 34 out-of-range, 310 low-confidence)",0,,,None,Unavailable,NoWallInView,,,,-0.86772877,0.8183061,0.103476562,-0.00284683355,0.0694856,-0.0129126022,0.997495353,0,0,0,0,0,0,283674.04076453904,283674.04076453904,0.034202968992758542
36.2820592064561,d62bf83a,SessionTracking,Tracking,30.0656853,29.9793,1,0.026576406991807744,0.842083335,18.39021,1,160x90 DepthUint16,"centre=1044 min=544 max=35231 hex=0408 2CEE 0414 041B 03D4","centre=5123 min=693 max=6803 hex=0A42 0EB0 1403 0DD2 03E2",0,0,0,,0,,,None,Unavailable,NoWallUnderCrosshair,,,,"only 0 valid depth samples under crosshair (104 no-data, 34 out-of-range, 303 low-confidence)",0,,,None,Unavailable,NoWallInView,,,,-0.864822865,0.81806004,0.1029085,-0.00345653668,0.07178408,-0.01334548,0.997324944,0,0,0,0,0,0,283674.074091622,283674.074091622,0.02651411498663947
36.315536966463469,d62bf83a,SessionTracking,Tracking,30.0730019,29.9793,1,0.032856406003702432,0.8361111,18.4354172,1,160x90 DepthUint16,"centre=1052 min=514 max=35809 hex=0413 0425 041C 0426 03D8","centre=4856 min=708 max=6272 hex=095D 0DAC 12F8 0D15 03E7",0,0,0,,0,,,None,Unavailable,NoWallUnderCrosshair,,,,"only 0 valid depth samples under crosshair (121 no-data, 30 out-of-range, 290 low-confidence)",0,,,None,Unavailable,NoWallInView,,,,-0.865453541,0.818138838,0.107125133,-0.004109599,0.07497287,-0.013589533,0.9970845,0,0,0,0,0,0,283674.107069189,283674.107069189,0.032789218996185809
36.3550862374575,d62bf83a,SessionTracking,Tracking,30.06586,29.9793,1,0.038625104003585875,0.826319456,18.3556938,1,160x90 DepthUint16,"centre=1055 min=499 max=35351 hex=0417 0429 041F 0426 03D4","centre=5219 min=730 max=6685 hex=09C6 0E06 1463 0D9C 03EB",0,0,0,,0,,,None,Unavailable,NoWallUnderCrosshair,,,,"only 0 valid depth samples under crosshair (147 no-data, 31 out-of-range, 263 low-confidence)",0,,,None,Unavailable,NoWallInView,,,,-0.862629,0.817951858,0.106136888,-0.004873466,0.07834453,-0.0139432261,0.996816933,0,0,0,0,0,0,283674.140396273,283674.140396273,0.038504010997712612
36.38930290346957,d62bf83a,SessionTracking,Tracking,30.0636311,29.9793,1,0.033049635007046163,0.8175,18.44375,1,160x90 DepthUint16,"centre=1058 min=500 max=35370 hex=041B 042C 0422 0426 03E2","centre=4918 min=711 max=6197 hex=094F 0D15 1336 0CC0 03EA",0,0,0,,0,,,None,Unavailable,NoWallUnderCrosshair,,,,"only 0 valid depth samples under crosshair (167 no-data, 32 out-of-range, 242 low-confidence)",0,,,None,Unavailable,NoWallInView,,,,-0.859634,0.8178315,0.105053276,-0.00525328564,0.08161726,-0.0141638238,0.996549249,0,0,0,0,0,0,283674.17372335604,283674.17372335604,0.032924791012192145
36.421323372461984,d62bf83a,SessionTracking,Tracking,30.0663147,29.9793,1,0.026503594010137022,0.8041667,18.214098,1,160x90 DepthUint16,"centre=1068 min=507 max=35414 hex=0426 0435 042C 042D 03D0","centre=5203 min=721 max=6290 hex=09D3 0DC7 1453 0D56 03F9",0,0,0,,0,,,None,Unavailable,NoWallUnderCrosshair,,,,"only 0 valid depth samples under crosshair (198 no-data, 38 out-of-range, 205 low-confidence)",0,,,None,Unavailable,NoWallInView,,,,-0.8606455,0.8194486,0.111829549,-0.005480912,0.08544137,-0.0144560346,0.9962233,0,0,0,0,0,0,283674.206776436,283674.206776436,0.026396458008093759
36.45583332045112,d62bf83a,SessionTracking,Tracking,30.0687866,29.9793,1,0.033559426985448226,0.7949306,18.324028,1,160x90 DepthUint16,"centre=1071 min=508 max=35448 hex=0428 0438 042F 042D 03A5","centre=6073 min=735 max=7342 hex=0ABE 0F4D 17B9 0EE7 03E9",0,0,0,,0,,,None,Unavailable,NoWallUnderCrosshair,,,,"only 0 valid depth samples under crosshair (209 no-data, 38 out-of-range, 194 low-confidence)",0,,,None,Unavailable,NoWallInView,,,,-0.8574152,0.8192823,0.110877149,-0.00625688629,0.08791533,-0.0149596939,0.995995939,0,0,0,0,0,0,283674.24010352005,283674.24010352005,0.033476093987701461
36.48732384146183,d62bf83a,SessionTracking,Tracking,30.0671329,29.9793,1,0.030689843988511711,0.789375,18.493681,1,160x90 DepthUint16,"centre=1072 min=508 max=35474 hex=0000 0439 0430 042E 03A0","centre=5675 min=750 max=6683 hex=0ABD 0F01 162B 0DCF 03E6",0,0,0,,0,,,None,Unavailable,NoWallUnderCrosshair,,,,"only 0 valid depth samples under crosshair (216 no-data, 41 out-of-range, 184 low-confidence)",0,,,None,Unavailable,NoWallInView,,,,-0.854040265,0.8191537,0.109933615,-0.0069123623,0.08989542,-0.0153566012,0.99580884,0,0,0,0,0,0,283674.27343060303,283674.27343060303,0.030604478990426287
36.519816237476107,d62bf83a,SessionTracking,Tracking,30.0660954,30.0859337,1,0.031389219017000869,0.776875,18.5146523,1,160x90 DepthUint16,"centre=1076 min=523 max=35490 hex=0000 0000 0434 0433 0396","centre=5709 min=744 max=6758 hex=0ACD 0EB9 164D 0D4D 03DD",0,0,0,,0,,,None,Unavailable,NoWallUnderCrosshair,,,,"only 0 valid depth samples under crosshair (240 no-data, 44 out-of-range, 157 low-confidence)",0,,,None,Unavailable,NoWallInView,,,,-0.8547123,0.8195385,0.114530019,-0.007827628,0.09285267,-0.0155441761,0.995527744,0,0,0,0,0,0,283674.306485061,283674.306485061,0.031283125019399449
36.557237122473225,d62bf83a,SessionTracking,Tracking,30.0659676,30.0859337,1,0.036592917022062466,0.8625,20.0664577,1,160x90 DepthUint16,"centre=1076 min=601 max=35512 hex=0DE7 0000 0434 0434 03C5","centre=5927 min=768 max=6919 hex=0B20 0F2D 1727 0D6E 03CE",0,0,0,,0,,,None,Unavailable,NoWallUnderCrosshair,,,,"only 0 valid depth samples under crosshair (224 no-data, 43 out-of-range, 174 low-confidence)",0,,,None,Unavailable,NoWallInView,,,,-0.8513096,0.8193855,0.113644943,-0.008502566,0.09458387,-0.0156880636,0.995357,0,0,0,0,0,0,283674.33981214504,283674.33981214504,0.03650890602148138
36.588621862468926,d62bf83a,SessionTracking,Tracking,30.0643482,30.0859337,1,0.030427709018113092,0.85625,19.7313881,1,160x90 DepthUint16,"centre=0 min=599 max=35520 hex=0DE9 0000 0000 0431 03C1","centre=5762 min=773 max=6571 hex=0AB8 0EDD 1682 0D00 03CD",0,0,0,,0,,,None,Unavailable,NoWallUnderCrosshair,,,,"only 0 valid depth samples under crosshair (243 no-data, 47 out-of-range, 151 low-confidence)",0,,,None,Unavailable,NoWallInView,,,,-0.8476232,0.81924665,0.112816773,-0.009021931,0.09510333,-0.0157716889,0.9953016,0,0,0,0,0,0,283674.37313922803,283674.37313922803,0.030336354015162215
36.620561080464313,d62bf83a,SessionTracking,Tracking,30.0650959,30.0859337,1,0.0310917180031538,0.8526389,19.63118,1,160x90 DepthUint16,"centre=0 min=602 max=35554 hex=0000 0000 0000 0000 03BB","centre=6197 min=733 max=7037 hex=0B01 0EFC 1835 0D4E 03CB",0,0,0,,0,,,None,Unavailable,NoWallUnderCrosshair,,,,"only 0 valid depth samples under crosshair (262 no-data, 48 out-of-range, 131 low-confidence)",0,,,None,Unavailable,NoWallInView,,,,-0.844309151,0.81904006,0.111952551,-0.009543025,0.09805121,-0.01600811,0.995006859,0,0,0,0,0,0,283674.406466311,283674.406466311,0.031007968005724251
36.655387591457611,d62bf83a,SessionTracking,Tracking,30.0649948,30.0859337,1,0.03410921900649555,0.8755556,19.7063885,1,160x90 DepthUint16,"centre=0 min=605 max=35589 hex=0000 0955 0000 0000 03BA","centre=5854 min=662 max=6492 hex=0ACA 0EA7 16DE 0CCE 03CB",0,0,0,,0,,,None,Unavailable,NoWallUnderCrosshair,,,,"only 0 valid depth samples under crosshair (246 no-data, 58 out-of-range, 137 low-confidence)",0,,,None,Unavailable,NoWallInView,,,,-0.845113158,0.8199942,0.116868876,-0.0103338333,0.102436736,-0.0161210615,0.994555235,0,0,0,0,0,0,283674.439361519,283674.439361519,0.034022968990029767
36.687612695477355,d62bf83a,SessionTracking,Tracking,30.0644836,30.0859337,1,0.031323594012064859,0.8652083,19.13514,1,160x90 DepthUint16,"centre=0 min=605 max=35628 hex=0000 0958 0000 0000 03DD","centre=6097 min=694 max=6528 hex=0ACA 0EAD 17D1 0C93 03C6",0,0,0,,0,,,None,Unavailable,NoWallUnderCrosshair,,,,"only 0 valid depth samples under crosshair (242 no-data, 80 out-of-range, 119 low-confidence)",0,,,None,Unavailable,NoWallInView,,,,-0.841997445,0.8195325,0.115943238,-0.0117646232,0.106265642,-0.016772151,0.9941267,0,0,0,0,0,0,283674.472688602,283674.472688602,0.031210208020638674
36.718662851464387,d62bf83a,SessionTracking,Tracking,30.065073,30.0859337,1,0.0302458849910181,0.8566667,18.5131245,1,160x90 DepthUint16,"centre=0 min=605 max=35655 hex=0000 095B 0000 0000 03DC","centre=6415 min=721 max=6867 hex=0B30 0EF4 190F 0C6D 03CB",0,0,0,,0,,,None,Unavailable,NoWallUnderCrosshair,,,,"only 0 valid depth samples under crosshair (248 no-data, 91 out-of-range, 102 low-confidence)",0,,,None,Unavailable,NoWallInView,,,,-0.8421936,0.8198496,0.118477352,-0.0128737325,0.1096164,-0.0171484668,0.993742645,0,0,0,0,0,0,283674.50594711304,283674.50594711304,0.030165156000293791
36.762409622464247,d62bf83a,SessionTracking,Tracking,30.0637245,30.0859337,1,0.0429855209949892,0.8777083,18.2386112,1,160x90 DepthUint16,"centre=10480 min=605 max=28968 hex=0000 08A5 28F0 0000 03DB","centre=6272 min=761 max=6591 hex=0AAA 0E5F 1880 0BC9 03C7",0,0,0,,0,,,None,Unavailable,NoWallUnderCrosshair,,,,"only 0 valid depth samples under crosshair (207 no-data, 99 out-of-range, 135 low-confidence)",0,,,None,Unavailable,NoWallInView,,,,-0.8389269,0.819489241,0.11775203,-0.0133570321,0.111996129,-0.01757744,0.9934634,0,0,0,0,0,0,283674.539274197,283674.539274197,0.042896094004390761
36.788194518452428,d62bf83a,SessionTracking,Tracking,30.0637684,30.0859337,1,0.02504453097935766,0.8686111,18.4107647,1,160x90 DepthUint16,"centre=0 min=605 max=31101 hex=0000 0884 0000 0000 2CD8","centre=6595 min=693 max=7140 hex=0AEA 0EEB 19C3 0C6D 03C1",0,0,0,,0,,,None,Unavailable,NoWallUnderCrosshair,,,,"only 0 valid depth samples under crosshair (222 no-data, 95 out-of-range, 124 low-confidence)",0,,,None,Unavailable,NoWallInView,,,,-0.8354918,0.8191287,0.116923824,-0.01392892,0.1137331,-0.0178676844,0.993253,0,0,0,0,0,0,283674.57260128,283674.57260128,0.0249619789829012
36.81972660147926,d62bf83a,SessionTracking,Tracking,30.064827,30.0859337,1,0.030816614016657695,0.8620833,17.8839588,1,160x90 DepthUint16,"centre=0 min=612 max=32032 hex=0000 0874 0000 0000 2AD0","centre=6683 min=759 max=7191 hex=0B27 0F2A 1A1B 0C48 03C4",0,0,0,,0,,,None,Unavailable,NoWallUnderCrosshair,,,,"only 0 valid depth samples under crosshair (236 no-data, 97 out-of-range, 108 low-confidence)",0,,,None,Unavailable,NoWallInView,,,,-0.8355698,0.820659935,0.122032292,-0.0138928667,0.114824586,-0.0178047121,0.993129,0,0,0,0,0,0,283674.605723256,283674.605723256,0.030728750018170103
36.850744362458272,d62bf83a,SessionTracking,Tracking,30.0632973,30.0859337,1,0.030293697986053303,0.88055557,18.10875,1,160x90 DepthUint16,"centre=10584 min=608 max=28099 hex=0000 0879 2958 0000 2BB0","centre=6208 min=753 max=6693 hex=0A7F 0E66 1840 0BD8 03C3",0,0,0,,0,,,None,Unavailable,NoWallUnderCrosshair,,,,"only 0 valid depth samples under crosshair (194 no-data, 91 out-of-range, 156 low-confidence)",0,,,None,Unavailable,NoWallInView,,,,-0.8319882,0.820345163,0.121137165,-0.0149285877,0.115064025,-0.017934354,0.993084,0,0,0,0,0,0,283674.63905034,283674.63905034,0.030212865007342771
36.884006601470674,d62bf83a,SessionTracking,Tracking,30.0620651,30.0859337,1,0.032535677019041032,0.877777755,17.4443741,1,160x90 DepthUint16,"centre=10586 min=610 max=26140 hex=0000 0881 295A 0000 2C4E","centre=6208 min=817 max=6590 hex=0ABB 0EC4 1840 0B9D 03C1",0,0,0,,0,,,None,Unavailable,NoWallUnderCrosshair,,,,"only 0 valid depth samples under crosshair (193 no-data, 93 out-of-range, 155 low-confidence)",0,,,None,Unavailable,NoWallInView,,,,-0.8285845,0.819965,0.1200001,-0.0166807957,0.116288185,-0.0180875659,0.9929107,0,0,0,0,0,0,283674.67237742303,283674.67237742303,0.032450625003548339
36.919346601472853,d62bf83a,SessionTracking,Tracking,30.0641861,30.0859337,1,0.033057344000553712,0.872569442,17.2539577,1,160x90 DepthUint16,"centre=10587 min=608 max=26105 hex=0000 08F6 295B 0000 03CB","centre=6214 min=802 max=6663 hex=0AA5 0E78 1846 0B11 03BC",0,0,0,,0,,,None,Unavailable,NoWallUnderCrosshair,,,,"only 0 valid depth samples under crosshair (203 no-data, 90 out-of-range, 148 low-confidence)",0,,,None,Unavailable,NoWallInView,,,,-0.8293612,0.8206295,0.121375963,-0.01823861,0.117781036,-0.0177369434,0.99271363,0,0,0,0,0,0,283674.705018107,283674.705018107,0.032965207996312529
36.953337487477029,d62bf83a,SessionTracking,Tracking,30.0631065,30.0859337,1,0.033294218999799341,0.8842361,17.7733326,1,160x90 DepthUint16,"centre=0 min=612 max=25504 hex=0000 092F 0000 039A 03C8","centre=6256 min=835 max=6947 hex=0B29 0F07 1870 0BA8 03BF",0,0,0,,0,,,None,Unavailable,NoWallUnderCrosshair,,,,"only 0 valid depth samples under crosshair (167 no-data, 87 out-of-range, 187 low-confidence)",0,,,None,Unavailable,NoWallInView,,,,-0.826188743,0.8202467,0.1202428,-0.0202609114,0.119159162,-0.017521739,0.9925138,0,0,0,0,0,0,283674.738345191,283674.738345191,0.033222657017176971
36.984759414455539,d62bf83a,SessionTracking,Tracking,30.0640717,30.0859337,1,0.030709739978192374,0.8761111,17.1975,1,160x90 DepthUint16,"centre=0 min=608 max=25490 hex=0000 08FB 0000 0398 03C5","centre=5991 min=819 max=6574 hex=0B1B 0EB1 1767 0AE4 03BB",0,0,0,,0,,,None,Unavailable,NoWallUnderCrosshair,,,,"only 0 valid depth samples under crosshair (169 no-data, 89 out-of-range, 183 low-confidence)",0,,,None,Unavailable,NoWallInView,,,,-0.8229676,0.8198831,0.119240247,-0.0217150133,0.1203944,-0.01725662,0.9923386,0,0,0,0,0,0,283674.77167227404,283674.77167227404,0.030643385980511084
37.017419518469751,d62bf83a,SessionTracking,Tracking,30.06388,30.0859337,1,0.03189468799973838,0.8780556,17.6878471,1,160x90 DepthUint16,"centre=0 min=607 max=25647 hex=0000 091C 0000 039C 03C4","centre=5475 min=836 max=6077 hex=0A65 0D7E 1563 0A93 03B3",0,0,0,,0,,,None,Unavailable,NoWallUnderCrosshair,,,,"only 0 valid depth samples under crosshair (166 no-data, 83 out-of-range, 192 low-confidence)",0,,,None,Unavailable,NoWallInView,,,,-0.826149046,0.820098341,0.112564504,-0.023224635,0.120294325,-0.016514333,0.9923292,0,0,0,0,0,0,283674.804259198,283674.804259198,0.031820573000004515
37.056622434469091,d62bf83a,SessionTracking,Tracking,30.06454,30.0859337,1,0.038318697013892233,0.8732639,17.6453476,1,160x90 DepthUint16,"centre=0 min=608 max=25502 hex=0000 090B 0000 039D 03C3","centre=5979 min=834 max=6862 hex=0B38 0EC3 175B 0B73 03B1",0,0,0,,0,,,None,Unavailable,NoWallUnderCrosshair,,,,"only 0 valid depth samples under crosshair (168 no-data, 81 out-of-range, 192 low-confidence)",0,,,None,Unavailable,NoWallInView,,,,-0.8227702,0.81975615,0.1111574,-0.0244397186,0.119013324,-0.016460482,0.992455363,0,0,0,0,0,0,283674.837586282,283674.837586282,0.038236562017118558
37.08846576846895,d62bf83a,SessionTracking,Tracking,30.0637455,30.0859337,1,0.030869375012116507,0.87833333,17.9268742,1,160x90 DepthUint16,"centre=0 min=608 max=25347 hex=0000 08DD 0000 09A7 03BA","centre=5637 min=810 max=6412 hex=0AD5 0E28 1605 0B11 03B0",0,0,0,,0,,,None,Unavailable,NoWallUnderCrosshair,,,,"only 0 valid depth samples under crosshair (180 no-data, 73 out-of-range, 188 low-confidence)",0,,,None,Unavailable,NoWallInView,,,,-0.8190612,0.8194293,0.109627962,-0.0257995576,0.116477966,-0.0163675547,0.9927232,0,0,0,0,0,0,283674.87091336504,283674.87091336504,0.030455989995971322
37.120091132473817,d62bf83a,SessionTracking,Tracking,30.0637112,30.0859337,1,0.030773072998272255,0.8935417,17.73396,1,160x90 DepthUint16,"centre=0 min=612 max=25145 hex=0000 07F1 0000 09AE 03C1","centre=5184 min=822 max=6302 hex=09AA 0D0F 1440 0B5E 03B3",0,0,0,,0,,,None,Unavailable,NoWallUnderCrosshair,,,,"only 6 valid depth samples under crosshair (143 no-data, 61 out-of-range, 231 low-confidence)",0,,,None,Unavailable,NoWallInView,,,,-0.822795153,0.8223106,0.099429965,-0.0273929536,0.114050895,-0.0154686272,0.9929768,0,0,0,0,0,0,283674.904347628,283674.904347628,0.030687916005263105
37.15532498646985,d62bf83a,SessionTracking,Tracking,30.0628033,30.0859337,1,0.034341093007242307,0.8896528,17.4167366,1,160x90 DepthUint16,"centre=0 min=615 max=24239 hex=0000 0857 0000 09AE 03C1","centre=5224 min=807 max=6379 hex=09B5 0D3E 1468 0B7F 03B5",0,0,0,,0,,,None,Unavailable,NoWallUnderCrosshair,,,,"only 9 valid depth samples under crosshair (135 no-data, 61 out-of-range, 236 low-confidence)",0,,,None,Unavailable,NoWallInView,,,,-0.8200925,0.8222587,0.09715598,-0.0288585052,0.11369364,-0.0153763313,0.9929776,0,0,0,0,0,0,283674.93767471204,283674.93767471204,0.034251717996085063
37.186743736474227,d62bf83a,SessionTracking,Tracking,30.0616455,30.0859337,1,0.030331821995787323,0.8869445,17.3841667,1,160x90 DepthUint16,"centre=0 min=615 max=25658 hex=0000 085B 0000 09AE 03CE","centre=4757 min=805 max=5831 hex=0943 0C54 1295 0AF9 03B5",0,0,0,,0,,,None,Unavailable,NoWallUnderCrosshair,,,,"only 8 valid depth samples under crosshair (133 no-data, 57 out-of-range, 243 low-confidence)",0,,,None,Unavailable,NoWallInView,,,,-0.8171018,0.822245359,0.09469841,-0.030767329,0.112066336,-0.0153419077,0.9931059,0,0,0,0,0,0,283674.971001795,283674.971001795,0.030205729010049254
37.218899153467419,d62bf83a,SessionTracking,Tracking,30.0640583,30.0859337,1,0.031290832994272932,0.8989583,17.432848,1,160x90 DepthUint16,"centre=0 min=621 max=24945 hex=0000 0C58 0000 09B4 03D6","centre=3342 min=798 max=4281 hex=0782 0995 0D0E 08FC 03B7",0,0,0,,0,,,None,Unavailable,NoWallUnderCrosshair,,,,"only 5 valid depth samples under crosshair (119 no-data, 37 out-of-range, 280 low-confidence)",0,,,None,Unavailable,NoWallInView,,,,-0.821767867,0.8259678,0.0955972746,-0.0325433,0.106999785,-0.0141113717,0.9936261,0,0,0,0,0,0,283675.00488392904,283675.00488392904,0.031200625002384186
37.249345247462543,d62bf83a,SessionTracking,Tracking,30.0621567,30.0859337,1,0.029512917011743411,0.8979861,17.75264,1,160x90 DepthUint16,"centre=0 min=623 max=24885 hex=0000 0E4F 0000 0000 03D9","centre=2471 min=767 max=4157 hex=0677 07A4 09A7 0791 03BD",0,0,0,,0,,,None,Unavailable,NoWallUnderCrosshair,,,,"only 0 valid depth samples under crosshair (107 no-data, 27 out-of-range, 307 low-confidence)",0,,,None,Unavailable,NoWallInView,,,,-0.8188436,0.82643497,0.09292556,-0.03388559,0.10302081,-0.0131723592,0.994014561,0,0,0,0,0,0,283675.038211013,283675.038211013,0.029422240011626855
37.2891271224687,d62bf83a,SessionTracking,Tracking,30.0650253,30.0859337,1,0.038672344002407044,0.8973611,17.4066658,1,160x90 DepthUint16,"centre=0 min=620 max=24604 hex=0000 0E0D 0000 0000 03DB","centre=2056 min=666 max=4414 hex=060D 06DE 0808 06BA 03BD",0,0,0,,0,,,None,Unavailable,NoWallUnderCrosshair,,,,"only 0 valid depth samples under crosshair (117 no-data, 23 out-of-range, 301 low-confidence)",0,,,None,Unavailable,NoWallInView,,,,-0.816389561,0.8271841,0.0902707353,-0.03344652,0.101486556,-0.0118563185,0.994203866,0,0,0,0,0,0,283675.071538096,283675.071538096,0.038587604009080678
37.319122747463325,d62bf83a,SessionTracking,Tracking,30.0654926,30.0859337,1,0.027028749987948686,0.911180556,17.2918758,1,160x90 DepthUint16,"centre=0 min=626 max=24691 hex=0000 0DD8 0000 0000 03E1","centre=1639 min=762 max=4385 hex=05DD 05FB 0667 05C0 03C9",0,0,0,,0,,,None,Unavailable,NoWallUnderCrosshair,,,,"only 0 valid depth samples under crosshair (90 no-data, 19 out-of-range, 332 low-confidence)",0,,,None,Unavailable,NoWallInView,,,,-0.813664258,0.8280506,0.08768954,-0.03235443,0.0980154648,-0.0101748416,0.9946068,0,0,0,0,0,0,283675.104865179,283675.104865179,0.026903385994955897
37.352254101456992,d62bf83a,SessionTracking,Tracking,30.06393,30.0859337,1,0.031074895989149809,0.9116667,17.4491673,1,160x90 DepthUint16,"centre=0 min=624 max=24415 hex=0000 0BFF 0000 0000 03BB","centre=1763 min=634 max=4880 hex=061C 063E 06E3 0609 03CC",0,0,0,,0,,,None,Unavailable,NoWallUnderCrosshair,,,,"only 0 valid depth samples under crosshair (89 no-data, 15 out-of-range, 337 low-confidence)",0,,,None,Unavailable,NoWallInView,,,,-0.813307464,0.8318602,0.09200072,-0.0322276242,0.09231115,-0.008423061,0.9951729,0,0,0,0,0,0,283675.137430128,283675.137430128,0.030961615004343912
37.390233111454791,d62bf83a,SessionTracking,Tracking,30.0647755,30.0859337,1,0.037053540989290923,0.911597252,17.420763,1,160x90 DepthUint16,"centre=1414 min=628 max=24590 hex=0000 0BEC 0586 0000 03C0","centre=1856 min=832 max=5190 hex=0677 06B5 0740 0629 03CB",0,0,0,,0,,,None,Unavailable,NoWallUnderCrosshair,,,,"only 0 valid depth samples under crosshair (91 no-data, 13 out-of-range, 337 low-confidence)",0,,,None,Unavailable,NoWallInView,,,,-0.8104205,0.8327559,0.08943052,-0.03213361,0.08781202,-0.006813824,0.9955954,0,0,0,0,0,0,283675.17075721105,283675.17075721105,0.036946613981854171
37.420499361472821,d62bf83a,SessionTracking,Tracking,30.0650959,30.0859337,1,0.024886822997359559,0.918125,17.5333328,1,160x90 DepthUint16,"centre=1418 min=631 max=24067 hex=037E 0BE0 058A 0496 03C8","centre=1861 min=807 max=5915 hex=0667 0708 0745 0667 03D0",0,0,0,,0,,,None,Unavailable,NoWallUnderCrosshair,,,,"only 0 valid depth samples under crosshair (66 no-data, 8 out-of-range, 367 low-confidence)",0,,,None,Unavailable,NoWallInView,,,,-0.817374349,0.8377304,0.09061386,-0.03249536,0.0813896656,-0.00444838451,0.996142566,0,0,0,0,0,0,283675.203583771,283675.203583771,0.024799948005238548
37.451850247456377,d62bf83a,SessionTracking,Tracking,30.06586,30.0859337,1,0.030583801999455318,0.9181945,17.32368,1,160x90 DepthUint16,"centre=1417 min=629 max=22810 hex=0390 08F2 0589 0496 03DB","centre=1799 min=819 max=6384 hex=0605 06CA 0707 066F 03DA",0,0,0,,0,,,None,Unavailable,NoWallUnderCrosshair,,,,"only 0 valid depth samples under crosshair (71 no-data, 7 out-of-range, 363 low-confidence)",0,,,None,Unavailable,NoWallInView,,,,-0.814907849,0.8388225,0.0883391351,-0.0330898352,0.07380091,-0.00245118164,0.9967209,0,0,0,0,0,0,283675.236910855,283675.236910855,0.030497291998472065
37.484614570453914,d62bf83a,SessionTracking,Tracking,30.063221,30.0859337,1,0.032027187990024686,0.9145833,17.51118,1,160x90 DepthUint16,"centre=1397 min=629 max=22514 hex=03A5 0898 0575 1093 03DB","centre=1963 min=805 max=7059 hex=0666 073E 07AB 0708 03DD",0,0,0,,0,,,None,Unavailable,NoWallUnderCrosshair,,,,"only 0 valid depth samples under crosshair (58 no-data, 8 out-of-range, 375 low-confidence)",0,,,None,Unavailable,NoWallInView,,,,-0.8125549,0.839791656,0.0857379362,-0.0348441266,0.0664336458,-0.0006035567,0.997182131,0,0,0,0,0,0,283675.27023793804,283675.27023793804,0.031944688002113253
37.521134778453188,d62bf83a,SessionTracking,Tracking,30.0631561,29.960495,1,0.035660989989992231,0.919444442,17.0870132,1,160x90 DepthUint16,"centre=1554 min=542 max=22260 hex=03B8 0861 0612 04E2 03E2","centre=2099 min=802 max=7413 hex=0726 080C 0833 0731 03E4",0,0,0,,0,,,None,Unavailable,NoWallUnderCrosshair,,,,"only 0 valid depth samples under crosshair (39 no-data, 5 out-of-range, 397 low-confidence)",0,,,None,Unavailable,NoWallInView,,,,-0.8103019,0.840646267,0.08296051,-0.0369681828,0.05954282,0.0006110967,0.997540832,0,0,0,0,0,0,283675.303565021,283675.303565021,0.035577603994170204
37.55190342446781,d62bf83a,SessionTracking,Tracking,30.064085,29.960495,1,0.029690625000512227,0.9086111,16.7997227,1,160x90 DepthUint16,"centre=2924 min=554 max=21978 hex=040E 084A 0B6C 0496 03EF","centre=2151 min=802 max=8421 hex=073F 0818 0867 078E 03F9",0,0,0,,0,,,None,Unavailable,NoWallUnderCrosshair,,,,"only 0 valid depth samples under crosshair (39 no-data, 5 out-of-range, 397 low-confidence)",0,,,None,Unavailable,NoWallInView,,,,-0.818338633,0.847269952,0.09192031,-0.0374440327,0.04772819,0.00163859129,0.998156965,0,0,0,0,0,0,283675.336468836,283675.336468836,0.025964063010178506
37.589287434475182,d62bf83a,SessionTracking,Tracking,30.06552,29.960495,1,0.036598594015231356,0.880347252,16.889513,1,160x90 DepthUint16,"centre=2729 min=561 max=21879 hex=07DB 03AF 0AA9 048B 040C","centre=2150 min=811 max=9129 hex=06D4 07CB 0866 07CE 0411",0,0,0,,0,,,None,Unavailable,NoWallUnderCrosshair,,,,"only 0 valid depth samples under crosshair (28 no-data, 4 out-of-range, 409 low-confidence)",0,,,None,Unavailable,NoWallInView,,,,-0.8154882,0.8483564,0.09024735,-0.03782784,0.03361201,0.00182884932,0.9987171,0,0,0,0,0,0,283675.36979591905,283675.36979591905,0.036521094007184729
37.621794518465094,d62bf83a,SessionTracking,Tracking,30.0647564,29.960495,1,0.030031719012185931,0.876875,16.4808331,1,160x90 DepthUint16,"centre=1626 min=556 max=21737 hex=0887 03B8 065A 0498 0423","centre=2372 min=798 max=9076 hex=07E7 08E3 0944 085D 0423",0,0,0,,0,,,None,Unavailable,NoWallUnderCrosshair,,,,"only 0 valid depth samples under crosshair (8 no-data, 5 out-of-range, 428 low-confidence)",0,,,None,Unavailable,NoWallInView,,,,-0.8153288,0.850874543,0.09236735,-0.0365978964,0.02517057,0.00248405337,0.999009967,0,0,0,0,0,0,283675.403108588,283675.403108588,0.02990932299871929
37.65804373647893,d62bf83a,SessionTracking,Tracking,30.0642567,29.960495,1,0.035430989024462178,0.8688194,16.4147911,1,160x90 DepthUint16,"centre=1549 min=558 max=21558 hex=088F 03BB 060D 049C 042B","centre=2335 min=798 max=9097 hex=07D9 08C7 091F 0835 0428",0,0,0,,0,,,None,Unavailable,NoWallUnderCrosshair,,,,"only 0 valid depth samples under crosshair (6 no-data, 1 out-of-range, 434 low-confidence)",0,,,None,Unavailable,NoWallInView,,,,-0.8155288,0.8516325,0.08998811,-0.037879888,0.0237186011,0.002855629,0.9989967,0,0,0,0,0,0,283675.436435672,283675.436435672,0.035347239027032629
37.684648476457141,d62bf83a,SessionTracking,Tracking,30.06489,29.960495,1,0.025566666998201981,0.85381943,16.3878479,1,160x90 DepthUint16,"centre=1155 min=560 max=21429 hex=08AB 03D9 0483 04A6 0441","centre=2384 min=790 max=9097 hex=0830 08E7 0950 0886 0434",0,0,0,,0,,,None,Unavailable,NoWallUnderCrosshair,,,,"only 0 valid depth samples under crosshair (2 no-data, 0 out-of-range, 439 low-confidence)",0,,,None,Unavailable,NoWallInView,,,,-0.815199256,0.85173595,0.0871724561,-0.04195288,0.0192315,0.001980752,0.99893254,0,0,0,0,0,0,283675.46976275503,283675.46976275503,0.025485313002718613
37.717255299477756,d62bf83a,SessionTracking,Tracking,30.0640926,29.960495,1,0.031647813011659309,0.8398611,16.5681953,1,160x90 DepthUint16,"centre=1132 min=563 max=16198 hex=0A7B 0474 046C 04A3 0464","centre=2426 min=790 max=8938 hex=07F7 08ED 097A 08BD 044F",0,0,0,,0,,,None,Unavailable,NoWallUnderCrosshair,,,,"only 0 valid depth samples under crosshair (0 no-data, 0 out-of-range, 441 low-confidence)",0,,,None,Unavailable,NoWallInView,,,,-0.8155688,0.8527767,0.08664086,-0.04351638,0.0115481047,0.0008927585,0.9989856,0,0,0,0,0,0,283675.503089339,283675.503089339,0.030251511023379862
37.753431080465589,d62bf83a,SessionTracking,Tracking,30.0629177,29.960495,1,0.035025313001824543,0.84152776,16.407362,1,160x90 DepthUint16,"centre=1135 min=565 max=16112 hex=0C7A 0480 046F 049D 0470","centre=2414 min=792 max=8953 hex=0814 08EF 096E 08D9 0462",0,0,0,,0,,,None,Unavailable,NoWallUnderCrosshair,,,,"only 0 valid depth samples under crosshair (0 no-data, 0 out-of-range, 441 low-confidence)",0,,,None,Unavailable,NoWallInView,,,,-0.815711737,0.8532003,0.08434222,-0.0445916653,0.00769106857,0.000177145,0.9989757,0,0,0,0,0,0,283675.53641642304,283675.53641642304,0.034940624987939373
37.78327217445235,d62bf83a,SessionTracking,Tracking,30.0618629,29.960495,1,0.0091769269783981144,0.8308333,16.104723,1,160x90 DepthUint16,"centre=1138 min=567 max=15948 hex=0DC2 0486 0472 049C 0913","centre=2476 min=782 max=8723 hex=082E 0913 09AC 0918 046E",0,0,0,,0,,,None,Unavailable,NoWallUnderCrosshair,,,,"only 0 valid depth samples under crosshair (0 no-data, 0 out-of-range, 441 low-confidence)",0,,,None,Unavailable,NoWallInView,,,,-0.8161048,0.8533885,0.081933856,-0.04673379,0.00436024554,-0.000464916229,0.9988978,0,0,0,0,0,0,283675.569743506,283675.569743506,0.0091278649924788624
37.818951965458609,d62bf83a,SessionTracking,Tracking,30.0640526,29.960495,1,0.035114426980726421,0.8197917,16.056736,1,160x90 DepthUint16,"centre=1141 min=570 max=16247 hex=0DA9 0489 0475 049E 0706","centre=2525 min=781 max=8741 hex=083E 0927 09DD 094A 0484",0,0,0,,0,,,None,Unavailable,NoWallUnderCrosshair,,,,"only 0 valid depth samples under crosshair (0 no-data, 0 out-of-range, 441 low-confidence)",0,,,None,Unavailable,NoWallInView,,,,-0.8165988,0.8558476,0.08435985,-0.0472043827,-0.000134738162,-0.0006556809,0.998885036,0,0,0,0,0,0,283675.603035752,283675.603035752,0.03503651000210084
37.852865663476905,d62bf83a,SessionTracking,Tracking,30.064045,29.960495,1,0.033089896023739129,0.810486138,15.9920139,1,160x90 DepthUint16,"centre=1143 min=572 max=15980 hex=0D43 048C 0477 049F 07B0","centre=2563 min=797 max=8986 hex=0825 0934 0A03 098A 048F",0,0,0,,0,,,None,Unavailable,NoWallUnderCrosshair,,,,"only 0 valid depth samples under crosshair (0 no-data, 0 out-of-range, 441 low-confidence)",0,,,None,Unavailable,NoWallInView,,,,-0.8175908,0.8565133,0.08266521,-0.04713633,-0.00304331072,-5.13196E-05,0.998883843,0,0,0,0,0,0,283675.636362836,283675.636362836,0.03300833300454542
37.887080455464229,d62bf83a,SessionTracking,Tracking,30.0563869,29.960495,1,0.033136198006104678,0.7997222,15.8722219,1,160x90 DepthUint16,"centre=1145 min=574 max=16028 hex=0D20 0485 0479 04A1 098B","centre=2643 min=802 max=8939 hex=08AE 098D 0A53 09BB 048C",0,0,0,,0,,,None,Unavailable,NoWallUnderCrosshair,,,,"only 0 valid depth samples under crosshair (0 no-data, 0 out-of-range, 441 low-confidence)",0,,,None,Unavailable,NoWallInView,,,,-0.818738,0.857020736,0.0808230639,-0.0476954356,-0.005474374,0.000301390915,0.9988469,0,0,0,0,0,0,283675.66968991904,283675.66968991904,0.033031770988600329
37.921636444461683,d62bf83a,SessionTracking,Tracking,30.0646343,29.960495,1,0.033694062003633007,0.8015278,15.96125,1,160x90 DepthUint16,"centre=1149 min=577 max=15887 hex=0CE6 048A 047D 04A6 0C1D","centre=2681 min=776 max=8903 hex=08C1 09A5 0A79 0A00 04BE",0,0,0,,0,,,None,Unavailable,NoWallUnderCrosshair,,,,"only 0 valid depth samples under crosshair (0 no-data, 0 out-of-range, 441 low-confidence)",0,,,None,Unavailable,NoWallInView,,,,-0.8192749,0.857623935,0.0794079,-0.04858686,-0.008580186,0.000572413264,0.998782,0,0,0,0,0,0,283675.703015231,283675.703015231,0.033606354001676664
37.95468170545405,d62bf83a,SessionTracking,Tracking,30.0607662,29.960495,1,0.032016041979659349,0.7903472,15.9464579,1,160x90 DepthUint16,"centre=1146 min=579 max=15805 hex=0CF5 048F 047A 04AC 0E80","centre=2731 min=773 max=9021 hex=08FE 09DD 0AAB 0A25 04D6",0,0,0,,0,,,None,Unavailable,NoWallUnderCrosshair,,,,"only 0 valid depth samples under crosshair (0 no-data, 0 out-of-range, 441 low-confidence)",0,,,None,Unavailable,NoWallInView,,,,-0.820169866,0.857975364,0.07731357,-0.0494899824,-0.0127859,0.000786036369,0.9986925,0,0,0,0,0,0,283675.73634231504,283675.73634231504,0.031903333001537248
37.985461340463871,d62bf83a,SessionTracking,Tracking,30.0622,29.960495,1,0.029863698000553995,0.776666641,15.91625,1,160x90 DepthUint16,"centre=1151 min=581 max=15745 hex=0D9E 0494 047F 04B3 0FB1","centre=2844 min=773 max=9062 hex=0964 0A30 0B1C 0A8E 04FE",0,0,0,,0,,,None,Unavailable,NoWallUnderCrosshair,,,,"only 0 valid depth samples under crosshair (0 no-data, 0 out-of-range, 441 low-confidence)",0,,,None,Unavailable,NoWallInView,,,,-0.821081,0.85824734,0.0751307458,-0.0499039739,-0.01668304,0.0009178222,0.998614252,0,0,0,0,0,0,283675.769669398,283675.769669398,0.0297792179917451
38.018530872479232,d62bf83a,SessionTracking,Tracking,30.0625877,29.960495,1,0.032169532001717016,0.767083347,16.1555557,1,160x90 DepthUint16,"centre=1157 min=585 max=15813 hex=0E74 049C 0485 04BD 1022","centre=2852 min=780 max=9306 hex=091C 0A0F 0B24 0AD0 0503",0,0,0,,0,,,None,Unavailable,NoWallUnderCrosshair,,,,"only 0 valid depth samples under crosshair (0 no-data, 0 out-of-range, 441 low-confidence)",0,,,None,Unavailable,NoWallInView,,,,-0.82296735,0.8587251,0.06725294,-0.0501964,-0.0194631945,0.001048416,0.998549163,0,0,0,0,0,0,283675.80294324504,283675.80294324504,0.032085730024846271
38.05472134045317,d62bf83a,SessionTracking,Tracking,30.0626183,29.960495,1,0.035164217988494784,0.7729861,15.9660416,1,160x90 DepthUint16,"centre=1159 min=592 max=15719 hex=0E51 04A0 0487 04C3 1026","centre=2931 min=785 max=9205 hex=0947 0A40 0B73 0B26 04EF",0,0,0,,0,,,None,Unavailable,NoWallUnderCrosshair,,,,"only 0 valid depth samples under crosshair (0 no-data, 0 out-of-range, 441 low-confidence)",0,,,None,Unavailable,NoWallInView,,,,-0.8245042,0.8588664,0.06495647,-0.0494627878,-0.0205613244,0.0012728275,0.9985635,0,0,0,0,0,0,283675.836270329,283675.836270329,0.035022342985030264
38.086446653472876,d62bf83a,SessionTracking,Tracking,30.0628166,29.960495,1,0.030583334009861574,0.7660417,15.8998613,1,160x90 DepthUint16,"centre=1162 min=595 max=15678 hex=0E4F 04A4 048A 0485 102F","centre=2901 min=641 max=9238 hex=095A 0A48 0B55 0AEF 04D3",0,0,0,,0,,,None,Unavailable,NoWallUnderCrosshair,,,,"only 0 valid depth samples under crosshair (0 no-data, 0 out-of-range, 441 low-confidence)",0,,,None,Unavailable,NoWallInView,,,,-0.825785041,0.8589963,0.0628611,-0.0482556038,-0.0234209076,0.00150743139,0.9985593,0,0,0,0,0,0,283675.869597412,283675.869597412,0.030447708995779976
38.1235196744708,d62bf83a,SessionTracking,Tracking,30.0630455,29.960495,1,0.036277292005252093,0.758125,15.9209032,1,160x90 DepthUint16,"centre=1165 min=597 max=15669 hex=0E87 04A8 048D 0494 106D","centre=3000 min=735 max=9319 hex=0980 0A7F 0BB8 0B71 04FC",0,0,0,,0,,,None,Unavailable,NoWallUnderCrosshair,,,,"only 0 valid depth samples under crosshair (0 no-data, 0 out-of-range, 441 low-confidence)",0,,,None,Unavailable,NoWallInView,,,,-0.828224838,0.858943641,0.06499995,-0.0470374152,-0.02753359,0.00187209249,0.9985119,0,0,0,0,0,0,283675.90293108404,283675.90293108404,0.036196041997754946
38.151093840456952,d62bf83a,SessionTracking,Tracking,30.06286,29.960495,1,0.022818853991338983,0.75895834,15.7002773,1,160x90 DepthUint16,"centre=1168 min=599 max=15641 hex=0DC7 04AC 0490 04A1 1162","centre=2933 min=792 max=9289 hex=09A3 0A50 0B75 0B1C 0557",0,0,0,,0,,,None,Unavailable,NoWallUnderCrosshair,,,,"only 0 valid depth samples under crosshair (0 no-data, 0 out-of-range, 441 low-confidence)",0,,,None,Unavailable,NoWallInView,,,,-0.829868138,0.8589477,0.0631195,-0.04572444,-0.0297896657,0.00201475644,0.9985078,0,0,0,0,0,0,283675.936258168,283675.936258168,0.022723801987012848
38.191022486458451,d62bf83a,SessionTracking,Tracking,30.0613556,29.960495,1,0.039084999996703118,0.75375,15.8354168,1,160x90 DepthUint16,"centre=1170 min=602 max=15689 hex=0B44 04B0 0492 04AD 1310","centre=2952 min=784 max=9336 hex=0991 0A5E 0B88 0B26 0529",0,0,0,,0,,,None,Unavailable,NoWallUnderCrosshair,,,,"only 0 valid depth samples under crosshair (0 no-data, 0 out-of-range, 441 low-confidence)",0,,,None,Unavailable,NoWallInView,,,,-0.8316583,0.8588356,0.0610974,-0.04455524,-0.03160491,0.00211074948,0.998504639,0,0,0,0,0,0,283675.969585251,283675.969585251,0.039003957994282246
38.223157434465747,d62bf83a,SessionTracking,Tracking,30.0622978,29.960495,1,0.031016927008749917,0.7654167,15.52625,1,160x90 DepthUint16,"centre=1173 min=607 max=15516 hex=0A53 04B8 0495 04B9 0706","centre=2988 min=808 max=9277 hex=097F 0A5B 0BAC 0B44 0529",0,0,0,,0,,,None,Unavailable,NoWallUnderCrosshair,,,,"only 0 valid depth samples under crosshair (0 no-data, 0 out-of-range, 441 low-confidence)",0,,,None,Unavailable,NoWallInView,,,,-0.832728863,0.861322641,0.0602628,-0.0427081175,-0.0340147875,0.00236660242,0.998505652,0,0,0,0,0,0,283676.00292751903,283676.00292751903,0.030899114994099364
38.252429049465491,d62bf83a,SessionTracking,Tracking,30.0628033,29.960495,1,0.027801042015198618,0.761875,15.5835419,1,160x90 DepthUint16,"centre=1176 min=609 max=15656 hex=09C9 04BC 0498 04C8 0675","centre=3129 min=775 max=9435 hex=097F 0A9B 0C39 0C19 0561",0,0,0,,0,,,None,Unavailable,NoWallUnderCrosshair,,,,"only 0 valid depth samples under crosshair (0 no-data, 0 out-of-range, 441 low-confidence)",0,,,None,Unavailable,NoWallInView,,,,-0.8345702,0.861336768,0.0584505573,-0.0406807661,-0.0366662145,0.00257459283,0.998495936,0,0,0,0,0,0,283676.036254603,283676.036254603,0.027718177996575832
38.284833840476267,d62bf83a,SessionTracking,Tracking,30.06251,29.960495,1,0.031556666013784707,0.7561806,15.6665974,1,160x90 DepthUint16,"centre=1186 min=612 max=15602 hex=09B6 04BF 04A2 051F 05DA","centre=3125 min=798 max=9390 hex=098A 0A98 0C35 0C12 0588",0,0,0,,0,,,None,Unavailable,NoWallUnderCrosshair,,,,"only 0 valid depth samples under crosshair (0 no-data, 0 out-of-range, 441 low-confidence)",0,,,None,Unavailable,NoWallInView,,,,-0.836354256,0.8611827,0.0565736443,-0.0393430926,-0.04006197,0.00263723754,0.998418868,0,0,0,0,0,0,283676.069581686,283676.069581686,0.031476771022425964
38.319876080469612,d62bf83a,SessionTracking,Tracking,30.0626945,29.960495,1,0.034232083999086171,0.7511805,15.5579166,1,160x90 DepthUint16,"centre=1192 min=616 max=15557 hex=0956 04C4 04A8 053C 05F0","centre=3256 min=767 max=9546 hex=09DA 0AD9 0CB8 0C9F 05E8",0,0,0,,0,,,None,Unavailable,NoWallUnderCrosshair,,,,"only 0 valid depth samples under crosshair (0 no-data, 0 out-of-range, 441 low-confidence)",0,,,None,Unavailable,NoWallInView,,,,-0.838099658,0.861345053,0.05549535,-0.0370674431,-0.04459767,0.002978146,0.998312652,0,0,0,0,0,0,283676.102794033,283676.102794033,0.034114531008526683
38.353268580456415,d62bf83a,SessionTracking,Tracking,30.0611324,29.960495,1,0.018946770986076444,0.7576389,15.3565273,1,160x90 DepthUint16,"centre=1196 min=618 max=15459 hex=0947 04C1 04AC 0565 074F","centre=3354 min=792 max=9400 hex=09FB 0B21 0D1A 0CC0 0627",0,0,0,,0,,,None,Unavailable,NoWallUnderCrosshair,,,,"only 0 valid depth samples under crosshair (0 no-data, 0 out-of-range, 441 low-confidence)",0,,,None,Unavailable,NoWallInView,,,,-0.840108037,0.861323655,0.0538767725,-0.0348867923,-0.04879404,0.00366082788,0.998192668,0,0,0,0,0,0,283676.13612111704,283676.13612111704,0.018888281978433952
38.384303371454507,d62bf83a,SessionTracking,Tracking,30.0627022,29.960495,1,0.03013640598510392,0.7473611,15.0566664,1,160x90 DepthUint16,"centre=1200 min=620 max=15434 hex=097C 04C4 04B0 0581 0DEC","centre=3529 min=810 max=9473 hex=0A53 0B88 0DC9 0D53 06A8",0,0,0,,0,,,None,Unavailable,NoWallUnderCrosshair,,,,"only 0 valid depth samples under crosshair (0 no-data, 0 out-of-range, 441 low-confidence)",0,,,None,Unavailable,NoWallInView,,,,-0.8421561,0.8611209,0.0522020757,-0.03415167,-0.0536501966,0.004124344,0.9979671,0,0,0,0,0,0,283676.16944820003,283676.16944820003,0.030055624985834584
38.417699361456243,d62bf83a,SessionTracking,Tracking,30.0599,29.960495,1,0.032706301979487762,0.74333334,15.0881948,1,160x90 DepthUint16,"centre=1203 min=622 max=15395 hex=09B5 04C7 04B3 0591 1168","centre=3627 min=807 max=9632 hex=0A72 0BCF 0E2B 0DF1 06E0",0,0,0,,0,,,None,Unavailable,NoWallUnderCrosshair,,,,"only 0 valid depth samples under crosshair (0 no-data, 0 out-of-range, 441 low-confidence)",0,,,None,Unavailable,NoWallInView,,,,-0.8444105,0.8610114,0.05136963,-0.0337413177,-0.05614326,0.00455865264,0.9978421,0,0,0,0,0,0,283676.202804911,283676.202804911,0.032628593995468691
38.450150923457613,d62bf83a,SessionTracking,Tracking,30.05891,29.960495,1,0.031409478979185224,0.7428472,14.8200693,1,160x90 DepthUint16,"centre=1205 min=624 max=15405 hex=09DB 04C9 04B5 059E 147A","centre=3703 min=817 max=9575 hex=0AA5 0BFC 0E77 0DFF 06E3",0,0,0,,0,,,None,Unavailable,NoWallUnderCrosshair,,,,"only 0 valid depth samples under crosshair (0 no-data, 0 out-of-range, 441 low-confidence)",0,,,None,Unavailable,NoWallInView,,,,-0.8472378,0.860903442,0.04932417,-0.03301153,-0.0569597334,0.00514540169,0.997817338,0,0,0,0,0,0,283676.23613199504,283676.23613199504,0.031278020003810525
38.481419726452941,d62bf83a,SessionTracking,Tracking,30.0625038,29.960495,1,0.030560052982764319,0.7540278,14.8584719,1,160x90 DepthUint16,"centre=1206 min=627 max=15334 hex=0A08 04CC 04B6 05CD 1802","centre=3653 min=828 max=9490 hex=0A8F 0BE2 0E45 0D78 06DE",0,0,0,,0,,,None,Unavailable,NoWallUnderCrosshair,,,,"only 0 valid depth samples under crosshair (0 no-data, 0 out-of-range, 441 low-confidence)",0,,,None,Unavailable,NoWallInView,,,,-0.850179732,0.860854566,0.0471067429,-0.0320474,-0.0576968156,0.00575277256,0.9978031,0,0,0,0,0,0,283676.26945907803,283676.26945907803,0.030482343980111182
38.516874048454838,d62bf83a,SessionTracking,Tracking,30.0613041,29.960495,1,0.034660467994399369,0.748680532,14.6426392,1,160x90 DepthUint16,"centre=1209 min=630 max=15336 hex=0A51 04D7 04B9 05DA 1B89","centre=3701 min=833 max=9560 hex=0A7E 0BFC 0E75 0DE7 071B",0,0,0,,0,,,None,Unavailable,NoWallUnderCrosshair,,,,"only 0 valid depth samples under crosshair (0 no-data, 0 out-of-range, 441 low-confidence)",0,,,None,Unavailable,NoWallInView,,,,-0.8530517,0.8608906,0.0448086262,-0.03170807,-0.0592552572,0.00595834851,0.997721434,0,0,0,0,0,0,283676.30278764,283676.30278764,0.034578436985611916
38.547968788454227,d62bf83a,SessionTracking,Tracking,30.0614529,30.1898842,1,0.030137551977531984,0.7447917,14.5572224,1,160x90 DepthUint16,"centre=1208 min=632 max=15302 hex=0AC8 04DB 04B8 05E6 2108","centre=3735 min=846 max=9630 hex=0AA5 0C18 0E97 0DC3 0758",0,0,0,,0,,,None,Unavailable,NoWallUnderCrosshair,,,,"only 0 valid depth samples under crosshair (0 no-data, 0 out-of-range, 441 low-confidence)",0,,,None,Unavailable,NoWallInView,,,,-0.8559227,0.8607655,0.04233282,-0.0317768157,-0.06157925,0.005830944,0.9975792,0,0,0,0,0,0,283676.336114724,283676.336114724,0.030012447998160496
38.586116496476961,d62bf83a,SessionTracking,Tracking,30.0609722,30.1898842,1,0.03745031202561222,0.75125,14.1816664,1,160x90 DepthUint16,"centre=1211 min=350 max=15234 hex=0B2A 04DF 04BB 064F 2450","centre=3767 min=878 max=9564 hex=0AAB 0C27 0EB7 0DC3 07BC",0,0,0,,0,,,None,Unavailable,NoWallUnderCrosshair,,,,"only 0 valid depth samples under crosshair (0 no-data, 0 out-of-range, 441 low-confidence)",0,,,None,Unavailable,NoWallInView,,,,-0.8587391,0.8608302,0.0400091857,-0.0308110379,-0.06492807,0.005868107,0.997396946,0,0,0,0,0,0,283676.36944180704,283676.36944180704,0.037372291000792757
38.623348684461007,d62bf83a,SessionTracking,Tracking,30.0589828,30.1898842,1,0.03626729198731482,0.74222225,14.11493,1,160x90 DepthUint16,"centre=1214 min=352 max=15177 hex=0B65 04E3 04BE 0673 1C98","centre=3977 min=896 max=9664 hex=0B3C 0C98 0F89 0EAC 07F4",0,0,0,,0,,,None,Unavailable,NoWallUnderCrosshair,,,,"only 0 valid depth samples under crosshair (0 no-data, 0 out-of-range, 441 low-confidence)",0,,,None,Unavailable,NoWallInView,,,,-0.861013651,0.8606813,0.0363659337,-0.0298667438,-0.06877504,0.00603556633,0.997166753,0,0,0,0,0,0,283676.402689923,283676.402689923,0.036150364991044626
38.6495792574749,d62bf83a,SessionTracking,Tracking,30.0620346,30.1898842,1,0.024989010998979211,0.7342361,13.9996529,1,160x90 DepthUint16,"centre=1218 min=353 max=15137 hex=0B7D 04E4 04C2 069E 1AA8","centre=4037 min=920 max=9551 hex=0B23 0CB1 0FC5 0F20 0883",0,0,0,,0,,,None,Unavailable,NoWallUnderCrosshair,,,,"only 0 valid depth samples under crosshair (0 no-data, 0 out-of-range, 441 low-confidence)",0,,,None,Unavailable,NoWallInView,,,,-0.863859832,0.860836864,0.0341070667,-0.0284381527,-0.07307066,0.006328047,0.996901155,0,0,0,0,0,0,283676.43601700704,283676.43601700704,0.024904427002184093
38.691421496452449,d62bf83a,SessionTracking,Tracking,30.0593319,30.1898842,1,0.041009323002072051,0.7425,13.8110418,1,160x90 DepthUint16,"centre=1216 min=353 max=15070 hex=0349 04E2 04C0 06D4 12E2","centre=4108 min=940 max=9580 hex=0B6C 0CE6 100C 0ECD 08E2",0,0,0,,0,,,None,Unavailable,NoWallUnderCrosshair,,,,"only 0 valid depth samples under crosshair (0 no-data, 0 out-of-range, 441 low-confidence)",0,,,None,Unavailable,NoWallInView,,,,-0.8671522,0.8610369,0.0318971276,-0.0264015514,-0.0757476762,0.006542623,0.996756,0,0,0,0,0,0,283676.46934409003,283676.46934409003,0.040927551977802068
38.716948007469682,d62bf83a,SessionTracking,Tracking,30.0608578,30.1898842,1,0.024553802009904757,0.7270833,13.5095139,1,160x90 DepthUint16,"centre=1224 min=357 max=15019 hex=0BCF 04E2 04C8 0743 126C","centre=4307 min=959 max=9655 hex=0B75 0D26 10D3 10DE 094F",0,0,0,,0,,,None,Unavailable,NoWallUnderCrosshair,,,,"only 0 valid depth samples under crosshair (0 no-data, 0 out-of-range, 441 low-confidence)",0,,,None,Unavailable,NoWallInView,,,,-0.8667227,0.8594036,0.02741512,-0.0256753061,-0.07909988,0.00587213133,0.996518731,0,0,0,0,0,0,283676.50255023,283676.50255023,0.024447603995213285
38.752888892460533,d62bf83a,SessionTracking,Tracking,30.0614586,30.1898842,1,0.035239896009443328,0.7214583,13.1879864,1,160x90 DepthUint16,"centre=1226 min=359 max=15024 hex=0C0D 04DF 04CA 061B 1267","centre=4413 min=968 max=9762 hex=0B6F 0D5D 113D 1103 099C",0,0,0,,0,,,None,Unavailable,NoWallUnderCrosshair,,,,"only 0 valid depth samples under crosshair (0 no-data, 0 out-of-range, 441 low-confidence)",0,,,None,Unavailable,NoWallInView,,,,-0.8699339,0.859159231,0.0246453583,-0.0250267945,-0.0818378851,0.005918563,0.9963138,0,0,0,0,0,0,283676.535877314,283676.535877314,0.035114686994347721
38.785366965461208,d62bf83a,SessionTracking,Tracking,30.06119,30.1898842,1,0.03180010398500599,0.733541667,12.5774307,1,160x90 DepthUint16,"centre=1227 min=376 max=16676 hex=0AB2 04DE 04CB 060E 05B4","centre=4472 min=975 max=9654 hex=0BCB 0D97 1178 108A 09C8",0,0,0,,0,,,None,Unavailable,NoWallUnderCrosshair,,,,"only 0 valid depth samples under crosshair (0 no-data, 0 out-of-range, 441 low-confidence)",0,,,None,Unavailable,NoWallInView,,,,-0.873434246,0.85885644,0.0216329619,-0.0246317815,-0.08344417,0.00620159553,0.9961887,0,0,0,0,0,0,283676.56920439703,283676.56920439703,0.031726146000437438
38.817472798462177,d62bf83a,SessionTracking,Tracking,30.0621624,30.1898842,1,0.031381823006086051,0.726875,12.3588886,1,160x90 DepthUint16,"centre=1223 min=373 max=16688 hex=0AA8 04D8 04C7 05F9 05AF","centre=4559 min=978 max=9606 hex=0C08 0DCC 11CF 111B 0A15",0,0,0,,0,,,None,Unavailable,NoWallUnderCrosshair,,,,"only 0 valid depth samples under crosshair (0 no-data, 0 out-of-range, 441 low-confidence)",0,,,None,Unavailable,NoWallInView,,,,-0.8714814,0.8578814,0.0288415626,-0.0231593177,-0.0853773355,0.005988092,0.9960615,0,0,0,0,0,0,283676.602884876,283676.602884876,0.031304948002798483
38.848073527453153,d62bf83a,SessionTracking,Tracking,30.0631065,30.1898842,1,0.029718644975218922,0.717083335,12.2655554,1,160x90 DepthUint16,"centre=1221 min=374 max=16728 hex=0A64 04D2 04C5 051A 05B7","centre=4670 min=988 max=9767 hex=0C08 0DE9 123E 1259 0A85",0,0,0,,0,,,None,Unavailable,NoWallUnderCrosshair,,,,"only 0 valid depth samples under crosshair (0 no-data, 0 out-of-range, 441 low-confidence)",0,,,None,Unavailable,NoWallInView,,,,-0.8745889,0.857523859,0.0262148529,-0.02224608,-0.08861432,0.00637731049,0.995797157,0,0,0,0,0,0,283676.63621196,283676.63621196,0.029636092978762463
38.886904882474255,d62bf83a,SessionTracking,Tracking,30.064827,30.1898842,1,0.0381325000198558,0.7226389,11.9984722,1,160x90 DepthUint16,"centre=1215 min=394 max=17431 hex=09A3 04C3 04BF 0745 059F","centre=4721 min=999 max=9761 hex=0C69 0E48 1271 12AD 0A74",0,0,0,,0,,,None,Unavailable,NoWallUnderCrosshair,,,,"only 0 valid depth samples under crosshair (0 no-data, 0 out-of-range, 441 low-confidence)",0,,,None,Unavailable,NoWallInView,,,,-0.8776384,0.8570155,0.0236133263,-0.0225532316,-0.0929367244,0.00643149,0.9953958,0,0,0,0,0,0,283676.66953904304,283676.66953904304,0.038052343996241689
38.918918111452285,d62bf83a,SessionTracking,Tracking,30.0624046,30.1898842,1,0.031389010982820764,0.7138889,11.8809032,1,160x90 DepthUint16,"centre=1195 min=383 max=17457 hex=067B 04B7 04AB 0625 0584","centre=4911 min=999 max=9926 hex=0CBE 0E9A 132F 1442 0B59",0,0,0,,0,,,None,Unavailable,NoWallUnderCrosshair,,,,"only 0 valid depth samples under crosshair (0 no-data, 0 out-of-range, 441 low-confidence)",0,,,None,Unavailable,NoWallInView,,,,-0.877302468,0.8550482,0.03679061,-0.0206973832,-0.0974907354,0.006511331,0.994999945,0,0,0,0,0,0,283676.703777146,283676.703777146,0.0313185419945512
38.949938892477576,d62bf83a,SessionTracking,Tracking,30.0646553,30.1898842,1,0.030444635020103306,0.704930544,11.7056942,1,160x90 DepthUint16,"centre=1191 min=383 max=17490 hex=0678 04B1 04A7 05A1 0572","centre=5086 min=1012 max=9933 hex=0D15 0F2A 13DE 1544 0B52",0,0,0,,0,,,None,Unavailable,NoWallUnderCrosshair,,,,"only 0 valid depth samples under crosshair (0 no-data, 0 out-of-range, 441 low-confidence)",0,,,None,Unavailable,NoWallInView,,,,-0.8806076,0.854591548,0.0349169821,-0.01979404,-0.10067641,0.006729305,0.994699538,0,0,0,0,0,0,283676.73710423004,283676.73710423004,0.030386250000447035
38.981423371474875,d62bf83a,SessionTracking,Tracking,30.0670624,30.1898842,1,0.030834948003757745,0.7173611,11.6946526,1,160x90 DepthUint16,"centre=1198 min=394 max=17591 hex=067B 04BB 04AE 059F 0554","centre=4945 min=1015 max=10100 hex=0C47 0E8F 1351 144C 0B3B",0,0,0,,0,,,None,Unavailable,NoWallUnderCrosshair,,,,"only 0 valid depth samples under crosshair (0 no-data, 0 out-of-range, 441 low-confidence)",0,,,None,Unavailable,NoWallInView,,,,-0.883967638,0.8539692,0.0328054279,-0.0199397448,-0.103360027,0.00694790529,0.9944199,0,0,0,0,0,0,283676.770431313,283676.770431313,0.030771823017857969
39.014594673473539,d62bf83a,SessionTracking,Tracking,30.0626678,30.1898842,1,0.032369843014748767,0.7029167,11.603056,1,160x90 DepthUint16,"centre=1193 min=389 max=17630 hex=0690 04B6 04A9 0561 05C3","centre=5181 min=1020 max=9988 hex=0C75 0EDC 143D 16B7 0B6C",0,0,0,,0,,,None,Unavailable,NoWallUnderCrosshair,,,,"only 0 valid depth samples under crosshair (0 no-data, 0 out-of-range, 441 low-confidence)",0,,,None,Unavailable,NoWallInView,,,,-0.88746,0.8527746,0.0366463736,-0.0208304822,-0.107459113,0.00741529465,0.9939636,0,0,0,0,0,0,283676.804117696,283676.804117696,0.032287552021443844
39.054292069460416,d62bf83a,SessionTracking,Tracking,30.06491,30.1898842,1,0.038784948003012687,0.693194449,11.3356943,1,160x90 DepthUint16,"centre=1194 min=390 max=17671 hex=06B5 04B8 04AA 054A 059C","centre=5285 min=1022 max=9864 hex=0C92 0F28 14A5 175C 0BA1",0,0,0,,0,,,None,Unavailable,NoWallUnderCrosshair,,,,"only 0 valid depth samples under crosshair (19 no-data, 0 out-of-range, 422 low-confidence)",0,,,None,Unavailable,NoWallInView,,,,-0.890621245,0.8519547,0.0344184041,-0.0225424636,-0.111567475,0.00724339532,0.9934748,0,0,0,0,0,0,283676.83744478005,283676.83744478005,0.038666718988679349
39.084637746451108,d62bf83a,SessionTracking,Tracking,30.0647488,30.1898842,1,0.029632186982780695,0.70375,11.2313194,1,160x90 DepthUint16,"centre=1196 min=400 max=17895 hex=0862 04BB 04AC 055D 05AF","centre=5163 min=1030 max=9844 hex=0C4F 0EDA 142B 15DB 0B9E",0,0,0,,0,,,None,Unavailable,NoWallUnderCrosshair,,,,"only 0 valid depth samples under crosshair (38 no-data, 0 out-of-range, 403 low-confidence)",0,,,None,Unavailable,NoWallInView,,,,-0.8939463,0.8513466,0.0320982262,-0.0230371039,-0.114888661,0.00729242,0.9930845,0,0,0,0,0,0,283676.87077186303,283676.87077186303,0.029553541971836239
39.124955194452696,d62bf83a,SessionTracking,Tracking,30.0676441,30.1898842,1,0.039626405981834978,0.6923611,11.0079861,1,160x90 DepthUint16,"centre=1193 min=394 max=17742 hex=0908 04BA 04A9 0588 05AD","centre=5368 min=1034 max=9936 hex=0C9C 0F38 14F8 1796 0BF2",0,0,0,,0,,,None,Unavailable,NoWallUnderCrosshair,,,,"only 0 valid depth samples under crosshair (55 no-data, 0 out-of-range, 386 low-confidence)",0,,,None,Unavailable,NoWallInView,,,,-0.8989055,0.8512919,0.032723017,-0.0232350212,-0.1179629,0.007792563,0.9927156,0,0,0,0,0,0,283676.90410365805,283676.90410365805,0.039555155992275104
39.152817642465152,d62bf83a,SessionTracking,Tracking,30.067524,30.1898842,1,0.026836509990971535,0.6840278,10.7368059,1,160x90 DepthUint16,"centre=1196 min=394 max=17774 hex=09F1 04BE 04AC 05DA 05BF","centre=5415 min=1042 max=9927 hex=0CA0 0F75 1527 1838 0BDC",0,0,0,,0,,,None,Unavailable,NoWallUnderCrosshair,,,,"only 0 valid depth samples under crosshair (72 no-data, 0 out-of-range, 369 low-confidence)",0,,,None,Unavailable,NoWallInView,,,,-0.9023849,0.8506863,0.0304585323,-0.0242536515,-0.121270984,0.008063734,0.9922903,0,0,0,0,0,0,283676.937430742,283676.937430742,0.026718698005424812
39.184424100476235,d62bf83a,SessionTracking,Tracking,30.0634632,30.1898842,1,0.0308607810002286,0.691666663,10.5286808,1,160x90 DepthUint16,"centre=1199 min=398 max=19928 hex=0B05 04C4 04AF 0687 0629","centre=5190 min=1043 max=9818 hex=0C37 0EDD 1446 1667 0BDB",0,0,0,,0,,,None,Unavailable,NoWallUnderCrosshair,,,,"only 0 valid depth samples under crosshair (89 no-data, 0 out-of-range, 352 low-confidence)",0,,,None,Unavailable,NoWallInView,,,,-0.905915141,0.850072265,0.0281712413,-0.025175672,-0.124571815,0.008170038,0.9918575,0,0,0,0,0,0,283676.970757825,283676.970757825,0.030771146004553884
39.216083267474232,d62bf83a,SessionTracking,Tracking,30.0698032,30.1898842,1,0.030960625008447096,0.681875,10.332222,1,160x90 DepthUint16,"centre=1202 min=408 max=19929 hex=09CF 0000 04B2 0765 0688","centre=5525 min=1049 max=9882 hex=0C9D 0F9B 1595 1854 0C43",0,0,0,,0,,,None,Unavailable,NoWallUnderCrosshair,,,,"only 0 valid depth samples under crosshair (106 no-data, 0 out-of-range, 335 low-confidence)",0,,,None,Unavailable,NoWallInView,,,,-0.9102413,0.8499621,0.027012825,-0.0257662758,-0.127708822,0.008300751,0.9914422,0,0,0,0,0,0,283677.004073532,283677.004073532,0.03087656301795505
39.249007069450954,d62bf83a,SessionTracking,Tracking,30.0651455,30.1898842,1,0.032034062984166667,0.6677778,10.0748615,1,160x90 DepthUint16,"centre=0 min=437 max=19989 hex=09D5 0000 0000 08EC 06FA","centre=5676 min=1055 max=9633 hex=0CC4 0FE6 162C 1A8F 0C71",0,0,0,,0,,,None,Unavailable,NoWallUnderCrosshair,,,,"only 0 valid depth samples under crosshair (124 no-data, 0 out-of-range, 317 low-confidence)",0,,,None,Unavailable,NoWallInView,,,,-0.913684,0.849332,0.0247338787,-0.0273354165,-0.132787332,0.008215816,0.9907335,0,0,0,0,0,0,283677.03740061604,283677.03740061604,0.03192953098914586
39.285929673471173,d62bf83a,SessionTracking,Tracking,30.066103,30.1898842,1,0.036228437005775049,0.670555532,9.784513,1,160x90 DepthUint16,"centre=0 min=637 max=23271 hex=09BD 0000 0000 0BEE 06E6","centre=5511 min=1056 max=9363 hex=0C38 0F5F 1587 18EF 0C3F",0,0,0,,0,,,None,Unavailable,NoWallUnderCrosshair,,,,"only 0 valid depth samples under crosshair (140 no-data, 0 out-of-range, 301 low-confidence)",0,,,None,Unavailable,NoWallInView,,,,-0.9170662,0.848678946,0.0223650411,-0.0291023664,-0.138651356,0.008026093,0.989881039,0,0,0,0,0,0,283677.070727699,283677.070727699,0.03610093699535355
39.317654048474424,d62bf83a,SessionTracking,Tracking,30.0642128,30.1898842,1,0.030649583000922576,0.6588889,9.382916,1,160x90 DepthUint16,"centre=0 min=673 max=23351 hex=09C0 0000 0000 0D6B 06B2","centre=5544 min=1063 max=9386 hex=0C83 0F84 15A8 1969 0C90",0,0,0,,0,,,None,Unavailable,NoWallUnderCrosshair,,,,"only 0 valid depth samples under crosshair (161 no-data, 0 out-of-range, 280 low-confidence)",0,,,None,Unavailable,NoWallInView,,,,-0.920746446,0.8481429,0.0199623927,-0.0299098827,-0.142895639,0.008084148,0.9892527,0,0,0,0,0,0,283677.10405178403,283677.10405178403,0.030487812007777393
39.359264621456305,d62bf83a,SessionTracking,Tracking,30.065834,30.1898842,1,0.040806249977322295,0.644166648,9.087292,1,160x90 DepthUint16,"centre=0 min=696 max=23407 hex=09D5 0000 0000 0EB9 0686","centre=5839 min=1072 max=9477 hex=0D58 104B 16CF 1B21 0CA7",0,0,0,,0,,,None,Unavailable,NoWallUnderCrosshair,,,,"only 0 valid depth samples under crosshair (201 no-data, 0 out-of-range, 240 low-confidence)",0,,,None,Unavailable,NoWallInView,,,,-0.9247891,0.847728,0.017640017,-0.0295007061,-0.146643832,0.00860867,0.9887119,0,0,0,0,0,0,283677.137378868,283677.137378868,0.040724322985624894
39.387493892459815,d62bf83a,SessionTracking,Tracking,30.06491,30.1898842,1,0.027512968983501196,0.6471528,8.669583,1,160x90 DepthUint16,"centre=0 min=738 max=23464 hex=09F9 0000 0000 0FE9 06DC","centre=5847 min=1087 max=9519 hex=0D81 1074 16D7 1A05 0CBE",0,0,0,,0,,,None,Unavailable,NoWallUnderCrosshair,,,,"only 0 valid depth samples under crosshair (211 no-data, 0 out-of-range, 230 low-confidence)",0,,,None,Unavailable,NoWallInView,,,,-0.9289059,0.84734863,0.0154417232,-0.0287251584,-0.150857985,0.009404004,0.988093257,0,0,0,0,0,0,283677.170705951,283677.170705951,0.027430989983258769
39.419052173474256,d62bf83a,SessionTracking,Tracking,30.0645332,30.1898842,1,0.03088057300192304,0.6395139,8.164514,1,160x90 DepthUint16,"centre=0 min=739 max=24692 hex=0A2C 0000 0000 13C0 06E3","centre=5932 min=1109 max=9524 hex=0DC5 10B5 172C 19AE 0D0E",0,0,0,,0,,,None,Unavailable,NoWallUnderCrosshair,,,,"only 0 valid depth samples under crosshair (231 no-data, 0 out-of-range, 210 low-confidence)",0,,,None,Unavailable,NoWallInView,,,,-0.934231341,0.847272754,0.009393655,-0.0290404167,-0.154604673,0.0100691039,0.9874982,0,0,0,0,0,0,283677.20384742704,283677.20384742704,0.030804844020167366
39.451332017462619,d62bf83a,SessionTracking,Tracking,30.06586,30.1898842,1,0.031541823002044111,0.630069435,7.822708,1,160x90 DepthUint16,"centre=0 min=738 max=23566 hex=1DBB 0000 0000 1657 075B","centre=5904 min=1126 max=9461 hex=0D89 108E 1710 1A45 0CF5",0,0,0,,0,,,None,Unavailable,NoWallUnderCrosshair,,,,"only 0 valid depth samples under crosshair (250 no-data, 0 out-of-range, 191 low-confidence)",0,,,None,Unavailable,NoWallInView,,,,-0.9388487,0.8467485,0.006893046,-0.028800847,-0.157280475,0.0106507847,0.987076461,0,0,0,0,0,0,283677.237174511,283677.237174511,0.031456302007427439
39.486751913474791,d62bf83a,SessionTracking,Tracking,30.06648,30.1898842,1,0.034717864997219294,0.642291665,7.5736804,1,160x90 DepthUint16,"centre=0 min=957 max=25414 hex=053D 0000 0000 179F 07FB","centre=5906 min=1144 max=9687 hex=0D37 1067 1712 183F 0CA6",0,0,0,,0,,,None,Unavailable,NoWallUnderCrosshair,,,,"only 0 valid depth samples under crosshair (238 no-data, 0 out-of-range, 203 low-confidence)",0,,,None,Unavailable,NoWallInView,,,,-0.9437707,0.846272647,0.00423924625,-0.0279560089,-0.158595353,0.0113676786,0.9868823,0,0,0,0,0,0,283677.270501594,283677.270501594,0.034637864999240264
39.5180837364785,d62bf83a,SessionTracking,Tracking,30.06687,30.1898842,1,0.03054880301351659,0.637638867,7.47569466,1,160x90 DepthUint16,"centre=0 min=964 max=25176 hex=053E 0000 0000 1855 07D0","centre=5789 min=1153 max=9779 hex=0D13 1030 169D 1765 0C9D",0,0,0,,0,,,None,Unavailable,NoWallUnderCrosshair,,,,"only 0 valid depth samples under crosshair (255 no-data, 0 out-of-range, 186 low-confidence)",0,,,None,Unavailable,NoWallInView,,,,-0.948586762,0.8456516,0.0015957579,-0.0276353,-0.159691975,0.0117809782,0.9867097,0,0,0,0,0,0,283677.303804835,283677.303804835,0.03047307301312685
39.550446131473791,d62bf83a,SessionTracking,Tracking,30.06525,29.9258633,1,0.031762031023390591,0.629305542,7.499722,1,160x90 DepthUint16,"centre=0 min=975 max=26036 hex=0540 0000 0000 1A07 0831","centre=6128 min=1157 max=9580 hex=0D76 10E5 17F0 19C3 0D79",0,0,0,,0,,,None,Unavailable,NoWallUnderCrosshair,,,,"only 0 valid depth samples under crosshair (276 no-data, 0 out-of-range, 165 low-confidence)",0,,,None,Unavailable,NoWallInView,,,,-0.9536347,0.8450479,-0.0012389347,-0.0273521636,-0.160986051,0.0119256983,0.9865055,0,0,0,0,0,0,283677.337131919,283677.337131919,0.0316965100064408
39.5811284754634,d62bf83a,SessionTracking,Tracking,30.068491,29.9258633,1,0.03007286399952136,0.656944454,7.285,1,160x90 DepthUint16,"centre=0 min=980 max=28349 hex=0540 0000 0000 1C09 07FD","centre=5910 min=1172 max=9700 hex=0D06 1067 1716 171B 0D3B",0,0,0,,0,,,None,Unavailable,NoWallUnderCrosshair,,,,"only 0 valid depth samples under crosshair (263 no-data, 0 out-of-range, 178 low-confidence)",0,,,None,Unavailable,NoWallInView,,,,-0.95891434,0.844557047,-0.004162319,-0.0263329856,-0.16177097,0.0120164435,0.9864037,0,0,0,0,0,0,283677.37071582105,283677.37071582105,0.030004530999576673
39.617891652454773,d62bf83a,SessionTracking,Tracking,30.067234,29.9258633,1,0.0359875519934576,0.650972247,7.00680542,1,160x90 DepthUint16,"centre=0 min=986 max=28385 hex=0542 0000 0000 1CA7 077B","centre=5961 min=1208 max=9686 hex=0D8C 10BB 1749 178C 0E00",0,0,0,,0,,,None,Unavailable,NoWallUnderCrosshair,,,,"only 0 valid depth samples under crosshair (279 no-data, 0 out-of-range, 162 low-confidence)",0,,,None,Unavailable,NoWallInView,,,,-0.9641445,0.844012558,-0.00716939569,-0.02615545,-0.16362536,0.0121173561,0.9861014,0,0,0,0,0,0,283677.404764654,283677.404764654,0.035919322981499135
39.654855923468631,d62bf83a,SessionTracking,Tracking,30.0665512,29.9258633,1,0.036414166999747977,0.641666651,6.74006939,1,160x90 DepthUint16,"centre=0 min=988 max=28367 hex=0544 0000 0000 1231 06A9","centre=6250 min=1259 max=9722 hex=0E28 1180 186A 1880 0E16",0,0,0,,0,,,None,Unavailable,NoWallUnderCrosshair,,,,"only 0 valid depth samples under crosshair (299 no-data, 1 out-of-range, 141 low-confidence)",0,,,None,Unavailable,NoWallInView,,,,-0.969235539,0.8435509,-0.0100679919,-0.0260669384,-0.166268185,0.0123406062,0.9856587,0,0,0,0,0,0,283677.43809173803,283677.43809173803,0.036351615010062233
39.680931288461352,d62bf83a,SessionTracking,Tracking,30.0673523,29.9258633,1,0.0255256780073978,0.6585417,6.47006941,1,160x90 DepthUint16,"centre=0 min=1047 max=28349 hex=0545 0000 0000 1235 06C9","centre=6393 min=1284 max=9575 hex=0E60 11E6 18F9 1921 0ECB",0,0,0,,0,,,None,Unavailable,NoWallUnderCrosshair,,,,"only 0 valid depth samples under crosshair (298 no-data, 3 out-of-range, 140 low-confidence)",0,,,None,Unavailable,NoWallInView,,,,-0.9745173,0.843272448,-0.0130076259,-0.02486059,-0.169037536,0.0127142668,0.985214,0,0,0,0,0,0,283677.472105148,283677.472105148,0.025460834003752097
39.715693996465916,d62bf83a,SessionTracking,Tracking,30.0656471,29.9258633,1,0.034228542004711926,0.6472222,6.03256941,1,160x90 DepthUint16,"centre=0 min=1116 max=28363 hex=0543 0000 0000 1236 06DB","centre=6497 min=1323 max=9448 hex=0E55 11EC 1961 1991 0F40",0,0,0,,0,,,None,Unavailable,NoWallUnderCrosshair,,,,"only 0 valid depth samples under crosshair (314 no-data, 8 out-of-range, 119 low-confidence)",0,,,None,Unavailable,NoWallInView,,,,-0.981806338,0.8433744,-0.0145136043,-0.0239891037,-0.172962636,0.013101995,0.984549046,0,0,0,0,0,0,283677.506085577,283677.506085577,0.034164792014053091
39.750295038454851,d62bf83a,SessionTracking,Tracking,30.0693283,29.9258633,1,0.033786927990149707,0.634375,5.674861,1,160x90 DepthUint16,"centre=0 min=1123 max=28340 hex=0000 0000 0000 082E 04B7","centre=6592 min=1393 max=9461 hex=0EAE 1254 19C0 1A11 0F97",0,0,0,,0,,,None,Unavailable,NoWallUnderCrosshair,,,,"only 0 valid depth samples under crosshair (330 no-data, 13 out-of-range, 98 low-confidence)",0,,,None,Unavailable,NoWallInView,,,,-0.9869953,0.843013167,-0.01746019,-0.0234028045,-0.176921919,0.0131162116,0.983859241,0,0,0,0,0,0,283677.539412661,283677.539412661,0.033697865001158789
39.781338996461045,d62bf83a,SessionTracking,Tracking,30.0655766,29.9258633,1,0.030344478989718482,0.6490972,5.370278,1,160x90 DepthUint16,"centre=0 min=1147 max=26296 hex=0000 0000 0000 1238 0493","centre=6701 min=1465 max=9394 hex=0F06 12B8 1A2D 1A2A 0FB4",0,0,0,,0,,,None,Unavailable,NoWallUnderCrosshair,,,,"only 0 valid depth samples under crosshair (313 no-data, 15 out-of-range, 113 low-confidence)",0,,,None,Unavailable,NoWallInView,,,,-0.9925834,0.8426429,-0.0205058828,-0.022241259,-0.179083541,0.0132593522,0.9834931,0,0,0,0,0,0,283677.573054126,283677.573054126,0.030262135987868533
39.8234528504579,d62bf83a,SessionTracking,Tracking,30.0679073,29.9258633,1,0.041326874983496964,0.644166648,5.11395836,1,160x90 DepthUint16,"centre=0 min=1145 max=27162 hex=0000 0000 0000 0DD8 04A0","centre=6785 min=1496 max=9296 hex=0F17 12E5 1A81 1A35 1002",0,0,0,,0,,,None,Unavailable,NoWallUnderCrosshair,,,,"only 0 valid depth samples under crosshair (318 no-data, 18 out-of-range, 105 low-confidence)",0,,,None,Unavailable,NoWallInView,,,,-0.998571634,0.842452168,-0.02010344,-0.0212039426,-0.180496126,0.0132265687,0.9832582,0,0,0,0,0,0,283677.606334747,283677.606334747,0.041240468999603763
39.853928788452095,d62bf83a,SessionTracking,Tracking,30.0657425,29.9258633,1,0.029274895990965888,0.6365278,4.96055555,1,160x90 DepthUint16,"centre=0 min=1146 max=24235 hex=0000 0000 0000 0DD9 0600","centre=6873 min=1613 max=9510 hex=104E 13E8 1AD9 1A7C 119C",0,0,0,,0,,,None,Unavailable,NoWallUnderCrosshair,,,,"only 0 valid depth samples under crosshair (317 no-data, 19 out-of-range, 105 low-confidence)",0,,,None,Unavailable,NoWallInView,,,,-1.004434,0.8417183,-0.02309864,-0.0209192485,-0.18225193,0.0132212043,0.982940435,0,0,0,0,0,0,283677.639661831,283677.639661831,0.029123958986019716
39.885434152474545,d62bf83a,SessionTracking,Tracking,30.0661659,29.9258633,1,0.030791927012614906,0.655625,4.84576368,1,160x90 DepthUint16,"centre=0 min=1148 max=30722 hex=0000 0000 0000 0E52 07D2","centre=7031 min=1602 max=9857 hex=10CA 143A 1B77 1B13 114E",0,0,0,,0,,,None,Unavailable,NoWallUnderCrosshair,,,,"only 0 valid depth samples under crosshair (301 no-data, 23 out-of-range, 117 low-confidence)",0,,,None,Unavailable,NoWallInView,,,,-1.0105387,0.8411405,-0.0260875449,-0.0195053462,-0.1839671,0.0133909592,0.982647657,0,0,0,0,0,0,283677.672988914,283677.672988914,0.03070765599841252
39.922181600475369,d62bf83a,SessionTracking,Tracking,30.0660629,29.9258633,1,0.035692603996722028,0.639791667,4.40895844,1,160x90 DepthUint16,"centre=0 min=1151 max=30765 hex=0000 0000 0000 0E64 08BA","centre=7309 min=1710 max=9524 hex=11DA 153F 1C8D 1BD7 1166",0,0,0,,0,,,None,Unavailable,NoWallUnderCrosshair,,,,"only 0 valid depth samples under crosshair (311 no-data, 23 out-of-range, 107 low-confidence)",0,,,None,Unavailable,NoWallInView,,,,-1.01898682,0.840686262,-0.0275502875,-0.0181631837,-0.187108,0.0141184935,0.982069969,0,0,0,0,0,0,283677.706338138,283677.706338138,0.035580625000875443
39.954628267474391,d62bf83a,SessionTracking,Tracking,30.065321,29.9258633,1,0.031729167007142678,0.62875,4.201875,1,160x90 DepthUint16,"centre=0 min=1155 max=30826 hex=0000 0000 0000 0E9F 092D","centre=7475 min=1785 max=9772 hex=11EC 1592 1D33 1C62 11C1",0,0,0,,0,,,None,Unavailable,NoWallUnderCrosshair,,,,"only 0 valid depth samples under crosshair (316 no-data, 28 out-of-range, 97 low-confidence)",0,,,None,Unavailable,NoWallInView,,,,-1.02517128,0.840238333,-0.0306374431,-0.0172421,-0.190629482,0.01482788,0.981398642,0,0,0,0,0,0,283677.739665222,283677.739665222,0.031644271017285064
39.985086027478019,d62bf83a,SessionTracking,Tracking,30.0622578,29.9258633,1,0.029695729026570916,0.6400694,3.70875,1,160x90 DepthUint16,"centre=0 min=1140 max=32919 hex=0000 0000 0000 096A 09EB","centre=7479 min=1882 max=9584 hex=122A 15BC 1D37 1C25 11DE",0,0,0,,0,,,None,Unavailable,NoWallUnderCrosshair,,,,"only 0 valid depth samples under crosshair (315 no-data, 30 out-of-range, 96 low-confidence)",0,,,None,Unavailable,NoWallInView,,,,-1.03130615,0.8398912,-0.0336201862,-0.01606063,-0.195860133,0.0156768579,0.980375,0,0,0,0,0,0,283677.773297831,283677.773297831,0.029610104014864191
40.016077225478284,d62bf83a,SessionTracking,Tracking,30.061203,29.9258633,1,0.030180573026882485,0.625,3.567361,1,160x90 DepthUint16,"centre=0 min=1138 max=33742 hex=0000 0000 0000 094E 0B0C","centre=7874 min=1966 max=9729 hex=130A 16D4 1EC2 1D7D 125A",0,0,0,,0,,,None,Unavailable,NoWallUnderCrosshair,,,,"only 0 valid depth samples under crosshair (325 no-data, 31 out-of-range, 85 low-confidence)",0,,,None,Unavailable,NoWallInView,,,,-1.03513384,0.8389391,-0.0299255624,-0.0152640268,-0.202597141,0.016035676,0.9790119,0,0,0,0,0,0,283677.80665865605,283677.80665865605,0.029992552008479834
40.048705715456663,d62bf83a,SessionTracking,Tracking,30.0657558,29.9258633,1,0.031999219005228952,0.6004861,2.995278,1,160x90 DepthUint16,"centre=0 min=1143 max=33942 hex=2849 0000 0000 0C5E 0C2F","centre=7679 min=2066 max=9680 hex=1375 16EF 1DFF 1D6D 12B2",0,0,0,,0,,,None,Unavailable,NoWallUnderCrosshair,,,,"only 0 valid depth samples under crosshair (345 no-data, 33 out-of-range, 63 low-confidence)",0,,,None,Unavailable,NoWallInView,,,,-1.04072309,0.8383601,-0.0325600728,-0.0156170661,-0.210583791,0.0159573872,0.97732085,0,0,0,0,0,0,283677.83998574,283677.83998574,0.031934531987644732
40.084363579462433,d62bf83a,SessionTracking,Tracking,30.0623112,29.9258633,1,0.034981770993908867,0.586319447,2.804375,1,160x90 DepthUint16,"centre=0 min=1136 max=34132 hex=2854 0000 0000 0D53 0C73","centre=7575 min=2149 max=9776 hex=13E8 171A 1D97 1D19 13F7",0,0,0,,0,,,None,Unavailable,NoWallUnderCrosshair,,,,"only 0 valid depth samples under crosshair (356 no-data, 33 out-of-range, 52 low-confidence)",0,,,None,Unavailable,NoWallInView,,,,-1.0470916,0.8378134,-0.03544259,-0.0156078935,-0.214798,0.0158202052,0.9764056,0,0,0,0,0,0,283677.873613921,283677.873613921,0.034900155995273963
40.115663162465125,d62bf83a,SessionTracking,Tracking,30.0642834,29.9258633,1,0.030382916011149064,0.637083352,2.52805567,1,160x90 DepthUint16,"centre=0 min=1134 max=33367 hex=1643 0000 0000 0CAC 0C73","centre=7258 min=2080 max=9324 hex=135C 165A 1C5A 1BEB 1285",0,0,0,,0,,,None,Unavailable,NoWallUnderCrosshair,,,,"only 0 valid depth samples under crosshair (352 no-data, 29 out-of-range, 60 low-confidence)",0,,,None,Unavailable,NoWallInView,,,,-1.05382538,0.8373061,-0.0384269655,-0.0153939882,-0.216729626,0.0154737541,0.9759876,0,0,0,0,0,0,283677.90727146104,283677.90727146104,0.030217082996387035
40.148168944466079,d62bf83a,SessionTracking,Tracking,30.0630856,29.9258633,1,0.031790781999006867,0.625,2.183125,1,160x90 DepthUint16,"centre=0 min=1136 max=34011 hex=163F 1A8A 0000 0D7A 0C30","centre=7758 min=2183 max=9151 hex=14C4 1808 1E4E 1D57 1191",0,0,0,,0,,,None,Unavailable,NoWallUnderCrosshair,,,,"only 0 valid depth samples under crosshair (356 no-data, 36 out-of-range, 49 low-confidence)",0,,,None,Unavailable,NoWallInView,,,,-1.06063783,0.8366932,-0.04171353,-0.0157938767,-0.2186092,0.0151127288,0.975567639,0,0,0,0,0,0,283677.940598545,283677.940598545,0.031707084010122344
40.185247902470792,d62bf83a,SessionTracking,Tracking,30.06085,29.9258633,1,0.035829427011776716,0.65847224,2.01826382,1,160x90 DepthUint16,"centre=0 min=1136 max=32354 hex=168E 1A90 0000 0D6E 0BF4","centre=7538 min=2123 max=8836 hex=1497 1791 1D72 1CDA 11F9",0,0,0,,0,,,None,Unavailable,NoWallUnderCrosshair,,,,"only 0 valid depth samples under crosshair (343 no-data, 39 out-of-range, 59 low-confidence)",0,,,None,Unavailable,NoWallInView,,,,-1.06787,0.83608,-0.04529395,-0.01630042,-0.218617216,0.0150181064,0.975559,0,0,0,0,0,0,283677.973925628,283677.973925628,0.035686510003870353
40.217616183453856,d62bf83a,SessionTracking,Tracking,30.0674229,29.9258633,1,0.0315058849810157,0.653055549,1.83590281,1,160x90 DepthUint16,"centre=0 min=1138 max=32320 hex=1669 1A93 0000 0D98 0BDD","centre=7025 min=2423 max=8865 hex=135E 160D 1B71 1B1C 1229",0,0,0,,0,,,None,Unavailable,NoWallUnderCrosshair,,,,"only 0 valid depth samples under crosshair (347 no-data, 35 out-of-range, 59 low-confidence)",0,,,None,Unavailable,NoWallInView,,,,-1.07503533,0.835422039,-0.04907819,-0.0166574139,-0.219521254,0.0149386832,0.975351155,0,0,0,0,0,0,283678.007277038,283678.007277038,0.031419947976246476
40.250164412460208,d62bf83a,SessionTracking,Tracking,30.06352,29.9258633,1,0.03169427000102587,0.6470139,1.85673606,1,160x90 DepthUint16,"centre=0 min=1140 max=32287 hex=166C 1A96 0000 0DBE 0BC8","centre=8121 min=3040 max=9400 hex=1681 19AF 1FB9 1ED5 1365",0,0,0,,0,,,None,Unavailable,NoWallUnderCrosshair,,,,"only 0 valid depth samples under crosshair (361 no-data, 32 out-of-range, 48 low-confidence)",0,,,None,Unavailable,NoWallInView,,,,-1.08237016,0.8347657,-0.05274784,-0.01710678,-0.220403835,0.0149980793,0.9751434,0,0,0,0,0,0,283678.040891936,283678.040891936,0.03160130200558342
40.28692045447292,d62bf83a,SessionTracking,Tracking,30.06427,29.9258633,1,0.036040364997461438,0.683958352,1.60763884,1,160x90 DepthUint16,"centre=0 min=1144 max=35998 hex=18FE 1912 0000 0DA9 0C1A","centre=7058 min=2788 max=8524 hex=141D 1684 1B92 1B78 12D7",0,0,0,,0,,,None,Unavailable,NoWallUnderCrosshair,,,,"only 0 valid depth samples under crosshair (344 no-data, 37 out-of-range, 60 low-confidence)",0,,,None,Unavailable,NoWallInView,,,,-1.089695,0.834082365,-0.05641578,-0.01768797,-0.221518233,0.0150509486,0.9748796,0,0,0,0,0,0,283678.07421901904,283678.07421901904,0.035959427012130618
40.31804399646694,d62bf83a,SessionTracking,Tracking,30.0645065,29.9258633,1,0.030169114994350821,0.6751389,1.58333337,1,160x90 DepthUint16,"centre=0 min=1146 max=36029 hex=1918 18CC 0000 0DA1 0C3C","centre=6483 min=2885 max=8460 hex=1327 1526 1953 192C 12CB",0,0,0,,0,,,None,Unavailable,NoWallUnderCrosshair,,,,"only 0 valid depth samples under crosshair (355 no-data, 39 out-of-range, 47 low-confidence)",0,,,None,Unavailable,NoWallInView,,,,-1.09703434,0.8333522,-0.0599024221,-0.01835874,-0.2228975,0.0150488038,0.97455287,0,0,0,0,0,0,283678.107647494,283678.107647494,0.0300415109959431
40.350609829478117,d62bf83a,SessionTracking,Tracking,30.0648537,29.9258633,1,0.031801719014765695,0.6759722,1.55986106,1,160x90 DepthUint16,"centre=0 min=1147 max=36036 hex=1735 18EE 0000 0D93 0C3C","centre=7900 min=3262 max=9077 hex=173B 19AA 1EDC 1E5E 14B1",0,0,0,,0,,,None,Unavailable,NoWallUnderCrosshair,,,,"only 0 valid depth samples under crosshair (354 no-data, 38 out-of-range, 49 low-confidence)",0,,,None,Unavailable,NoWallInView,,,,-1.104702,0.832625031,-0.0635874,-0.0184111241,-0.2231702,0.0149600217,0.9744908,0,0,0,0,0,0,283678.14097457804,283678.14097457804,0.031712969008367509
40.388585246462526,d62bf83a,SessionTracking,Tracking,30.06726,29.9258633,1,0.0372556250076741,0.711180568,1.461389,1,160x90 DepthUint16,"centre=0 min=1147 max=36515 hex=1666 1B94 0000 0CDA 1F76","centre=7901 min=3266 max=9420 hex=172B 198C 1EDD 1E6C 1488",0,0,0,,0,,,None,Unavailable,NoWallUnderCrosshair,,,,"only 0 valid depth samples under crosshair (349 no-data, 38 out-of-range, 54 low-confidence)",0,,,None,Unavailable,NoWallInView,,,,-1.11259556,0.8319572,-0.06725027,-0.01795251,-0.223014623,0.0149503052,0.9745351,0,0,0,0,0,0,283678.174301661,283678.174301661,0.0371734380023554
40.420360037478304,d62bf83a,SessionTracking,Tracking,30.0682182,29.9258633,1,0.031142500025453046,0.700138867,1.59222221,1,160x90 DepthUint16,"centre=0 min=1143 max=36735 hex=165D 1D65 0000 0CC3 2160","centre=8452 min=3615 max=9766 hex=18DA 1B6F 2104 2013 1624",0,0,0,,0,,,None,Unavailable,NoWallUnderCrosshair,,,,"only 0 valid depth samples under crosshair (349 no-data, 38 out-of-range, 54 low-confidence)",0,,,None,Unavailable,NoWallInView,,,,-1.123971,0.83187747,-0.06681252,-0.01742886,-0.223836809,0.0152147114,0.974352,0,0,0,0,0,0,283678.207633097,283678.207633097,0.031071458011865616
40.450897902457427,d62bf83a,SessionTracking,Tracking,30.0674877,29.9258633,1,0.029629219003254548,0.6923611,1.66027772,1,160x90 DepthUint16,"centre=0 min=1144 max=36836 hex=165D 1DBE 0000 0BDB 2160","centre=8447 min=3564 max=9644 hex=18DE 1B95 20FF 2007 1587",0,0,0,,0,,,None,Unavailable,NoWallUnderCrosshair,,,,"only 0 valid depth samples under crosshair (357 no-data, 43 out-of-range, 41 low-confidence)",0,,,None,Unavailable,NoWallInView,,,,-1.132074,0.831233859,-0.07068474,-0.0173805654,-0.224709332,0.0153577626,0.9741498,0,0,0,0,0,0,283678.241234712,283678.241234712,0.02952770798583515
40.481897069464821,d62bf83a,SessionTracking,Tracking,30.0692272,29.9258633,1,0.030244063003920019,0.68972224,1.61756945,1,160x90 DepthUint16,"centre=0 min=1145 max=36848 hex=16F8 1DFE 0000 0BDB 2165","centre=8491 min=3759 max=10194 hex=195D 1BF2 212B 2048 16F0",0,0,0,,0,,,None,Unavailable,NoWallUnderCrosshair,,,,"only 0 valid depth samples under crosshair (358 no-data, 40 out-of-range, 43 low-confidence)",0,,,None,Unavailable,NoWallInView,,,,-1.14007819,0.830549836,-0.0746731162,-0.0175770223,-0.225893438,0.01534456,0.973872542,0,0,0,0,0,0,283678.274561795,283678.274561795,0.030154531996231526
40.516113527471816,d62bf83a,SessionTracking,Tracking,30.06822,29.9258633,1,0.0334064060007222,0.708472252,1.90520835,1,160x90 DepthUint16,"centre=0 min=1148 max=39700 hex=1785 1DFA 0000 0C25 2562","centre=8547 min=3604 max=11871 hex=1995 1C20 2163 20AD 1705",0,0,0,,0,,,None,Unavailable,NoWallUnderCrosshair,,,,"only 0 valid depth samples under crosshair (343 no-data, 52 out-of-range, 46 low-confidence)",0,,,None,Unavailable,NoWallInView,,,,-1.14735508,0.829755366,-0.08010628,-0.0176583529,-0.227777645,0.015268743,0.9734333,0,0,0,0,0,0,283678.307903181,283678.307903181,0.033324271003948525
40.550871912451612,d62bf83a,SessionTracking,Tracking,30.0678,29.9872322,1,0.034044113999698311,0.6936111,1.81006944,1,160x90 DepthUint16,"centre=0 min=1148 max=39757 hex=17DF 1E87 0000 0BDE 2129","centre=8535 min=3740 max=11827 hex=18D3 1BBF 2157 20B5 1767",0,0,0,,0,,,None,Unavailable,NoWallUnderCrosshair,,,,"only 0 valid depth samples under crosshair (342 no-data, 52 out-of-range, 47 low-confidence)",0,,,None,Unavailable,NoWallInView,,,,-1.15533686,0.8290311,-0.08414757,-0.0174551178,-0.230356336,0.0152034173,0.972831,0,0,0,0,0,0,283678.34123026504,283678.34123026504,0.033963540976401418
40.581496548463974,d62bf83a,SessionTracking,Tracking,30.06709,29.9872322,1,0.029918646003352478,0.7186111,1.90625,1,160x90 DepthUint16,"centre=0 min=1149 max=38480 hex=167B 1EA5 0000 0C56 2528","centre=8688 min=3659 max=11957 hex=19C8 1CAD 21F0 2117 16A4",0,0,0,,0,,,None,Unavailable,NoWallUnderCrosshair,,,,"only 0 valid depth samples under crosshair (329 no-data, 59 out-of-range, 53 low-confidence)",0,,,None,Unavailable,NoWallInView,,,,-1.163676,0.8282206,-0.08828105,-0.0173561,-0.232082233,0.0150903473,0.972424269,0,0,0,0,0,0,283678.37482745,283678.37482745,0.029836614994565025
40.616503475470154,d62bf83a,SessionTracking,Tracking,30.06635,29.9872322,1,0.034332709008594975,0.7158333,1.84743059,1,160x90 DepthUint16,"centre=0 min=1153 max=38473 hex=1679 1EA2 0000 0CAE 25CC","centre=8958 min=3358 max=9864 hex=1B61 1E64 22FE 211C 1340",0,0,0,,0,,,None,Unavailable,NoWallUnderCrosshair,,,,"only 0 valid depth samples under crosshair (329 no-data, 59 out-of-range, 53 low-confidence)",0,,,None,Unavailable,NoWallInView,,,,-1.1722275,0.826401,-0.0917178541,-0.0171128437,-0.231809765,0.0149161518,0.9724963,0,0,0,0,0,0,283678.40822899604,283678.40822899604,0.034263177018146962
40.648288058469689,d62bf83a,SessionTracking,Tracking,30.0656548,29.9872322,1,0.029251250001834705,0.715,1.81263888,1,160x90 DepthUint16,"centre=0 min=1153 max=38437 hex=170B 1E93 0000 0CB5 2491","centre=9037 min=3624 max=9922 hex=1B77 1E83 234D 2151 1495",0,0,0,,0,,,None,Unavailable,NoWallUnderCrosshair,,,,"only 0 valid depth samples under crosshair (328 no-data, 60 out-of-range, 53 low-confidence)",0,,,None,Unavailable,NoWallInView,,,,-1.18129992,0.8255273,-0.09595333,-0.0164151955,-0.2304513,0.01469344,0.972834468,0,0,0,0,0,0,283678.44155608,283678.44155608,0.029148906003683805
40.686040454460226,d62bf83a,SessionTracking,Tracking,30.06639,29.9872322,1,0.035673072998179123,0.7451389,1.810625,1,160x90 DepthUint16,"centre=0 min=1155 max=38596 hex=16EA 1E84 0000 0CB3 24D0","centre=9312 min=3660 max=10028 hex=1D71 2047 2460 221D 1489",0,0,0,,0,,,None,Unavailable,NoWallUnderCrosshair,,,,"only 0 valid depth samples under crosshair (318 no-data, 65 out-of-range, 58 low-confidence)",0,,,None,Unavailable,NoWallInView,,,,-1.19060171,0.824592531,-0.100310363,-0.0155776227,-0.228508219,0.0143896053,0.973311,0,0,0,0,0,0,283678.475148838,283678.475148838,0.03558708299533464
40.717275714476045,d62bf83a,SessionTracking,Tracking,30.06707,29.9872322,1,0.024743176996707916,0.74777776,1.81611109,1,160x90 DepthUint16,"centre=0 min=1156 max=38500 hex=169D 1E76 0000 0CB3 23DB","centre=9482 min=3984 max=10200 hex=1D49 208F 250A 22E3 15BC",0,0,0,,0,,,None,Unavailable,NoWallUnderCrosshair,,,,"only 0 valid depth samples under crosshair (312 no-data, 70 out-of-range, 59 low-confidence)",0,,,None,Unavailable,NoWallInView,,,,-1.1999855,0.8235915,-0.104657389,-0.0146863628,-0.226597458,0.0139333028,0.9737781,0,0,0,0,0,0,283678.508475921,283678.508475921,0.02463885402539745
40.749109933476348,d62bf83a,SessionTracking,Tracking,30.0666656,29.9872322,1,0.031077865016413853,0.7511805,1.82284725,1,160x90 DepthUint16,"centre=0 min=1159 max=36432 hex=164A 1E6F 0000 0C5B 2094","centre=9429 min=3959 max=10146 hex=1DC9 20AE 24D5 2283 168A",0,0,0,,0,,,None,Unavailable,NoWallUnderCrosshair,,,,"only 0 valid depth samples under crosshair (323 no-data, 60 out-of-range, 58 low-confidence)",0,,,None,Unavailable,NoWallInView,,,,-1.2097007,0.8225868,-0.109009139,-0.0133200223,-0.2231689,0.0132541368,0.9745987,0,0,0,0,0,0,283678.54180300504,283678.54180300504,0.030997135007055476
40.787592277458089,d62bf83a,SessionTracking,Tracking,30.0657043,29.9872322,1,0.03676843800349161,0.781180561,1.95694447,1,160x90 DepthUint16,"centre=0 min=1160 max=36212 hex=1621 1E3A 0000 0BE2 170D","centre=8988 min=3888 max=9876 hex=1960 1D41 231C 2175 16CC",0,0,0,,0,,,None,Unavailable,NoWallUnderCrosshair,,,,"only 0 valid depth samples under crosshair (294 no-data, 66 out-of-range, 81 low-confidence)",0,,,None,Unavailable,NoWallInView,,,,-1.21982288,0.821510434,-0.113426283,-0.011753954,-0.21750173,0.0124173164,0.9759102,0,0,0,0,0,0,283678.575130088,283678.575130088,0.036680677003460005
40.820654777464142,d62bf83a,SessionTracking,Tracking,30.065237,29.9872322,1,0.032336875010514632,0.7875,2.07618046,1,160x90 DepthUint16,"centre=0 min=1155 max=35861 hex=15EF 15A6 0000 0B8F 0FE4","centre=8940 min=3529 max=9945 hex=18DB 1CA4 22EC 210B 15A7",0,0,0,,0,,,None,Unavailable,NoWallUnderCrosshair,,,,"only 0 valid depth samples under crosshair (269 no-data, 65 out-of-range, 107 low-confidence)",0,,,None,Unavailable,NoWallInView,,,,-1.23205638,0.82068646,-0.11104425,-0.009139843,-0.209624887,0.0118513107,0.977667332,0,0,0,0,0,0,283678.60850271804,283678.60850271804,0.032251563010504469
40.851313370458,d62bf83a,SessionTracking,Tracking,20.0424976,29.9872322,1,0.027466041006846353,0.790833354,1.9595139,1,160x90 DepthUint16,"centre=0 min=1158 max=35288 hex=15CB 155F 0000 0AFA 0D95","centre=8871 min=3494 max=9920 hex=178C 1B85 22A7 201A 1506",0,0,0,,0,,,None,Unavailable,NoWallUnderCrosshair,,,,"only 0 valid depth samples under crosshair (250 no-data, 67 out-of-range, 124 low-confidence)",0,,,None,Unavailable,NoWallInView,,,,-1.24376535,0.8198452,-0.114918835,-0.004709952,-0.197505549,0.0114386985,0.9802237,0,0,0,0,0,0,283678.641829802,283678.641829802,0.026514009980019182
40.888727641464129,d62bf83a,SessionTracking,Tracking,30.0659275,29.9872322,1,0.036655364005127922,0.8095833,1.96291661,1,160x90 DepthUint16,"centre=0 min=1162 max=29978 hex=0000 154F 0000 0A21 15FD","centre=8695 min=3692 max=9770 hex=1666 1A85 21F7 1F38 1509",0,0,0,,0,,,None,Unavailable,NoWallUnderCrosshair,,,,"only 0 valid depth samples under crosshair (182 no-data, 90 out-of-range, 169 low-confidence)",0,,,None,Unavailable,NoWallInView,,,,-1.25657511,0.819235146,-0.118651181,0.00194118184,-0.1806847,0.0112655768,0.9834747,0,0,0,0,0,0,283678.675156885,283678.675156885,0.036568645999068394
40.92022774546399,d62bf83a,SessionTracking,Tracking,30.06117,29.9872322,1,0.030633437010692433,0.797916651,1.89243054,1,160x90 DepthUint16,"centre=0 min=1167 max=30080 hex=0000 1545 0000 0A04 1509","centre=8601 min=3339 max=9888 hex=15EF 1A09 2199 1E10 14A3",0,0,0,,0,,,None,Unavailable,NoWallUnderCrosshair,,,,"only 0 valid depth samples under crosshair (144 no-data, 70 out-of-range, 227 low-confidence)",0,,,None,Unavailable,NoWallInView,,,,-1.25904465,0.814831853,-0.119526237,0.009419517,-0.167790949,0.0107030282,0.9857195,0,0,0,0,0,0,283678.709553438,283678.709553438,0.030287030996987596
40.951614464461954,d62bf83a,SessionTracking,Tracking,30.0658474,29.9872322,1,0.0306787499866914,0.7895833,1.89944446,1,160x90 DepthUint16,"centre=0 min=1168 max=30149 hex=0000 153D 0000 0AC6 15B7","centre=8280 min=3040 max=9821 hex=152F 195C 2058 1C59 1487",0,0,0,,0,,,None,Unavailable,NoWallUnderCrosshair,,,,"only 0 valid depth samples under crosshair (119 no-data, 52 out-of-range, 270 low-confidence)",0,,,None,Unavailable,NoWallInView,,,,-1.26973462,0.813536167,-0.122884482,0.0139467577,-0.160890475,0.0100939879,0.9868221,0,0,0,0,0,0,283678.74288052204,283678.74288052204,0.030591874994570389
40.9826870164577,d62bf83a,SessionTracking,Tracking,30.0650311,29.9872322,1,0.030352915986441076,0.783819437,2.03118062,1,160x90 DepthUint16,"centre=0 min=1170 max=35576 hex=0000 0000 0000 0B6E 21DF","centre=8089 min=2918 max=10550 hex=1549 1943 1F99 1A29 1581",0,0,0,,0,,,None,Unavailable,NoWallUnderCrosshair,,,,"only 0 valid depth samples under crosshair (90 no-data, 44 out-of-range, 307 low-confidence)",0,,,None,Unavailable,NoWallInView,,,,-1.28055525,0.8119395,-0.126419663,0.01840228,-0.152795717,0.009807439,0.988037765,0,0,0,0,0,0,283678.77594193,283678.77594193,0.030269843002315611
41.016242277462652,d62bf83a,SessionTracking,Tracking,30.0675449,29.9872322,1,0.032803437992697582,0.7747222,2.151875,1,160x90 DepthUint16,"centre=3392 min=1179 max=34757 hex=0000 0000 0D40 0955 0EEC","centre=7815 min=2836 max=11863 hex=1576 1937 1E87 15C9 17BA",0,0,0,,0,,,None,Unavailable,NoWallUnderCrosshair,,,,"only 0 valid depth samples under crosshair (59 no-data, 30 out-of-range, 352 low-confidence)",0,,,None,Unavailable,NoWallInView,,,,-1.28821945,0.809864163,-0.13581042,0.0233440958,-0.14342609,0.009282649,0.9893421,0,0,0,0,0,0,283678.808975876,283678.808975876,0.03270265698665753
41.05127331847666,d62bf83a,SessionTracking,Tracking,30.0670261,29.9872322,1,0.034337083023274317,0.7576389,2.25625,1,160x90 DepthUint16,"centre=5304 min=1179 max=31680 hex=0000 0000 14B8 090A 0DDF","centre=7623 min=2827 max=12291 hex=157C 194D 1DC7 11FE 1C4F",0,0,0,,0,,,None,Unavailable,NoWallUnderCrosshair,,,,"only 0 valid depth samples under crosshair (38 no-data, 30 out-of-range, 373 low-confidence)",0,,,None,Unavailable,NoWallInView,,,,-1.298809,0.807905436,-0.139254779,0.0285834614,-0.13687326,0.008538843,0.9901393,0,0,0,0,0,0,283678.841740615,283678.841740615,0.034253750025527552
41.087563006472692,d62bf83a,SessionTracking,Tracking,30.0649548,29.9872322,1,0.035471406008582562,0.7440278,2.30909729,1,160x90 DepthUint16,"centre=8332 min=1178 max=32676 hex=0000 0000 208C 08DC 25E2","centre=7307 min=3019 max=9825 hex=1569 196D 1C8B 11E4 1EB9",0,0,0,,0,,,None,Unavailable,NoWallUnderCrosshair,,,,"only 0 valid depth samples under crosshair (24 no-data, 29 out-of-range, 388 low-confidence)",0,,,None,Unavailable,NoWallInView,,,,-1.30949318,0.8059051,-0.142420828,0.0333406962,-0.130193755,0.007591576,0.9908988,0,0,0,0,0,0,283678.873858877,283678.873858877,0.035378438013140112
41.120001183476916,d62bf83a,SessionTracking,Tracking,30.0664082,29.9872322,1,0.031679271021857858,0.7579167,2.39888883,1,160x90 DepthUint16,"centre=6993 min=1172 max=36449 hex=0000 0000 1B51 08BF 265D","centre=7809 min=3444 max=40544 hex=1505 1994 1E81 1C70 404E",0,0,0,,0,,,None,Unavailable,NoWallUnderCrosshair,,,,"only 0 valid depth samples under crosshair (9 no-data, 44 out-of-range, 388 low-confidence)",0,,,None,Unavailable,NoWallInView,,,,-1.31529856,0.8041689,-0.136809915,0.03630884,-0.126063839,0.00635600137,0.991337061,0,0,0,0,0,0,283678.906292226,283678.906292226,0.031595104024745524
41.151878162465209,d62bf83a,SessionTracking,Tracking,30.0661087,29.9872322,1,0.031161510007223114,0.74777776,2.31861115,1,160x90 DepthUint16,"centre=6668 min=1170 max=37108 hex=0000 0000 1A0C 08B3 273A","centre=7833 min=3684 max=41116 hex=15FD 19FB 1E99 1DE5 45D3",0,0,0,,0,,,None,Unavailable,NoWallUnderCrosshair,,,,"only 0 valid depth samples under crosshair (4 no-data, 40 out-of-range, 397 low-confidence)",0,,,None,Unavailable,NoWallInView,,,,-1.32539332,0.8022628,-0.1399853,0.0390813723,-0.123344593,0.00551036047,0.991578758,0,0,0,0,0,0,283678.938640741,283678.938640741,0.031075311999302357
41.185671235467225,d62bf83a,SessionTracking,Tracking,30.0663815,29.9872322,1,0.033049115008907393,0.75,2.26006937,1,160x90 DepthUint16,"centre=0 min=1166 max=36190 hex=0000 0000 0000 08A2 26E0","centre=8247 min=4040 max=39760 hex=174A 1B1F 2037 209D 4C43",0,0,0,,0,,,None,Unavailable,NoWallUnderCrosshair,,,,"only 0 valid depth samples under crosshair (36 no-data, 17 out-of-range, 388 low-confidence)",0,,,None,Unavailable,NoWallInView,,,,-1.33581245,0.8009326,-0.142940342,0.0443674549,-0.120981,0.00640946627,0.9916421,0,0,0,0,0,0,283678.97196782404,283678.97196782404,0.032966458005830646
41.218535818454029,d62bf83a,SessionTracking,Tracking,30.0665073,29.9872322,1,0.032091665983898565,0.730208337,2.32125,1,160x90 DepthUint16,"centre=0 min=1148 max=36404 hex=0000 0000 0000 0883 223E","centre=7756 min=3412 max=9800 hex=17FB 1B8B 1E4C 10A5 20FC",0,0,0,,0,,,None,Unavailable,NoWallUnderCrosshair,,,,"only 0 valid depth samples under crosshair (36 no-data, 19 out-of-range, 386 low-confidence)",0,,,None,Unavailable,NoWallInView,,,,-1.34536576,0.8000282,-0.13172926,0.05062291,-0.116106384,0.008249671,0.9919116,0,0,0,0,0,0,283679.00502108503,283679.00502108503,0.03200880199437961
41.258302641453838,d62bf83a,SessionTracking,Tracking,30.0665817,29.9872322,1,0.038922031002584845,0.72208333,2.0270834,1,160x90 DepthUint16,"centre=0 min=1145 max=35908 hex=0B9F 0000 0000 087C 1F3F","centre=7537 min=3379 max=9571 hex=17B0 1B36 1D71 1088 205B",0,0,0,,0,,,None,Unavailable,NoWallUnderCrosshair,,,,"only 0 valid depth samples under crosshair (38 no-data, 13 out-of-range, 390 low-confidence)",0,,,None,Unavailable,NoWallInView,,,,-1.35641563,0.798743665,-0.134786457,0.054176487,-0.112693809,0.009093286,0.9921101,0,0,0,0,0,0,283679.038348169,283679.038348169,0.038832969003124163
41.290779985461768,d62bf83a,SessionTracking,Tracking,30.0678577,29.9872322,1,0.031756301992572844,0.7423611,1.67951393,1,160x90 DepthUint16,"centre=0 min=1146 max=35116 hex=15F9 0000 0000 0881 1FB8","centre=7712 min=3232 max=9194 hex=1785 1B30 1E20 0F88 1F28",0,0,0,,0,,,None,Unavailable,NoWallUnderCrosshair,,,,"only 0 valid depth samples under crosshair (26 no-data, 10 out-of-range, 405 low-confidence)",0,,,None,Unavailable,NoWallInView,,,,-1.36717963,0.7973726,-0.138319045,0.0556580052,-0.112116188,0.00851068,0.9920987,0,0,0,0,0,0,283679.071675252,283679.071675252,0.031668176990933716
41.320316287459491,d62bf83a,SessionTracking,Tracking,30.06664,29.9872322,1,0.02834229200379923,0.738125,1.68923616,1,160x90 DepthUint16,"centre=0 min=1146 max=35496 hex=179E 0000 0000 088A 2052","centre=7922 min=3640 max=9430 hex=18C3 1C48 1EF2 107C 1FF8",0,0,0,,0,,,None,Unavailable,NoWallUnderCrosshair,,,,"only 0 valid depth samples under crosshair (26 no-data, 11 out-of-range, 404 low-confidence)",0,,,None,Unavailable,NoWallInView,,,,-1.37798309,0.796098,-0.142179549,0.05652154,-0.112357654,0.007476539,0.9920308,0,0,0,0,0,0,283679.10500233504,283679.10500233504,0.028270676993997768
41.359818474451231,d62bf83a,SessionTracking,Tracking,30.0680923,29.9872322,1,0.038740155985578895,0.7299306,1.61020839,1,160x90 DepthUint16,"centre=0 min=1138 max=36014 hex=1EAE 0000 0000 088A 20C5","centre=8094 min=3901 max=9482 hex=1927 1C98 1F9E 157E 2145",0,0,0,,0,,,None,Unavailable,NoWallUnderCrosshair,,,,"only 0 valid depth samples under crosshair (26 no-data, 12 out-of-range, 403 low-confidence)",0,,,None,Unavailable,NoWallInView,,,,-1.39023113,0.795078039,-0.138658822,0.0584396645,-0.111922085,0.00666687,0.9919747,0,0,0,0,0,0,283679.138390677,283679.138390677,0.038655207987176254
41.384537381472683,d62bf83a,SessionTracking,Tracking,30.0685883,29.9872322,1,0.024027292005484924,0.744930565,1.290625,1,160x90 DepthUint16,"centre=5631 min=1137 max=35393 hex=221A 0000 15FF 0891 217D","centre=5446 min=3095 max=9026 hex=1116 12CC 1546 146E 20B8",0,0,0,,0,,,None,Unavailable,NoWallUnderCrosshair,,,,"only 0 valid depth samples under crosshair (18 no-data, 7 out-of-range, 416 low-confidence)",0,,,None,Unavailable,NoWallInView,,,,-1.40140688,0.7942086,-0.142752558,0.0608149059,-0.111736104,0.00632378552,0.991855145,0,0,0,0,0,0,283679.17171776004,283679.17171776004,0.02394453200395219
41.416814099476824,d62bf83a,SessionTracking,Tracking,30.0684471,29.9872322,1,0.031382760003907606,0.73770833,1.43305552,1,160x90 DepthUint16,"centre=5623 min=1127 max=35851 hex=22BF 0000 15F7 0893 2257","centre=7048 min=3546 max=7420 hex=14B7 1770 1B88 0F85 1919",0,0,0,,0,,,None,Unavailable,NoWallUnderCrosshair,,,,"only 0 valid depth samples under crosshair (17 no-data, 10 out-of-range, 414 low-confidence)",0,,,None,Unavailable,NoWallInView,,,,-1.41243207,0.794832766,-0.137290984,0.06224534,-0.112157792,0.00621828437,0.9917195,0,0,0,0,0,0,283679.205677517,283679.205677517,0.031302864023018628
41.4477993604703,d62bf83a,SessionTracking,Tracking,30.0678444,29.9872322,1,0.030185834009898826,0.7297222,1.30055559,1,160x90 DepthUint16,"centre=5616 min=1129 max=35689 hex=2302 0000 15F0 0899 222E","centre=6461 min=3500 max=7929 hex=156E 17E9 193D 0F78 180E",0,0,0,,0,,,None,Unavailable,NoWallUnderCrosshair,,,,"only 0 valid depth samples under crosshair (18 no-data, 4 out-of-range, 419 low-confidence)",0,,,None,Unavailable,NoWallInView,,,,-1.42415953,0.794088244,-0.142034084,0.0633171648,-0.110847309,0.00639602542,0.9917978,0,0,0,0,0,0,283679.239004601,283679.239004601,0.030087604012805969
41.4857973814685,d62bf83a,SessionTracking,Tracking,30.06621,29.9872322,1,0.037271979992510751,0.7365278,1.19854164,1,160x90 DepthUint16,"centre=5431 min=1132 max=33544 hex=22CF 0000 1537 089D 213B","centre=5681 min=3262 max=7308 hex=113D 12B1 1631 0F33 1823",0,0,0,,0,,,None,Unavailable,NoWallUnderCrosshair,,,,"only 0 valid depth samples under crosshair (11 no-data, 6 out-of-range, 424 low-confidence)",0,,,None,Unavailable,NoWallInView,,,,-1.43632793,0.793555737,-0.147105,0.0646379441,-0.107728273,0.007418573,0.992049158,0,0,0,0,0,0,283679.272331684,283679.272331684,0.037189219001447782
41.517498474455124,d62bf83a,SessionTracking,Tracking,30.0646553,29.9872322,1,0.030874634976498783,0.7349306,1.10041666,1,160x90 DepthUint16,"centre=5418 min=1151 max=31690 hex=223A 0000 152A 08B5 20A2","centre=2166 min=1883 max=8773 hex=07FB 07E9 0876 0F00 1F3E",0,0,0,,0,,,None,Unavailable,NoWallUnderCrosshair,,,,"only 0 valid depth samples under crosshair (11 no-data, 4 out-of-range, 426 low-confidence)",0,,,None,Unavailable,NoWallInView,,,,-1.44640958,0.793132663,-0.16695863,0.06513871,-0.105261326,0.007982314,0.992276847,0,0,0,0,0,0,283679.30569429003,283679.30569429003,0.030791458004387096
41.548461651462048,d62bf83a,SessionTracking,Tracking,30.065052,29.9872322,1,0.030242082983022556,0.7259028,1.09479165,1,160x90 DepthUint16,"centre=5411 min=1153 max=31686 hex=220E 0000 1523 08CB 20F2","centre=4584 min=3189 max=9179 hex=0F89 1034 11E8 1118 20FD",0,0,0,,0,,,None,Unavailable,NoWallUnderCrosshair,,,,"only 0 valid depth samples under crosshair (11 no-data, 4 out-of-range, 426 low-confidence)",0,,,None,Unavailable,NoWallInView,,,,-1.4583931,0.792523,-0.172368437,0.06675598,-0.1039706,0.008047372,0.9923049,0,0,0,0,0,0,283679.339021374,283679.339021374,0.030158176989061758
41.586942329453223,d62bf83a,SessionTracking,Tracking,30.0621,29.9207458,1,0.03775432298425585,0.720763862,1.09243059,1,160x90 DepthUint16,"centre=5352 min=1152 max=31701 hex=22CD 0000 14E8 092C 2121","centre=4458 min=3137 max=8999 hex=0EDE 0F7C 116A 112F 206F",0,0,0,,0,,,None,Unavailable,NoWallUnderCrosshair,,,,"only 0 valid depth samples under crosshair (10 no-data, 4 out-of-range, 427 low-confidence)",0,,,None,Unavailable,NoWallInView,,,,-1.470342,0.7919558,-0.177715614,0.06936955,-0.103276648,0.008099676,0.9921977,0,0,0,0,0,0,283679.372348457,283679.372348457,0.037668802979169413
41.6185948814707,d62bf83a,SessionTracking,Tracking,30.0652447,29.9207458,1,0.030945520993554965,0.728472233,0.880694449,1,160x90 DepthUint16,"centre=5306 min=1145 max=31665 hex=2330 0000 14BA 0A59 221F","centre=4947 min=3814 max=9031 hex=10BA 115F 1353 13A3 20F5",0,0,0,,0,,,None,Unavailable,NoWallUnderCrosshair,,,,"only 0 valid depth samples under crosshair (2 no-data, 3 out-of-range, 436 low-confidence)",0,,,None,Unavailable,NoWallInView,,,,-1.48613882,0.793124437,-0.178174943,0.0726487,-0.10310901,0.008053422,0.9919808,0,0,0,0,0,0,283679.40661742,283679.40661742,0.030860938015393913
41.6504182664537,d62bf83a,SessionTracking,Tracking,30.0643921,29.9207458,1,0.031074739992618561,0.716666639,0.9454861,1,160x90 DepthUint16,"centre=5295 min=1145 max=31652 hex=2339 0000 14AF 0BAB 18BD","centre=7680 min=5312 max=9550 hex=16A6 18D3 1E00 16F5 2339",0,0,0,,0,,,None,Unavailable,NoWallUnderCrosshair,,,,"only 0 valid depth samples under crosshair (2 no-data, 8 out-of-range, 431 low-confidence)",0,,,None,Unavailable,NoWallInView,,,,-1.49827528,0.7924139,-0.18367222,0.07555666,-0.103411078,0.00701066945,0.99174,0,0,0,0,0,0,283679.439944504,283679.439944504,0.03098906300147064
41.681315401456004,d62bf83a,SessionTracking,Tracking,30.0592251,29.9207458,1,0.030182290996890515,0.71625,0.8857639,1,160x90 DepthUint16,"centre=5056 min=1149 max=31469 hex=2335 0000 13C0 0BF2 1983","centre=6735 min=5243 max=9403 hex=159C 174E 1A4F 17AA 22C4",0,0,0,,0,,,None,Unavailable,NoWallUnderCrosshair,,,,"only 0 valid depth samples under crosshair (1 no-data, 11 out-of-range, 429 low-confidence)",0,,,None,Unavailable,NoWallInView,,,,-1.51055562,0.7913923,-0.189476192,0.077004686,-0.10377878,0.00589516759,0.991597533,0,0,0,0,0,0,283679.473271587,283679.473271587,0.030100832984317094
41.720681131471565,d62bf83a,SessionTracking,Tracking,30.0677357,29.9207458,1,0.038538334018085152,0.716736138,0.8542361,1,160x90 DepthUint16,"centre=5099 min=1165 max=31133 hex=233A 0000 13EB 0C72 1902","centre=6469 min=4979 max=9600 hex=1470 15FE 1945 195E 23B8",0,0,0,,0,,,None,Unavailable,NoWallUnderCrosshair,,,,"only 0 valid depth samples under crosshair (1 no-data, 9 out-of-range, 431 low-confidence)",0,,,None,Unavailable,NoWallInView,,,,-1.51092482,0.791353345,-0.21479246,0.08020522,-0.102928653,0.0051257615,0.9914366,0,0,0,0,0,0,283679.506992459,283679.506992459,0.038453125016530976
41.7541980064741,d62bf83a,SessionTracking,Tracking,30.0630074,29.9207458,1,0.032450572995003313,0.708055556,0.8809722,1,160x90 DepthUint16,"centre=5718 min=1168 max=31492 hex=2327 0000 1656 0EB0 1931","centre=7406 min=5141 max=9466 hex=15B8 1815 1CEE 19D6 233A",0,0,0,,0,,,None,Unavailable,NoWallUnderCrosshair,,,,"only 0 valid depth samples under crosshair (1 no-data, 12 out-of-range, 428 low-confidence)",0,,,None,Unavailable,NoWallInView,,,,-1.5228163,0.7906554,-0.220764816,0.08298091,-0.103503048,0.00477659749,0.9911501,0,0,0,0,0,0,283679.54031954304,283679.54031954304,0.032365313003538176
41.791294203463394,d62bf83a,SessionTracking,Tracking,30.0628872,29.9207458,1,0.03638588500325568,0.7173611,0.7886111,1,160x90 DepthUint16,"centre=5069 min=1173 max=33585 hex=230F 0000 13CD 137F 1954","centre=6256 min=4715 max=9108 hex=1383 150C 1870 18BB 2177",0,0,0,,0,,,None,Unavailable,NoWallUnderCrosshair,,,,"only 0 valid depth samples under crosshair (0 no-data, 9 out-of-range, 432 low-confidence)",0,,,None,Unavailable,NoWallInView,,,,-1.53486514,0.7900218,-0.227006763,0.08574659,-0.103588358,0.004227728,0.9909082,0,0,0,0,0,0,283679.573646626,283679.573646626,0.036300000007031485
