# WallDistance benchmark log; measurement revision=raw-confidence-v2
# device=OnePlus CPH2691 os=Android OS 16 / API-36 (UKQ1.231108.001/V.R4T3.3237bb8-cff9dc-d57a61) unity=6000.3.5f1
# condition=
# config: {"minTestedRangeMeters":0.5,"maxTestedRangeMeters":3.0,"depthMaxAgeSeconds":0.5,"depthMinConfidence":128,"depthInlierThresholdMeters":0.05000000074505806,"depthMinInlierFraction":0.6000000238418579,"depthMinValidSamples":12,"depthDisagreementThresholdMeters":0.10000000149011612,"depthSampleGridSize":12,"depthMinValidMeters":0.10000000149011612,"depthMaxValidMeters":8.0,"depthOnlyPatchRadiusPixels":10,"depthOnlyMinInliers":60,"depthOnlyRefitRounds":2,"depthOnlyMaxRmsMeters":0.019999999552965165,"depthOnlyMaxTiltFromVerticalDeg":20.0,"filterTimeConstantSeconds":0.25,"minCandidateAreaSquareMeters":0.20000000298023225}
t,session,arState,trackingState,fps,updRate,depthSupported,depthAgeS,depthValidFrac,depthMeanConf,denseValidFrac,depthFormat,rawValues,denseValues,planesTotal,planesVerticalTracked,largestVerticalArea_m2,reference_m,aimed_valid,aimed_raw_m,aimed_filtered_m,aimed_source,aimed_quality,aimed_failure,aimed_candidate,aimed_depthResidual_m,aimed_depthInlier,aimed_reason,nearest_valid,nearest_raw_m,nearest_filtered_m,nearest_source,nearest_quality,nearest_failure,nearest_candidate,nearest_depthResidual_m,nearest_depthInlier,cam_x,cam_y,cam_z,cam_qx,cam_qy,cam_qz,cam_qw,aimed_pt_x,aimed_pt_y,aimed_pt_z,aimed_n_x,aimed_n_y,aimed_n_z,rawProviderTimestampS,denseProviderTimestampS,denseAgeS
2.8952789608145597,aece4ecd,SessionInitializing,Initializing,0.463720024,0.345389873,1,,,,,,"","",0,0,0,,0,,,None,Unavailable,TrackingLost,,,,"TrackingLost",0,,,None,Unavailable,TrackingLost,,,,0,0,0,0,0,0,1,0,0,0,0,0,0,,,
3.4658844288195017,aece4ecd,SessionInitializing,Initializing,0.802718043,0.345389873,1,,,,,,"","",0,0,0,,0,,,None,Unavailable,TrackingLost,,,,"TrackingLost",0,,,None,Unavailable,TrackingLost,,,,0,1.1176,0,0,5.820766E-11,0,1,0,0,0,0,0,0,,,
3.5075689608336891,aece4ecd,SessionInitializing,Initializing,20.0454063,0.345389873,1,,,,,,"","",0,0,0,,0,,,None,Unavailable,TrackingLost,,,,"TrackingLost",0,,,None,Unavailable,TrackingLost,,,,0,1.1176,0,0,5.820766E-11,0,1,0,0,0,0,0,0,,,
3.5445576578193343,aece4ecd,SessionInitializing,Initializing,15.0340958,0.345389873,1,,,,,,"","",0,0,0,,0,,,None,Unavailable,TrackingLost,,,,"TrackingLost",0,,,None,Unavailable,TrackingLost,,,,0,1.1176,0,0,5.820766E-11,0,1,0,0,0,0,0,0,,,
3.5726568768139462,aece4ecd,SessionInitializing,Initializing,30.0704,0.345389873,1,,,,,,"","",0,0,0,,0,,,None,Unavailable,TrackingLost,,,,"TrackingLost",0,,,None,Unavailable,TrackingLost,,,,0,1.1176,0,0,5.820766E-11,0,1,0,0,0,0,0,0,,,
3.6069919288264121,aece4ecd,SessionInitializing,Initializing,30.0708389,0.345389873,1,,,,,,"","",0,0,0,,0,,,None,Unavailable,TrackingLost,,,,"TrackingLost",0,,,None,Unavailable,TrackingLost,,,,0,1.1176,0,0,5.820766E-11,0,1,0,0,0,0,0,0,,,
3.6412833358325063,aece4ecd,SessionInitializing,Initializing,30.07136,0.345389873,1,,,,,,"","",0,0,0,,0,,,None,Unavailable,TrackingLost,,,,"TrackingLost",0,,,None,Unavailable,TrackingLost,,,,0,1.1176,0,0,5.820766E-11,0,1,0,0,0,0,0,0,,,
3.6727442728286608,aece4ecd,SessionInitializing,Initializing,30.0704918,0.345389873,1,,,,,,"","",0,0,0,,0,,,None,Unavailable,TrackingLost,,,,"TrackingLost",0,,,None,Unavailable,TrackingLost,,,,0,1.1176,0,0,5.820766E-11,0,1,0,0,0,0,0,0,,,
3.6906161998329683,aece4ecd,SessionInitializing,Initializing,30.0704136,0.345389873,1,,,,,,"","",0,0,0,,0,,,None,Unavailable,TrackingLost,,,,"TrackingLost",0,,,None,Unavailable,TrackingLost,,,,0,1.1176,0,0,5.820766E-11,0,1,0,0,0,0,0,0,,,
3.7220353148284833,aece4ecd,SessionInitializing,Initializing,30.06967,0.345389873,1,,,,,,"","",0,0,0,,0,,,None,Unavailable,TrackingLost,,,,"TrackingLost",0,,,None,Unavailable,TrackingLost,,,,0,1.1176,0,0,5.820766E-11,0,1,0,0,0,0,0,0,,,
3.7546115648281759,aece4ecd,SessionInitializing,Initializing,30.06878,0.345389873,1,,,,,,"","",0,0,0,,0,,,None,Unavailable,TrackingLost,,,,"TrackingLost",0,,,None,Unavailable,TrackingLost,,,,0,1.1176,0,0,5.820766E-11,0,1,0,0,0,0,0,0,,,
3.7873194288102443,aece4ecd,SessionInitializing,Initializing,30.06876,0.345389873,1,,,,,,"","",0,0,0,,0,,,None,Unavailable,TrackingLost,,,,"TrackingLost",0,,,None,Unavailable,TrackingLost,,,,0,1.1176,0,0,5.820766E-11,0,1,0,0,0,0,0,0,,,
3.8352291688195894,aece4ecd,SessionInitializing,Initializing,30.0685616,0.345389873,1,,,,,,"","",0,0,0,,0,,,None,Unavailable,TrackingLost,,,,"TrackingLost",0,,,None,Unavailable,TrackingLost,,,,0,1.1176,0,0,5.820766E-11,0,1,0,0,0,0,0,0,,,
3.869975418811757,aece4ecd,SessionInitializing,Initializing,30.06019,0.345389873,1,,,,,,"","",0,0,0,,0,,,None,Unavailable,TrackingLost,,,,"TrackingLost",0,,,None,Unavailable,TrackingLost,,,,0,1.1176,0,0,5.820766E-11,0,1,0,0,0,0,0,0,,,
3.8961122418102807,aece4ecd,SessionInitializing,Initializing,30.0705357,13.9883442,1,,,,,,"","",0,0,0,,0,,,None,Unavailable,TrackingLost,,,,"TrackingLost",0,,,None,Unavailable,TrackingLost,,,,0,1.1176,0,0,5.820766E-11,0,1,0,0,0,0,0,0,,,
3.9278279708222019,aece4ecd,SessionInitializing,Initializing,30.0658131,13.9883442,1,,,,,,"","",0,0,0,,0,,,None,Unavailable,TrackingLost,,,,"TrackingLost",0,,,None,Unavailable,TrackingLost,,,,0,1.1176,0,0,5.820766E-11,0,1,0,0,0,0,0,0,,,
3.9599391168147324,aece4ecd,SessionInitializing,Initializing,30.0592117,13.9883442,1,,,,,,"","",0,0,0,,0,,,None,Unavailable,TrackingLost,,,,"TrackingLost",0,,,None,Unavailable,TrackingLost,,,,0,1.1176,0,0,5.820766E-11,0,1,0,0,0,0,0,0,,,
3.9907348978147841,aece4ecd,SessionTracking,Tracking,30.0566635,13.9883442,1,,,,,,"","",0,0,0,,0,,,None,Unavailable,NoWallUnderCrosshair,,,,"NoWallUnderCrosshair",0,,,None,Unavailable,NoWallInView,,,,0,1.1176,0,0,5.820766E-11,0,1,0,0,0,0,0,0,,,
4.0232144808094947,aece4ecd,SessionTracking,Tracking,30.07267,13.9883442,1,0.015144114004215226,0,0,0,160x90 DepthUint16,"centre=0 min=0 max=0 hex=0000 0000 0000 0000 0000","centre=0 min=0 max=0 hex=0000 0000 0000 0000 0000",0,0,0,,0,,,None,Unavailable,NoWallUnderCrosshair,,,,"only 0 valid depth samples under crosshair (441 no-data, 0 out-of-range, 0 low-confidence)",0,,,None,Unavailable,NoWallInView,,,,0.005664534,1.17840111,-0.06506931,0.4132015,-0.00285200775,0.012253046,0.9105527,0,0,0,0,0,0,267633.83963013004,267633.83963013004,0.015037290984764695
4.0575338558108545,aece4ecd,SessionTracking,Tracking,30.06489,13.9883442,1,0.032891770999412984,0,0,0,160x90 DepthUint16,"centre=0 min=0 max=0 hex=0000 0000 0000 0000 0000","centre=0 min=0 max=0 hex=0000 0000 0000 0000 0000",0,0,0,,0,,,None,Unavailable,NoWallUnderCrosshair,,,,"only 0 valid depth samples under crosshair (441 no-data, 0 out-of-range, 0 low-confidence)",0,,,None,Unavailable,NoWallInView,,,,0.005661509,1.17852724,-0.06528128,0.413446039,-0.00324739539,0.0119795213,0.910444,0,0,0,0,0,0,267633.872957213,267633.872957213,0.032824166002683342
4.0925105228078085,aece4ecd,SessionTracking,Tracking,30.064827,13.9883442,1,0.033517864998430014,0,0,0,160x90 DepthUint16,"centre=0 min=0 max=0 hex=0000 0000 0000 0000 0000","centre=0 min=0 max=0 hex=0000 0000 0000 0000 0000",0,0,0,,0,,,None,Unavailable,NoWallUnderCrosshair,,,,"only 0 valid depth samples under crosshair (441 no-data, 0 out-of-range, 0 low-confidence)",0,,,None,Unavailable,NoWallInView,,,,0.00511716772,1.18274319,-0.0656380951,0.412193447,-0.003889397,0.0110489735,0.911021054,0,0,0,0,0,0,267633.907139769,267633.907139769,0.033439582999562845
4.1259961478052194,aece4ecd,SessionTracking,Tracking,30.064045,13.9883442,1,0.032738749985583127,0,0,0,160x90 DepthUint16,"centre=0 min=0 max=0 hex=0000 0000 0000 0000 0000","centre=0 min=0 max=0 hex=0000 0000 0000 0000 0000",0,0,0,,0,,,None,Unavailable,NoWallUnderCrosshair,,,,"only 0 valid depth samples under crosshair (441 no-data, 0 out-of-range, 0 low-confidence)",0,,,None,Unavailable,NoWallInView,,,,0.005015729,1.1833092,-0.06632416,0.410565227,-0.00353738666,0.0111774206,0.91175586,0,0,0,0,0,0,267633.94046685303,267633.94046685303,0.0326799479953479
4.1550220848283264,aece4ecd,SessionTracking,Tracking,30.0649033,13.9883442,1,0.028231927019078285,0,0,0,160x90 DepthUint16,"centre=0 min=0 max=0 hex=0000 0000 0000 0000 0000","centre=0 min=0 max=0 hex=0000 0000 0000 0000 0000",0,0,0,,0,,,None,Unavailable,NoWallUnderCrosshair,,,,"only 0 valid depth samples under crosshair (441 no-data, 0 out-of-range, 0 low-confidence)",0,,,None,Unavailable,NoWallInView,,,,0.00492643937,1.18396878,-0.06701102,0.408752233,-0.003255844,0.011498332,0.9125672,0,0,0,0,0,0,267633.973793936,267633.973793936,0.028172499994980171
4.1880938038219231,aece4ecd,SessionTracking,Tracking,30.06716,13.9883442,1,0.032051146001322195,0,0,0,160x90 DepthUint16,"centre=0 min=0 max=0 hex=0000 0000 0000 0000 0000","centre=0 min=0 max=0 hex=0000 0000 0000 0000 0000",0,0,0,,0,,,None,Unavailable,NoWallUnderCrosshair,,,,"only 0 valid depth samples under crosshair (441 no-data, 0 out-of-range, 0 low-confidence)",0,,,None,Unavailable,NoWallInView,,,,0.00461464655,1.18408394,-0.0678252056,0.405852258,-0.00316716777,0.0122209508,0.9138515,0,0,0,0,0,0,267634.002158184,267634.002158184,0.031992917007301
4.2251250538091174,aece4ecd,SessionTracking,Tracking,30.065834,13.9883442,1,0.036199634982040152,0,0,0,160x90 DepthUint16,"centre=0 min=0 max=0 hex=0000 0000 0000 0000 0000","centre=0 min=0 max=0 hex=0000 0000 0000 0000 0000",0,0,0,,0,,,None,Unavailable,NoWallUnderCrosshair,,,,"only 0 valid depth samples under crosshair (441 no-data, 0 out-of-range, 0 low-confidence)",0,,,None,Unavailable,NoWallInView,,,,0.00424303068,1.18501437,-0.0696379244,0.399405748,-0.002920866,0.0129935741,0.916677535,0,0,0,0,0,0,267634.035485268,267634.035485268,0.036135051981545985
4.2560219808063469,aece4ecd,SessionTracking,Tracking,30.06976,13.9883442,1,0.026693280990002677,0,0,0,160x90 DepthUint16,"centre=0 min=0 max=0 hex=0000 0000 0000 0000 0000","centre=0 min=0 max=0 hex=0000 0000 0000 0000 0000",0,0,0,,0,,,None,Unavailable,NoWallUnderCrosshair,,,,"only 0 valid depth samples under crosshair (441 no-data, 0 out-of-range, 0 low-confidence)",0,,,None,Unavailable,NoWallInView,,,,0.00368126482,1.18622971,-0.07133042,0.39355588,-0.00239805877,0.014303267,0.9191863,0,0,0,0,0,0,267634.06881235103,267634.06881235103,0.026455728977452964
4.2873338558118324,aece4ecd,SessionTracking,Tracking,30.06521,13.9883442,1,0.030376926995813847,0,0,0,160x90 DepthUint16,"centre=0 min=0 max=0 hex=0000 0000 0000 0000 0000","centre=0 min=0 max=0 hex=0000 0000 0000 0000 0000",0,0,0,,0,,,None,Unavailable,NoWallUnderCrosshair,,,,"only 0 valid depth samples under crosshair (441 no-data, 0 out-of-range, 0 low-confidence)",0,,,None,Unavailable,NoWallInView,,,,0.00351194246,1.188045,-0.07183874,0.3885385,-0.00181391847,0.01564634,0.921297848,0,0,0,0,0,0,267634.092736208,267634.092736208,0.030224999994970858
4.3246759388119447,aece4ecd,SessionTracking,Tracking,30.07033,13.9883442,1,0.036368750006658956,0,0,0,160x90 DepthUint16,"centre=0 min=0 max=0 hex=0000 0000 0000 0000 0000","centre=0 min=0 max=0 hex=0000 0000 0000 0000 0000",0,0,0,,0,,,None,Unavailable,NoWallUnderCrosshair,,,,"only 0 valid depth samples under crosshair (441 no-data, 0 out-of-range, 0 low-confidence)",0,,,None,Unavailable,NoWallInView,,,,0.00228446675,1.18952608,-0.07395619,0.376586139,-0.000165134683,0.0179631431,0.9262074,0,0,0,0,0,0,267634.12606329203,267634.12606329203,0.03628000000026077
4.3569176058216019,aece4ecd,SessionTracking,Tracking,30.0645981,13.9883442,1,0.031162396015133709,0,0,0,160x90 DepthUint16,"centre=0 min=0 max=0 hex=0000 0000 0000 0000 0000","centre=0 min=0 max=0 hex=0000 0000 0000 0000 0000",0,0,0,,0,,,None,Unavailable,NoWallUnderCrosshair,,,,"only 0 valid depth samples under crosshair (441 no-data, 0 out-of-range, 0 low-confidence)",0,,,None,Unavailable,NoWallInView,,,,0.000111668836,1.19274008,-0.07700151,0.357809275,0.005058676,0.021491617,0.933533669,0,0,0,0,0,0,267634.159390375,267634.159390375,0.031067030999111012
4.389454376824526,aece4ecd,SessionTracking,Tracking,30.0674286,13.9883442,1,0.030536563019268215,0,0,0,160x90 DepthUint16,"centre=0 min=0 max=0 hex=0000 0000 0000 0000 0000","centre=0 min=0 max=0 hex=0000 0000 0000 0000 0000",0,0,0,,0,,,None,Unavailable,NoWallUnderCrosshair,,,,"only 0 valid depth samples under crosshair (441 no-data, 0 out-of-range, 0 low-confidence)",0,,,None,Unavailable,NoWallInView,,,,0.00061588455,1.19904041,-0.07985293,0.3384703,0.00372050726,0.0177130122,0.940803,0,0,0,0,0,0,267634.192613753,267634.192613753,0.030433489999268204
4.4242211478111333,aece4ecd,SessionTracking,Tracking,30.06518,13.9883442,1,0.033005051984218881,0,0,0,160x90 DepthUint16,"centre=0 min=0 max=0 hex=0000 0000 0000 0000 0000","centre=0 min=0 max=0 hex=0000 0000 0000 0000 0000",0,0,0,,0,,,None,Unavailable,NoWallUnderCrosshair,,,,"only 0 valid depth samples under crosshair (441 no-data, 0 out-of-range, 0 low-confidence)",0,,,None,Unavailable,NoWallInView,,,,0.00229607383,1.20701814,-0.08326019,0.3136143,-0.00376521051,0.0100691617,0.9494896,0,0,0,0,0,0,267634.225940837,267634.225940837,0.0311999479890801
4.454642918832926,aece4ecd,SessionTracking,Tracking,30.0631218,13.9883442,1,0.029208178020780906,0,0,0,160x90 DepthUint16,"centre=0 min=0 max=0 hex=0000 0000 0000 0000 0000","centre=0 min=0 max=0 hex=0000 0000 0000 0000 0000",0,0,0,,0,,,None,Unavailable,NoWallUnderCrosshair,,,,"only 0 valid depth samples under crosshair (441 no-data, 0 out-of-range, 0 low-confidence)",0,,,None,Unavailable,NoWallInView,,,,0.00334490417,1.2164557,-0.08733268,0.2851334,-0.0100731254,0.00453791,0.9584242,0,0,0,0,0,0,267634.25926792,267634.25926792,0.029151667025871575
4.4891243248119483,aece4ecd,SessionTracking,Tracking,30.0630283,13.9883442,1,0.033738958998583257,0,0,0,160x90 DepthUint16,"centre=0 min=0 max=0 hex=0000 0000 0000 0000 0000","centre=0 min=0 max=0 hex=0000 0000 0000 0000 0000",0,0,0,,0,,,None,Unavailable,NoWallUnderCrosshair,,,,"only 0 valid depth samples under crosshair (441 no-data, 0 out-of-range, 0 low-confidence)",0,,,None,Unavailable,NoWallInView,,,,0.00222476758,1.227511,-0.09081814,0.2596412,-0.009399877,0.005712331,0.9656425,0,0,0,0,0,0,267634.292399252,267634.292399252,0.033682084002066404
4.5259529708117245,aece4ecd,SessionTracking,Tracking,30.0689278,13.9883442,1,0.036057239980436862,0,0,0,160x90 DepthUint16,"centre=0 min=0 max=0 hex=0000 0000 0000 0000 0000","centre=0 min=0 max=0 hex=0000 0000 0000 0000 0000",0,0,0,,0,,,None,Unavailable,NoWallUnderCrosshair,,,,"only 0 valid depth samples under crosshair (441 no-data, 0 out-of-range, 0 low-confidence)",0,,,None,Unavailable,NoWallInView,,,,-6.72983E-05,1.23963177,-0.0942383558,0.236357227,-0.00487978058,0.0105017135,0.971597254,0,0,0,0,0,0,267634.32572633604,267634.32572633604,0.036000833992147818
4.5587247938081621,aece4ecd,SessionTracking,Tracking,30.0631065,13.9883442,1,0.032039115001680329,0,0,0,160x90 DepthUint16,"centre=0 min=0 max=0 hex=0000 0000 0000 0000 0000","centre=0 min=0 max=0 hex=0000 0000 0000 0000 0000",0,0,0,,0,,,None,Unavailable,NoWallUnderCrosshair,,,,"only 0 valid depth samples under crosshair (441 no-data, 0 out-of-range, 0 low-confidence)",0,,,None,Unavailable,NoWallInView,,,,-0.00065869,1.25170362,-0.0974466652,0.215403944,-0.00754699856,0.0127032995,0.97641325,0,0,0,0,0,0,267634.35905341903,267634.35905341903,0.031980989995645359
4.5897517728142905,aece4ecd,SessionTracking,Tracking,30.0665569,13.9883442,1,0.029157708981074393,0,0,0,160x90 DepthUint16,"centre=0 min=0 max=0 hex=0000 0000 0000 0000 0000","centre=0 min=0 max=0 hex=0000 0000 0000 0000 0000",0,0,0,,0,,,None,Unavailable,NoWallUnderCrosshair,,,,"only 0 valid depth samples under crosshair (441 no-data, 0 out-of-range, 0 low-confidence)",0,,,None,Unavailable,NoWallInView,,,,-0.000772141851,1.26337218,-0.100485377,0.198494673,-0.0120981485,0.0140679777,0.979926348,0,0,0,0,0,0,267634.392329999,267634.392329999,0.029096249985741451
4.621402605814021,aece4ecd,SessionTracking,Tracking,30.0623913,13.9883442,1,0.030908749991795048,0,0,0,160x90 DepthUint16,"centre=0 min=0 max=0 hex=0000 0000 0000 0000 0000","centre=0 min=0 max=0 hex=0000 0000 0000 0000 0000",0,0,0,,0,,,None,Unavailable,NoWallUnderCrosshair,,,,"only 0 valid depth samples under crosshair (441 no-data, 0 out-of-range, 0 low-confidence)",0,,,None,Unavailable,NoWallInView,,,,-0.000951617956,1.27441514,-0.103445753,0.184073091,-0.0147046223,0.0154827833,0.9826806,0,0,0,0,0,0,267634.425657083,267634.425657083,0.030781666981056333
4.6587853138324338,aece4ecd,SessionTracking,Tracking,30.0603828,13.9883442,1,0.036005885020131245,0,0,0,160x90 DepthUint16,"centre=0 min=0 max=0 hex=0000 0000 0000 0000 0000","centre=0 min=0 max=0 hex=0000 0000 0000 0000 0000",0,0,0,,0,,,None,Unavailable,NoWallUnderCrosshair,,,,"only 0 valid depth samples under crosshair (441 no-data, 0 out-of-range, 0 low-confidence)",0,,,None,Unavailable,NoWallInView,,,,-0.000794274732,1.28453887,-0.106144719,0.172605336,-0.01654126,0.0160457212,0.9847215,0,0,0,0,0,0,267634.45898416603,267634.45898416603,0.035499062010785565
4.6918684908294583,aece4ecd,SessionTracking,Tracking,30.06188,13.9883442,1,0.031654218008043244,0.03861111,0.5094444,1,160x90 DepthUint16,"centre=0 min=471 max=11825 hex=0000 0000 0000 0000 0000","centre=918 min=656 max=927 hex=0399 0398 0396 038D 0337",0,0,0,,0,,,None,Unavailable,NoWallUnderCrosshair,,,,"only 0 valid depth samples under crosshair (441 no-data, 0 out-of-range, 0 low-confidence)",0,,,None,Unavailable,NoWallInView,,,,-0.000827823766,1.293788,-0.108187556,0.16377157,-0.0173923746,0.01704517,0.9861977,0,0,0,0,0,0,267634.49221019604,267634.49221019604,0.031563802011078224
4.7207400018222163,aece4ecd,SessionTracking,Tracking,30.0627651,13.9883442,1,0.025699999998323619,0.03951389,0.5150694,1,160x90 DepthUint16,"centre=0 min=471 max=11818 hex=0000 0000 0000 0000 0000","centre=958 min=677 max=967 hex=03C1 03C0 03BE 03B7 0396",0,0,0,,0,,,None,Unavailable,NoWallUnderCrosshair,,,,"only 0 valid depth samples under crosshair (441 no-data, 0 out-of-range, 0 low-confidence)",0,,,None,Unavailable,NoWallInView,,,,-0.00141591113,1.30227089,-0.109678544,0.157999828,-0.016149804,0.0184488,0.9871347,0,0,0,0,0,0,267634.52553728,267634.52553728,0.025567864999175072
4.75751599081452,aece4ecd,SessionTracking,Tracking,30.0657043,13.9883442,1,0.035929842997575179,0.038194444,0.4863889,1,160x90 DepthUint16,"centre=0 min=471 max=11813 hex=0000 0000 0000 0000 0000","centre=936 min=664 max=970 hex=03AB 03AA 03A8 03A3 0387",0,0,0,,0,,,None,Unavailable,NoWallUnderCrosshair,,,,"only 0 valid depth samples under crosshair (441 no-data, 0 out-of-range, 0 low-confidence)",0,,,None,Unavailable,NoWallInView,,,,-0.0019365279,1.30961859,-0.111308761,0.152459815,-0.0145403231,0.0198763032,0.9880028,0,0,0,0,0,0,267634.558864363,267634.558864363,0.035842082987073809
4.7932276058116461,aece4ecd,SessionTracking,Tracking,30.0614738,13.9883442,1,0.035059688001638278,0.0583333336,0.433958322,1,160x90 DepthUint16,"centre=0 min=471 max=11837 hex=0000 0000 0000 0000 0000","centre=860 min=656 max=863 hex=035E 035E 035C 0359 0347",0,0,0,,0,,,None,Unavailable,NoWallUnderCrosshair,,,,"only 0 valid depth samples under crosshair (441 no-data, 0 out-of-range, 0 low-confidence)",0,,,None,Unavailable,NoWallInView,,,,-0.00418405049,1.315771,-0.111558162,0.149053618,-0.0109196687,0.0218466539,0.9885275,0,0,0,0,0,0,267634.59213900403,267634.59213900403,0.035011405998375267
4.8229495848052668,aece4ecd,SessionTracking,Tracking,30.0638466,13.9883442,1,0.029113072989275679,0.0559722222,0.450486124,1,160x90 DepthUint16,"centre=0 min=473 max=11889 hex=0000 0000 0000 0000 0000","centre=879 min=661 max=883 hex=0371 0370 036F 036D 0359",0,0,0,,0,,,None,Unavailable,NoWallUnderCrosshair,,,,"only 0 valid depth samples under crosshair (441 no-data, 0 out-of-range, 0 low-confidence)",0,,,None,Unavailable,NoWallInView,,,,-0.00527960155,1.32108426,-0.111717619,0.150276169,-0.006341346,0.0227074046,0.9883629,0,0,0,0,0,0,267634.625466088,267634.625466088,0.029065988986985758
4.8542488558148964,aece4ecd,SessionTracking,Tracking,30.06452,13.9883442,1,0.030364531005034223,0.0570138879,0.432430565,1,160x90 DepthUint16,"centre=0 min=476 max=11939 hex=0000 0000 0000 0000 0000","centre=889 min=660 max=892 hex=037B 037A 0379 0376 0361",0,0,0,,0,,,None,Unavailable,NoWallUnderCrosshair,,,,"only 0 valid depth samples under crosshair (441 no-data, 0 out-of-range, 0 low-confidence)",0,,,None,Unavailable,NoWallInView,,,,-0.00620358437,1.32546461,-0.1114393,0.153453439,-0.00267983228,0.0224404037,0.9878974,0,0,0,0,0,0,267634.658793171,267634.658793171,0.030284009990282357
4.8891076058196834,aece4ecd,SessionTracking,Tracking,30.064827,13.9883442,1,0.034286094014532864,0.0806944445,0.511805534,1,160x90 DepthUint16,"centre=0 min=474 max=11946 hex=0000 0000 0000 0000 0000","centre=942 min=677 max=948 hex=03B1 03B0 03AE 03AB 0399",0,0,0,,0,,,None,Unavailable,NoWallUnderCrosshair,,,,"only 0 valid depth samples under crosshair (441 no-data, 0 out-of-range, 0 low-confidence)",0,,,None,Unavailable,NoWallInView,,,,-0.00637698546,1.32741582,-0.110798389,0.152060166,-0.0010527299,0.0208600778,0.988150537,0,0,0,0,0,0,267634.692422228,267634.692422228,0.034241563000250608
4.9235367198114748,aece4ecd,SessionTracking,Tracking,30.0661259,30.1725349,1,0.033787446998758242,0.07451389,0.491597235,1,160x90 DepthUint16,"centre=0 min=474 max=11974 hex=0000 0000 0000 0000 0000","centre=967 min=691 max=978 hex=03CC 03CA 03C7 03C4 03AE",0,0,0,,0,,,None,Unavailable,NoWallUnderCrosshair,,,,"only 0 valid depth samples under crosshair (441 no-data, 0 out-of-range, 0 low-confidence)",0,,,None,Unavailable,NoWallInView,,,,-0.00744270161,1.32939065,-0.111556433,0.1494631,0.00319191813,0.0206326544,0.988546848,0,0,0,0,0,0,267634.725749312,267634.725749312,0.033744218002539128
4.9519771888142916,aece4ecd,SessionTracking,Tracking,30.0669556,30.1725349,1,0.027804999990621582,0.07215278,0.48770833,1,160x90 DepthUint16,"centre=0 min=502 max=11990 hex=0000 0000 0000 0000 0000","centre=1006 min=706 max=1016 hex=03F2 03F0 03EE 03EB 03D3",0,0,0,,0,,,None,Unavailable,NoWallUnderCrosshair,,,,"only 0 valid depth samples under crosshair (441 no-data, 0 out-of-range, 0 low-confidence)",0,,,None,Unavailable,NoWallInView,,,,-0.008405385,1.33066022,-0.112224124,0.1464182,0.006398827,0.020434171,0.988991,0,0,0,0,0,0,267634.759076395,267634.759076395,0.027756353985751048
4.9902622928191906,aece4ecd,SessionTracking,Tracking,30.06848,30.1725349,1,0.037627082987455651,0.07,0.406944454,1,160x90 DepthUint16,"centre=0 min=469 max=11994 hex=0000 0000 0000 0000 0000","centre=940 min=692 max=951 hex=03B1 03AF 03AC 03A9 0392",0,0,0,,0,,,None,Unavailable,NoWallUnderCrosshair,,,,"only 0 valid depth samples under crosshair (441 no-data, 0 out-of-range, 0 low-confidence)",0,,,None,Unavailable,NoWallInView,,,,-0.008482762,1.325287,-0.111019231,0.145660192,0.007645078,0.01953733,0.989112258,0,0,0,0,0,0,267634.79330382304,267634.79330382304,0.037584114004857838
5.0222089598235673,aece4ecd,SessionTracking,Tracking,30.0620422,30.1725349,1,0.031359115004306659,0.06854167,0.3886111,1,160x90 DepthUint16,"centre=0 min=497 max=11984 hex=0000 0000 0000 0000 0000","centre=926 min=705 max=936 hex=03A2 03A0 039E 039B 0387",0,0,0,,0,,,None,Unavailable,NoWallUnderCrosshair,,,,"only 0 valid depth samples under crosshair (441 no-data, 0 out-of-range, 0 low-confidence)",0,,,None,Unavailable,NoWallInView,,,,-0.00899456348,1.32476306,-0.110704452,0.143982753,0.007708654,0.0183904171,0.9893793,0,0,0,0,0,0,267634.826630907,267634.826630907,0.031316458014771342
5.061996928822575,aece4ecd,SessionTracking,Tracking,30.0677567,30.1725349,1,0.0388005209970288,0.06722222,0.342430562,1,160x90 DepthUint16,"centre=0 min=496 max=11990 hex=0000 0000 0000 0000 0000","centre=910 min=703 max=920 hex=0392 0390 038E 038C 0379",0,0,0,,0,,,None,Unavailable,NoWallUnderCrosshair,,,,"only 0 valid depth samples under crosshair (441 no-data, 0 out-of-range, 0 low-confidence)",0,,,None,Unavailable,NoWallInView,,,,-0.00992688,1.32378137,-0.110074043,0.142951667,0.00913886,0.0172552466,0.98953706,0,0,0,0,0,0,267634.85995799,267634.85995799,0.038683646009303629
5.0940941158322151,aece4ecd,SessionTracking,Tracking,30.0689526,30.1725349,1,0.031253958004526794,0.0624305569,0.352847219,1,160x90 DepthUint16,"centre=0 min=496 max=12003 hex=0000 0000 0000 0000 0000","centre=936 min=710 max=946 hex=03AC 03AA 03A8 03A5 0391",0,0,0,,0,,,None,Unavailable,NoWallUnderCrosshair,,,,"only 0 valid depth samples under crosshair (441 no-data, 0 out-of-range, 0 low-confidence)",0,,,None,Unavailable,NoWallInView,,,,-0.0108761061,1.32545412,-0.1081157,0.1414808,0.0118068475,0.0159593858,0.989742,0,0,0,0,0,0,267634.89383660804,267634.89383660804,0.031203906022710726
5.1247252098099327,aece4ecd,SessionTracking,Tracking,30.0644836,30.1725349,1,0.029591926984721795,0.0624305569,0.3217361,1,160x90 DepthUint16,"centre=0 min=495 max=12027 hex=0000 0000 0000 0000 0000","centre=904 min=703 max=913 hex=038B 038A 0388 0386 0374",0,0,0,,0,,,None,Unavailable,NoWallUnderCrosshair,,,,"only 0 valid depth samples under crosshair (441 no-data, 0 out-of-range, 0 low-confidence)",0,,,None,Unavailable,NoWallInView,,,,-0.0122454036,1.32410371,-0.106522657,0.142753243,0.0141396374,0.0150654614,0.9895426,0,0,0,0,0,0,267634.927163692,267634.927163692,0.029526874975999817
5.1609801058064679,aece4ecd,SessionTracking,Tracking,30.0649433,30.1725349,1,0.035595103981904685,0.061875,0.299930543,1,160x90 DepthUint16,"centre=0 min=493 max=12045 hex=0000 0000 0000 0000 0000","centre=910 min=709 max=919 hex=0392 0390 038E 038D 037A",0,0,0,,0,,,None,Unavailable,NoWallUnderCrosshair,,,,"only 0 valid depth samples under crosshair (441 no-data, 0 out-of-range, 0 low-confidence)",0,,,None,Unavailable,NoWallInView,,,,-0.0136236856,1.322407,-0.104831457,0.143425,0.016113162,0.0141709745,0.9894285,0,0,0,0,0,0,267634.960490775,267634.960490775,0.035543176985811442
5.1938779178297612,aece4ecd,SessionTracking,Tracking,30.0592747,30.1725349,1,0.032229322998318821,0.07034722,0.319444448,1,160x90 DepthUint16,"centre=0 min=487 max=12053 hex=0000 0000 0000 0000 0000","centre=970 min=723 max=981 hex=03CE 03CC 03CA 03C8 03B1",0,0,0,,0,,,None,Unavailable,NoWallUnderCrosshair,,,,"only 0 valid depth samples under crosshair (441 no-data, 0 out-of-range, 0 low-confidence)",0,,,None,Unavailable,NoWallInView,,,,-0.0152202826,1.3202306,-0.102848567,0.143525288,0.0186571125,0.0137792546,0.9893749,0,0,0,0,0,0,267634.99383111,267634.99383111,0.032185312011279166
5.2287721368182449,aece4ecd,SessionTracking,Tracking,30.0657921,30.1725349,1,0.034327811998082325,0.06881944,0.3125,1,160x90 DepthUint16,"centre=0 min=484 max=12057 hex=0000 0000 0000 0000 0000","centre=981 min=726 max=993 hex=03DA 03D7 03D5 03D3 03BB",0,0,0,,0,,,None,Unavailable,NoWallUnderCrosshair,,,,"only 0 valid depth samples under crosshair (441 no-data, 0 out-of-range, 0 low-confidence)",0,,,None,Unavailable,NoWallInView,,,,-0.0164134726,1.31793416,-0.100748725,0.143397182,0.0196599867,0.0128824729,0.9893861,0,0,0,0,0,0,267635.027158194,267635.027158194,0.034283905988559127
5.257844636826869,aece4ecd,SessionTracking,Tracking,30.0622768,30.1725349,1,0.0285572920111008,0.07048611,0.301458329,1,160x90 DepthUint16,"centre=0 min=482 max=12064 hex=0000 0000 0000 0000 0000","centre=970 min=707 max=982 hex=03CE 03CC 03CA 03C7 03AE",0,0,0,,0,,,None,Unavailable,NoWallUnderCrosshair,,,,"only 0 valid depth samples under crosshair (441 no-data, 0 out-of-range, 0 low-confidence)",0,,,None,Unavailable,NoWallInView,,,,-0.0176021438,1.31550908,-0.09803977,0.144589812,0.0203792881,0.01164499,0.9892133,0,0,0,0,0,0,267635.06048527703,267635.06048527703,0.028513490018667653
5.2914955738222691,aece4ecd,SessionTracking,Tracking,30.06195,30.1725349,1,0.03286807201220654,0.08020833,0.4720139,1,160x90 DepthUint16,"centre=0 min=475 max=12075 hex=0000 0000 0000 0000 0000","centre=1137 min=712 max=1160 hex=047D 0476 0471 046A 043B",0,0,0,,0,,,None,Unavailable,NoWallUnderCrosshair,,,,"only 0 valid depth samples under crosshair (441 no-data, 0 out-of-range, 0 low-confidence)",0,,,None,Unavailable,NoWallInView,,,,-0.0193613842,1.31584311,-0.09085726,0.145557731,0.0223694034,0.0103445351,0.989042759,0,0,0,0,0,0,267635.094392056,267635.094392056,0.032820260006701574
5.3237665118056814,aece4ecd,SessionTracking,Tracking,30.06229,30.1725349,1,0.0313255209766794,0.0815972239,0.462916672,1,160x90 DepthUint16,"centre=0 min=472 max=12091 hex=0000 0000 0000 0000 0000","centre=1118 min=706 max=1139 hex=0469 0463 045E 0456 042A",0,0,0,,0,,,None,Unavailable,NoWallUnderCrosshair,,,,"only 0 valid depth samples under crosshair (441 no-data, 0 out-of-range, 0 low-confidence)",0,,,None,Unavailable,NoWallInView,,,,-0.0209368169,1.31331122,-0.0869035,0.147810042,0.0237493627,0.009431869,0.9886856,0,0,0,0,0,0,267635.12771914003,267635.12771914003,0.031271197978639975
5.3669873448078054,aece4ecd,SessionTracking,Tracking,30.06078,30.1725349,1,0.04234312498010695,0.08090278,0.4359722,1,160x90 DepthUint16,"centre=0 min=468 max=12113 hex=0000 0000 0000 0000 0000","centre=1102 min=700 max=1119 hex=0456 0452 044E 0448 041D",0,0,0,,0,,,None,Unavailable,NoWallUnderCrosshair,,,,"only 0 valid depth samples under crosshair (441 no-data, 0 out-of-range, 0 low-confidence)",0,,,None,Unavailable,NoWallInView,,,,-0.02274615,1.31063557,-0.08270724,0.150043428,0.0258580148,0.008852065,0.9883016,0,0,0,0,0,0,267635.161046223,267635.161046223,0.042291822988772765
5.3952397408127784,aece4ecd,SessionTracking,Tracking,30.0608368,30.1725349,1,0.027403332991525531,0.08826389,0.354722232,1,160x90 DepthUint16,"centre=0 min=466 max=12144 hex=0000 0000 0000 0000 0000","centre=1154 min=702 max=1179 hex=0489 0486 0482 047A 044A",0,0,0,,0,,,None,Unavailable,NoWallUnderCrosshair,,,,"only 0 valid depth samples under crosshair (441 no-data, 0 out-of-range, 0 low-confidence)",0,,,None,Unavailable,NoWallInView,,,,-0.0230560359,1.30743277,-0.07727835,0.1511235,0.03013714,0.00866860151,0.9880174,0,0,0,0,0,0,267635.19470726704,267635.19470726704,0.027354322985047475
5.42789828282441,aece4ecd,SessionTracking,Tracking,30.0621834,30.1725349,1,0.031832188018597662,0.08770833,0.319722235,1,160x90 DepthUint16,"centre=0 min=461 max=12162 hex=0000 0000 0000 0000 0000","centre=1160 min=705 max=1186 hex=0490 048C 0488 0481 0452",0,0,0,,0,,,None,Unavailable,NoWallUnderCrosshair,,,,"only 0 valid depth samples under crosshair (441 no-data, 0 out-of-range, 0 low-confidence)",0,,,None,Unavailable,NoWallInView,,,,-0.0249717385,1.30425858,-0.07252529,0.151811615,0.03287794,0.007989347,0.9878302,0,0,0,0,0,0,267635.228034351,267635.228034351,0.031777135998709127
5.4573022928078192,aece4ecd,SessionTracking,Tracking,30.0638161,30.1725349,1,0.028842030995292589,0.086875,0.3373611,1,160x90 DepthUint16,"centre=0 min=456 max=12161 hex=0000 0000 0000 0000 0000","centre=1176 min=699 max=1203 hex=04A2 049D 0498 048F 045F",0,0,0,,0,,,None,Unavailable,NoWallUnderCrosshair,,,,"only 0 valid depth samples under crosshair (441 no-data, 0 out-of-range, 0 low-confidence)",0,,,None,Unavailable,NoWallInView,,,,-0.0263017584,1.30093813,-0.06727558,0.153138459,0.03287444,0.006726087,0.9876349,0,0,0,0,0,0,267635.261361434,267635.261361434,0.028797707986086607
5.4899117198063525,aece4ecd,SessionTracking,Tracking,30.0637589,30.1725349,1,0.031994895980460569,0.102916665,0.3520139,1,160x90 DepthUint16,"centre=0 min=452 max=12170 hex=0000 0000 0000 0000 0000","centre=1162 min=710 max=1191 hex=0497 0491 048A 0482 0456",0,0,0,,0,,,None,Unavailable,NoWallUnderCrosshair,,,,"only 0 valid depth samples under crosshair (441 no-data, 0 out-of-range, 0 low-confidence)",0,,,None,Unavailable,NoWallInView,,,,-0.0268830732,1.29876888,-0.06325075,0.15465349,0.0338937119,0.005946338,0.9873693,0,0,0,0,0,0,267635.294680244,267635.294680244,0.03194838497438468
5.5249913558062165,aece4ecd,SessionTracking,Tracking,30.06239,30.1725349,1,0.034279947984032333,0.102083333,0.345208347,1,160x90 DepthUint16,"centre=0 min=446 max=12177 hex=0000 0000 0000 0000 0000","centre=1168 min=707 max=1195 hex=049C 0496 0490 0489 045B",0,0,0,,0,,,None,Unavailable,NoWallUnderCrosshair,,,,"only 0 valid depth samples under crosshair (441 no-data, 0 out-of-range, 0 low-confidence)",0,,,None,Unavailable,NoWallInView,,,,-0.0286153,1.29517233,-0.0574773028,0.155500934,0.03528819,0.0056468253,0.9871891,0,0,0,0,0,0,267635.32800732803,267635.32800732803,0.034212083992315456
5.5558671888127922,aece4ecd,SessionTracking,Tracking,30.0651169,30.1725349,1,0.03001640600268729,0.101388887,0.310833335,1,160x90 DepthUint16,"centre=0 min=440 max=12187 hex=0000 0000 0000 0000 0000","centre=1134 min=698 max=1156 hex=0477 0472 046E 0467 043C",0,0,0,,0,,,None,Unavailable,NoWallUnderCrosshair,,,,"only 0 valid depth samples under crosshair (441 no-data, 0 out-of-range, 0 low-confidence)",0,,,None,Unavailable,NoWallInView,,,,-0.0303018279,1.29142737,-0.05109432,0.15700227,0.0366362371,0.005525172,0.986903,0,0,0,0,0,0,267635.361334411,267635.361334411,0.029955990001326427
5.5869768238324671,aece4ecd,SessionTracking,Tracking,30.066082,30.1725349,1,0.030506666022120044,0.110694446,0.278125,1,160x90 DepthUint16,"centre=0 min=434 max=12219 hex=0000 0000 0000 0000 036F","centre=1135 min=704 max=1154 hex=0478 0474 046F 0467 043C",0,0,0,,0,,,None,Unavailable,NoWallUnderCrosshair,,,,"only 0 valid depth samples under crosshair (441 no-data, 0 out-of-range, 0 low-confidence)",0,,,None,Unavailable,NoWallInView,,,,-0.0325307846,1.28796554,-0.04450225,0.159381121,0.04082577,0.006918192,0.986348331,0,0,0,0,0,0,267635.394749168,267635.394749168,0.030460937006864697
5.6272400008154566,aece4ecd,SessionTracking,Tracking,30.0670757,30.1725349,1,0.039751821983372793,0.107777774,0.261736125,1,160x90 DepthUint16,"centre=0 min=427 max=12263 hex=0000 0000 0000 0000 0000","centre=1145 min=723 max=1160 hex=0480 047D 0479 0472 0449",0,0,0,,0,,,None,Unavailable,NoWallUnderCrosshair,,,,"only 0 valid depth samples under crosshair (441 no-data, 0 out-of-range, 0 low-confidence)",0,,,None,Unavailable,NoWallInView,,,,-0.0352136455,1.28395092,-0.0377737135,0.1601052,0.0476717,0.008350939,0.9859128,0,0,0,0,0,0,267635.428076252,267635.428076252,0.039709582983050495
5.6570318238216917,aece4ecd,SessionTracking,Tracking,30.0682621,30.1725349,1,0.02890182301052846,0.09951389,0.256041676,1,160x90 DepthUint16,"centre=0 min=432 max=12324 hex=0000 0000 0000 0000 0000","centre=1134 min=728 max=1153 hex=0478 0473 046E 0466 0441",0,0,0,,0,,,None,Unavailable,NoWallUnderCrosshair,,,,"only 0 valid depth samples under crosshair (441 no-data, 0 out-of-range, 0 low-confidence)",0,,,None,Unavailable,NoWallInView,,,,-0.03850447,1.2796855,-0.03110934,0.159393132,0.05834301,0.0106222332,0.9854325,0,0,0,0,0,0,267635.46140333504,267635.46140333504,0.028803073015296832
5.6902196888102683,aece4ecd,SessionTracking,Tracking,30.0664024,30.1725349,1,0.032587134977802634,0.10965278,0.175972223,1,160x90 DepthUint16,"centre=0 min=412 max=10251 hex=0000 0000 0000 0000 0000","centre=814 min=663 max=815 hex=032E 032E 032E 032D 0323",0,0,0,,0,,,None,Unavailable,NoWallUnderCrosshair,,,,"only 0 valid depth samples under crosshair (441 no-data, 0 out-of-range, 0 low-confidence)",0,,,None,Unavailable,NoWallInView,,,,-0.0432827249,1.268301,-0.018685028,0.157148033,0.07393379,0.0141013265,0.9847027,0,0,0,0,0,0,267635.497093032,267635.497093032,0.032537188002606854
5.7287075528282205,aece4ecd,SessionTracking,Tracking,30.0640659,30.1725349,1,0.037785156018799171,0.103333332,0.161736116,1,160x90 DepthUint16,"centre=0 min=398 max=10106 hex=0000 0000 0000 0000 0000","centre=838 min=732 max=843 hex=0349 0347 0346 0344 033B",0,0,0,,0,,,None,Unavailable,NoWallUnderCrosshair,,,,"only 0 valid depth samples under crosshair (441 no-data, 0 out-of-range, 0 low-confidence)",0,,,None,Unavailable,NoWallInView,,,,-0.0478139967,1.26353633,-0.0116136968,0.154931068,0.09203181,0.0185835361,0.983453751,0,0,0,0,0,0,267635.53042011603,267635.53042011603,0.037728854018496349
5.7588529698248951,aece4ecd,SessionTracking,Tracking,30.063221,30.1725349,1,0.028785937000066042,0.09979167,0.145347223,1,160x90 DepthUint16,"centre=0 min=386 max=9839 hex=0000 0000 0000 0000 0000","centre=911 min=779 max=917 hex=0393 0391 038F 038D 0382",0,0,0,,0,,,None,Unavailable,NoWallUnderCrosshair,,,,"only 0 valid depth samples under crosshair (441 no-data, 0 out-of-range, 0 low-confidence)",0,,,None,Unavailable,NoWallInView,,,,-0.0509893969,1.25887871,-0.00437729061,0.153865173,0.104159452,0.020576328,0.9823711,0,0,0,0,0,0,267635.563747199,267635.563747199,0.026563749997876585
5.7908839598229154,aece4ecd,SessionTracking,Tracking,30.0649166,30.1725349,1,0.031411614996613935,0.1125,0.118402779,1,160x90 DepthUint16,"centre=0 min=377 max=22638 hex=3957 0000 0000 0000 0000","centre=1194 min=1169 max=1196 hex=04AB 04AA 04AA 04AA 04A7",0,0,0,,0,,,None,Unavailable,NoWallUnderCrosshair,,,,"only 0 valid depth samples under crosshair (441 no-data, 0 out-of-range, 0 low-confidence)",0,,,None,Unavailable,NoWallInView,,,,-0.0526837967,1.2541914,0.00244719535,0.153048724,0.111159377,0.0202877838,0.9817373,0,0,0,0,0,0,267635.597526645,267635.597526645,0.031350313016446307
5.8274195328111293,aece4ecd,SessionTracking,Tracking,30.0633411,30.1725349,1,0.035867500002495944,0.11298611,0.112847224,1,160x90 DepthUint16,"centre=0 min=368 max=22598 hex=2340 0000 0000 0000 0000","centre=1104 min=1100 max=1107 hex=0450 0450 0450 0450 0450",0,0,0,,0,,,None,Unavailable,NoWallUnderCrosshair,,,,"only 0 valid depth samples under crosshair (441 no-data, 0 out-of-range, 0 low-confidence)",0,,,None,Unavailable,NoWallInView,,,,-0.05416889,1.24949038,0.01045607,0.154380664,0.1159914,0.0198399443,0.9809786,0,0,0,0,0,0,267635.63085372903,267635.63085372903,0.035803124977974221
5.8585920328321865,aece4ecd,SessionTracking,Tracking,30.06121,30.1725349,1,0.030337292002514005,0.108055554,0.106944442,1,160x90 DepthUint16,"centre=0 min=358 max=22587 hex=22FF 0000 0000 0000 0000","centre=1118 min=1113 max=1119 hex=045E 045E 045E 045E 045E",0,0,0,,0,,,None,Unavailable,NoWallUnderCrosshair,,,,"only 0 valid depth samples under crosshair (441 no-data, 0 out-of-range, 0 low-confidence)",0,,,None,Unavailable,NoWallInView,,,,-0.05621548,1.24457932,0.0183460563,0.154273272,0.123010688,0.01989037,0.980139,0,0,0,0,0,0,267635.664180812,267635.664180812,0.030244271008996293
5.8906779178058262,aece4ecd,SessionTracking,Tracking,30.065073,30.1725349,1,0.031455989985261112,0.126041666,0.115972221,1,160x90 DepthUint16,"centre=0 min=348 max=22592 hex=2067 0000 0000 0000 0000","centre=1108 min=1107 max=1118 hex=0454 0454 0454 0454 0455",0,0,0,,0,,,None,Unavailable,NoWallUnderCrosshair,,,,"only 0 valid depth samples under crosshair (441 no-data, 0 out-of-range, 0 low-confidence)",0,,,None,Unavailable,NoWallInView,,,,-0.0580465123,1.23944139,0.025920406,0.153370246,0.1275128,0.0193852186,0.9797154,0,0,0,0,0,0,267635.697471292,267635.697471292,0.031386145972646773
5.923632969816774,aece4ecd,SessionTracking,Tracking,30.0622768,29.9971123,1,0.0322292190103326,0.122986108,0.108958334,1,160x90 DepthUint16,"centre=0 min=378 max=22588 hex=1DE4 0000 0000 0000 0000","centre=1109 min=1105 max=1127 hex=0454 0454 0455 0455 0456",0,0,0,,0,,,None,Unavailable,NoWallUnderCrosshair,,,,"only 0 valid depth samples under crosshair (441 no-data, 0 out-of-range, 0 low-confidence)",0,,,None,Unavailable,NoWallInView,,,,-0.0591830239,1.23422825,0.03398622,0.152917162,0.129295781,0.0183421671,0.979572654,0,0,0,0,0,0,267635.730798376,267635.730798376,0.028281406004680321
5.9594638548140413,aece4ecd,SessionTracking,Tracking,30.0574379,29.9971123,1,0.034993645007489249,0.12125,0.09763889,1,160x90 DepthUint16,"centre=0 min=376 max=22566 hex=1EFF 0000 0000 0000 0000","centre=1104 min=1100 max=1119 hex=044F 044F 0450 0450 0451",0,0,0,,0,,,None,Unavailable,NoWallUnderCrosshair,,,,"only 0 valid depth samples under crosshair (441 no-data, 0 out-of-range, 0 low-confidence)",0,,,None,Unavailable,NoWallInView,,,,-0.06030482,1.22895765,0.0424843356,0.153311491,0.130812943,0.0175780654,0.9793235,0,0,0,0,0,0,267635.764125459,267635.764125459,0.034936301992274821
5.9907339598274323,aece4ecd,SessionTracking,Tracking,30.05592,29.9971123,1,0.03058385499753058,0.14895834,0.09777778,1,160x90 DepthUint16,"centre=0 min=367 max=25587 hex=1B92 0000 0000 0000 0000","centre=1040 min=1039 max=1056 hex=0410 0410 0410 0410 0412",0,0,0,,0,,,None,Unavailable,NoWallUnderCrosshair,,,,"only 0 valid depth samples under crosshair (441 no-data, 0 out-of-range, 0 low-confidence)",0,,,None,Unavailable,NoWallInView,,,,-0.0616365746,1.22366607,0.0513343,0.153847247,0.131302565,0.0168757122,0.9791863,0,0,0,0,0,0,267635.797675435,267635.797675435,0.030536250007571653
6.022191459806729,aece4ecd,SessionTracking,Tracking,30.0714855,29.9971123,1,0.030843124986859038,0.146736115,0.0911805555,1,160x90 DepthUint16,"centre=0 min=358 max=25602 hex=1B1D 0000 0000 0000 0000","centre=1053 min=1052 max=1067 hex=041D 041D 041D 041D 041F",0,0,0,,0,,,None,Unavailable,NoWallUnderCrosshair,,,,"only 0 valid depth samples under crosshair (441 no-data, 0 out-of-range, 0 low-confidence)",0,,,None,Unavailable,NoWallInView,,,,-0.06285561,1.21807134,0.0600173026,0.152943164,0.132686853,0.0162474848,0.979152,0,0,0,0,0,0,267635.831002519,267635.831002519,0.030783437978243455
6.061312657808978,aece4ecd,SessionTracking,Tracking,30.0577774,29.9971123,1,0.038461302989162505,0.1404861,0.08631945,1,160x90 DepthUint16,"centre=0 min=348 max=25667 hex=1A12 0000 0000 0000 0000","centre=831 min=829 max=845 hex=033F 033F 033F 0340 0341",0,0,0,,0,,,None,Unavailable,NoWallUnderCrosshair,,,,"only 0 valid depth samples under crosshair (441 no-data, 0 out-of-range, 0 low-confidence)",0,,,None,Unavailable,NoWallInView,,,,-0.06471045,1.21228039,0.06906257,0.1519881,0.137159511,0.0161324441,0.9786862,0,0,0,0,0,0,267635.86432960205,267635.86432960205,0.038406249979743734
6.092583386808494,aece4ecd,SessionTracking,Tracking,30.0622768,29.9971123,1,0.030463697999948636,0.16743055,0.08902778,1,160x90 DepthUint16,"centre=0 min=465 max=25784 hex=1A68 0000 0000 0000 0000","centre=671 min=669 max=682 hex=029F 029F 029F 029F 02A0",0,0,0,,0,,,None,Unavailable,NoWallUnderCrosshair,,,,"only 0 valid depth samples under crosshair (441 no-data, 0 out-of-range, 0 low-confidence)",0,,,None,Unavailable,NoWallInView,,,,-0.06739211,1.20610964,0.07859461,0.15038687,0.144978076,0.016376378,0.977802157,0,0,0,0,0,0,267635.89765668503,267635.89765668503,0.030364739999640733
6.1241540118051692,aece4ecd,SessionTracking,Tracking,30.06408,29.9971123,1,0.031052447971887887,0.158541664,0.08631945,0,160x90 DepthUint16,"centre=0 min=471 max=25874 hex=424D 0000 0000 0000 0000","centre=0 min=0 max=0 hex=0000 0000 0000 0000 0000",0,0,0,,0,,,None,Unavailable,NoWallUnderCrosshair,,,,"only 0 valid depth samples under crosshair (441 no-data, 0 out-of-range, 0 low-confidence)",0,,,None,Unavailable,NoWallInView,,,,-0.0698871,1.1999954,0.0881329551,0.148776025,0.151362687,0.0162060577,0.9770836,0,0,0,0,0,0,267635.930983769,267635.930983769,0.031005885975901037
6.1568300528150051,aece4ecd,SessionTracking,Tracking,30.06121,29.9971123,1,0.031894999992800876,0.155277774,0.0810416639,0,160x90 DepthUint16,"centre=0 min=460 max=25901 hex=425A 0000 0000 0000 0000","centre=0 min=0 max=0 hex=0000 0000 0000 0000 0000",0,0,0,,0,,,None,Unavailable,NoWallUnderCrosshair,,,,"only 0 valid depth samples under crosshair (441 no-data, 0 out-of-range, 0 low-confidence)",0,,,None,Unavailable,NoWallInView,,,,-0.0716026053,1.19394779,0.09767855,0.1473667,0.1536696,0.0156110544,0.9769468,0,0,0,0,0,0,267635.964310852,267635.964310852,0.031846561993006617
6.1956155738142318,aece4ecd,SessionTracking,Tracking,30.0637321,29.9971123,1,0.038115259987534955,0.183680549,0.11125,0,160x90 DepthUint16,"centre=0 min=454 max=25904 hex=4265 0000 0000 0000 0000","centre=0 min=0 max=0 hex=0000 0000 0000 0000 0000",0,0,0,,0,,,None,Unavailable,NoWallUnderCrosshair,,,,"only 0 valid depth samples under crosshair (441 no-data, 0 out-of-range, 0 low-confidence)",0,,,None,Unavailable,NoWallInView,,,,-0.0730243,1.18794036,0.107306451,0.146206558,0.154351473,0.0152485073,0.9770193,0,0,0,0,0,0,267635.99763793504,267635.99763793504,0.03807192700332962
6.2270691678266505,aece4ecd,SessionTracking,Tracking,30.0626373,29.9971123,1,0.030523958004778251,0.181666672,0.09590278,0,160x90 DepthUint16,"centre=0 min=442 max=25929 hex=4275 0000 0000 0000 0000","centre=0 min=0 max=0 hex=0000 0000 0000 0000 0000",0,0,0,,0,,,None,Unavailable,NoWallUnderCrosshair,,,,"only 0 valid depth samples under crosshair (441 no-data, 0 out-of-range, 0 low-confidence)",0,,,None,Unavailable,NoWallInView,,,,-0.07482937,1.18184984,0.117102705,0.144816577,0.1563085,0.0156226158,0.976909339,0,0,0,0,0,0,267636.030965019,267636.030965019,0.030410520994337276
6.2580584908126387,aece4ecd,SessionTracking,Tracking,30.06313,29.9971123,1,0.030144688003929332,0.179791674,0.09458333,0,160x90 DepthUint16,"centre=0 min=443 max=25935 hex=427C 0000 0000 0000 0000","centre=0 min=0 max=0 hex=0000 0000 0000 0000 0000",0,0,0,,0,,,None,Unavailable,NoWallUnderCrosshair,,,,"only 0 valid depth samples under crosshair (441 no-data, 0 out-of-range, 0 low-confidence)",0,,,None,Unavailable,NoWallInView,,,,-0.0765768439,1.17570591,0.127103657,0.143836409,0.157231659,0.0155045986,0.976907849,0,0,0,0,0,0,267636.064292102,267636.064292102,0.030071249988395721
6.29534234481873,aece4ecd,SessionTracking,Tracking,30.062994,29.9971123,1,0.036664687999291345,0.216944441,0.09006944,0,160x90 DepthUint16,"centre=0 min=543 max=28383 hex=4279 0000 0000 0000 0000","centre=0 min=0 max=0 hex=0000 0000 0000 0000 0000",0,0,0,,0,,,None,Unavailable,NoWallUnderCrosshair,,,,"only 0 valid depth samples under crosshair (439 no-data, 2 out-of-range, 0 low-confidence)",0,,,None,Unavailable,NoWallInView,,,,-0.0763679,1.1690861,0.138472065,0.1431963,0.1569658,0.0143223414,0.977062643,0,0,0,0,0,0,267636.09771528904,267636.09771528904,0.036613750009564683
6.3270779698203317,aece4ecd,SessionTracking,Tracking,30.0633545,29.9971123,1,0.030598646000726148,0.2163889,0.089375,0,160x90 DepthUint16,"centre=0 min=532 max=28384 hex=41E5 0000 0000 0000 0000","centre=0 min=0 max=0 hex=0000 0000 0000 0000 0000",0,0,0,,0,,,None,Unavailable,NoWallUnderCrosshair,,,,"only 0 valid depth samples under crosshair (439 no-data, 2 out-of-range, 0 low-confidence)",0,,,None,Unavailable,NoWallInView,,,,-0.07788332,1.16274559,0.149051309,0.142422572,0.155875579,0.013752521,0.97735846,0,0,0,0,0,0,267636.131042373,267636.131042373,0.030479426990495995
6.3583790118271484,aece4ecd,SessionTracking,Tracking,30.0638466,29.9971123,1,0.03037989599397406,0.215972215,0.07416666,0,160x90 DepthUint16,"centre=0 min=520 max=28367 hex=41C7 0000 0000 0000 0000","centre=0 min=0 max=0 hex=0000 0000 0000 0000 0000",0,0,0,,0,,,None,Unavailable,NoWallUnderCrosshair,,,,"only 0 valid depth samples under crosshair (439 no-data, 2 out-of-range, 0 low-confidence)",0,,,None,Unavailable,NoWallInView,,,,-0.0793467462,1.15632153,0.159979522,0.142092645,0.1536412,0.013163032,0.9777683,0,0,0,0,0,0,267636.164369456,267636.164369456,0.030285782006103545
6.3966024488316382,aece4ecd,SessionTracking,Tracking,30.06678,29.9971123,1,0.037671406025765464,0.247986108,0.08326389,0,160x90 DepthUint16,"centre=0 min=533 max=33525 hex=3692 0000 0000 0000 0000","centre=0 min=0 max=0 hex=0000 0000 0000 0000 0000",0,0,0,,0,,,None,Unavailable,NoWallUnderCrosshair,,,,"only 0 valid depth samples under crosshair (438 no-data, 3 out-of-range, 0 low-confidence)",0,,,None,Unavailable,NoWallInView,,,,-0.08063646,1.1498,0.171229228,0.142100051,0.1499135,0.0123055279,0.978356838,0,0,0,0,0,0,267636.197696539,267636.197696539,0.037619323004037142
6.4260029178102034,aece4ecd,SessionTracking,Tracking,30.0634327,29.9971123,1,0.026454530976479873,0.25125,0.07006945,0,160x90 DepthUint16,"centre=0 min=522 max=33534 hex=2670 0000 0000 0000 0000","centre=0 min=0 max=0 hex=0000 0000 0000 0000 0000",0,0,0,,0,,,None,Unavailable,NoWallUnderCrosshair,,,,"only 0 valid depth samples under crosshair (441 no-data, 0 out-of-range, 0 low-confidence)",0,,,None,Unavailable,NoWallInView,,,,-0.08200626,1.14325166,0.182808146,0.142683715,0.146251112,0.0117713818,0.978832662,0,0,0,0,0,0,267636.231023623,267636.231023623,0.026153280981816351
6.45657161582387,aece4ecd,SessionTracking,Tracking,30.063591,29.9971123,1,0.029901146015617996,0.2576389,0.06548611,0,160x90 DepthUint16,"centre=0 min=519 max=33524 hex=1C9F 0000 0000 0000 0000","centre=0 min=0 max=0 hex=0000 0000 0000 0000 0000",0,0,0,,0,,,None,Unavailable,NoWallUnderCrosshair,,,,"only 0 valid depth samples under crosshair (441 no-data, 0 out-of-range, 0 low-confidence)",0,,,None,Unavailable,NoWallInView,,,,-0.08349587,1.13653755,0.19476296,0.143496513,0.142934442,0.0112166107,0.979210258,0,0,0,0,0,0,267636.264350706,267636.264350706,0.029819426999893039
6.495776615832094,aece4ecd,SessionTracking,Tracking,30.0676441,29.9971123,1,0.03864932301803492,0.294930547,0.06111111,0,160x90 DepthUint16,"centre=0 min=511 max=33498 hex=1C0C 0000 0000 0000 0000","centre=0 min=0 max=0 hex=0000 0000 0000 0000 0000",0,0,0,,0,,,None,Unavailable,NoWallUnderCrosshair,,,,"only 0 valid depth samples under crosshair (441 no-data, 0 out-of-range, 0 low-confidence)",0,,,None,Unavailable,NoWallInView,,,,-0.08511099,1.12818277,0.208171368,0.144541234,0.139590323,0.0102324188,0.979549766,0,0,0,0,0,0,267636.29763605504,267636.29763605504,0.038595365011133254
6.5390758868296164,aece4ecd,SessionTracking,Tracking,30.0664024,29.9971123,1,0.042321407003328204,0.298194438,0.0619444437,0,160x90 DepthUint16,"centre=0 min=499 max=33484 hex=1C7A 0000 0000 0000 0000","centre=0 min=0 max=0 hex=0000 0000 0000 0000 0000",0,0,0,,0,,,None,Unavailable,NoWallUnderCrosshair,,,,"only 0 valid depth samples under crosshair (441 no-data, 0 out-of-range, 0 low-confidence)",0,,,None,Unavailable,NoWallInView,,,,-0.08668605,1.12097168,0.220703244,0.145320877,0.136146858,0.009070128,0.9799304,0,0,0,0,0,0,267636.330963139,267636.330963139,0.04017823000322096
6.5575207818172405,aece4ecd,SessionTracking,Tracking,30.065052,29.9971123,1,0.017683124984614551,0.30131945,0.06465278,0,160x90 DepthUint16,"centre=0 min=487 max=33443 hex=1E89 0000 0000 0000 0000","centre=0 min=0 max=0 hex=0000 0000 0000 0000 0000",0,0,0,,0,,,None,Unavailable,NoWallUnderCrosshair,,,,"only 0 valid depth samples under crosshair (441 no-data, 0 out-of-range, 0 low-confidence)",0,,,None,Unavailable,NoWallInView,,,,-0.08828543,1.11360526,0.2335972,0.146697938,0.132330775,0.008019478,0.9802571,0,0,0,0,0,0,267636.364290222,267636.364290222,0.017632083006901667
6.5942593758216592,aece4ecd,SessionTracking,Tracking,30.0674458,29.9971123,1,0.036209896003128961,0.348333329,0.0525694452,0,160x90 DepthUint16,"centre=0 min=474 max=38910 hex=2178 0000 0000 0000 0A15","centre=0 min=0 max=0 hex=0000 0000 0000 0000 0000",0,0,0,,0,,,None,Unavailable,NoWallUnderCrosshair,,,,"only 0 valid depth samples under crosshair (441 no-data, 0 out-of-range, 0 low-confidence)",0,,,None,Unavailable,NoWallInView,,,,-0.08978783,1.10604584,0.246761233,0.148282081,0.127879977,0.006713838,0.980619252,0,0,0,0,0,0,267636.397617305,267636.397617305,0.036166302015772089
6.6264458858339115,aece4ecd,SessionTracking,Tracking,30.0637245,29.9971123,1,0.031471770023927093,0.357777774,0.0654166639,0,160x90 DepthUint16,"centre=0 min=460 max=33345 hex=246B 0000 0000 0000 0A0D","centre=0 min=0 max=0 hex=0000 0000 0000 0000 0000",0,0,0,,0,,,None,Unavailable,NoWallUnderCrosshair,,,,"only 0 valid depth samples under crosshair (441 no-data, 0 out-of-range, 0 low-confidence)",0,,,None,Unavailable,NoWallInView,,,,-0.0910175741,1.0983274,0.2601651,0.1500127,0.122416817,0.00503146648,0.9810632,0,0,0,0,0,0,267636.430944389,267636.430944389,0.031370885000796989
6.6574541678117587,aece4ecd,SessionTracking,Tracking,30.0638466,29.9971123,1,0.030019531986908987,0.364444435,0.06965278,0,160x90 DepthUint16,"centre=0 min=447 max=33241 hex=2A18 0000 0000 0000 02CF","centre=0 min=0 max=0 hex=0000 0000 0000 0000 0000",0,0,0,,0,,,None,Unavailable,NoWallUnderCrosshair,,,,"only 0 valid depth samples under crosshair (441 no-data, 0 out-of-range, 0 low-confidence)",0,,,None,Unavailable,NoWallInView,,,,-0.06560317,1.13364816,0.208078414,0.148484334,0.118050806,0.005224437,0.9818295,0,0,0,0,0,0,267636.464173544,267636.464173544,0.029899115004809573
6.68845062580551,aece4ecd,SessionTracking,Tracking,30.0649948,29.9971123,1,0.030370520980795845,0.408402771,0.169652775,1,160x90 DepthUint16,"centre=0 min=562 max=39568 hex=29D6 0000 0000 0000 11BE","centre=51149 min=51087 max=51278 hex=C7C5 C7C9 C7CD C7D6 C7EB",0,0,0,,0,,,None,Unavailable,NoWallUnderCrosshair,,,,"only 0 valid depth samples under crosshair (441 no-data, 0 out-of-range, 0 low-confidence)",0,,,None,Unavailable,NoWallInView,,,,-0.0658823,1.12718129,0.2193065,0.15049842,0.113578729,0.003609598,0.9820576,0,0,0,0,0,0,267636.497500627,267636.497500627,0.030323072976898402
6.7403628658201544,aece4ecd,SessionTracking,Tracking,30.0590324,29.9971123,1,0.0512898440065328,0.414166659,0.188125,1,160x90 DepthUint16,"centre=0 min=550 max=39562 hex=322E 0000 0000 0000 11B6","centre=51240 min=51145 max=51298 hex=C823 C826 C828 C82F C83B",0,0,0,,0,,,None,Unavailable,NoWallUnderCrosshair,,,,"only 0 valid depth samples under crosshair (441 no-data, 0 out-of-range, 0 low-confidence)",0,,,None,Unavailable,NoWallInView,,,,-0.06603576,1.12062109,0.230429292,0.1513765,0.1088065,0.00173673045,0.982467949,0,0,0,0,0,0,267636.53082771105,267636.53082771105,0.051243385998532176
6.7616858338286168,aece4ecd,SessionTracking,Tracking,30.0606384,29.9971123,1,0.020400467998115346,0.418819457,0.171458334,1,160x90 DepthUint16,"centre=0 min=538 max=39546 hex=3AE0 0000 0000 0000 0000","centre=51243 min=51164 max=51304 hex=C826 C829 C82B C831 C83D",0,0,0,,0,,,None,Unavailable,NoWallUnderCrosshair,,,,"only 0 valid depth samples under crosshair (438 no-data, 3 out-of-range, 0 low-confidence)",0,,,None,Unavailable,NoWallInView,,,,-0.06636708,1.11410832,0.241743714,0.1524067,0.104834922,0.0004536212,0.982741952,0,0,0,0,0,0,267636.56415479403,267636.56415479403,0.020313854009145871
6.7928065108124631,aece4ecd,SessionTracking,Tracking,30.0601768,29.9971123,1,0.030499062006128952,0.46097222,0.189305559,1,160x90 DepthUint16,"centre=0 min=567 max=38495 hex=3DA3 0000 0000 32AA 16AD","centre=14402 min=9209 max=31350 hex=38A6 3868 3842 383C 3DB2",0,0,0,,0,,,None,Unavailable,NoWallUnderCrosshair,,,,"only 0 valid depth samples under crosshair (419 no-data, 11 out-of-range, 11 low-confidence)",0,,,None,Unavailable,NoWallInView,,,,-0.06202691,1.11198044,0.249496579,0.153071091,0.101667941,-0.000655889569,0.982971251,0,0,0,0,0,0,267636.597467366,267636.597467366,0.030452134989900514
6.8249919278303626,aece4ecd,SessionTracking,Tracking,30.0605431,29.9971123,1,0.031503489008173347,0.462638885,0.187152773,1,160x90 DepthUint16,"centre=0 min=676 max=38775 hex=3C92 0000 0000 0CC3 0FCA","centre=16339 min=9740 max=31182 hex=3F5F 3FDC 3FD3 405B 430C",0,0,0,,0,,,None,Unavailable,NoWallUnderCrosshair,,,,"only 0 valid depth samples under crosshair (410 no-data, 16 out-of-range, 15 low-confidence)",0,,,None,Unavailable,NoWallInView,,,,-0.0622987635,1.10550678,0.2610239,0.153854191,0.09859804,-0.00126478076,0.9831611,0,0,0,0,0,0,267636.63079445,267636.63079445,0.0314470830198843
6.865184271823475,aece4ecd,SessionTracking,Tracking,30.0620651,29.9971123,1,0.039371615013806149,0.462291658,0.200694442,1,160x90 DepthUint16,"centre=0 min=663 max=38827 hex=3E66 0000 0000 0C37 0851","centre=16469 min=9719 max=29602 hex=3F8B 3FFE 4055 4100 44AF",0,0,0,,0,,,None,Unavailable,NoWallUnderCrosshair,,,,"only 0 valid depth samples under crosshair (410 no-data, 16 out-of-range, 15 low-confidence)",0,,,None,Unavailable,NoWallInView,,,,-0.06259692,1.09896469,0.2727296,0.154603913,0.09586397,-0.0017758013,0.9833131,0,0,0,0,0,0,267636.66412153305,267636.66412153305,0.039293959009228274
6.89108895882857,aece4ecd,SessionTracking,Tracking,30.0627022,29.9971123,1,0.02531437500147149,0.5,0.213333338,1,160x90 DepthUint16,"centre=0 min=476 max=36100 hex=3965 2957 0000 0ABC 02F2","centre=16476 min=11525 max=33872 hex=402A 4080 405C 3F92 3EBC",0,0,0,,0,,,None,Unavailable,NoWallUnderCrosshair,,,,"only 0 valid depth samples under crosshair (372 no-data, 46 out-of-range, 23 low-confidence)",0,,,None,Unavailable,NoWallInView,,,,-0.0741266161,1.101998,0.2732675,0.153999284,0.09291991,-0.00206571817,0.9836899,0,0,0,0,0,0,267636.696075403,267636.696075403,0.025269061996368691
6.9333650528267956,aece4ecd,SessionTracking,Tracking,30.0613956,29.7108517,1,0.0417277600208763,0.5025,0.190277785,1,160x90 DepthUint16,"centre=0 min=464 max=36167 hex=3987 294C 0000 0AC5 02E6","centre=16796 min=11940 max=33433 hex=4151 41C5 419C 4107 40C7",0,0,0,,0,,,None,Unavailable,NoWallUnderCrosshair,,,,"only 0 valid depth samples under crosshair (363 no-data, 53 out-of-range, 25 low-confidence)",0,,,None,Unavailable,NoWallInView,,,,-0.07516654,1.09559035,0.2848452,0.154306367,0.09122577,-0.00211674,0.9838003,0,0,0,0,0,0,267636.729402487,267636.729402487,0.041680677008116618
6.9628450528242158,aece4ecd,SessionTracking,Tracking,30.0643654,29.7108517,1,0.028554635006003082,0.5021528,0.196388885,1,160x90 DepthUint16,"centre=0 min=452 max=36240 hex=395B 0000 0000 0ACA 02D9","centre=15779 min=11431 max=30983 hex=3D10 3DA4 3DA3 3D5E 3DA6",0,0,0,,0,,,None,Unavailable,NoWallUnderCrosshair,,,,"only 0 valid depth samples under crosshair (356 no-data, 56 out-of-range, 29 low-confidence)",0,,,None,Unavailable,NoWallInView,,,,-0.0761294961,1.0890851,0.296562552,0.154604316,0.089438,-0.00214836,0.9839176,0,0,0,0,0,0,267636.76272957004,267636.76272957004,0.028496301994891837
6.9940988548322114,aece4ecd,SessionTracking,Tracking,30.0632782,29.7108517,1,0.030218802014132962,0.5677083,0.2729861,1,160x90 DepthUint16,"centre=0 min=437 max=39683 hex=37F8 2940 0000 0A05 3D9A","centre=46550 min=23847 max=47584 hex=B8F1 B6F5 B5D6 B466 AD43",0,0,0,,0,,,None,Unavailable,NoWallUnderCrosshair,,,,"only 0 valid depth samples under crosshair (279 no-data, 91 out-of-range, 71 low-confidence)",0,,,None,Unavailable,NoWallInView,,,,-0.114807226,1.0993644,0.325402468,0.155059069,0.08285453,-0.00111544144,0.984424,0,0,0,0,0,0,267636.795808502,267636.795808502,0.030140937014948577
7.0268169798062647,aece4ecd,SessionTracking,Tracking,30.0635338,29.7108517,1,0.031960728985723108,0.566041648,0.243958339,1,160x90 DepthUint16,"centre=0 min=425 max=39564 hex=37DC 0000 0000 0A79 2813","centre=47105 min=29594 max=47905 hex=BA71 B8CF B801 B6D6 B105",0,0,0,,0,,,None,Unavailable,NoWallUnderCrosshair,,,,"only 0 valid depth samples under crosshair (253 no-data, 104 out-of-range, 84 low-confidence)",0,,,None,Unavailable,NoWallInView,,,,-0.117170878,1.09307182,0.338501871,0.156249568,0.07986997,-0.00140610337,0.98448205,0,0,0,0,0,0,267636.82913558604,267636.82913558604,0.031886718992609531
7.056680312815681,aece4ecd,SessionTracking,Tracking,30.0641289,29.7108517,1,0.029094686993630603,0.56375,0.223888889,1,160x90 DepthUint16,"centre=0 min=412 max=39464 hex=0000 0000 0000 0A7F 1C35","centre=47100 min=30820 max=47899 hex=BA67 B8DE B7FC B6D5 B142",0,0,0,,0,,,None,Unavailable,NoWallUnderCrosshair,,,,"only 0 valid depth samples under crosshair (243 no-data, 108 out-of-range, 90 low-confidence)",0,,,None,Unavailable,NoWallInView,,,,-0.119569756,1.08655226,0.351691782,0.156899437,0.07689475,-0.001833588,0.9846149,0,0,0,0,0,0,267636.862462669,267636.862462669,0.028997863992117345
7.0904026048072613,aece4ecd,SessionTracking,Tracking,30.065834,29.7108517,1,0.033162291976623237,0.562430561,0.187083334,1,160x90 DepthUint16,"centre=0 min=390 max=39303 hex=0000 0000 0000 0A7E 035C","centre=32648 min=13266 max=34536 hex=84D3 80D8 7F88 7F3F 7CE8",0,0,0,,0,,,None,Unavailable,NoWallUnderCrosshair,,,,"only 0 valid depth samples under crosshair (227 no-data, 112 out-of-range, 102 low-confidence)",0,,,None,Unavailable,NoWallInView,,,,-0.109801494,1.088575,0.376446635,0.157836109,0.07250452,-0.00357297063,0.9847934,0,0,0,0,0,0,267636.89581475,267636.89581475,0.033102551999036223
7.122173281821981,aece4ecd,SessionTracking,Tracking,30.0596848,29.7108517,1,0.031180833000689745,0.5547917,0.179861113,1,160x90 DepthUint16,"centre=0 min=376 max=39144 hex=0000 0000 0000 0D9B 034E","centre=33930 min=13216 max=35800 hex=8855 859B 848A 845C 8258",0,0,0,,0,,,None,Unavailable,NoWallUnderCrosshair,,,,"only 0 valid depth samples under crosshair (217 no-data, 113 out-of-range, 111 low-confidence)",0,,,None,Unavailable,NoWallInView,,,,-0.111477405,1.08210433,0.390662462,0.15902248,0.0680424,-0.00406372547,0.9849191,0,0,0,0,0,0,267636.929141834,267636.929141834,0.031130104005569592
7.1537330738199874,aece4ecd,SessionTracking,Tracking,30.0587826,29.7108517,1,0.030917188007151708,0.543680549,0.189444438,1,160x90 DepthUint16,"centre=0 min=362 max=39037 hex=0000 0000 0000 0ECA 0D98","centre=33429 min=13131 max=35414 hex=873D 83A8 8295 8239 8069",0,0,0,,0,,,None,Unavailable,NoWallUnderCrosshair,,,,"only 0 valid depth samples under crosshair (215 no-data, 114 out-of-range, 112 low-confidence)",0,,,None,Unavailable,NoWallInView,,,,-0.113464437,1.07551992,0.405004859,0.159693211,0.06500084,-0.00396159338,0.9850164,0,0,0,0,0,0,267636.962468917,267636.962468917,0.030854792013997212
7.1897106258246115,aece4ecd,SessionTracking,Tracking,30.0637321,29.7108517,1,0.03517437499249354,0.5334028,0.160277784,1,160x90 DepthUint16,"centre=7498 min=708 max=38641 hex=0000 0000 1D4A 140F 0E9F","centre=28043 min=12854 max=29473 hex=7193 6EC3 6D8B 6CFA 6B10",0,0,0,,0,,,None,Unavailable,NoWallUnderCrosshair,,,,"only 0 valid depth samples under crosshair (203 no-data, 110 out-of-range, 128 low-confidence)",0,,,None,Unavailable,NoWallInView,,,,-0.12214949,1.07698548,0.424558222,0.1595785,0.0618013069,-0.003636688,0.9852421,0,0,0,0,0,0,267636.995878847,267636.995878847,0.035085103998426348
7.224842969821859,aece4ecd,SessionTracking,Tracking,30.0602169,29.7108517,1,0.034220417001051828,0.527430534,0.157222226,1,160x90 DepthUint16,"centre=7485 min=693 max=38962 hex=0000 0000 1D3D 1669 0D85","centre=28388 min=12974 max=29668 hex=72B0 7025 6EE4 6E63 6D73",0,0,0,,0,,,None,Unavailable,NoWallUnderCrosshair,,,,"only 0 valid depth samples under crosshair (189 no-data, 109 out-of-range, 143 low-confidence)",0,,,None,Unavailable,NoWallInView,,,,-0.124408387,1.07051766,0.439351141,0.159657866,0.0586299337,-0.00372758531,0.9854228,0,0,0,0,0,0,267637.029205931,267637.029205931,0.034111198008758947
7.2555311988097149,aece4ecd,SessionTracking,Tracking,30.0596848,29.7108517,1,0.029800572985550389,0.524791658,0.147152781,1,160x90 DepthUint16,"centre=7874 min=678 max=38777 hex=0000 0000 1EC2 1711 0A91","centre=28884 min=13037 max=30040 hex=7417 721B 70D4 7043 6F29",0,0,0,,0,,,None,Unavailable,NoWallUnderCrosshair,,,,"only 0 valid depth samples under crosshair (189 no-data, 95 out-of-range, 157 low-confidence)",0,,,None,Unavailable,NoWallInView,,,,-0.126767352,1.06400514,0.454348266,0.159789443,0.0559025779,-0.003572315,0.985560536,0,0,0,0,0,0,267637.062533014,267637.062533014,0.029698228987399489
7.2884183858103118,aece4ecd,SessionTracking,Tracking,30.0539246,29.7108517,1,0.032066561980172992,0.5079167,0.126388893,1,160x90 DepthUint16,"centre=16861 min=676 max=38704 hex=0000 0000 41DD 19F0 079C","centre=6075 min=5958 max=8330 hex=1776 1797 17BB 17BD 17B2",0,0,0,,0,,,None,Unavailable,NoWallUnderCrosshair,,,,"only 0 valid depth samples under crosshair (165 no-data, 84 out-of-range, 192 low-confidence)",0,,,None,Unavailable,NoWallInView,,,,-0.166521952,1.05581772,0.459764034,0.159428984,0.05164412,-0.000213563457,0.9858576,0,0,0,0,0,0,267637.096033051,267637.096033051,0.03198244798113592
7.32593203181643,aece4ecd,SessionTracking,Tracking,30.0560036,29.7108517,1,0.036641198006691411,0.500833333,0.12020833,1,160x90 DepthUint16,"centre=19788 min=661 max=38254 hex=2323 0000 4D4C 1A40 0949","centre=5994 min=5845 max=8375 hex=1748 175B 176A 176C 175F",0,0,0,,0,,,None,Unavailable,NoWallUnderCrosshair,,,,"only 0 valid depth samples under crosshair (149 no-data, 83 out-of-range, 209 low-confidence)",0,,,None,Unavailable,NoWallInView,,,,-0.17011258,1.0492115,0.474718928,0.1594556,0.0471641533,2.37822533E-05,0.986077845,0,0,0,0,0,0,267637.129360135,267637.129360135,0.036542655987432227
7.3562886988209559,aece4ecd,SessionTracking,Tracking,30.0616455,29.7108517,1,0.029190000001108274,0.495694458,0.109375,1,160x90 DepthUint16,"centre=2096 min=647 max=38465 hex=2319 0000 0830 1B2E 0000","centre=5990 min=5918 max=8284 hex=1746 1755 1766 1769 1751",0,0,0,,0,,,None,Unavailable,NoWallUnderCrosshair,,,,"only 0 valid depth samples under crosshair (132 no-data, 78 out-of-range, 231 low-confidence)",0,,,None,Unavailable,NoWallInView,,,,-0.173746154,1.04255939,0.489738226,0.159016013,0.0427514836,0.000462442636,0.9863498,0,0,0,0,0,0,267637.162687218,267637.162687218,0.029026667005382478
7.38823354183007,aece4ecd,SessionTracking,Tracking,30.06133,29.7108517,1,0.031431354000233114,0.481805563,0.09611111,1,160x90 DepthUint16,"centre=2310 min=664 max=38389 hex=5D43 0000 0906 1348 0902","centre=17629 min=11383 max=18039 hex=4601 454C 44DD 446C 43DB",0,0,0,,0,,,None,Unavailable,NoWallUnderCrosshair,,,,"only 0 valid depth samples under crosshair (112 no-data, 73 out-of-range, 256 low-confidence)",0,,,None,Unavailable,NoWallInView,,,,-0.199654013,1.0444479,0.47604388,0.157891661,0.03705493,0.00375822233,0.9867538,0,0,0,0,0,0,267637.19587546104,267637.19587546104,0.031386821996420622
7.42903510481012,aece4ecd,SessionTracking,Tracking,30.0615368,29.7108517,1,0.040157812996767461,0.480347216,0.08916666,1,160x90 DepthUint16,"centre=2078 min=649 max=38297 hex=4C5D 0000 081E 1142 0000","centre=17754 min=11403 max=18120 hex=464B 45B7 455A 44F1 4459",0,0,0,,0,,,None,Unavailable,NoWallUnderCrosshair,,,,"only 0 valid depth samples under crosshair (98 no-data, 67 out-of-range, 276 low-confidence)",0,,,None,Unavailable,NoWallInView,,,,-0.204463825,1.03798974,0.490371525,0.157395169,0.0334757976,0.004354239,0.986958563,0,0,0,0,0,0,267637.229202545,267637.229202545,0.040086822991725057
7.4619060938119421,aece4ecd,SessionTracking,Tracking,30.0616455,29.7108517,1,0.028381821990478784,0.479375,0.08534722,1,160x90 DepthUint16,"centre=2063 min=635 max=38221 hex=4C59 0000 080F 1132 40F7","centre=17509 min=11370 max=17883 hex=455D 44BE 4465 4406 4360",0,0,0,,0,,,None,Unavailable,NoWallUnderCrosshair,,,,"only 0 valid depth samples under crosshair (91 no-data, 55 out-of-range, 295 low-confidence)",0,,,None,Unavailable,NoWallInView,,,,-0.209540024,1.03150392,0.5048327,0.1569711,0.0306125451,0.00501754927,0.9871159,0,0,0,0,0,0,267637.262529628,267637.262529628,0.028333019989077002
7.4919226568297947,aece4ecd,SessionTracking,Tracking,30.06082,29.7108517,1,0.029311302001588047,0.4754861,0.0752777755,1,160x90 DepthUint16,"centre=2310 min=627 max=38158 hex=4C5C 0000 0906 116B 0D2C","centre=60791 min=60764 max=60866 hex=ED76 ED78 ED77 ED76 ED73",0,0,0,,0,,,None,Unavailable,NoWallUnderCrosshair,,,,"only 0 valid depth samples under crosshair (74 no-data, 56 out-of-range, 311 low-confidence)",0,,,None,Unavailable,NoWallInView,,,,-0.222836852,1.02609289,0.512967169,0.156274557,0.0276169851,0.00612103939,0.9873085,0,0,0,0,0,0,267637.295869587,267637.295869587,0.029255052009830251
7.5248836468079592,aece4ecd,SessionTracking,Tracking,30.0608635,29.7108517,1,0.032206510979449376,0.474930555,0.07118055,1,160x90 DepthUint16,"centre=2294 min=612 max=38066 hex=4BE9 0000 08F6 1167 0D68","centre=60736 min=60664 max=60771 hex=ED40 ED40 ED40 ED3E ED38",0,0,0,,0,,,None,Unavailable,NoWallUnderCrosshair,,,,"only 0 valid depth samples under crosshair (60 no-data, 53 out-of-range, 328 low-confidence)",0,,,None,Unavailable,NoWallInView,,,,-0.228445992,1.01951945,0.527557254,0.155992284,0.0245924927,0.00643220637,0.987431169,0,0,0,0,0,0,267637.329196671,267637.329196671,0.032131407002452761
7.5592281778215895,aece4ecd,SessionTracking,Tracking,30.0611572,29.7108517,1,0.033554219000507146,0.473611116,0.074375,1,160x90 DepthUint16,"centre=1549 min=597 max=37665 hex=4B79 0000 060D 0FE4 0E5A","centre=60709 min=60637 max=60761 hex=ED25 ED25 ED25 ED24 ED1D",0,0,0,,0,,,None,Unavailable,NoWallUnderCrosshair,,,,"only 0 valid depth samples under crosshair (53 no-data, 43 out-of-range, 345 low-confidence)",0,,,None,Unavailable,NoWallInView,,,,-0.234198228,1.01285589,0.542188764,0.154903,0.02182972,0.00689944765,0.9876644,0,0,0,0,0,0,267637.362523754,267637.362523754,0.033498437987873331
7.5906796878251246,aece4ecd,SessionTracking,Tracking,30.06199,29.7108517,1,0.030373020999832079,0.4729861,0.0674305558,1,160x90 DepthUint16,"centre=1540 min=588 max=38017 hex=2DA7 0000 0604 1057 0E5D","centre=12626 min=10146 max=21107 hex=2FBE 30BB 3152 31C5 32F6",0,0,0,,0,,,None,Unavailable,NoWallUnderCrosshair,,,,"only 0 valid depth samples under crosshair (50 no-data, 41 out-of-range, 350 low-confidence)",0,,,None,Unavailable,NoWallInView,,,,-0.243205115,1.00536537,0.551543832,0.153257385,0.0201498289,0.008189649,0.9879469,0,0,0,0,0,0,267637.395819223,267637.395819223,0.030263594002462924
7.6218041148084215,aece4ecd,SessionTracking,Tracking,30.0609989,29.7108517,1,0.030557863996364176,0.476319432,0.07541667,1,160x90 DepthUint16,"centre=1535 min=572 max=38049 hex=2F0D 0000 05FF 1025 0E4E","centre=13983 min=10994 max=20978 hex=34F5 360C 369F 3703 381E",0,0,0,,0,,,None,Unavailable,NoWallUnderCrosshair,,,,"only 0 valid depth samples under crosshair (52 no-data, 33 out-of-range, 356 low-confidence)",0,,,None,Unavailable,NoWallInView,,,,-0.249849916,0.998690844,0.566172957,0.151754782,0.0196822,0.009435416,0.9881772,0,0,0,0,0,0,267637.429146307,267637.429146307,0.030496822990244254
7.6540631258092819,aece4ecd,SessionTracking,Tracking,30.0619373,29.7108517,1,0.031655833998229355,0.477430552,0.0686805546,1,160x90 DepthUint16,"centre=1527 min=555 max=38085 hex=2F0E 0000 05F7 0FF2 0E3D","centre=17354 min=13156 max=21665 hex=41BF 4303 43CA 441E 44EF",0,0,0,,0,,,None,Unavailable,NoWallUnderCrosshair,,,,"only 0 valid depth samples under crosshair (61 no-data, 24 out-of-range, 356 low-confidence)",0,,,None,Unavailable,NoWallInView,,,,-0.256676376,0.992023,0.581057549,0.1505325,0.0197290778,0.0107029974,0.9883503,0,0,0,0,0,0,267637.46247339004,267637.46247339004,0.031583749980200082
7.6909068238154052,aece4ecd,SessionTracking,Tracking,30.06213,29.7108517,1,0.036140990006970242,0.471875,0.06763889,1,160x90 DepthUint16,"centre=1551 min=575 max=37791 hex=03C3 0000 060F 0FE2 0E4C","centre=2023 min=1784 max=6257 hex=07E1 07E7 07E7 07F5 0838",0,0,0,,0,,,None,Unavailable,NoWallUnderCrosshair,,,,"only 0 valid depth samples under crosshair (58 no-data, 25 out-of-range, 358 low-confidence)",0,,,None,Unavailable,NoWallInView,,,,-0.262231678,0.99142015,0.5586853,0.148470938,0.01853726,0.0128327906,0.988659739,0,0,0,0,0,0,267637.49506994104,267637.49506994104,0.036032136005815119
7.7232073438052087,aece4ecd,SessionTracking,Tracking,30.0608768,29.7108517,1,0.031671978998929262,0.472847223,0.071041666,1,160x90 DepthUint16,"centre=1561 min=559 max=37841 hex=035F 0000 0619 0FC3 0E39","centre=2015 min=1791 max=6237 hex=07D7 07DE 07DF 07EC 082A",0,0,0,,0,,,None,Unavailable,NoWallUnderCrosshair,,,,"only 0 valid depth samples under crosshair (62 no-data, 25 out-of-range, 354 low-confidence)",0,,,None,Unavailable,NoWallInView,,,,-0.269477457,0.9846961,0.572942734,0.147187516,0.0190745983,0.0139587838,0.988826156,0,0,0,0,0,0,267637.528397025,267637.528397025,0.031612499995389953
7.7564214588190428,aece4ecd,SessionTracking,Tracking,30.0610619,29.7108517,1,0.0325063019990921,0.471875,0.06590278,1,160x90 DepthUint16,"centre=1576 min=543 max=38252 hex=03AF 0000 0628 0FA3 0E26","centre=2636 min=2267 max=6438 hex=0A4C 0A4D 0A4C 0A54 0A76",0,0,0,,0,,,None,Unavailable,NoWallUnderCrosshair,,,,"only 0 valid depth samples under crosshair (57 no-data, 20 out-of-range, 364 low-confidence)",0,,,None,Unavailable,NoWallInView,,,,-0.276884,0.9778581,0.5873243,0.145815223,0.0192730445,0.0149104306,0.9890117,0,0,0,0,0,0,267637.561724108,267637.561724108,0.032424219010863453
7.7917922398181165,aece4ecd,SessionTracking,Tracking,30.0587234,29.7108517,1,0.034699270996497944,0.464583337,0.0938888863,1,160x90 DepthUint16,"centre=1634 min=508 max=38380 hex=45E0 0000 0662 0FC4 0E56","centre=1700 min=1525 max=6069 hex=069C 06A4 06A4 06B3 06F5",0,0,0,,0,,,None,Unavailable,NoWallUnderCrosshair,,,,"only 0 valid depth samples under crosshair (51 no-data, 19 out-of-range, 371 low-confidence)",0,,,None,Unavailable,NoWallInView,,,,-0.285934031,0.9820568,0.528829753,0.142698079,0.0175152253,0.0178517383,0.9894502,0,0,0,0,0,0,267637.594077192,267637.594077192,0.034650104003958404
7.8257538028108886,aece4ecd,SessionTracking,Tracking,30.0616512,29.7108517,1,0.033050051977625117,0.462222219,0.09847222,1,160x90 DepthUint16,"centre=1808 min=495 max=37988 hex=02F9 0000 0710 0FA0 0E46","centre=1403 min=1147 max=5867 hex=0573 057A 057B 0589 05CA",0,0,0,,0,,,None,Unavailable,NoWallUnderCrosshair,,,,"only 0 valid depth samples under crosshair (44 no-data, 13 out-of-range, 384 low-confidence)",0,,,None,Unavailable,NoWallInView,,,,-0.2937383,0.9750292,0.541520357,0.140905842,0.0156291276,0.0188462138,0.9897203,0,0,0,0,0,0,267637.627404276,267637.627404276,0.032985676982207224
7.8562775008311494,aece4ecd,SessionTracking,Tracking,30.0607224,29.7108517,1,0.029531094012781978,0.458333343,0.107152775,1,160x90 DepthUint16,"centre=2197 min=484 max=37614 hex=4C19 0000 0895 0F98 0E3C","centre=7810 min=7805 max=7859 hex=1E81 1E82 1E82 1E82 1E82",0,0,0,,0,,,None,Unavailable,NoWallUnderCrosshair,,,,"only 0 valid depth samples under crosshair (31 no-data, 12 out-of-range, 398 low-confidence)",0,,,None,Unavailable,NoWallInView,,,,-0.300807178,0.967641234,0.554299951,0.1381596,0.00742521137,0.01925829,0.9901949,0,0,0,0,0,0,267637.66073135904,267637.66073135904,0.029401980020338669
7.88853786481088,aece4ecd,SessionTracking,Tracking,30.060318,29.7108517,1,0.031585677003022283,0.436458319,0.09805556,1,160x90 DepthUint16,"centre=1457 min=284 max=37634 hex=4D24 0000 05B1 0A81 0E97","centre=5701 min=5687 max=6417 hex=1642 1645 1645 164A 16A2",0,0,0,,0,,,None,Unavailable,NoWallUnderCrosshair,,,,"only 0 valid depth samples under crosshair (25 no-data, 11 out-of-range, 405 low-confidence)",0,,,None,Unavailable,NoWallInView,,,,-0.308509082,0.96034795,0.4523943,0.134310111,0.000282309979,0.0230558831,0.9906711,0,0,0,0,0,0,267637.69370828004,267637.69370828004,0.031509738997556269
7.9279193758255335,aece4ecd,SessionTracking,Tracking,30.0602951,29.7108517,1,0.0386033859977033,0.43638888,0.10486111,1,160x90 DepthUint16,"centre=1441 min=274 max=37585 hex=4D1A 0000 05A1 0A77 0E8A","centre=5826 min=5810 max=6420 hex=16BC 16C1 16C2 16C9 1708",0,0,0,,0,,,None,Unavailable,NoWallUnderCrosshair,,,,"only 0 valid depth samples under crosshair (22 no-data, 14 out-of-range, 405 low-confidence)",0,,,None,Unavailable,NoWallInView,,,,-0.318342179,0.953132868,0.462973624,0.135592312,-0.000392660528,0.0285363514,0.990353644,0,0,0,0,0,0,267637.727035364,267637.727035364,0.038489636004669592
7.9583711458242963,aece4ecd,SessionTracking,Tracking,30.060915,30.2437229,1,0.0296989580092486,0.437430561,0.101736113,1,160x90 DepthUint16,"centre=1430 min=264 max=37686 hex=4D45 0000 0596 0A69 0E77","centre=5836 min=5771 max=6404 hex=16C6 16CA 16CC 16D2 1700",0,0,0,,0,,,None,Unavailable,NoWallUnderCrosshair,,,,"only 0 valid depth samples under crosshair (21 no-data, 12 out-of-range, 408 low-confidence)",0,,,None,Unavailable,NoWallInView,,,,-0.3283618,0.9454894,0.472959429,0.133625984,0.000635065138,0.03370443,0.990458369,0,0,0,0,0,0,267637.760362447,267637.760362447,0.029628229007357731
7.9911841148267033,aece4ecd,SessionTracking,Tracking,30.0577831,30.2437229,1,0.032209947996307164,0.410555542,0.144305557,1,160x90 DepthUint16,"centre=1639 min=422 max=38124 hex=4E1F 0000 0667 1091 0F13","centre=5905 min=4551 max=8123 hex=1717 170F 1711 1716 16F2",0,0,0,,0,,,None,Unavailable,NoWallUnderCrosshair,,,,"only 0 valid depth samples under crosshair (30 no-data, 8 out-of-range, 403 low-confidence)",0,,,None,Unavailable,NoWallInView,,,,-0.310848564,0.9830414,0.279546559,0.126869082,0.00120988488,0.0395305753,0.991130769,0,0,0,0,0,0,267637.793752048,267637.793752048,0.032146145997103304
8.02262250080714,aece4ecd,SessionTracking,Tracking,30.0602474,30.2437229,1,0.030598541983636096,0.409444451,0.142430559,1,160x90 DepthUint16,"centre=1596 min=415 max=38032 hex=4CB7 0000 063C 0B1F 0F12","centre=5884 min=4555 max=7916 hex=16FA 16F7 16FC 1704 16DD",0,0,0,,0,,,None,Unavailable,NoWallUnderCrosshair,,,,"only 0 valid depth samples under crosshair (27 no-data, 9 out-of-range, 405 low-confidence)",0,,,None,Unavailable,NoWallInView,,,,-0.3184833,0.9765101,0.284536123,0.126483247,-0.00206652656,0.04017639,0.991152644,0,0,0,0,0,0,267637.827079132,267637.827079132,0.030542761000106111
8.0581579688285476,aece4ecd,SessionTracking,Tracking,30.06067,30.2437229,1,0.034674323018407449,0.40513888,0.148819447,1,160x90 DepthUint16,"centre=1661 min=407 max=37234 hex=4CD7 157E 067D 0B1C 0F27","centre=5936 min=4590 max=8018 hex=1732 172A 1730 173D 1705",0,0,0,,0,,,None,Unavailable,NoWallUnderCrosshair,,,,"only 0 valid depth samples under crosshair (16 no-data, 4 out-of-range, 421 low-confidence)",0,,,None,Unavailable,NoWallInView,,,,-0.325239,0.970110834,0.289899379,0.127806291,-0.007918869,0.0386284627,0.991015,0,0,0,0,0,0,267637.860406215,267637.860406215,0.034572291013319045
8.0902389068203977,aece4ecd,SessionTracking,Tracking,30.0607929,30.2437229,1,0.031189636007184163,0.4007639,0.14875,1,160x90 DepthUint16,"centre=2131 min=429 max=37121 hex=4D15 154B 0853 0B3D 16D8","centre=5754 min=3543 max=7412 hex=173D 16D6 167A 1621 1565",0,0,0,,0,,,None,Unavailable,NoWallUnderCrosshair,,,,"only 0 valid depth samples under crosshair (11 no-data, 7 out-of-range, 423 low-confidence)",0,,,None,Unavailable,NoWallInView,,,,-0.34777078,0.991402864,0.271674544,0.1286124,-0.0137184151,0.0377089381,0.9908828,0,0,0,0,0,0,267637.89491008804,267637.89491008804,0.03111208399059251
8.1222195318249053,aece4ecd,SessionTracking,Tracking,30.05904,30.2437229,1,0.0312745840055868,0.395902783,0.14569445,1,160x90 DepthUint16,"centre=2261 min=419 max=36869 hex=4D55 15D4 08D5 0B42 1BEC","centre=5759 min=3649 max=7526 hex=1774 16EB 167F 1631 157A",0,0,0,,0,,,None,Unavailable,NoWallUnderCrosshair,,,,"only 0 valid depth samples under crosshair (26 no-data, 7 out-of-range, 408 low-confidence)",0,,,None,Unavailable,NoWallInView,,,,-0.354090154,0.9851275,0.276923269,0.128790185,-0.02278394,0.0345833637,0.990806758,0,0,0,0,0,0,267637.928237172,267637.928237172,0.031218073010677472
8.1542678128160535,aece4ecd,SessionTracking,Tracking,30.058897,30.2437229,1,0.031123645982006565,0.3884028,0.152222216,1,160x90 DepthUint16,"centre=3532 min=409 max=33929 hex=4D37 1707 0DCC 0B48 1C19","centre=5635 min=3504 max=7236 hex=1747 1675 1603 15C1 1516",0,0,0,,0,,,None,Unavailable,NoWallUnderCrosshair,,,,"only 0 valid depth samples under crosshair (32 no-data, 2 out-of-range, 407 low-confidence)",0,,,None,Unavailable,NoWallInView,,,,-0.360299617,0.9789048,0.282601148,0.130736426,-0.0325309373,0.0315097868,0.9903822,0,0,0,0,0,0,267637.961564255,267637.961564255,0.031000365008367226
8.1884218748298938,aece4ecd,SessionTracking,Tracking,30.0598335,30.2437229,1,0.031425052002305165,0.372638881,0.143194437,1,160x90 DepthUint16,"centre=2788 min=512 max=34666 hex=4D2F 0B8A 0AE4 0BBB 1C9B","centre=10582 min=4866 max=25085 hex=2A71 2BF6 2956 27DC 24C1",0,0,0,,0,,,None,Unavailable,NoWallUnderCrosshair,,,,"only 0 valid depth samples under crosshair (41 no-data, 2 out-of-range, 398 low-confidence)",0,,,None,Unavailable,NoWallInView,,,,-0.353077769,1.06137455,0.1957286,0.130283535,-0.0390088521,0.0314256847,0.990210533,0,0,0,0,0,0,267637.994707631,267637.994707631,0.031377186998724937
8.21969921880993,aece4ecd,SessionTracking,Tracking,30.0614128,30.2437229,1,0.030720780981937423,0.371388882,0.139583334,1,160x90 DepthUint16,"centre=2944 min=505 max=34016 hex=4C2C 0BC6 0B80 0AA2 1CAB","centre=11025 min=5490 max=23266 hex=2B19 2D77 2B11 2987 264F",0,0,0,,0,,,None,Unavailable,NoWallUnderCrosshair,,,,"only 0 valid depth samples under crosshair (43 no-data, 1 out-of-range, 397 low-confidence)",0,,,None,Unavailable,NoWallInView,,,,-0.360158384,1.05664194,0.19957085,0.130826235,-0.04359281,0.02993086,0.989994168,0,0,0,0,0,0,267638.02803471504,267638.02803471504,0.030230363976443186
8.2512538028229958,aece4ecd,SessionTracking,Tracking,30.0603313,30.2437229,1,0.030993334017693996,0.368472219,0.147013888,1,160x90 DepthUint16,"centre=3023 min=500 max=34328 hex=4BFB 0C08 0BCF 0A7B 1CB9","centre=10960 min=6164 max=22910 hex=2B04 2D42 2AD0 2943 2652",0,0,0,,0,,,None,Unavailable,NoWallUnderCrosshair,,,,"only 0 valid depth samples under crosshair (43 no-data, 0 out-of-range, 398 low-confidence)",0,,,None,Unavailable,NoWallInView,,,,-0.368128479,1.05220985,0.203383833,0.132405,-0.04469086,0.0295941252,0.9897454,0,0,0,0,0,0,267638.061361798,267638.061361798,0.030951249995268881
8.284600937825255,aece4ecd,SessionTracking,Tracking,30.060358,30.2437229,1,0.032727865007473156,0.508194447,0.501875,1,160x90 DepthUint16,"centre=2920 min=548 max=33977 hex=4C2A 0BC0 0B68 0AE8 1CE0","centre=21472 min=7413 max=24514 hex=5AB9 5538 53E0 5285 4C4A",0,0,0,,0,,,None,Unavailable,NoWallUnderCrosshair,,,,"only 0 valid depth samples under crosshair (9 no-data, 9 out-of-range, 423 low-confidence)",0,,,None,Unavailable,NoWallInView,,,,-0.3650173,1.08991718,0.168197513,0.131999969,-0.045090124,0.0302019734,0.989763,0,0,0,0,0,0,267638.095230579,267638.095230579,0.032681198004866019
8.3244529168285428,aece4ecd,SessionTracking,Tracking,30.0589485,30.2437229,1,0.039101458009099588,0.5104167,0.5154861,1,160x90 DepthUint16,"centre=3262 min=538 max=33955 hex=4C2D 0BD0 0CBE 0AA5 1CDF","centre=22713 min=7308 max=25261 hex=5CF8 59C4 58B9 573F 5089",0,0,0,,0,,,None,Unavailable,NoWallUnderCrosshair,,,,"only 0 valid depth samples under crosshair (12 no-data, 10 out-of-range, 419 low-confidence)",0,,,None,Unavailable,NoWallInView,,,,-0.372664034,1.08636153,0.171025187,0.131449133,-0.0471043475,0.0293277521,0.9897688,0,0,0,0,0,0,267638.128557663,267638.128557663,0.038755625020712614
8.3541196358263026,aece4ecd,SessionTracking,Tracking,30.0607433,30.2437229,1,0.028037708019837737,0.5076389,0.465069443,1,160x90 DepthUint16,"centre=2874 min=537 max=33927 hex=4C28 0BE5 0B3A 0AA2 1CE7","centre=21024 min=7718 max=24098 hex=592E 5367 5220 50F7 4B2D",0,0,0,,0,,,None,Unavailable,NoWallUnderCrosshair,,,,"only 0 valid depth samples under crosshair (16 no-data, 3 out-of-range, 422 low-confidence)",0,,,None,Unavailable,NoWallInView,,,,-0.380609453,1.08288753,0.174032077,0.131476671,-0.04817265,0.0289512314,0.9897248,0,0,0,0,0,0,267638.161884746,267638.161884746,0.0278526559995953
8.3863092708332463,aece4ecd,SessionTracking,Tracking,30.0605812,30.2437229,1,0.0316584890242666,0.594375,0.363541663,1,160x90 DepthUint16,"centre=3374 min=518 max=33867 hex=6661 0C23 0D2E 0A96 1CD9","centre=14768 min=8178 max=20369 hex=47B2 3D09 39B0 3813 34ED",0,0,0,,0,,,None,Unavailable,NoWallUnderCrosshair,,,,"only 0 valid depth samples under crosshair (7 no-data, 5 out-of-range, 429 low-confidence)",0,,,None,Unavailable,NoWallInView,,,,-0.387364775,1.07727933,0.1880249,0.1324955,-0.04818412,0.0287013967,0.9895956,0,0,0,0,0,0,267638.19669579004,267638.19669579004,0.031604166026227176
8.4270182818280066,aece4ecd,SessionTracking,Tracking,30.0637531,30.2437229,1,0.039838594006141648,0.5931944,0.451805562,1,160x90 DepthUint16,"centre=3370 min=549 max=33802 hex=6BED 0C43 0D2A 0A96 1CDD","centre=15281 min=8224 max=20838 hex=492E 3ECD 3BB1 39F1 3697",0,0,0,,0,,,None,Unavailable,NoWallUnderCrosshair,,,,"only 0 valid depth samples under crosshair (11 no-data, 9 out-of-range, 421 low-confidence)",0,,,None,Unavailable,NoWallInView,,,,-0.394929677,1.07374048,0.191577747,0.132462963,-0.0511194654,0.0278272927,0.989477634,0,0,0,0,0,0,267638.230022874,267638.230022874,0.039748334005707875
8.4566190108296926,aece4ecd,SessionTracking,Tracking,30.0629368,30.2437229,1,0.028325156017672271,0.594375,0.393055558,1,160x90 DepthUint16,"centre=3602 min=549 max=33761 hex=4C61 0C42 0E12 0A96 1CE1","centre=15035 min=8172 max=20485 hex=473C 3E1E 3ABB 38C3 358C",0,0,0,,0,,,None,Unavailable,NoWallUnderCrosshair,,,,"only 0 valid depth samples under crosshair (13 no-data, 13 out-of-range, 415 low-confidence)",0,,,None,Unavailable,NoWallInView,,,,-0.40270865,1.07011116,0.1951501,0.132192612,-0.05344591,0.0276038386,0.989397168,0,0,0,0,0,0,267638.263349957,267638.263349957,0.028147813020041212
8.487117083829455,aece4ecd,SessionTracking,Tracking,30.0599136,30.2437229,1,0.029876718996092677,0.7995139,1.72756946,1,160x90 DepthUint16,"centre=4740 min=334 max=33750 hex=19A3 0C30 1284 0AAF 0D99","centre=15593 min=9314 max=23364 hex=3DB2 3D4F 3CE9 3C7D 3B61",0,0,0,,0,,,None,Unavailable,NoWallUnderCrosshair,,,,"only 0 valid depth samples under crosshair (6 no-data, 25 out-of-range, 410 low-confidence)",0,,,None,Unavailable,NoWallInView,,,,-0.4074883,1.0840205,0.176600456,0.131939918,-0.0546065047,0.02742976,0.9893723,0,0,0,0,0,0,267638.296944098,267638.296944098,0.029557604022556916
8.5273196878250221,aece4ecd,SessionTracking,Tracking,30.0620155,30.2437229,1,0.039545364998048171,0.8034028,1.76708329,1,160x90 DepthUint16,"centre=5024 min=329 max=33738 hex=19A6 0C41 13A0 0AAC 0E00","centre=13992 min=9148 max=22548 hex=3869 37B2 36A8 3643 35E3",0,0,0,,0,,,None,Unavailable,NoWallUnderCrosshair,,,,"only 0 valid depth samples under crosshair (6 no-data, 39 out-of-range, 396 low-confidence)",0,,,None,Unavailable,NoWallInView,,,,-0.4159779,1.08052957,0.179831743,0.132623926,-0.0545409657,0.02796662,0.989269435,0,0,0,0,0,0,267638.330271182,267638.330271182,0.039491042000008747
8.5564501568140461,aece4ecd,SessionTracking,Tracking,30.0634251,30.2437229,1,0.028303125000093132,0.8034722,1.51659727,1,160x90 DepthUint16,"centre=11288 min=324 max=33722 hex=19B7 0C48 2C18 0AA8 0D75","centre=15984 min=8823 max=23158 hex=3F6D 3EBE 3E70 3E0F 3CC9",0,0,0,,0,,,None,Unavailable,NoWallUnderCrosshair,,,,"only 0 valid depth samples under crosshair (4 no-data, 18 out-of-range, 419 low-confidence)",0,,,None,Unavailable,NoWallInView,,,,-0.424730062,1.07694387,0.183033109,0.133272514,-0.05371282,0.0282669365,0.989219069,0,0,0,0,0,0,267638.36359826504,267638.36359826504,0.028222656983416528
8.5876793748164548,aece4ecd,SessionTracking,Tracking,30.0621567,30.2437229,1,0.03057520798756741,0.859375,1.75458336,1,160x90 DepthUint16,"centre=7679 min=381 max=33721 hex=68CE 0C31 1DFF 0ABF 0E31","centre=8442 min=8008 max=13087 hex=2243 21BA 20FA 20C3 2088",0,0,0,,0,,,None,Unavailable,NoWallUnderCrosshair,,,,"only 0 valid depth samples under crosshair (0 no-data, 52 out-of-range, 389 low-confidence)",0,,,None,Unavailable,NoWallInView,,,,-0.427179515,1.09417546,0.16430907,0.1332244,-0.0520090349,0.0277409852,0.9893315,0,0,0,0,0,0,267638.397147674,267638.397147674,0.030229895986849442
8.6240686458175535,aece4ecd,SessionTracking,Tracking,30.0621,30.2437229,1,0.035779113997705281,0.8611111,1.62013888,1,160x90 DepthUint16,"centre=8773 min=377 max=33729 hex=66C9 0C40 2245 0ABB 0D8C","centre=8439 min=8041 max=13080 hex=221A 21DD 20F7 20DA 20A0",0,0,0,,0,,,None,Unavailable,NoWallUnderCrosshair,,,,"only 0 valid depth samples under crosshair (0 no-data, 56 out-of-range, 385 low-confidence)",0,,,None,Unavailable,NoWallInView,,,,-0.436112851,1.09080935,0.16722995,0.133699328,-0.0504004769,0.0275702775,0.989355445,0,0,0,0,0,0,267638.43047475803,267638.43047475803,0.035732604010263458
8.6551176568307913,aece4ecd,SessionTracking,Tracking,30.0609074,30.2437229,1,0.03050932299811393,0.8613194,1.52180552,1,160x90 DepthUint16,"centre=10721 min=372 max=33712 hex=64D4 0C48 29E1 0F5A 0DC9","centre=8777 min=7951 max=13122 hex=22E6 22C0 2249 2239 2216",0,0,0,,0,,,None,Unavailable,NoWallUnderCrosshair,,,,"only 0 valid depth samples under crosshair (0 no-data, 48 out-of-range, 393 low-confidence)",0,,,None,Unavailable,NoWallInView,,,,-0.445104837,1.08745658,0.1701637,0.134147525,-0.049072925,0.02723822,0.9893707,0,0,0,0,0,0,267638.463801841,267638.463801841,0.030463959003100172
8.6866760418332181,aece4ecd,SessionTracking,Tracking,30.0614758,30.2437229,1,0.030695052002556622,0.8918055,1.65013885,1,160x90 DepthUint16,"centre=5321 min=463 max=33933 hex=66F9 0BD3 14C9 0BA9 0D0F","centre=5814 min=5662 max=6916 hex=16CA 16C5 16B6 16A4 1693",0,0,0,,0,,,None,Unavailable,NoWallUnderCrosshair,,,,"only 0 valid depth samples under crosshair (0 no-data, 61 out-of-range, 380 low-confidence)",0,,,None,Unavailable,NoWallInView,,,,-0.4386893,1.13962018,0.104424313,0.132227316,-0.0453617126,0.0249607265,0.989866257,0,0,0,0,0,0,267638.497091401,267638.497091401,0.03057989600347355
8.720757239817269,aece4ecd,SessionTracking,Tracking,30.0613422,30.2437229,1,0.033473905990831554,0.8915278,1.54034722,1,160x90 DepthUint16,"centre=4928 min=447 max=33978 hex=6699 0BD1 1340 0B2A 0D24","centre=6106 min=5834 max=6631 hex=18B4 180E 17DA 17C8 17B0",0,0,0,,0,,,None,Unavailable,NoWallUnderCrosshair,,,,"only 0 valid depth samples under crosshair (0 no-data, 56 out-of-range, 385 low-confidence)",0,,,None,Unavailable,NoWallInView,,,,-0.44748643,1.13725173,0.105458833,0.13168411,-0.0440304,0.0247068424,0.9900052,0,0,0,0,0,0,267638.530418485,267638.530418485,0.033397240011254326
8.7562052088313269,aece4ecd,SessionTracking,Tracking,30.0593967,30.2437229,1,0.034626042004674673,0.8925,1.44215274,1,160x90 DepthUint16,"centre=10163 min=444 max=34048 hex=6674 0BC9 27B3 0B01 0D0E","centre=5798 min=5645 max=6923 hex=16C4 16BB 16A6 1694 1686",0,0,0,,0,,,None,Unavailable,NoWallUnderCrosshair,,,,"only 0 valid depth samples under crosshair (0 no-data, 67 out-of-range, 374 low-confidence)",0,,,None,Unavailable,NoWallInView,,,,-0.456622869,1.13488984,0.106502511,0.131240219,-0.04158574,0.0247360729,0.990169048,0,0,0,0,0,0,267638.56374556804,267638.56374556804,0.034545834001619369
8.7886774998322128,aece4ecd,SessionTracking,Tracking,30.0584869,30.2437229,1,0.031761823018314317,0.917152762,1.54208338,1,160x90 DepthUint16,"centre=12880 min=463 max=34094 hex=2222 0BC6 3250 0B08 0D04","centre=17509 min=3027 max=21039 hex=490E 4393 4465 442A 4011",0,0,0,,0,,,None,Unavailable,NoWallUnderCrosshair,,,,"only 0 valid depth samples under crosshair (0 no-data, 55 out-of-range, 386 low-confidence)",0,,,None,Unavailable,NoWallInView,,,,-0.462605178,1.13620174,0.101592347,0.130263776,-0.0381022729,0.0244544167,0.990445137,0,0,0,0,0,0,267638.597124386,267638.597124386,0.031715051998617128
8.8251742188284172,aece4ecd,SessionTracking,Tracking,30.0559654,30.2437229,1,0.035769844020251185,0.9139583,1.62236106,1,160x90 DepthUint16,"centre=12688 min=463 max=34161 hex=1F3A 0BC3 3190 0B02 0CE6","centre=21381 min=6413 max=24132 hex=5980 54E6 5385 5232 4CBE",0,0,0,,0,,,None,Unavailable,NoWallUnderCrosshair,,,,"only 0 valid depth samples under crosshair (0 no-data, 56 out-of-range, 385 low-confidence)",0,,,None,Unavailable,NoWallInView,,,,-0.472064346,1.13384581,0.102454439,0.129919723,-0.03490337,0.0245826859,0.990605,0,0,0,0,0,0,267638.63045147003,267638.63045147003,0.0357168750197161
8.8575141668250783,aece4ecd,SessionTracking,Tracking,30.0621262,30.2437229,1,0.031142188003286719,0.915625,1.40076387,1,160x90 DepthUint16,"centre=11442 min=462 max=34218 hex=1F46 0BC6 2CB2 0AFE 0CD4","centre=18797 min=7780 max=22377 hex=4D48 481C 496D 49F2 46A2",0,0,0,,0,,,None,Unavailable,NoWallUnderCrosshair,,,,"only 0 valid depth samples under crosshair (0 no-data, 49 out-of-range, 392 low-confidence)",0,,,None,Unavailable,NoWallInView,,,,-0.48142007,1.131475,0.103404388,0.130011216,-0.0325766765,0.0245565474,0.990672946,0,0,0,0,0,0,267638.663778553,267638.663778553,0.030975521018262953
8.8882229168073739,aece4ecd,SessionTracking,Tracking,30.05971,30.2437229,1,0.029944999987492338,0.9438889,1.99333334,1,160x90 DepthUint16,"centre=2908 min=499 max=35398 hex=113A 0E3C 0B5C 0B3B 0E24","centre=8669 min=997 max=11325 hex=24CF 2223 21DD 21A2 1F92",0,0,0,,0,,,None,Unavailable,NoWallUnderCrosshair,,,,"only 0 valid depth samples under crosshair (0 no-data, 36 out-of-range, 405 low-confidence)",0,,,None,Unavailable,NoWallInView,,,,-0.458902836,1.16799593,0.0684021041,0.129265234,-0.0291640777,0.0241977889,0.9908857,0,0,0,0,0,0,267638.697298509,267638.697298509,0.02989588599302806
8.9204282808339688,aece4ecd,SessionTracking,Tracking,30.0571747,30.2437229,1,0.027844583004480228,0.944305539,2.09888887,1,160x90 DepthUint16,"centre=2903 min=499 max=35472 hex=10D7 0E3B 0B57 0B3B 0DEE","centre=8593 min=1004 max=11452 hex=244A 21E9 2191 2158 1F46",0,0,0,,0,,,None,Unavailable,NoWallUnderCrosshair,,,,"only 0 valid depth samples under crosshair (0 no-data, 34 out-of-range, 407 low-confidence)",0,,,None,Unavailable,NoWallInView,,,,-0.467696935,1.16618884,0.0685691,0.129103616,-0.02700817,0.0241802651,0.9909683,0,0,0,0,0,0,267638.73062559305,267638.73062559305,0.027777500014053658
8.9608918228175956,aece4ecd,SessionTracking,Tracking,30.056303,29.92457,1,0.039616041991394013,0.944722235,1.88625,1,160x90 DepthUint16,"centre=2900 min=498 max=35527 hex=10C6 0E3B 0B54 0B39 0E25","centre=9084 min=1729 max=11697 hex=24E4 2380 237C 233E 211B",0,0,0,,0,,,None,Unavailable,NoWallUnderCrosshair,,,,"only 0 valid depth samples under crosshair (0 no-data, 28 out-of-range, 413 low-confidence)",0,,,None,Unavailable,NoWallInView,,,,-0.4764087,1.16434789,0.06864243,0.128689736,-0.025981389,0.0241501927,0.9910503,0,0,0,0,0,0,267638.76395267603,267638.76395267603,0.039522864011814818
8.9910329168186056,aece4ecd,SessionTracking,Tracking,30.0565929,29.92457,1,0.029299166984856129,0.941875,2.050139,1,160x90 DepthUint16,"centre=3754 min=536 max=35564 hex=0F8F 18F9 0EAA 0BAF 0DB3","centre=11434 min=2088 max=16683 hex=30F6 2ED1 2CAA 2B5C 2834",0,0,0,,0,,,None,Unavailable,NoWallUnderCrosshair,,,,"only 0 valid depth samples under crosshair (0 no-data, 34 out-of-range, 407 low-confidence)",0,,,None,Unavailable,NoWallInView,,,,-0.429563284,1.1977,0.03973341,0.128948122,-0.0259425528,0.0232502222,0.9910393,0,0,0,0,0,0,267638.79707466,267638.79707466,0.029192813002737239
9.0222156768130137,aece4ecd,SessionTracking,Tracking,30.0620422,29.92457,1,0.029951145988889039,0.9458333,2.05527782,1,160x90 DepthUint16,"centre=4083 min=536 max=35554 hex=0FBD 11B0 0FF3 0BAB 0D91","centre=11424 min=2062 max=16678 hex=30BC 2EA6 2CA0 2B64 282F",0,0,0,,0,,,None,Unavailable,NoWallUnderCrosshair,,,,"only 0 valid depth samples under crosshair (0 no-data, 34 out-of-range, 407 low-confidence)",0,,,None,Unavailable,NoWallInView,,,,-0.436814785,1.19639015,0.0395623371,0.129201427,-0.0258152727,0.0233371872,0.991007566,0,0,0,0,0,0,267638.830401744,267638.830401744,0.02977218700107187
9.0572899998213163,aece4ecd,SessionTracking,Tracking,30.0561657,29.92457,1,0.034402760007651523,0.949375,2.09076381,1,160x90 DepthUint16,"centre=7028 min=535 max=35550 hex=1021 11AF 1B74 0BA8 0CC8","centre=12328 min=1964 max=16723 hex=33D7 3222 3028 2EEC 2B58",0,0,0,,0,,,None,Unavailable,NoWallUnderCrosshair,,,,"only 0 valid depth samples under crosshair (0 no-data, 35 out-of-range, 406 low-confidence)",0,,,None,Unavailable,NoWallInView,,,,-0.444121659,1.19508576,0.0393201634,0.1292952,-0.0257783849,0.0233828742,0.9909952,0,0,0,0,0,0,267638.86372882704,267638.86372882704,0.034349062014371157
9.0906660938333719,aece4ecd,SessionTracking,Tracking,30.0583668,29.92457,1,0.029876302025513723,0.954583347,2.044375,1,160x90 DepthUint16,"centre=2612 min=563 max=35452 hex=103A 1950 0A34 0BC3 0DB2","centre=5976 min=2210 max=24993 hex=16FF 1735 1758 175D 16A3",0,0,0,,0,,,None,Unavailable,NoWallUnderCrosshair,,,,"only 0 valid depth samples under crosshair (0 no-data, 38 out-of-range, 403 low-confidence)",0,,,None,Unavailable,NoWallInView,,,,-0.428942025,1.21124077,0.01644861,0.129457638,-0.0249967724,0.0219036639,0.991027832,0,0,0,0,0,0,267638.896222067,267638.896222067,0.029648646013811231
9.1231738538179545,aece4ecd,SessionTracking,Tracking,30.0592251,29.92457,1,0.031894896004814655,0.9554167,1.94979167,1,160x90 DepthUint16,"centre=2615 min=563 max=35497 hex=103C 1944 0A37 0BC3 0DB7","centre=7609 min=2645 max=24029 hex=1D5C 1D91 1DB9 1DB5 1CAD",0,0,0,,0,,,None,Unavailable,NoWallUnderCrosshair,,,,"only 0 valid depth samples under crosshair (0 no-data, 34 out-of-range, 407 low-confidence)",0,,,None,Unavailable,NoWallInView,,,,-0.4360283,1.21009421,0.0155317858,0.129139349,-0.0239152573,0.0220090449,0.991093755,0,0,0,0,0,0,267638.92954915104,267638.92954915104,0.03183562500635162
9.1558877078339922,aece4ecd,SessionTracking,Tracking,30.0573158,29.92457,1,0.032026875007431954,0.95645833,1.85027778,1,160x90 DepthUint16,"centre=2622 min=563 max=35537 hex=103D 1931 0A3E 0BC3 0DB8","centre=5283 min=2377 max=23423 hex=1436 1474 14A3 14BA 144E",0,0,0,,0,,,None,Unavailable,NoWallUnderCrosshair,,,,"only 0 valid depth samples under crosshair (0 no-data, 32 out-of-range, 409 low-confidence)",0,,,None,Unavailable,NoWallInView,,,,-0.443135142,1.20896649,0.01453194,0.128870457,-0.0230173748,0.0219478626,0.9911513,0,0,0,0,0,0,267638.962876234,267638.962876234,0.031950312026310712
9.196030780817475,aece4ecd,SessionTracking,Tracking,30.059557,29.92457,1,0.039393644983647391,0.9636111,1.7123611,1,160x90 DepthUint16,"centre=2838 min=558 max=35489 hex=11E9 19AC 0B16 0D9B 0DCA","centre=12322 min=3162 max=33127 hex=2FD6 2FFF 3022 3023 2DB8",0,0,0,,0,,,None,Unavailable,NoWallUnderCrosshair,,,,"only 0 valid depth samples under crosshair (0 no-data, 28 out-of-range, 413 low-confidence)",0,,,None,Unavailable,NoWallInView,,,,-0.463596225,1.20945382,0.01998876,0.128784642,-0.0220601726,0.0227842946,0.9911654,0,0,0,0,0,0,267638.996073395,267638.996073395,0.039328437007497996
9.2281430208229924,aece4ecd,SessionTracking,Tracking,30.0573425,29.92457,1,0.031030000012833625,0.9618056,1.77986109,1,160x90 DepthUint16,"centre=2946 min=558 max=35529 hex=11EA 1984 0B82 0D9A 0DD3","centre=11362 min=3250 max=30768 hex=2C0E 2C3C 2C62 2C6B 2A5F",0,0,0,,0,,,None,Unavailable,NoWallUnderCrosshair,,,,"only 0 valid depth samples under crosshair (0 no-data, 27 out-of-range, 414 low-confidence)",0,,,None,Unavailable,NoWallInView,,,,-0.471271962,1.20830691,0.0192323849,0.128467992,-0.0212726388,0.02281222,0.991223037,0,0,0,0,0,0,267639.029400479,267639.029400479,0.030909115012036636
9.2585827078135683,aece4ecd,SessionTracking,Tracking,30.0586662,29.92457,1,0.029407394991721958,0.9622222,1.85166669,1,160x90 DepthUint16,"centre=3057 min=558 max=35556 hex=11EA 193E 0BF1 0D9B 0DCF","centre=12609 min=3851 max=30785 hex=30F1 311A 3141 314C 2EFC",0,0,0,,0,,,None,Unavailable,NoWallUnderCrosshair,,,,"only 0 valid depth samples under crosshair (0 no-data, 39 out-of-range, 402 low-confidence)",0,,,None,Unavailable,NoWallInView,,,,-0.479134083,1.207139,0.0185049921,0.1285755,-0.0202697925,0.0229664147,0.991226554,0,0,0,0,0,0,267639.06272756204,267639.06272756204,0.029296041000634432
9.2912728128129149,aece4ecd,SessionTracking,Tracking,30.0566254,29.92457,1,0.031797136005479842,0.9651389,1.84715283,1,160x90 DepthUint16,"centre=2646 min=575 max=36100 hex=20CF 197A 0A56 18B4 0E08","centre=1765 min=852 max=2094 hex=06E9 06E8 06E5 06E4 06CB",0,0,0,,0,,,None,Unavailable,NoWallUnderCrosshair,,,,"only 0 valid depth samples under crosshair (0 no-data, 36 out-of-range, 405 low-confidence)",0,,,None,Unavailable,NoWallInView,,,,-0.452737451,1.22175217,0.00743521,0.128843442,-0.0201525521,0.0228387732,0.9911971,0,0,0,0,0,0,267639.096068391,267639.096068391,0.031689844006905332
9.3280029168225358,aece4ecd,SessionTracking,Tracking,30.0581875,29.92457,1,0.035294011002406478,0.9646528,1.78916669,1,160x90 DepthUint16,"centre=2656 min=575 max=35904 hex=1E93 1975 0A60 18B4 0E07","centre=1833 min=880 max=2176 hex=072D 072B 0729 0727 070E",0,0,0,,0,,,None,Unavailable,NoWallUnderCrosshair,,,,"only 0 valid depth samples under crosshair (0 no-data, 37 out-of-range, 404 low-confidence)",0,,,None,Unavailable,NoWallInView,,,,-0.459864229,1.22074831,0.00654954463,0.1287468,-0.019399533,0.0228993017,0.9912233,0,0,0,0,0,0,267639.129395475,267639.129395475,0.035126458999002352
9.35738140583164,aece4ecd,SessionTracking,Tracking,30.0568619,29.92457,1,0.028317760006757453,0.9652778,1.75520837,1,160x90 DepthUint16,"centre=2679 min=575 max=35625 hex=1C45 1972 0A77 18B5 0D56","centre=1856 min=898 max=2195 hex=0744 0742 0740 073F 0728",0,0,0,,0,,,None,Unavailable,NoWallUnderCrosshair,,,,"only 0 valid depth samples under crosshair (0 no-data, 36 out-of-range, 405 low-confidence)",0,,,None,Unavailable,NoWallInView,,,,-0.467019439,1.219777,0.00561368465,0.128669247,-0.018765239,0.0228344817,0.991247058,0,0,0,0,0,0,267639.162722558,267639.162722558,0.028202031011460349
9.3893397398340515,aece4ecd,SessionTracking,Tracking,30.0585842,29.92457,1,0.03059187502367422,0.9645139,1.82291663,1,160x90 DepthUint16,"centre=2693 min=589 max=35794 hex=1A72 19BF 0A85 1D00 0E3C","centre=16738 min=2376 max=27460 hex=4251 41FF 4162 40AE 3BD8",0,0,0,,0,,,None,Unavailable,NoWallUnderCrosshair,,,,"only 0 valid depth samples under crosshair (0 no-data, 29 out-of-range, 412 low-confidence)",0,,,None,Unavailable,NoWallInView,,,,-0.4437078,1.23321056,-0.00437543541,0.128746912,-0.0185705721,0.0225946,0.9912461,0,0,0,0,0,0,267639.196059457,267639.196059457,0.030546146008418873
9.4332361458207945,aece4ecd,SessionTracking,Tracking,30.0571442,29.92457,1,0.043235155986621976,0.9660417,1.74868059,1,160x90 DepthUint16,"centre=2693 min=589 max=35304 hex=1921 19BF 0A85 1D00 0E3A","centre=16649 min=2455 max=27582 hex=41F7 41A7 4109 4043 3B7C",0,0,0,,0,,,None,Unavailable,NoWallUnderCrosshair,,,,"only 0 valid depth samples under crosshair (0 no-data, 29 out-of-range, 412 low-confidence)",0,,,None,Unavailable,NoWallInView,,,,-0.450136364,1.23253322,-0.005431086,0.128631,-0.0177917238,0.0224798042,0.9912781,0,0,0,0,0,0,267639.229386541,267639.229386541,0.043189218995394185
9.4619136458193882,aece4ecd,SessionTracking,Tracking,30.0582523,29.92457,1,0.028057135990820825,0.96652776,1.66020834,1,160x90 DepthUint16,"centre=2813 min=590 max=35042 hex=1656 19D6 0AFD 1CFF 0E3E","centre=17131 min=2623 max=27619 hex=43E2 4389 42EB 422A 3D53",0,0,0,,0,,,None,Unavailable,NoWallUnderCrosshair,,,,"only 0 valid depth samples under crosshair (0 no-data, 26 out-of-range, 415 low-confidence)",0,,,None,Unavailable,NoWallInView,,,,-0.456597626,1.23185945,-0.00666143,0.128039047,-0.01668589,0.0223400015,0.9913771,0,0,0,0,0,0,267639.262713624,267639.262713624,0.027998437988571823
9.4938644788333679,aece4ecd,SessionTracking,Tracking,30.0577068,29.92457,1,0.031309114012401551,0.969444454,1.73284721,1,160x90 DepthUint16,"centre=2798 min=601 max=34519 hex=132B 1A08 0AEE 2129 0CA2","centre=2372 min=1189 max=2460 hex=0945 0945 0944 0946 0931",0,0,0,,0,,,None,Unavailable,NoWallUnderCrosshair,,,,"only 0 valid depth samples under crosshair (0 no-data, 18 out-of-range, 423 low-confidence)",0,,,None,Unavailable,NoWallInView,,,,-0.439081073,1.24275708,-0.01418484,0.127563626,-0.0153682129,0.022240432,0.991461933,0,0,0,0,0,0,267639.296044494,267639.296044494,0.03125989600084722
9.5261885938223916,aece4ecd,SessionTracking,Tracking,30.05489,29.92457,1,0.031438072997843847,0.968472242,1.94923615,1,160x90 DepthUint16,"centre=3421 min=603 max=34805 hex=169C 19B8 0D5D 1F38 0BBD","centre=2443 min=1193 max=2518 hex=098B 098C 098B 098D 0979",0,0,0,,0,,,None,Unavailable,NoWallUnderCrosshair,,,,"only 0 valid depth samples under crosshair (0 no-data, 19 out-of-range, 422 low-confidence)",0,,,None,Unavailable,NoWallInView,,,,-0.4452688,1.24226773,-0.0154610947,0.1271546,-0.0127322432,0.02235332,0.991549253,0,0,0,0,0,0,267639.329371578,267639.329371578,0.031344635994173586
9.5597667188256512,aece4ecd,SessionTracking,Tracking,30.0580769,29.92457,1,0.032594271004199982,0.968680561,1.70645833,1,160x90 DepthUint16,"centre=3414 min=606 max=34389 hex=168F 192A 0D56 1EFE 0B55","centre=2412 min=1206 max=2502 hex=096D 096D 096C 096E 095A",0,0,0,,0,,,None,Unavailable,NoWallUnderCrosshair,,,,"only 0 valid depth samples under crosshair (0 no-data, 15 out-of-range, 426 low-confidence)",0,,,None,Unavailable,NoWallInView,,,,-0.451399326,1.24179959,-0.016733937,0.1270227,-0.0102576511,0.0222797412,0.9915965,0,0,0,0,0,0,267639.362698661,267639.362698661,0.03252760399482213
9.5923968748237,aece4ecd,SessionTracking,Tracking,30.0574131,29.92457,1,0.031973594013834372,0.969375,1.750625,1,160x90 DepthUint16,"centre=5057 min=616 max=33747 hex=1B33 16A0 13C1 1D70 096F","centre=17594 min=1568 max=25152 hex=4BB1 46F9 44BA 4314 3BD7",0,0,0,,0,,,None,Unavailable,NoWallUnderCrosshair,,,,"only 0 valid depth samples under crosshair (0 no-data, 10 out-of-range, 431 low-confidence)",0,,,None,Unavailable,NoWallInView,,,,-0.4216433,1.24555993,-0.025857836,0.1264232,-0.0080367215,0.0217347741,0.9917057,0,0,0,0,0,0,267639.396048387,267639.396048387,0.031923958013067022
9.6227818228060844,aece4ecd,SessionTracking,Tracking,30.0577641,29.92457,1,0.029705676977755502,0.968680561,1.693125,1,160x90 DepthUint16,"centre=5427 min=617 max=34235 hex=2206 1512 1533 168E 0AD1","centre=17298 min=1743 max=25391 hex=4B0C 45F1 4392 41F7 3B01",0,0,0,,0,,,None,Unavailable,NoWallUnderCrosshair,,,,"only 0 valid depth samples under crosshair (0 no-data, 7 out-of-range, 434 low-confidence)",0,,,None,Unavailable,NoWallInView,,,,-0.427036,1.24508071,-0.0273178443,0.126562819,-0.004024603,0.0218665022,0.9917094,0,0,0,0,0,0,267639.429375471,267639.429375471,0.029626353993080556
9.66045223880685,aece4ecd,SessionTracking,Tracking,30.0608063,29.92457,1,0.037031196989119053,0.968055546,1.58041668,1,160x90 DepthUint16,"centre=5140 min=621 max=34098 hex=243C 1368 1414 0C52 10D7","centre=15853 min=1845 max=24675 hex=4645 40A3 3DED 3C6C 363A",0,0,0,,0,,,None,Unavailable,NoWallUnderCrosshair,,,,"only 0 valid depth samples under crosshair (0 no-data, 5 out-of-range, 436 low-confidence)",0,,,None,Unavailable,NoWallInView,,,,-0.4325857,1.24460471,-0.0286280438,0.127500668,0.0010950492,0.0219821949,0.991594255,0,0,0,0,0,0,267639.462702554,267639.462702554,0.036959427001420408
9.6923117708054836,aece4ecd,SessionTracking,Tracking,30.0631065,29.92457,1,0.031211093999445438,0.9643056,1.58833337,1,160x90 DepthUint16,"centre=4634 min=649 max=34081 hex=27A5 1255 121A 0FA2 0FB9","centre=26864 min=4166 max=34756 hex=6DF7 6AD3 68F0 6719 5D0B",0,0,0,,0,,,None,Unavailable,NoWallUnderCrosshair,,,,"only 0 valid depth samples under crosshair (0 no-data, 12 out-of-range, 429 low-confidence)",0,,,None,Unavailable,NoWallInView,,,,-0.3957125,1.2646507,-0.0522567369,0.1281492,0.00683631841,0.0211375076,0.9915061,0,0,0,0,0,0,267639.49560036504,267639.49560036504,0.031157708988757804
9.723675416810531,aece4ecd,SessionTracking,Tracking,30.0583668,29.92457,1,0.030688437982462347,0.9643056,1.55347228,1,160x90 DepthUint16,"centre=4665 min=577 max=34167 hex=281B 11BB 1239 0FA4 0D3E","centre=26086 min=5185 max=35239 hex=6BB4 6855 65E6 63A2 5A35",0,0,0,,0,,,None,Unavailable,NoWallUnderCrosshair,,,,"only 0 valid depth samples under crosshair (0 no-data, 21 out-of-range, 420 low-confidence)",0,,,None,Unavailable,NoWallInView,,,,-0.399976671,1.26419675,-0.0543256775,0.127852976,0.0105448263,0.0205872077,0.9915234,0,0,0,0,0,0,267639.528927449,267639.528927449,0.030642656987765804
9.7564213538124225,aece4ecd,SessionTracking,Tracking,30.06019,29.92457,1,0.030924791994038969,0.9621528,1.66034722,1,160x90 DepthUint16,"centre=5085 min=577 max=34244 hex=2884 1102 13DD 1851 0C16","centre=24811 min=4649 max=34905 hex=66C6 6365 60EB 5EB3 55F0",0,0,0,,0,,,None,Unavailable,NoWallUnderCrosshair,,,,"only 0 valid depth samples under crosshair (0 no-data, 30 out-of-range, 411 low-confidence)",0,,,None,Unavailable,NoWallInView,,,,-0.4040972,1.26383185,-0.0565733872,0.127643451,0.0139199132,0.0202850122,0.991515,0,0,0,0,0,0,267639.562254532,267639.562254532,0.030837759986752644
9.79351041681259,aece4ecd,SessionTracking,Tracking,30.061388,29.92457,1,0.036449323000852019,0.9618056,1.64152777,1,160x90 DepthUint16,"centre=5733 min=676 max=34267 hex=2545 1064 1665 1C94 08AC","centre=23829 min=3720 max=29668 hex=6BF6 5FD1 5D15 5CD6 567A",0,0,0,,0,,,None,Unavailable,NoWallUnderCrosshair,,,,"only 0 valid depth samples under crosshair (0 no-data, 37 out-of-range, 404 low-confidence)",0,,,None,Unavailable,NoWallInView,,,,-0.3689107,1.2886045,-0.07221964,0.127577692,0.01602308,0.02002713,0.9914969,0,0,0,0,0,0,267639.595535081,267639.595535081,0.03640276100486517
9.8253481768177355,aece4ecd,SessionTracking,Tracking,30.05978,29.92457,1,0.030907343985745683,0.960347235,1.5866667,1,160x90 DepthUint16,"centre=5769 min=603 max=34281 hex=1F41 103E 1689 1CD7 08C6","centre=25997 min=5173 max=31650 hex=754D 688A 658D 64BC 5D7B",0,0,0,,0,,,None,Unavailable,NoWallUnderCrosshair,,,,"only 0 valid depth samples under crosshair (0 no-data, 49 out-of-range, 392 low-confidence)",0,,,None,Unavailable,NoWallInView,,,,-0.372018248,1.28875279,-0.074711,0.127834424,0.0184693132,0.0195745248,0.991430342,0,0,0,0,0,0,267639.62886216503,267639.62886216503,0.030804948008153588
9.8553043228155932,aece4ecd,SessionTracking,Tracking,30.0592384,29.92457,1,0.029219010990345851,0.9582639,1.64569449,1,160x90 DepthUint16,"centre=5896 min=601 max=34366 hex=181D 1030 1708 1AEB 0848","centre=24387 min=5293 max=30356 hex=7005 630E 5F43 5DC0 5717",0,0,0,,0,,,None,Unavailable,NoWallUnderCrosshair,,,,"only 0 valid depth samples under crosshair (0 no-data, 48 out-of-range, 393 low-confidence)",0,,,None,Unavailable,NoWallInView,,,,-0.374875933,1.28899574,-0.07724749,0.128478974,0.02073835,0.0186613817,0.9913198,0,0,0,0,0,0,267639.662189248,267639.662189248,0.029140052007278427
9.8971998958139213,aece4ecd,SessionTracking,Tracking,30.0609474,29.92457,1,0.041371667000930756,0.9607639,1.38541663,1,160x90 DepthUint16,"centre=6783 min=605 max=34166 hex=14CD 1091 1A7F 1627 075E","centre=13452 min=11192 max=46593 hex=3338 341A 348C 34F2 3B52",0,0,0,,0,,,None,Unavailable,NoWallUnderCrosshair,,,,"only 0 valid depth samples under crosshair (0 no-data, 62 out-of-range, 379 low-confidence)",0,,,None,Unavailable,NoWallInView,,,,-0.36411643,1.29355562,-0.08119317,0.129071042,0.02379401,0.0176745057,0.9911923,0,0,0,0,0,0,267639.694859277,267639.694859277,0.041324999998323619
9.9250756768149788,aece4ecd,SessionTracking,Tracking,30.06012,29.92457,1,0.026774063007906079,0.958402753,1.45840275,1,160x90 DepthUint16,"centre=6885 min=610 max=34114 hex=15BE 1099 1AE5 0BB7 075A","centre=13666 min=11414 max=47108 hex=33DA 34DA 3562 35E5 3C5B",0,0,0,,0,,,None,Unavailable,NoWallUnderCrosshair,,,,"only 0 valid depth samples under crosshair (0 no-data, 84 out-of-range, 357 low-confidence)",0,,,None,Unavailable,NoWallInView,,,,-0.366628617,1.29396176,-0.08389072,0.129575178,0.0278824586,0.01694584,0.99103266,0,0,0,0,0,0,267639.728186361,267639.728186361,0.026623073004884645
9.9557646868332288,aece4ecd,SessionTracking,Tracking,30.0597363,29.92457,1,0.02997239600517787,0.949166656,1.53513885,1,160x90 DepthUint16,"centre=6939 min=610 max=34135 hex=1F8E 142C 1B1B 074F 074B","centre=15975 min=11794 max=47504 hex=3D48 3E12 3E67 3E90 42B4",0,0,0,,0,,,None,Unavailable,NoWallUnderCrosshair,,,,"only 0 valid depth samples under crosshair (0 no-data, 106 out-of-range, 335 low-confidence)",0,,,None,Unavailable,NoWallInView,,,,-0.369225353,1.29445124,-0.0866903,0.130207926,0.03354592,0.0164127946,0.990783155,0,0,0,0,0,0,267639.761513444,267639.761513444,0.02953666599933058
9.9911348438170737,aece4ecd,SessionTracking,Tracking,30.0574074,30.0899887,1,0.034833646001061425,0.947847247,1.59090281,1,160x90 DepthUint16,"centre=6961 min=618 max=34113 hex=23BC 1B51 1B31 067E 08F6","centre=3702 min=2342 max=5733 hex=0E56 0E61 0E76 0E93 0EAF",0,0,0,,0,,,None,Unavailable,NoWallUnderCrosshair,,,,"only 0 valid depth samples under crosshair (0 no-data, 145 out-of-range, 296 low-confidence)",0,,,None,Unavailable,NoWallInView,,,,-0.3694579,1.29605532,-0.09150434,0.1300474,0.0400547422,0.0159395654,0.9905701,0,0,0,0,0,0,267639.794899974,267639.794899974,0.034789792000083253
10.026545728817675,aece4ecd,SessionTracking,Tracking,30.0602989,30.0899887,1,0.034873333002906293,0.93125,1.51791668,1,160x90 DepthUint16,"centre=6984 min=619 max=33939 hex=2570 1C84 1B48 0653 09CC","centre=3833 min=2505 max=5777 hex=0EE9 0EEC 0EF9 0F08 0F0C",0,0,0,,0,,,None,Unavailable,NoWallUnderCrosshair,,,,"only 0 valid depth samples under crosshair (0 no-data, 170 out-of-range, 271 low-confidence)",0,,,None,Unavailable,NoWallInView,,,,-0.371877372,1.29658067,-0.0951566,0.12876606,0.0471383855,0.01536575,0.9904349,0,0,0,0,0,0,267639.828227058,267639.828227058,0.034800313005689532
10.057681926816096,aece4ecd,SessionTracking,Tracking,30.0588341,30.0899887,1,0.03027473998372443,0.906527758,1.37340283,1,160x90 DepthUint16,"centre=7112 min=620 max=34402 hex=265F 1B56 1BC8 0666 096B","centre=3950 min=2294 max=5870 hex=0F54 0F58 0F6E 0F73 0F52",0,0,0,,0,,,None,Unavailable,NoWallUnderCrosshair,,,,"only 0 valid depth samples under crosshair (0 no-data, 209 out-of-range, 232 low-confidence)",0,,,None,Unavailable,NoWallInView,,,,-0.374718219,1.29715657,-0.0987805,0.128368661,0.05745204,0.0157101471,0.989936352,0,0,0,0,0,0,267639.86155414104,267639.86155414104,0.030186718999175355
10.089021457823785,aece4ecd,SessionTracking,Tracking,30.05533,30.0899887,1,0.030627760017523542,0.8707639,1.2094444,1,160x90 DepthUint16,"centre=7213 min=620 max=29495 hex=3F4F 206A 1C2D 0F96 099E","centre=1789 min=1135 max=1807 hex=070C 0706 06FD 06F3 06C0",0,0,0,,0,,,None,Unavailable,NoWallUnderCrosshair,,,,"only 0 valid depth samples under crosshair (0 no-data, 233 out-of-range, 208 low-confidence)",0,,,None,Unavailable,NoWallInView,,,,-0.3759231,1.2983731,-0.103060409,0.130111486,0.07098017,0.0167057812,0.988814354,0,0,0,0,0,0,267639.894915045,267639.894915045,0.030579792015487328
10.12570130181741,aece4ecd,SessionTracking,Tracking,30.05891,30.0899887,1,0.036142500001005828,0.83819443,1.15180552,1,160x90 DepthUint16,"centre=8802 min=618 max=31012 hex=3263 2030 2262 0615 0C35","centre=1822 min=1158 max=1854 hex=0732 0726 071E 0716 06E8",0,0,0,,0,,,None,Unavailable,NoWallUnderCrosshair,,,,"only 0 valid depth samples under crosshair (0 no-data, 254 out-of-range, 187 low-confidence)",0,,,None,Unavailable,NoWallInView,,,,-0.379042834,1.29886782,-0.1066221,0.131038263,0.0848914757,0.0173369963,0.9875839,0,0,0,0,0,0,267639.92824212904,267639.92824212904,0.036090364999836311
10.157275467818929,aece4ecd,SessionTracking,Tracking,30.0575523,30.0899887,1,0.030981093004811555,0.796597242,1.09784722,1,160x90 DepthUint16,"centre=9287 min=617 max=30067 hex=320E 2083 2447 05D1 0C70","centre=1672 min=897 max=1713 hex=0697 068D 0688 0680 0648",0,0,0,,0,,,None,Unavailable,NoWallUnderCrosshair,,,,"only 0 valid depth samples under crosshair (0 no-data, 294 out-of-range, 147 low-confidence)",0,,,None,Unavailable,NoWallInView,,,,-0.382370949,1.29926741,-0.110637791,0.130884528,0.101634063,0.0184645373,0.986001432,0,0,0,0,0,0,267639.961569212,267639.961569212,0.03091708300053142
10.190664530817978,aece4ecd,SessionTracking,Tracking,30.05807,30.0899887,1,0.032760155998403206,0.7359028,0.97430557,1,160x90 DepthUint16,"centre=10047 min=626 max=30430 hex=2083 2086 273F 0B4A 24B3","centre=1467 min=809 max=1518 hex=05BB 05BC 05BB 05B7 057B",0,0,0,,0,,,None,Unavailable,NoWallUnderCrosshair,,,,"only 0 valid depth samples under crosshair (33 no-data, 284 out-of-range, 124 low-confidence)",0,,,None,Unavailable,NoWallInView,,,,-0.3831098,1.301006,-0.115825206,0.128979027,0.122854114,0.02047351,0.9837948,0,0,0,0,0,0,267639.994950723,267639.994950723,0.032710052008042112
10.22511802081028,aece4ecd,SessionTracking,Tracking,30.0586853,30.0899887,1,0.033711511001456529,0.690486133,0.9373611,1,160x90 DepthUint16,"centre=8104 min=615 max=30714 hex=6922 2601 1FA8 1469 172D","centre=1540 min=828 max=1593 hex=0607 0605 0604 05FD 05AB",0,0,0,,0,,,None,Unavailable,NoWallUnderCrosshair,,,,"only 0 valid depth samples under crosshair (33 no-data, 289 out-of-range, 119 low-confidence)",0,,,None,Unavailable,NoWallInView,,,,-0.38581717,1.3013835,-0.121026404,0.126237437,0.140534028,0.021040203,0.9817696,0,0,0,0,0,0,267640.028277807,267640.028277807,0.033622864983044565
10.257908957805578,aece4ecd,SessionTracking,Tracking,30.0605564,30.0899887,1,0.031909791985526681,0.657916665,0.8617361,1,160x90 DepthUint16,"centre=8080 min=615 max=30891 hex=2D72 21B6 1F90 1556 1718","centre=1324 min=798 max=1367 hex=0531 052E 052C 0520 04E3",0,0,0,,0,,,None,Unavailable,NoWallUnderCrosshair,,,,"only 0 valid depth samples under crosshair (27 no-data, 296 out-of-range, 118 low-confidence)",0,,,None,Unavailable,NoWallInView,,,,-0.38712427,1.30202878,-0.126554728,0.124339454,0.153022036,0.0205237288,0.980154455,0,0,0,0,0,0,267640.06160489004,267640.06160489004,0.03182437497889623
10.290499113819189,aece4ecd,SessionTracking,Tracking,30.0581951,30.0899887,1,0.031766302010510117,0.64375,0.8995139,1,160x90 DepthUint16,"centre=16425 min=643 max=30979 hex=2DAE 216A 4029 07EF 097E","centre=1765 min=870 max=1800 hex=06EC 06E7 06E5 06CC 0658",0,0,0,,0,,,None,Unavailable,NoWallUnderCrosshair,,,,"only 0 valid depth samples under crosshair (14 no-data, 316 out-of-range, 111 low-confidence)",0,,,None,Unavailable,NoWallInView,,,,-0.359312236,1.3142761,-0.136838913,0.123720594,0.160111681,0.01857126,0.979138732,0,0,0,0,0,0,267640.09517915,267640.09517915,0.031700677005574107
10.324620363825327,aece4ecd,SessionTracking,Tracking,30.0584431,30.0899887,1,0.033297031011898071,0.62166667,0.9141667,1,160x90 DepthUint16,"centre=20445 min=643 max=31085 hex=2BAE 27B7 4FDD 0A33 18DF","centre=1284 min=814 max=1409 hex=04D7 04D9 0504 052F 0523",0,0,0,,0,,,None,Unavailable,NoWallUnderCrosshair,,,,"only 0 valid depth samples under crosshair (14 no-data, 338 out-of-range, 89 low-confidence)",0,,,None,Unavailable,NoWallInView,,,,-0.358867735,1.31521964,-0.142348349,0.123132676,0.169029742,0.01786524,0.977726,0,0,0,0,0,0,267640.12850623403,267640.12850623403,0.033204114006366581
10.358043853832735,aece4ecd,SessionTracking,Tracking,30.0577831,30.0899887,1,0.02902109400019981,0.596944451,0.850208342,1,160x90 DepthUint16,"centre=17400 min=644 max=31200 hex=54E0 492C 43F8 1577 11E8","centre=1452 min=792 max=1530 hex=0514 059C 05AC 05B9 0579",0,0,0,,0,,,None,Unavailable,NoWallUnderCrosshair,,,,"only 0 valid depth samples under crosshair (15 no-data, 376 out-of-range, 50 low-confidence)",0,,,None,Unavailable,NoWallInView,,,,-0.358751416,1.31616926,-0.147880733,0.122470208,0.179783776,0.0180500466,0.9758858,0,0,0,0,0,0,267640.161833317,267640.161833317,0.02891875000204891
10.390031874819053,aece4ecd,SessionTracking,Tracking,30.0540314,30.0899887,1,0.031394323013955727,0.5744445,0.854305565,1,160x90 DepthUint16,"centre=9997 min=641 max=31276 hex=4651 0000 270D 2469 0B41","centre=1509 min=848 max=1573 hex=05B3 05D2 05E5 05E8 05D6",0,0,0,,0,,,None,Unavailable,NoWallUnderCrosshair,,,,"only 0 valid depth samples under crosshair (28 no-data, 386 out-of-range, 27 low-confidence)",0,,,None,Unavailable,NoWallInView,,,,-0.336836576,1.31655085,-0.158163577,0.122582227,0.188879877,0.017380178,0.9741642,0,0,0,0,0,0,267640.19525321,267640.19525321,0.03134437499102205
10.422373592823371,aece4ecd,SessionTracking,Tracking,30.057478,30.0899887,1,0.031668750016251579,0.553958356,0.77673614,1,160x90 DepthUint16,"centre=10487 min=648 max=31342 hex=0000 0000 28F7 29DC 0C0E","centre=1387 min=813 max=1417 hex=055D 056C 056B 0563 054A",0,0,0,,0,,,None,Unavailable,NoWallUnderCrosshair,,,,"only 0 valid depth samples under crosshair (65 no-data, 367 out-of-range, 9 low-confidence)",0,,,None,Unavailable,NoWallInView,,,,-0.3354451,1.3178,-0.1639491,0.123327687,0.197914526,0.0170727074,0.972280145,0,0,0,0,0,0,267640.228580294,267640.228580294,0.0316207290161401
10.460936822811002,aece4ecd,SessionTracking,Tracking,30.0586357,30.0899887,1,0.037790989998029545,0.531180561,0.6813194,1,160x90 DepthUint16,"centre=13910 min=652 max=31409 hex=6401 3B0F 3656 345B 1982","centre=1728 min=854 max=1730 hex=06C0 06C2 06C0 06B9 0692",0,0,0,,0,,,None,Unavailable,NoWallUnderCrosshair,,,,"only 0 valid depth samples under crosshair (103 no-data, 338 out-of-range, 0 low-confidence)",0,,,None,Unavailable,NoWallInView,,,,-0.334137559,1.31883657,-0.16996783,0.122600749,0.207537383,0.0167075414,0.9703702,0,0,0,0,0,0,267640.261907377,267640.261907377,0.037713489989982918
10.493572967824386,aece4ecd,SessionTracking,Tracking,30.05816,30.0899887,1,0.031760000012582168,0.490347236,0.9348611,1,160x90 DepthUint16,"centre=18857 min=641 max=31464 hex=64C5 4ABF 49A9 36D4 0F93","centre=1972 min=908 max=2003 hex=07B9 07B9 07B4 07A6 0787",0,0,0,,0,,,None,Unavailable,NoWallUnderCrosshair,,,,"only 0 valid depth samples under crosshair (137 no-data, 304 out-of-range, 0 low-confidence)",0,,,None,Unavailable,NoWallInView,,,,-0.308493048,1.33762932,-0.1728641,0.121055931,0.217275709,0.0168751478,0.968427539,0,0,0,0,0,0,267640.29521708103,267640.29521708103,0.031709791015600786
10.524350363818323,aece4ecd,SessionTracking,Tracking,30.0583725,30.0899887,1,0.030137811991153285,0.47881943,0.8564583,1,160x90 DepthUint16,"centre=20469 min=723 max=31505 hex=65D4 35B3 4FF5 3AAD 1162","centre=1944 min=996 max=1960 hex=079A 079B 0798 078C 0771",0,0,0,,0,,,None,Unavailable,NoWallUnderCrosshair,,,,"only 0 valid depth samples under crosshair (158 no-data, 283 out-of-range, 0 low-confidence)",0,,,None,Unavailable,NoWallInView,,,,-0.306195647,1.33921182,-0.179665118,0.119715281,0.224737763,0.0163466036,0.966899157,0,0,0,0,0,0,267640.328544165,267640.328544165,0.030088541010627523
10.55518968682629,aece4ecd,SessionTracking,Tracking,30.0613747,30.0899887,1,0.030132448009680957,0.469791681,0.859861135,1,160x90 DepthUint16,"centre=20537 min=729 max=31524 hex=0000 348B 5039 397D 1013","centre=1997 min=1055 max=2025 hex=07D2 07D3 07CD 07C1 07AC",0,0,0,,0,,,None,Unavailable,NoWallUnderCrosshair,,,,"only 0 valid depth samples under crosshair (188 no-data, 253 out-of-range, 0 low-confidence)",0,,,None,Unavailable,NoWallInView,,,,-0.303374171,1.34101462,-0.186676025,0.119787984,0.229938924,0.0156234205,0.965678453,0,0,0,0,0,0,267640.361871248,267640.361871248,0.030079896008828655
10.588299061810924,aece4ecd,SessionTracking,Tracking,30.0584946,30.0899887,1,0.03242150999722071,0.465902776,0.8433333,1,160x90 DepthUint16,"centre=18978 min=1436 max=31513 hex=0000 0000 4A22 339A 0A76","centre=2381 min=1322 max=2425 hex=094F 0951 094D 0948 0947",0,0,0,,0,,,None,Unavailable,NoWallUnderCrosshair,,,,"only 0 valid depth samples under crosshair (191 no-data, 238 out-of-range, 12 low-confidence)",0,,,None,Unavailable,NoWallInView,,,,-0.253254861,1.34931743,-0.185148776,0.119716778,0.235209629,0.0150339035,0.964426458,0,0,0,0,0,0,267640.39514184505,267640.39514184505,0.032374531001551077
10.622189582819212,aece4ecd,SessionTracking,Tracking,30.0593834,30.0899887,1,0.033378280990291387,0.455,0.7808333,1,160x90 DepthUint16,"centre=18108 min=1433 max=31537 hex=0000 0000 46BC 2EFF 0ACA","centre=2355 min=1345 max=2458 hex=0939 0938 0933 0931 0942",0,0,0,,0,,,None,Unavailable,NoWallUnderCrosshair,,,,"only 0 valid depth samples under crosshair (202 no-data, 216 out-of-range, 23 low-confidence)",0,,,None,Unavailable,NoWallInView,,,,-0.24962467,1.35097241,-0.192503646,0.118112281,0.241022065,0.0145072341,0.963196456,0,0,0,0,0,0,267640.428468929,267640.428468929,0.033333228988340124
10.657115467822971,aece4ecd,SessionTracking,Tracking,30.0612545,30.0899887,1,0.034330729016801342,0.442638874,0.765902758,1,160x90 DepthUint16,"centre=17267 min=1434 max=31556 hex=0000 0000 4373 2D12 0A95","centre=2384 min=2118 max=2451 hex=094D 0950 0950 0951 0961",0,0,0,,0,,,None,Unavailable,NoWallUnderCrosshair,,,,"only 0 valid depth samples under crosshair (213 no-data, 174 out-of-range, 54 low-confidence)",0,,,None,Unavailable,NoWallInView,,,,-0.246127248,1.35270739,-0.19999975,0.116965219,0.247915909,0.0147522995,0.961581647,0,0,0,0,0,0,267640.461796012,267640.461796012,0.034279323008377105
10.687569426808134,aece4ecd,SessionTracking,Tracking,30.059063,30.0899887,1,0.029759322991594672,0.800625,4.429236,1,160x90 DepthUint16,"centre=3641 min=1288 max=30276 hex=09EF 109D 0E39 0D68 137A","centre=3763 min=3418 max=3871 hex=0EBA 0EB7 0EB3 0EBE 0EA7",0,0,0,,0,,,None,Unavailable,NoWallUnderCrosshair,,,,"only 0 valid depth samples under crosshair (12 no-data, 16 out-of-range, 413 low-confidence)",0,,,None,Unavailable,NoWallInView,,,,-0.152415842,1.37884068,-0.206152856,0.117509425,0.2537769,0.0148665011,0.9599832,0,0,0,0,0,0,267640.49518179003,267640.49518179003,0.029707760986639187
10.723110311809089,aece4ecd,SessionTracking,Tracking,30.064436,30.0899887,1,0.0348878649820108,0.7963194,4.64291668,1,160x90 DepthUint16,"centre=3623 min=1307 max=30269 hex=0B99 0F2A 0E27 0D3E 1472","centre=3782 min=3414 max=3902 hex=0EC3 0EC2 0EC6 0EDB 0EC9",0,0,0,,0,,,None,Unavailable,NoWallUnderCrosshair,,,,"only 0 valid depth samples under crosshair (14 no-data, 16 out-of-range, 411 low-confidence)",0,,,None,Unavailable,NoWallInView,,,,-0.146753982,1.38075244,-0.2136268,0.117330119,0.26102832,0.0154113779,0.9580503,0,0,0,0,0,0,267640.528508874,267640.528508874,0.03484166698763147
10.756339842830878,aece4ecd,SessionTracking,Tracking,30.0624828,30.0899887,1,0.032650467997882515,0.789652765,4.84180546,1,160x90 DepthUint16,"centre=5118 min=1469 max=25765 hex=0E7B 1173 13FE 0F06 11B3","centre=3781 min=3440 max=3915 hex=0EBC 0EBE 0EC5 0EDF 0EC6",0,0,0,,0,,,None,Unavailable,NoWallUnderCrosshair,,,,"only 0 valid depth samples under crosshair (25 no-data, 8 out-of-range, 408 low-confidence)",0,,,None,Unavailable,NoWallInView,,,,-0.141229808,1.38250387,-0.221160412,0.117529392,0.269719839,0.0163323283,0.955599964,0,0,0,0,0,0,267640.561835957,267640.561835957,0.03253135402337648
10.801750780809764,aece4ecd,SessionTracking,Tracking,30.0581532,30.0899887,1,0.044873853999888524,0.84152776,4.659375,1,160x90 DepthUint16,"centre=4026 min=560 max=24305 hex=13F9 0F83 0FBA 1E0E 1CF0","centre=3138 min=2273 max=3443 hex=0C11 0C25 0C42 0BC3 0AC2",0,0,0,,0,,,None,Unavailable,NoWallUnderCrosshair,,,,"only 0 valid depth samples under crosshair (12 no-data, 2 out-of-range, 427 low-confidence)",0,,,None,Unavailable,NoWallInView,,,,-0.06891772,1.4126792,-0.248596966,0.119580843,0.278815985,0.0171341915,0.9527164,0,0,0,0,0,0,267640.594384233,267640.594384233,0.044830261002061889
10.825921926820977,aece4ecd,SessionTracking,Tracking,30.06338,30.0899887,1,0.023478073009755462,0.8304167,4.552778,1,160x90 DepthUint16,"centre=6786 min=568 max=24445 hex=0FE0 0F14 1A82 1A01 12E1","centre=3035 min=2261 max=3445 hex=0B9F 0BAB 0BDB 0BB2 0AD9",0,0,0,,0,,,None,Unavailable,NoWallUnderCrosshair,,,,"only 0 valid depth samples under crosshair (11 no-data, 1 out-of-range, 429 low-confidence)",0,,,None,Unavailable,NoWallInView,,,,-0.0618778542,1.41442,-0.2565398,0.120225757,0.286340773,0.0180437285,0.9503837,0,0,0,0,0,0,267640.62771131704,267640.62771131704,0.023397812998155132
10.857113071832666,aece4ecd,SessionTracking,Tracking,30.06356,30.0899887,1,0.030641927005490288,0.8182639,4.54208326,1,160x90 DepthUint16,"centre=6518 min=569 max=24538 hex=0EA5 10CC 1976 1258 0000","centre=3157 min=2318 max=3544 hex=0C38 0C4B 0C55 0C1F 0B3E",0,0,0,,0,,,None,Unavailable,NoWallUnderCrosshair,,,,"only 0 valid depth samples under crosshair (12 no-data, 4 out-of-range, 425 low-confidence)",0,,,None,Unavailable,NoWallInView,,,,-0.05440356,1.4160192,-0.264930159,0.120097041,0.292103648,0.0182781518,0.9486401,0,0,0,0,0,0,267640.6610384,267640.6610384,0.030598541023209691
10.888947811820637,aece4ecd,SessionTracking,Tracking,30.0621128,30.0899887,1,0.031299115013098344,0.8559028,3.68944454,1,160x90 DepthUint16,"centre=6333 min=1283 max=26061 hex=17DF 18FA 18BD 0FEF 0000","centre=3173 min=3004 max=3464 hex=0D71 0D53 0C65 0C13 0BD9",0,0,0,,0,,,None,Unavailable,NoWallUnderCrosshair,,,,"only 0 valid depth samples under crosshair (0 no-data, 129 out-of-range, 312 low-confidence)",0,,,None,Unavailable,NoWallInView,,,,0.00382773951,1.44969559,-0.266145229,0.121275008,0.295631945,0.0171575565,0.947417438,0,0,0,0,0,0,267640.694095159,267640.694095159,0.031244062993209809
10.920579582830053,aece4ecd,SessionTracking,Tracking,30.0604725,30.0899887,1,0.030694531014887616,0.848125,3.77701378,1,160x90 DepthUint16,"centre=4188 min=530 max=26132 hex=1E4F 3678 105C 0F78 0000","centre=3561 min=2783 max=3787 hex=0E2D 0DFE 0DE9 0D86 0D01",0,0,0,,0,,,None,Unavailable,NoWallUnderCrosshair,,,,"only 0 valid depth samples under crosshair (1 no-data, 112 out-of-range, 328 low-confidence)",0,,,None,Unavailable,NoWallInView,,,,0.0125666074,1.45161533,-0.274240077,0.121615358,0.30048582,0.0179246385,0.945831239,0,0,0,0,0,0,267640.72742224304,267640.72742224304,0.030648437998024747
10.957995780829899,aece4ecd,SessionTracking,Tracking,30.06158,30.0899887,1,0.036869167000986636,0.8406944,3.806736,1,160x90 DepthUint16,"centre=3930 min=699 max=26114 hex=1421 34E7 0F5A 0F27 0000","centre=3461 min=2727 max=3666 hex=0E39 0DC9 0D85 0D2A 0CBF",0,0,0,,0,,,None,Unavailable,NoWallUnderCrosshair,,,,"only 0 valid depth samples under crosshair (1 no-data, 107 out-of-range, 333 low-confidence)",0,,,None,Unavailable,NoWallInView,,,,0.0214599445,1.453552,-0.282544851,0.121855274,0.304680139,0.0189562459,0.9444374,0,0,0,0,0,0,267640.76074932603,267640.76074932603,0.036826407012995332
10.990041040814342,aece4ecd,SessionTracking,Tracking,30.06107,30.0899887,1,0.031243801990058273,0.9106944,3.92104173,1,160x90 DepthUint16,"centre=8345 min=656 max=25121 hex=2624 239D 2099 18E4 1E78","centre=5704 min=3478 max=6649 hex=156A 14FE 1648 1736 165A",0,0,0,,0,,,None,Unavailable,NoWallUnderCrosshair,,,,"only 0 valid depth samples under crosshair (0 no-data, 199 out-of-range, 242 low-confidence)",0,,,None,Unavailable,NoWallInView,,,,0.05998286,1.4741466,-0.297073483,0.123477623,0.306385815,0.0187149048,0.9436794,0,0,0,0,0,0,267640.794968407,267640.794968407,0.031198646000120789
11.027281457819138,aece4ecd,SessionTracking,Tracking,30.0609074,29.9185467,1,0.036603124986868352,0.9065972,3.90465283,1,160x90 DepthUint16,"centre=7997 min=748 max=25076 hex=25A8 20C9 1F3D 1121 1DBF","centre=5385 min=3442 max=6655 hex=1591 13DA 1509 1558 1456",0,0,0,,0,,,None,Unavailable,NoWallUnderCrosshair,,,,"only 0 valid depth samples under crosshair (0 no-data, 182 out-of-range, 259 low-confidence)",0,,,None,Unavailable,NoWallInView,,,,0.06954509,1.47633624,-0.3055578,0.123890251,0.3093495,0.0195062459,0.942641854,0,0,0,0,0,0,267640.828295491,267640.828295491,0.03655598999466747
11.058176405814104,aece4ecd,SessionTracking,Tracking,30.0613689,29.9185467,1,0.030124687997158617,0.90284723,4.40694427,1,160x90 DepthUint16,"centre=6268 min=1052 max=24993 hex=2078 2102 187C 1008 1F8F","centre=5869 min=3566 max=6754 hex=15D7 1525 16ED 1888 1809",0,0,0,,0,,,None,Unavailable,NoWallUnderCrosshair,,,,"only 0 valid depth samples under crosshair (1 no-data, 171 out-of-range, 269 low-confidence)",0,,,None,Unavailable,NoWallInView,,,,0.07890442,1.478471,-0.314366043,0.123446256,0.3138326,0.020544827,0.941195,0,0,0,0,0,0,267640.86162257404,267640.86162257404,0.030057291995035484
11.089473800819926,aece4ecd,SessionTracking,Tracking,30.0598984,29.9185467,1,0.030400571995414793,0.93375,6.03840256,1,160x90 DepthUint16,"centre=7074 min=2671 max=22948 hex=2272 1C68 1BA2 1DC1 195D","centre=5537 min=4218 max=8113 hex=15F9 14BD 15A1 1654 16FE",0,0,0,,0,,,None,Unavailable,NoWallUnderCrosshair,,,,"only 0 valid depth samples under crosshair (0 no-data, 14 out-of-range, 427 low-confidence)",0,,,None,Unavailable,NoWallInView,,,,0.0985002145,1.48989475,-0.317861617,0.1232047,0.316589624,0.01959044,0.9403233,0,0,0,0,0,0,267640.895359869,267640.895359869,0.03035260399337858
11.120870988814952,aece4ecd,SessionTracking,Tracking,30.0607014,29.9185467,1,0.03087333298753947,0.93409723,6.28930569,1,160x90 DepthUint16,"centre=6732 min=2664 max=24933 hex=2101 1BEE 1A4C 1B55 1AE6","centre=5396 min=4257 max=7994 hex=1353 1357 1514 1692 174E",0,0,0,,0,,,None,Unavailable,NoWallUnderCrosshair,,,,"only 0 valid depth samples under crosshair (0 no-data, 6 out-of-range, 435 low-confidence)",0,,,None,Unavailable,NoWallInView,,,,0.10871195,1.492034,-0.326862454,0.122107342,0.317609727,0.0194676518,0.9401249,0,0,0,0,0,0,267640.92868695303,267640.92868695303,0.030828490009298548
11.158204425823735,aece4ecd,SessionTracking,Tracking,30.0589619,29.9185467,1,0.036818541004322469,0.932222247,5.840833,1,160x90 DepthUint16,"centre=6420 min=2670 max=24944 hex=1F0D 1B8C 1914 19AB 1AE6","centre=5338 min=4303 max=7989 hex=1497 13B0 14DA 15E9 16C6",0,0,0,,0,,,None,Unavailable,NoWallUnderCrosshair,,,,"only 0 valid depth samples under crosshair (0 no-data, 6 out-of-range, 435 low-confidence)",0,,,None,Unavailable,NoWallInView,,,,0.119250841,1.49421215,-0.33590427,0.121997096,0.3185431,0.0196267385,0.9398201,0,0,0,0,0,0,267640.962014036,267640.962014036,0.036774895008420572
11.189743280817149,aece4ecd,SessionTracking,Tracking,30.060894,29.9185467,1,0.030810677009867504,0.9465972,7.66506958,1,160x90 DepthUint16,"centre=6667 min=750 max=22734 hex=210D 1B8D 1A0B 1B87 1CB2","centre=7134 min=5500 max=10179 hex=2045 1E9C 1BDE 1A96 1A24",0,0,0,,0,,,None,Unavailable,NoWallUnderCrosshair,,,,"only 0 valid depth samples under crosshair (0 no-data, 2 out-of-range, 439 low-confidence)",0,,,None,Unavailable,NoWallInView,,,,0.129146159,1.49844241,-0.343123972,0.121704325,0.321413845,0.02021462,0.938867748,0,0,0,0,0,0,267640.995221228,267640.995221228,0.030756407009903342
11.221449530827906,aece4ecd,SessionTracking,Tracking,30.0602875,29.9185467,1,0.031035104999318719,0.94534725,9.165417,1,160x90 DepthUint16,"centre=6935 min=909 max=23978 hex=2031 1C8A 1B17 194B 20BB","centre=7544 min=5646 max=12892 hex=238F 2180 1D78 1B07 19F3",0,0,0,,0,,,None,Unavailable,NoWallUnderCrosshair,,,,"only 0 valid depth samples under crosshair (0 no-data, 2 out-of-range, 439 low-confidence)",0,,,None,Unavailable,NoWallInView,,,,0.139804155,1.500566,-0.3527537,0.120310478,0.322634369,0.0205757041,0.938620865,0,0,0,0,0,0,267641.028548312,267641.028548312,0.030986249999841675
11.259198488812055,aece4ecd,SessionTracking,Tracking,30.06078,29.9185467,1,0.037080365000292659,0.946319461,9.462986,1,160x90 DepthUint16,"centre=6912 min=1060 max=23101 hex=1FFC 1C6B 1B00 1900 20BF","centre=7267 min=5645 max=10834 hex=2220 2025 1C63 1A8A 19ED",0,0,0,,0,,,None,Unavailable,NoWallUnderCrosshair,,,,"only 0 valid depth samples under crosshair (0 no-data, 1 out-of-range, 440 low-confidence)",0,,,None,Unavailable,NoWallInView,,,,0.151277244,1.50278831,-0.362682164,0.119603612,0.321124822,0.0198295135,0.939244747,0,0,0,0,0,0,267641.061875395,267641.061875395,0.037019896000856534
11.292712759807566,aece4ecd,SessionTracking,Tracking,30.0620079,29.9185467,1,0.032869531976757571,0.9575694,9.342014,1,160x90 DepthUint16,"centre=6593 min=2886 max=20647 hex=1E68 1B18 19C1 1A28 1411","centre=6497 min=6154 max=7449 hex=1B64 1C49 1961 1865 18B6",0,0,0,,0,,,None,Unavailable,NoWallUnderCrosshair,,,,"only 0 valid depth samples under crosshair (0 no-data, 0 out-of-range, 441 low-confidence)",0,,,None,Unavailable,NoWallInView,,,,0.162526548,1.50956559,-0.372063667,0.120806649,0.319646835,0.0194253027,0.9396033,0,0,0,0,0,0,267641.094495379,267641.094495379,0.0328234379994683
11.323748852823721,aece4ecd,SessionTracking,Tracking,30.0662746,29.9185467,1,0.030383125005755574,0.958194435,12.2391663,1,160x90 DepthUint16,"centre=6694 min=2217 max=20149 hex=1E06 1B5B 1A26 1AC1 12FB","centre=6530 min=6191 max=7293 hex=1AE9 1B7A 1982 1898 1931",0,0,0,,0,,,None,Unavailable,NoWallUnderCrosshair,,,,"only 0 valid depth samples under crosshair (0 no-data, 0 out-of-range, 441 low-confidence)",0,,,None,Unavailable,NoWallInView,,,,0.1745667,1.51175022,-0.381898165,0.121416517,0.315833122,0.01856968,0.9408308,0,0,0,0,0,0,267641.127822463,267641.127822463,0.030337342992424965
11.354466509829601,aece4ecd,SessionTracking,Tracking,30.0617657,29.9185467,1,0.030171302001690492,0.9611111,11.3830557,1,160x90 DepthUint16,"centre=6503 min=1930 max=19687 hex=1E42 1AA6 1967 186F 13C3","centre=6528 min=6294 max=7368 hex=1B06 1A6C 1980 191A 1A1F",0,0,0,,0,,,None,Unavailable,NoWallUnderCrosshair,,,,"only 0 valid depth samples under crosshair (0 no-data, 0 out-of-range, 441 low-confidence)",0,,,None,Unavailable,NoWallInView,,,,0.18752417,1.51399255,-0.3922312,0.122434504,0.30774796,0.01698661,0.943404734,0,0,0,0,0,0,267641.16114954604,267641.16114954604,0.030110886000329629
11.393336144827865,aece4ecd,SessionTracking,Tracking,30.0697536,29.9185467,1,0.038354375021299347,0.9685417,14.3076391,1,160x90 DepthUint16,"centre=6872 min=870 max=39199 hex=1DBB 1A44 1AD8 1A01 14D0","centre=6471 min=6008 max=6834 hex=17FF 18B8 1947 187F 1886",0,0,0,,0,,,None,Unavailable,NoWallUnderCrosshair,,,,"only 0 valid depth samples under crosshair (0 no-data, 0 out-of-range, 441 low-confidence)",0,,,None,Unavailable,NoWallInView,,,,0.192442939,1.51288772,-0.3971631,0.123924226,0.29640168,0.0156915486,0.94685936,0,0,0,0,0,0,267641.19488437,267641.19488437,0.0383106250083074
11.428728696830897,aece4ecd,SessionTracking,Tracking,30.0634422,29.9185467,1,0.034607031004270539,0.9691667,14.0304165,1,160x90 DepthUint16,"centre=7221 min=1429 max=38928 hex=1CF3 1BD0 1C35 1518 17BD","centre=6488 min=6014 max=6879 hex=184E 18D9 1958 1896 18B2",0,0,0,,0,,,None,Unavailable,NoWallUnderCrosshair,,,,"only 0 valid depth samples under crosshair (0 no-data, 0 out-of-range, 441 low-confidence)",0,,,None,Unavailable,NoWallInView,,,,0.205934525,1.5150001,-0.407954544,0.125192672,0.286221623,0.0141946375,0.9498434,0,0,0,0,0,0,267641.228211454,267641.228211454,0.034528021002188325
11.459633800811227,aece4ecd,SessionTracking,Tracking,30.0611057,29.9185467,1,0.0299542709835805,0.970416665,14.0331945,1,160x90 DepthUint16,"centre=6872 min=1326 max=18255 hex=1E99 1950 1AD8 1A9B 1778","centre=6467 min=5956 max=7008 hex=183A 18C8 1943 189E 187C",0,0,0,,0,,,None,Unavailable,NoWallUnderCrosshair,,,,"only 0 valid depth samples under crosshair (0 no-data, 0 out-of-range, 441 low-confidence)",0,,,None,Unavailable,NoWallInView,,,,0.21984376,1.51723909,-0.419061363,0.127062708,0.274382055,0.0125924945,0.953106,0,0,0,0,0,0,267641.26153853704,267641.26153853704,0.029841718001989648
11.492968019824568,aece4ecd,SessionTracking,Tracking,30.0620785,29.9185467,1,0.032596875011222437,0.971180558,12.0372915,1,160x90 DepthUint16,"centre=6111 min=1378 max=18472 hex=1A19 1A6B 17DF 1AD7 181B","centre=6635 min=6131 max=9341 hex=1A99 1A2F 19EB 1970 192B",0,0,0,,0,,,None,Unavailable,NoWallUnderCrosshair,,,,"only 0 valid depth samples under crosshair (0 no-data, 6 out-of-range, 435 low-confidence)",0,,,None,Unavailable,NoWallInView,,,,0.224812254,1.51707959,-0.424843431,0.129379049,0.2597604,0.009365202,0.9569211,0,0,0,0,0,0,267641.293330199,267641.293330199,0.03254666700377129
11.52463744682502,aece4ecd,SessionTracking,Tracking,30.06217,29.9185467,1,0.03086317700217478,0.9600694,12.2309027,1,160x90 DepthUint16,"centre=6798 min=1458 max=25725 hex=1A7F 1C02 1A8E 1AA2 19DB","centre=6692 min=6158 max=9275 hex=1AA4 1A4D 1A24 1A1D 19E6",0,0,0,,0,,,None,Unavailable,NoWallUnderCrosshair,,,,"only 0 valid depth samples under crosshair (0 no-data, 7 out-of-range, 434 low-confidence)",0,,,None,Unavailable,NoWallInView,,,,0.239706516,1.51920366,-0.43643254,0.130270526,0.245556,0.00669452641,0.960566044,0,0,0,0,0,0,267641.326657283,267641.326657283,0.030771823017857969
11.555551248805225,aece4ecd,SessionTracking,Tracking,30.06181,29.9185467,1,0.030184218980139121,0.935486138,11.4639587,1,160x90 DepthUint16,"centre=7102 min=1663 max=38152 hex=1C6E 19E3 1BBE 198B 1987","centre=6617 min=6103 max=8700 hex=1A05 19DF 19D9 19ED 19D0",0,0,0,,0,,,None,Unavailable,NoWallUnderCrosshair,,,,"only 0 valid depth samples under crosshair (0 no-data, 10 out-of-range, 431 low-confidence)",0,,,None,Unavailable,NoWallInView,,,,0.25426954,1.52120006,-0.448022842,0.130900845,0.233518019,0.00467270659,0.9634898,0,0,0,0,0,0,267641.359984366,267641.359984366,0.030129895982099697
11.58657270783335,aece4ecd,SessionTracking,Tracking,30.0620289,29.9185467,1,0.03003849001834169,0.9170833,11.5802088,1,160x90 DepthUint16,"centre=6952 min=1449 max=38436 hex=1AD2 1B69 1B28 19D3 19BF","centre=6860 min=6427 max=7522 hex=1A37 1A5F 1ACC 1B2B 1B17",0,0,0,,0,,,None,Unavailable,NoWallUnderCrosshair,,,,"only 0 valid depth samples under crosshair (0 no-data, 45 out-of-range, 396 low-confidence)",0,,,None,Unavailable,NoWallInView,,,,0.265722,1.5220865,-0.4544957,0.13239044,0.224151075,0.00324061513,0.96551466,0,0,0,0,0,0,267641.393269854,267641.393269854,0.029991094022989273
11.618478644812805,aece4ecd,SessionTracking,Tracking,30.0612545,29.9185467,1,0.031104947993298993,0.900208354,10.7071524,1,160x90 DepthUint16,"centre=7274 min=1552 max=38673 hex=17B0 1B70 1C6A 1CB5 1950","centre=6738 min=6282 max=7555 hex=1A08 1A15 1A52 1A80 1A48",0,0,0,,0,,,None,Unavailable,NoWallUnderCrosshair,,,,"only 0 valid depth samples under crosshair (0 no-data, 34 out-of-range, 407 low-confidence)",0,,,None,Unavailable,NoWallInView,,,,0.2797465,1.52399421,-0.465719581,0.133331537,0.216240644,0.003321886,0.9671875,0,0,0,0,0,0,267641.426596938,267641.426596938,0.030961979005951434
11.654438592812605,aece4ecd,SessionTracking,Tracking,30.0615463,29.9185467,1,0.034839792002458125,0.8842361,10.6788893,1,160x90 DepthUint16,"centre=7517 min=2439 max=38905 hex=17F8 19AD 1D5D 1C91 1889","centre=6743 min=6218 max=7698 hex=1A0C 1A20 1A57 1A7D 1A5D",0,0,0,,0,,,None,Unavailable,NoWallUnderCrosshair,,,,"only 0 valid depth samples under crosshair (0 no-data, 26 out-of-range, 415 low-confidence)",0,,,None,Unavailable,NoWallInView,,,,0.293963075,1.52595127,-0.47723645,0.133795381,0.20846644,0.00323289656,0.9688293,0,0,0,0,0,0,267641.45992402104,267641.45992402104,0.034585051995236427
11.686244998824643,aece4ecd,SessionTracking,Tracking,30.0577774,29.9185467,1,0.030744531017262489,0.868680537,10.5532637,1,160x90 DepthUint16,"centre=6644 min=1752 max=39152 hex=188C 1911 19F4 1ADB 1887","centre=7038 min=6541 max=8384 hex=1AA1 1ADC 1B7E 1BF9 1BAA",0,0,0,,0,,,None,Unavailable,NoWallUnderCrosshair,,,,"only 0 valid depth samples under crosshair (4 no-data, 2 out-of-range, 435 low-confidence)",0,,,None,Unavailable,NoWallInView,,,,0.3090289,1.52792168,-0.488843143,0.134098217,0.199977562,0.002677083,0.970576942,0,0,0,0,0,0,267641.49320881703,267641.49320881703,0.030693645996507257
11.719838019808615,aece4ecd,SessionTracking,Tracking,30.0618,29.9185467,1,0.032987812999635935,0.852152765,10.2182636,1,160x90 DepthUint16,"centre=6413 min=1760 max=39351 hex=1918 197D 190D 1A74 188F","centre=6969 min=6404 max=8349 hex=1A81 1AA7 1B39 1BC1 1BBF",0,0,0,,0,,,None,Unavailable,NoWallUnderCrosshair,,,,"only 0 valid depth samples under crosshair (0 no-data, 0 out-of-range, 441 low-confidence)",0,,,None,Unavailable,NoWallInView,,,,0.323644638,1.529954,-0.500804842,0.134160042,0.192991018,0.0023471117,0.971982539,0,0,0,0,0,0,267641.526535901,267641.526535901,0.032930728979408741
11.759665363816405,aece4ecd,SessionTracking,Tracking,30.0581341,29.9185467,1,0.03914343798533082,0.839444458,9.49125,1,160x90 DepthUint16,"centre=6280 min=2494 max=39554 hex=18D8 19AB 1888 1AB6 188D","centre=6915 min=6402 max=8497 hex=1AA5 1AB4 1B03 1B55 1B5A",0,0,0,,0,,,None,Unavailable,NoWallUnderCrosshair,,,,"only 0 valid depth samples under crosshair (0 no-data, 0 out-of-range, 441 low-confidence)",0,,,None,Unavailable,NoWallInView,,,,0.338669777,1.53206968,-0.5130995,0.134096161,0.185642138,0.001781881,0.9734229,0,0,0,0,0,0,267641.559862984,267641.559862984,0.039090156991733238
11.792299373830994,aece4ecd,SessionTracking,Tracking,30.0623627,29.9185467,1,0.031856823014095426,0.8144444,9.3075,1,160x90 DepthUint16,"centre=6542 min=2259 max=39786 hex=18AA 17EB 198E 203F 18BC","centre=6856 min=6262 max=8451 hex=1A89 1A95 1AC8 1AFD 1B07",0,0,0,,0,,,None,Unavailable,NoWallUnderCrosshair,,,,"only 0 valid depth samples under crosshair (0 no-data, 0 out-of-range, 441 low-confidence)",0,,,None,Unavailable,NoWallInView,,,,0.3553771,1.53495216,-0.525597453,0.134504229,0.176516771,0.0006325841,0.9750641,0,0,0,0,0,0,267641.59318237903,267641.59318237903,0.031791718996828422
11.821835675828718,aece4ecd,SessionTracking,Tracking,30.0603962,29.9185467,1,0.028519062005216256,0.7979861,8.441042,1,160x90 DepthUint16,"centre=6526 min=2866 max=39996 hex=1A0D 171E 197E 20A9 213A","centre=6825 min=6213 max=8594 hex=1A94 1A84 1AA9 1AD7 1AE6",0,0,0,,0,,,None,Unavailable,NoWallUnderCrosshair,,,,"only 0 valid depth samples under crosshair (0 no-data, 0 out-of-range, 441 low-confidence)",0,,,None,Unavailable,NoWallInView,,,,0.371158957,1.53705776,-0.5383598,0.134072825,0.16842626,-0.000299870968,0.9765536,0,0,0,0,0,0,267641.626509463,267641.626509463,0.028449061996070668
11.855960050829546,aece4ecd,SessionTracking,Tracking,30.0617161,29.9185467,1,0.033614687010413036,0.776666641,8.569861,1,160x90 DepthUint16,"centre=5983 min=2892 max=31919 hex=19C4 1733 175F 1E1A 191A","centre=6879 min=6209 max=8657 hex=1B58 1AD1 1ADF 1AFC 1B16",0,0,0,,0,,,None,Unavailable,NoWallUnderCrosshair,,,,"only 0 valid depth samples under crosshair (0 no-data, 1 out-of-range, 440 low-confidence)",0,,,None,Unavailable,NoWallInView,,,,0.387307942,1.53904033,-0.5512484,0.133223668,0.15997304,-0.00131025922,0.978089154,0,0,0,0,0,0,267641.659836546,267641.659836546,0.033570155996130779
11.88846223882758,aece4ecd,SessionTracking,Tracking,30.0638733,29.9185467,1,0.031989375012926757,0.761319458,8.020139,1,160x90 DepthUint16,"centre=5945 min=2911 max=32053 hex=1774 1738 1739 1AD2 22B3","centre=6997 min=6161 max=8275 hex=1B81 1B49 1B55 1C31 1FBF",0,0,0,,0,,,None,Unavailable,NoWallUnderCrosshair,,,,"only 0 valid depth samples under crosshair (0 no-data, 19 out-of-range, 422 low-confidence)",0,,,None,Unavailable,NoWallInView,,,,0.403621525,1.5410887,-0.564046562,0.1338408,0.152212918,-0.00169932877,0.9792421,0,0,0,0,0,0,267641.693163825,267641.693163825,0.031939011008944362
11.921547290809778,aece4ecd,SessionTracking,Tracking,30.0615883,29.9185467,1,0.032406978978542611,0.7530556,7.79166651,1,160x90 DepthUint16,"centre=5909 min=2927 max=24038 hex=1727 181B 1715 1BE7 222E","centre=7076 min=6154 max=8519 hex=1CBF 1BC8 1BA4 1BC0 1FD3",0,0,0,,0,,,None,Unavailable,NoWallUnderCrosshair,,,,"only 0 valid depth samples under crosshair (0 no-data, 41 out-of-range, 400 low-confidence)",0,,,None,Unavailable,NoWallInView,,,,0.419633329,1.54311359,-0.5770122,0.134668812,0.146435931,-0.0009508134,0.9800102,0,0,0,0,0,0,267641.726490909,267641.726490909,0.032362447993364185
11.95654999880828,aece4ecd,SessionTracking,Tracking,30.062355,29.9185467,1,0.034224582981551066,0.743125,7.48055553,1,160x90 DepthUint16,"centre=5975 min=1446 max=32240 hex=16F4 1955 1757 1B41 2252","centre=7167 min=6136 max=8352 hex=1F3C 1CE2 1BFF 1BF4 1F94",0,0,0,,0,,,None,Unavailable,NoWallUnderCrosshair,,,,"only 0 valid depth samples under crosshair (0 no-data, 56 out-of-range, 385 low-confidence)",0,,,None,Unavailable,NoWallInView,,,,0.435804367,1.54490554,-0.5901467,0.134758189,0.140831068,-0.000106155887,0.9808195,0,0,0,0,0,0,267641.759817992,267641.759817992,0.034152343985624611
11.990956508815382,aece4ecd,SessionTracking,Tracking,30.06115,29.9185467,1,0.033443592983530834,0.7270833,6.93381929,1,160x90 DepthUint16,"centre=5835 min=1447 max=32371 hex=2AF5 0000 16CB 1C3B 2285","centre=7651 min=6204 max=8372 hex=1E83 1E71 1DE3 1DD9 203B",0,0,0,,0,,,None,Unavailable,NoWallUnderCrosshair,,,,"only 0 valid depth samples under crosshair (5 no-data, 100 out-of-range, 336 low-confidence)",0,,,None,Unavailable,NoWallInView,,,,0.452859938,1.5466336,-0.603476346,0.134979084,0.13251175,-3.576279E-06,0.9819477,0,0,0,0,0,0,267641.79314507503,267641.79314507503,0.033372707985108718
12.023231300815334,aece4ecd,SessionTracking,Tracking,30.0607662,29.9185467,1,0.031478802004130557,0.712847233,6.470278,1,160x90 DepthUint16,"centre=10402 min=1447 max=32509 hex=2622 29F7 28A2 236D 2115","centre=7801 min=6211 max=8538 hex=1E61 1E6A 1E79 1E69 1F8A",0,0,0,,0,,,None,Unavailable,NoWallUnderCrosshair,,,,"only 0 valid depth samples under crosshair (5 no-data, 130 out-of-range, 306 low-confidence)",0,,,None,Unavailable,NoWallInView,,,,0.4704344,1.54833722,-0.6170762,0.135250956,0.122996546,-0.000355213881,0.9831475,0,0,0,0,0,0,267641.826472159,267641.826472159,0.031413229007739574
12.064657602807367,aece4ecd,SessionTracking,Tracking,30.0605431,29.8830853,1,0.040659009973751381,0.7022222,6.405,1,160x90 DepthUint16,"centre=10395 min=1449 max=32617 hex=1D54 245C 289B 2028 231B","centre=7904 min=6278 max=9215 hex=1E5D 1E90 1EE0 1F1D 2002",0,0,0,,0,,,None,Unavailable,NoWallUnderCrosshair,,,,"only 0 valid depth samples under crosshair (5 no-data, 137 out-of-range, 299 low-confidence)",0,,,None,Unavailable,NoWallInView,,,,0.487867147,1.55006015,-0.630759656,0.135592312,0.11483743,-0.00012916328,0.984087,0,0,0,0,0,0,267641.859799242,267641.859799242,0.040610988973639905
12.094609998805774,aece4ecd,SessionTracking,Tracking,30.0616379,29.8830853,1,0.028934218978974968,0.692083359,5.832153,1,160x90 DepthUint16,"centre=9793 min=3031 max=28485 hex=1B44 19A5 2641 2146 23C0","centre=8174 min=6373 max=9755 hex=1F03 1F65 1FEE 20B5 21B9",0,0,0,,0,,,None,Unavailable,NoWallUnderCrosshair,,,,"only 0 valid depth samples under crosshair (26 no-data, 165 out-of-range, 250 low-confidence)",0,,,None,Unavailable,NoWallInView,,,,0.505125761,1.55183411,-0.644463658,0.136296108,0.108180724,0.0008356572,0.9847434,0,0,0,0,0,0,267641.89312624704,267641.89312624704,0.028830832976382226
12.126076300831139,aece4ecd,SessionTracking,Tracking,30.0612679,29.8830853,1,0.030847604008158669,0.6852083,5.743125,1,160x90 DepthUint16,"centre=9120 min=3046 max=28572 hex=1B38 1987 23A0 261A 1D30","centre=8255 min=6360 max=9365 hex=1F73 1FC0 203F 210F 21D3",0,0,0,,0,,,None,Unavailable,NoWallUnderCrosshair,,,,"only 0 valid depth samples under crosshair (16 no-data, 171 out-of-range, 254 low-confidence)",0,,,None,Unavailable,NoWallInView,,,,0.522438049,1.55372393,-0.65826875,0.137256831,0.102429964,0.002259791,0.9852226,0,0,0,0,0,0,267641.926453331,267641.926453331,0.030785625014686957
12.157479738815548,aece4ecd,SessionTracking,Tracking,30.0617027,29.8830853,1,0.030809688003500924,0.6786111,5.55972242,1,160x90 DepthUint16,"centre=9105 min=3065 max=28642 hex=1B60 199F 2391 2615 1D40","centre=8261 min=6307 max=8981 hex=1FB3 1FEC 2045 20FD 216D",0,0,0,,0,,,None,Unavailable,NoWallUnderCrosshair,,,,"only 0 valid depth samples under crosshair (16 no-data, 174 out-of-range, 251 low-confidence)",0,,,None,Unavailable,NoWallInView,,,,0.5400056,1.55568337,-0.672278166,0.138095513,0.09653093,0.00357046747,0.9856971,0,0,0,0,0,0,267641.959780414,267641.959780414,0.030735209002159536
12.189734842830896,aece4ecd,SessionTracking,Tracking,30.0614185,29.8830853,1,0.031187709013465792,0.648055553,4.997847,1,160x90 DepthUint16,"centre=8195 min=3082 max=28728 hex=1BBD 1AEB 2003 2698 1D5D","centre=8547 min=6747 max=12165 hex=206B 20CF 2163 2234 234B",0,0,0,,0,,,None,Unavailable,NoWallUnderCrosshair,,,,"only 0 valid depth samples under crosshair (22 no-data, 214 out-of-range, 205 low-confidence)",0,,,None,Unavailable,NoWallInView,,,,0.557909131,1.557713,-0.686483264,0.138912588,0.0903846249,0.00471922755,0.98616004,0,0,0,0,0,0,267641.993107497,267641.993107497,0.031134271004702896
12.223150519827707,aece4ecd,SessionTracking,Tracking,30.0616646,29.8830853,1,0.032918750017415732,0.6397222,4.8166666,1,160x90 DepthUint16,"centre=7799 min=3098 max=28761 hex=1BD9 1B6E 1E77 271F 1D65","centre=8525 min=6746 max=11756 hex=2051 20BC 214D 2213 22FA",0,0,0,,0,,,None,Unavailable,NoWallUnderCrosshair,,,,"only 0 valid depth samples under crosshair (19 no-data, 211 out-of-range, 211 low-confidence)",0,,,None,Unavailable,NoWallInView,,,,0.576158464,1.55987954,-0.7008728,0.140129775,0.0841354951,0.00570720434,0.9865355,0,0,0,0,0,0,267642.026434581,267642.026434581,0.032876615005079657
12.256830467812344,aece4ecd,SessionTracking,Tracking,30.062746,29.8830853,1,0.0330107290064916,0.6347917,4.76034737,1,160x90 DepthUint16,"centre=7582 min=3117 max=28759 hex=1B7D 1C81 1D9E 271F 1D89","centre=8588 min=6884 max=11806 hex=20B7 211A 218C 2240 2346",0,0,0,,0,,,None,Unavailable,NoWallUnderCrosshair,,,,"only 0 valid depth samples under crosshair (19 no-data, 218 out-of-range, 204 low-confidence)",0,,,None,Unavailable,NoWallInView,,,,0.5945125,1.56202447,-0.7157074,0.140256,0.07854135,0.006619544,0.986973047,0,0,0,0,0,0,267642.059761664,267642.059761664,0.032930312998360023
12.291974685823172,aece4ecd,SessionTracking,Tracking,30.0616741,29.8830853,1,0.034485989017412066,0.6259028,4.424861,1,160x90 DepthUint16,"centre=7656 min=3143 max=36041 hex=1766 1BAE 1DE8 1D9C 1DF3","centre=9051 min=7057 max=16270 hex=2297 22ED 235B 23FC 260D",0,0,0,,0,,,None,Unavailable,NoWallUnderCrosshair,,,,"only 0 valid depth samples under crosshair (19 no-data, 256 out-of-range, 166 low-confidence)",0,,,None,Unavailable,NoWallInView,,,,0.6131592,1.56412578,-0.7309833,0.139092281,0.0725443,0.00705573056,0.987593532,0,0,0,0,0,0,267642.093088747,267642.093088747,0.034426093014189973
12.322770831814362,aece4ecd,SessionTracking,Tracking,30.0616741,29.8830853,1,0.030043540988117456,0.6152083,4.3375,1,160x90 DepthUint16,"centre=7688 min=3168 max=35643 hex=15BC 1AE8 1E08 1BC3 1E6F","centre=9194 min=7060 max=16184 hex=2375 2390 23EA 247C 268A",0,0,0,,0,,,None,Unavailable,NoWallUnderCrosshair,,,,"only 0 valid depth samples under crosshair (20 no-data, 251 out-of-range, 170 low-confidence)",0,,,None,Unavailable,NoWallInView,,,,0.631970763,1.56628752,-0.746477246,0.1378963,0.06661917,0.00763073564,0.9881742,0,0,0,0,0,0,267642.12641583104,267642.12641583104,0.029978072998346761
12.354346665814612,aece4ecd,SessionTracking,Tracking,30.0617218,29.8830853,1,0.030915885989088565,0.602569461,4.182361,1,160x90 DepthUint16,"centre=7740 min=3193 max=39560 hex=1536 1A12 1E3C 1B69 1EEF","centre=9073 min=7063 max=16288 hex=2344 2335 2371 23EE 25AB",0,0,0,,0,,,None,Unavailable,NoWallUnderCrosshair,,,,"only 0 valid depth samples under crosshair (15 no-data, 236 out-of-range, 190 low-confidence)",0,,,None,Unavailable,NoWallInView,,,,0.651147246,1.56848609,-0.762158453,0.136854574,0.060235545,0.008224011,0.9887239,0,0,0,0,0,0,267642.159742914,267642.159742914,0.030839687999105081
12.388556665827148,aece4ecd,SessionTracking,Tracking,30.06188,29.8830853,1,0.033693698002025485,0.591944456,3.785972,1,160x90 DepthUint16,"centre=6960 min=3219 max=38243 hex=1356 1948 1B30 1B38 1F90","centre=9256 min=7195 max=20490 hex=23E1 23EC 2428 24D3 2908",0,0,0,,0,,,None,Unavailable,NoWallUnderCrosshair,,,,"only 0 valid depth samples under crosshair (31 no-data, 204 out-of-range, 206 low-confidence)",0,,,None,Unavailable,NoWallInView,,,,0.6705763,1.57066858,-0.777941346,0.13601993,0.0535032861,0.008901715,0.989220262,0,0,0,0,0,0,267642.193070027,267642.193070027,0.033645417017396539
12.429161977807619,aece4ecd,SessionTracking,Tracking,30.0621624,29.8830853,1,0.03975046897539869,0.582430542,3.74666667,1,160x90 DepthUint16,"centre=6978 min=3244 max=38284 hex=13E7 1719 1B42 1B59 210E","centre=9303 min=7222 max=20415 hex=240A 2429 2457 24EC 28C8",0,0,0,,0,,,None,Unavailable,NoWallUnderCrosshair,,,,"only 0 valid depth samples under crosshair (31 no-data, 182 out-of-range, 228 low-confidence)",0,,,None,Unavailable,NoWallInView,,,,0.690166056,1.5728029,-0.7937022,0.13526243,0.0470258445,0.009817184,0.9896445,0,0,0,0,0,0,267642.226397111,267642.226397111,0.039681926980847493
12.459824112824956,aece4ecd,SessionTracking,Tracking,30.0643272,29.8830853,1,0.029483385005732998,0.57375,3.70131946,1,160x90 DepthUint16,"centre=7280 min=3267 max=38304 hex=236F 1727 1C70 1CAB 2606","centre=9527 min=7477 max=21143 hex=24CF 24FB 2537 25CC 29E5",0,0,0,,0,,,None,Unavailable,NoWallUnderCrosshair,,,,"only 0 valid depth samples under crosshair (31 no-data, 161 out-of-range, 249 low-confidence)",0,,,None,Unavailable,NoWallInView,,,,0.710195065,1.57495236,-0.8094776,0.134970427,0.0398600064,0.0105175078,0.989991665,0,0,0,0,0,0,267642.259724194,267642.259724194,0.029398645012406632
12.490297967828903,aece4ecd,SessionTracking,Tracking,30.0619583,29.8830853,1,0.029730886017205194,0.5497917,3.30041671,1,160x90 DepthUint16,"centre=6080 min=3288 max=39246 hex=2A19 159B 17C0 1ECE 2FD4","centre=10352 min=7774 max=23097 hex=28C5 28C6 2870 27BF 2B0A",0,0,0,,0,,,None,Unavailable,NoWallUnderCrosshair,,,,"only 0 valid depth samples under crosshair (76 no-data, 152 out-of-range, 213 low-confidence)",0,,,None,Unavailable,NoWallInView,,,,0.7305081,1.577138,-0.825374961,0.135154009,0.0326861478,0.0111385882,0.9902227,0,0,0,0,0,0,267642.293051277,267642.293051277,0.029667084018001333
12.522304633805854,aece4ecd,SessionTracking,Tracking,30.0627022,29.8830853,1,0.031478384975343943,0.5384028,3.316875,1,160x90 DepthUint16,"centre=5675 min=3306 max=39739 hex=2CD5 1535 162B 1667 31E8","centre=10613 min=8165 max=24038 hex=2985 29B6 2975 28FC 2CB6",0,0,0,,0,,,None,Unavailable,NoWallUnderCrosshair,,,,"only 0 valid depth samples under crosshair (77 no-data, 131 out-of-range, 233 low-confidence)",0,,,None,Unavailable,NoWallInView,,,,0.751204669,1.579248,-0.841369569,0.135548487,0.0246158559,0.0115311453,0.990397751,0,0,0,0,0,0,267642.32637836103,267642.32637836103,0.031435936980415136
12.556317081819381,aece4ecd,SessionTracking,Tracking,30.0627155,29.8830853,1,0.033431613992433995,0.522430539,2.93625,1,160x90 DepthUint16,"centre=5348 min=3325 max=39443 hex=2D15 1457 14E4 1515 2A53","centre=10796 min=8010 max=24051 hex=29CD 2A26 2A2C 2A35 2ED3",0,0,0,,0,,,None,Unavailable,NoWallUnderCrosshair,,,,"only 0 valid depth samples under crosshair (81 no-data, 92 out-of-range, 268 low-confidence)",0,,,None,Unavailable,NoWallInView,,,,0.7724824,1.58132207,-0.857552,0.135778919,0.0152325267,0.0113627622,0.9905569,0,0,0,0,0,0,267642.359705444,267642.359705444,0.033382760011591017
12.587903435806604,aece4ecd,SessionTracking,Tracking,30.0632839,29.8830853,1,0.030938176991185173,0.5108333,2.60597229,1,160x90 DepthUint16,"centre=4899 min=3343 max=39665 hex=2D4E 142D 1323 1442 26EA","centre=10996 min=8226 max=24182 hex=2ACC 2AF7 2AF4 2B1C 2FEC",0,0,0,,0,,,None,Unavailable,NoWallUnderCrosshair,,,,"only 0 valid depth samples under crosshair (79 no-data, 74 out-of-range, 288 low-confidence)",0,,,None,Unavailable,NoWallInView,,,,0.7939604,1.58346534,-0.8739457,0.136132061,0.006432608,0.0112806559,0.9906056,0,0,0,0,0,0,267642.393032527,267642.393032527,0.0308865099796094
12.629692029818054,aece4ecd,SessionTracking,Tracking,30.0624771,29.8830853,1,0.041179947991622612,0.484444439,2.17909718,1,160x90 DepthUint16,"centre=5474 min=3363 max=39901 hex=1ABF 1451 1562 1276 23F2","centre=11814 min=8582 max=25476 hex=2F0E 2E85 2E26 2E2D 3307",0,0,0,,0,,,None,Unavailable,NoWallUnderCrosshair,,,,"only 0 valid depth samples under crosshair (160 no-data, 35 out-of-range, 246 low-confidence)",0,,,None,Unavailable,NoWallInView,,,,0.8157047,1.5856899,-0.890604258,0.1360334,-0.00203448557,0.0112938294,0.9906378,0,0,0,0,0,0,267642.42635961104,267642.42635961104,0.041123489994788542
12.659042237820197,aece4ecd,SessionTracking,Tracking,30.0630283,29.8830853,1,0.028322759986622259,0.478263885,2.17527771,1,160x90 DepthUint16,"centre=0 min=3385 max=39877 hex=1AD1 14B4 0000 11BA 21B0","centre=11944 min=8586 max=25549 hex=2FA6 2F14 2EA8 2EA8 333F",0,0,0,,0,,,None,Unavailable,NoWallUnderCrosshair,,,,"only 0 valid depth samples under crosshair (162 no-data, 16 out-of-range, 263 low-confidence)",0,,,None,Unavailable,NoWallInView,,,,0.8376148,1.5879631,-0.9075156,0.135227561,-0.009842627,0.0116333663,0.9906974,0,0,0,0,0,0,267642.459686694,267642.459686694,0.028198020008858293
12.692610623808671,aece4ecd,SessionTracking,Tracking,30.0629139,29.8830853,1,0.032941301993560046,0.502986133,2.41277766,1,160x90 DepthUint16,"centre=0 min=3407 max=39844 hex=1A69 1540 0000 1101 1EB6","centre=12648 min=9980 max=25311 hex=3414 3268 3168 313F 35EF",0,0,0,,0,,,None,Unavailable,NoWallUnderCrosshair,,,,"only 0 valid depth samples under crosshair (136 no-data, 9 out-of-range, 296 low-confidence)",0,,,None,Unavailable,NoWallInView,,,,0.859516859,1.59030044,-0.9245069,0.1343058,-0.016701851,0.0122491419,0.9907235,0,0,0,0,0,0,267642.493013777,267642.493013777,0.032714531000237912
12.72242005081973,aece4ecd,SessionTracking,Tracking,30.0615673,29.8830853,1,0.028867813001852483,0.495,2.31895828,1,160x90 DepthUint16,"centre=0 min=3428 max=39981 hex=0D8B 0000 0000 1078 1E1C","centre=13204 min=10622 max=25437 hex=3618 3481 3394 3375 3809",0,0,0,,0,,,None,Unavailable,NoWallUnderCrosshair,,,,"only 0 valid depth samples under crosshair (140 no-data, 3 out-of-range, 298 low-confidence)",0,,,None,Unavailable,NoWallInView,,,,0.8820445,1.5927732,-0.9414534,0.133849338,-0.025756415,0.0122929811,0.9905907,0,0,0,0,0,0,267642.526340861,267642.526340861,0.028759531007381156
12.756572602810431,aece4ecd,SessionTracking,Tracking,30.0614662,29.8830853,1,0.033466562977992,0.485,2.23208332,1,160x90 DepthUint16,"centre=0 min=3448 max=39785 hex=1249 0000 0000 0FF1 1D4C","centre=13183 min=11338 max=26341 hex=3673 347B 337F 3354 384A",0,0,0,,0,,,None,Unavailable,NoWallUnderCrosshair,,,,"only 0 valid depth samples under crosshair (140 no-data, 0 out-of-range, 301 low-confidence)",0,,,None,Unavailable,NoWallInView,,,,0.904804349,1.59530461,-0.9585407,0.133274123,-0.0351595953,0.0123345563,0.990378559,0,0,0,0,0,0,267642.55966794404,267642.55966794404,0.033404114976292476
12.790804164832318,aece4ecd,SessionTracking,Tracking,30.0612278,29.8830853,1,0.033647552016191185,0.507569432,2.18236113,1,160x90 DepthUint16,"centre=0 min=3468 max=39814 hex=0DB0 0000 0000 0FBB 1D5B","centre=14307 min=13879 max=26561 hex=3CE1 3961 37E3 378A 3BCD",0,0,0,,0,,,None,Unavailable,NoWallUnderCrosshair,,,,"only 0 valid depth samples under crosshair (144 no-data, 0 out-of-range, 297 low-confidence)",0,,,None,Unavailable,NoWallInView,,,,0.927356541,1.59791684,-0.975967,0.132766441,-0.04209763,0.0130609572,0.9901668,0,0,0,0,0,0,267642.592995711,267642.592995711,0.033595000015338883
12.822246664813813,aece4ecd,SessionTracking,Tracking,30.0582962,29.8830853,1,0.030758592998608947,0.499375,2.26180553,1,160x90 DepthUint16,"centre=0 min=3487 max=39735 hex=0DCE 0000 0000 0FA0 0000","centre=14353 min=13911 max=26857 hex=3CA9 397C 3811 37D4 3C66",0,0,0,,0,,,None,Unavailable,NoWallUnderCrosshair,,,,"only 0 valid depth samples under crosshair (153 no-data, 0 out-of-range, 288 low-confidence)",0,,,None,Unavailable,NoWallInView,,,,0.950113952,1.60059118,-0.9934466,0.13253209,-0.0489265546,0.0138874957,0.989873,0,0,0,0,0,0,267642.626322795,267642.626322795,0.030710311984876171
12.852613956811931,aece4ecd,SessionTracking,Tracking,30.061388,29.8830853,1,0.029728280991548672,0.490069449,2.08784723,1,160x90 DepthUint16,"centre=0 min=3500 max=39793 hex=0DF3 0000 0000 0F84 0000","centre=14834 min=14005 max=26739 hex=3EFA 3B54 39F2 39C2 3E44",0,0,0,,0,,,None,Unavailable,NoWallUnderCrosshair,,,,"only 0 valid depth samples under crosshair (158 no-data, 0 out-of-range, 283 low-confidence)",0,,,None,Unavailable,NoWallInView,,,,0.9735709,1.60337365,-1.01073813,0.133705437,-0.0576502271,0.0137053728,0.9892479,0,0,0,0,0,0,267642.65964987804,267642.65964987804,0.029657707986189052
12.89414947782536,aece4ecd,SessionTracking,Tracking,30.0540447,29.8830853,1,0.040994843991938978,0.5263889,2.515,1,160x90 DepthUint16,"centre=0 min=3514 max=39957 hex=0E02 0000 0000 0F8D 27F9","centre=16725 min=15797 max=28733 hex=4844 438C 4155 40F2 4555",0,0,0,,0,,,None,Unavailable,NoWallUnderCrosshair,,,,"only 0 valid depth samples under crosshair (144 no-data, 5 out-of-range, 292 low-confidence)",0,,,None,Unavailable,NoWallInView,,,,0.9975429,1.60607111,-1.02816,0.134403318,-0.06665059,0.0127626667,0.9886003,0,0,0,0,0,0,267642.692976961,267642.692976961,0.040948750014649704
12.920610206811782,aece4ecd,SessionTracking,Tracking,30.0610485,29.8830853,1,0.02463604198419489,0.515347242,2.27118063,1,160x90 DepthUint16,"centre=0 min=3530 max=39839 hex=0E0E 0000 0000 0FA2 263B","centre=15743 min=15589 max=28266 hex=4377 3F42 3D7F 3D43 41DB",0,0,0,,0,,,None,Unavailable,NoWallUnderCrosshair,,,,"only 0 valid depth samples under crosshair (157 no-data, 6 out-of-range, 278 low-confidence)",0,,,None,Unavailable,NoWallInView,,,,1.02180648,1.60879612,-1.04596412,0.134563968,-0.075378865,0.0117805311,0.9879635,0,0,0,0,0,0,267642.726304045,267642.726304045,0.024583021004218608
12.954032862819824,aece4ecd,SessionTracking,Tracking,30.05865,29.8830853,1,0.032915729010710493,0.5076389,2.13131952,1,160x90 DepthUint16,"centre=0 min=3555 max=39873 hex=0E28 0000 0000 0FBF 263C","centre=15362 min=15087 max=27790 hex=4372 3E53 3C02 3B59 3F89",0,0,0,,0,,,None,Unavailable,NoWallUnderCrosshair,,,,"only 0 valid depth samples under crosshair (183 no-data, 5 out-of-range, 253 low-confidence)",0,,,None,Unavailable,NoWallInView,,,,1.04576015,1.61150753,-1.06441474,0.13307403,-0.0811774954,0.0113427052,0.9877109,0,0,0,0,0,0,267642.759631128,267642.759631128,0.032870052004000172
12.991802393806958,aece4ecd,SessionTracking,Tracking,30.0535564,29.8830853,1,0.037048696976853535,0.5654167,2.90506935,1,160x90 DepthUint16,"centre=0 min=3601 max=39492 hex=0E45 0000 0000 0FD3 2648","centre=16784 min=15901 max=26820 hex=4B5E 45E1 4190 3F5A 4169",0,0,0,,0,,,None,Unavailable,NoWallUnderCrosshair,,,,"only 0 valid depth samples under crosshair (149 no-data, 11 out-of-range, 281 low-confidence)",0,,,None,Unavailable,NoWallInView,,,,1.06930757,1.61424518,-1.08346725,0.131511375,-0.08371688,0.01194501,0.9877012,0,0,0,0,0,0,267642.792966381,267642.792966381,0.037001302000135183
13.02782364381603,aece4ecd,SessionTracking,Tracking,30.0623055,29.8830853,1,0.035271509987069294,0.5669444,2.95215273,1,160x90 DepthUint16,"centre=0 min=3606 max=39527 hex=0E57 0000 0000 0FE1 2659","centre=16315 min=14752 max=26487 hex=4AED 44D5 3FBB 3CCD 3E88",0,0,0,,0,,,None,Unavailable,NoWallUnderCrosshair,,,,"only 0 valid depth samples under crosshair (140 no-data, 12 out-of-range, 289 low-confidence)",0,,,None,Unavailable,NoWallInView,,,,1.09256768,1.61733937,-1.1020596,0.131120771,-0.08428856,0.0127798924,0.987694,0,0,0,0,0,0,267642.82629346504,267642.82629346504,0.035189946996979415
13.061706821811478,aece4ecd,SessionTracking,Tracking,30.06082,29.8830853,1,0.032761979993665591,0.565277755,2.90395832,1,160x90 DepthUint16,"centre=0 min=3637 max=39750 hex=0E76 0000 0000 0FF6 265D","centre=15914 min=13824 max=25937 hex=4B1D 43FC 3E2A 3A9F 3BD3",0,0,0,,0,,,None,Unavailable,NoWallUnderCrosshair,,,,"only 0 valid depth samples under crosshair (137 no-data, 14 out-of-range, 290 low-confidence)",0,,,None,Unavailable,NoWallInView,,,,1.11591482,1.62041247,-1.12096012,0.129124016,-0.08379133,0.0132930586,0.9879926,0,0,0,0,0,0,267642.859620548,267642.859620548,0.032660261000273749
13.092637081833184,aece4ecd,SessionTracking,Tracking,30.06133,30.1562443,1,0.0301382290199399,0.5909028,3.86152768,1,160x90 DepthUint16,"centre=0 min=3412 max=39356 hex=0000 0000 0000 0F52 258E","centre=19352 min=17001 max=31011 hex=58B8 52CF 4B98 47FA 48FD",0,0,0,,0,,,None,Unavailable,NoWallUnderCrosshair,,,,"only 0 valid depth samples under crosshair (192 no-data, 13 out-of-range, 236 low-confidence)",0,,,None,Unavailable,NoWallInView,,,,0.900791943,1.61651325,-0.911923647,0.130787581,-0.0834623948,0.0173599441,0.9877385,0,0,0,0,0,0,267642.892896921,267642.892896921,0.030088073021033779
13.124655414808169,aece4ecd,SessionTracking,Tracking,30.0618229,30.1562443,1,0.031500624987529591,0.5966667,3.64361119,1,160x90 DepthUint16,"centre=0 min=3440 max=39279 hex=0000 0000 0000 0F5C 258A","centre=19067 min=17700 max=30578 hex=56D9 51C6 4A7B 46AE 475F",0,0,0,,0,,,None,Unavailable,NoWallUnderCrosshair,,,,"only 0 valid depth samples under crosshair (186 no-data, 14 out-of-range, 241 low-confidence)",0,,,None,Unavailable,NoWallInView,,,,0.917607844,1.6191709,-0.9258553,0.128551573,-0.08089831,0.0177069623,0.98823905,0,0,0,0,0,0,267642.926224005,267642.926224005,0.031456509983399883
13.156269216821622,aece4ecd,SessionTracking,Tracking,30.06063,30.1562443,1,0.030807030998403206,0.6010417,3.69,1,160x90 DepthUint16,"centre=0 min=3467 max=39226 hex=63EE 0000 0000 0F70 2585","centre=19464 min=17310 max=31158 hex=57FB 52E4 4C08 48AE 49BD",0,0,0,,0,,,None,Unavailable,NoWallUnderCrosshair,,,,"only 0 valid depth samples under crosshair (177 no-data, 10 out-of-range, 254 low-confidence)",0,,,None,Unavailable,NoWallInView,,,,0.9347213,1.621779,-0.939808369,0.126671731,-0.07843444,0.0178732891,0.9886773,0,0,0,0,0,0,267642.959551088,267642.959551088,0.030706562014529482
13.187787081812369,aece4ecd,SessionTracking,Tracking,30.0609856,30.1562443,1,0.030906405998393893,0.6585417,4.0736804,1,160x90 DepthUint16,"centre=0 min=3521 max=39096 hex=6472 0000 0000 0F8C 2587","centre=18970 min=16302 max=25235 hex=5639 5163 4A1A 45E3 4340",0,0,0,,0,,,None,Unavailable,NoWallUnderCrosshair,,,,"only 0 valid depth samples under crosshair (153 no-data, 25 out-of-range, 263 low-confidence)",0,,,None,Unavailable,NoWallInView,,,,0.9502157,1.61974239,-0.9676656,0.123816587,-0.0784496441,0.0185747165,0.9890248,0,0,0,0,0,0,267642.992881137,267642.992881137,0.030857187986839563
13.228291143807676,aece4ecd,SessionTracking,Tracking,30.06016,30.1562443,1,0.039831144997151569,0.6554861,3.98013878,1,160x90 DepthUint16,"centre=0 min=3537 max=39060 hex=64B2 0000 0000 0F9D 258E","centre=18974 min=17054 max=25160 hex=561B 5133 4A1E 4677 44F4",0,0,0,,0,,,None,Unavailable,NoWallUnderCrosshair,,,,"only 0 valid depth samples under crosshair (153 no-data, 25 out-of-range, 263 low-confidence)",0,,,None,Unavailable,NoWallInView,,,,0.967796147,1.62211347,-0.9821389,0.122778393,-0.0783923641,0.0189818162,0.989151061,0,0,0,0,0,0,267643.02620822104,267643.02620822104,0.039785103988833725
13.260341820829874,aece4ecd,SessionTracking,Tracking,30.0592537,30.1562443,1,0.031151302013313398,0.655625,3.97569442,1,160x90 DepthUint16,"centre=0 min=3554 max=39097 hex=6497 0000 0000 0FA9 25A6","centre=19059 min=16713 max=25651 hex=56C2 51D0 4A73 4682 44AD",0,0,0,,0,,,None,Unavailable,NoWallUnderCrosshair,,,,"only 0 valid depth samples under crosshair (151 no-data, 37 out-of-range, 253 low-confidence)",0,,,None,Unavailable,NoWallInView,,,,0.9859525,1.62451649,-0.996273637,0.123421788,-0.08047615,0.01902157,0.988902867,0,0,0,0,0,0,267643.059535304,267643.059535304,0.031089010008145124
13.291667914831871,aece4ecd,SessionTracking,Tracking,30.0604229,30.1562443,1,0.02936864600633271,0.689513862,4.189375,1,160x90 DepthUint16,"centre=0 min=3582 max=38962 hex=6710 0000 0000 0FBA 25BE","centre=19351 min=15986 max=25685 hex=57A5 5322 4B97 4703 4494",0,0,0,,0,,,None,Unavailable,NoWallUnderCrosshair,,,,"only 0 valid depth samples under crosshair (166 no-data, 46 out-of-range, 229 low-confidence)",0,,,None,Unavailable,NoWallInView,,,,0.988490045,1.61903954,-1.02686357,0.122248635,-0.08680864,0.019397201,0.9885056,0,0,0,0,0,0,267643.092552457,267643.092552457,0.029291823011590168
13.326785935815517,aece4ecd,SessionTracking,Tracking,30.05911,30.1562443,1,0.034403594007017091,0.686180532,4.44229174,1,160x90 DepthUint16,"centre=0 min=3599 max=38895 hex=6A32 0000 0000 0FCD 25AC","centre=20130 min=16296 max=26037 hex=5AF7 5666 4EA2 499F 4677",0,0,0,,0,,,None,Unavailable,NoWallUnderCrosshair,,,,"only 0 valid depth samples under crosshair (179 no-data, 51 out-of-range, 211 low-confidence)",0,,,None,Unavailable,NoWallInView,,,,1.00669277,1.62109709,-1.0417304,0.122441784,-0.09264444,0.0186878145,0.987965465,0,0,0,0,0,0,267643.12587954104,267643.12587954104,0.034354843985056505
13.35422728981832,aece4ecd,SessionTracking,Tracking,30.0592442,30.1562443,1,0.026924948004307225,0.6775,4.23319435,1,160x90 DepthUint16,"centre=0 min=2463 max=38967 hex=6A40 0000 0000 0FE6 254F","centre=18838 min=14557 max=25642 hex=578D 5221 4996 4467 419F",0,0,0,,0,,,None,Unavailable,NoWallUnderCrosshair,,,,"only 0 valid depth samples under crosshair (181 no-data, 80 out-of-range, 180 low-confidence)",0,,,None,Unavailable,NoWallInView,,,,1.02515388,1.62313914,-1.05636907,0.1237396,-0.100112081,0.0180204827,0.9870873,0,0,0,0,0,0,267643.159206624,267643.159206624,0.02688114601187408
13.387878279811796,aece4ecd,SessionTracking,Tracking,30.0604458,30.1562443,1,0.033167916990350932,0.7023611,4.45666647,1,160x90 DepthUint16,"centre=0 min=2499 max=39094 hex=6A17 0000 0000 0FFA 2552","centre=19057 min=15022 max=25603 hex=5CEA 5287 4A71 459F 423F",0,0,0,,0,,,None,Unavailable,NoWallUnderCrosshair,,,,"only 0 valid depth samples under crosshair (179 no-data, 94 out-of-range, 168 low-confidence)",0,,,None,Unavailable,NoWallInView,,,,1.03737652,1.62304926,-1.074,0.124078847,-0.107874282,0.01770404,0.9862323,0,0,0,0,0,0,267643.192458563,267643.192458563,0.033126926980912685
13.418921143834107,aece4ecd,SessionTracking,Tracking,30.06041,30.1562443,1,0.030340468016220257,0.6876389,4.429375,1,160x90 DepthUint16,"centre=0 min=2528 max=39189 hex=6A88 0000 0000 0FA8 256B","centre=19146 min=14127 max=25725 hex=5DC4 5396 4ACA 452B 4167",0,0,0,,0,,,None,Unavailable,NoWallUnderCrosshair,,,,"only 0 valid depth samples under crosshair (200 no-data, 87 out-of-range, 154 low-confidence)",0,,,None,Unavailable,NoWallInView,,,,1.05508852,1.624779,-1.08915734,0.124066837,-0.11310748,0.0180174131,0.985641658,0,0,0,0,0,0,267643.225785647,267643.225785647,0.03029098900151439
13.454395050822152,aece4ecd,SessionTracking,Tracking,30.06085,30.1562443,1,0.023282968992134556,0.685694456,4.129097,1,160x90 DepthUint16,"centre=0 min=2553 max=39212 hex=6A43 7640 0000 0FBC 2589","centre=19139 min=15030 max=25547 hex=5C30 5300 4AC3 4604 4315",0,0,0,,0,,,None,Unavailable,NoWallUnderCrosshair,,,,"only 0 valid depth samples under crosshair (197 no-data, 101 out-of-range, 143 low-confidence)",0,,,None,Unavailable,NoWallInView,,,,1.07237,1.62657869,-1.10443282,0.124820873,-0.116108209,0.0192037225,0.9851751,0,0,0,0,0,0,267643.25911273004,267643.25911273004,0.023231146013131365
13.485817654813966,aece4ecd,SessionTracking,Tracking,30.0601768,30.1562443,1,0.030754478997550905,0.719375,4.272847,1,160x90 DepthUint16,"centre=0 min=2575 max=39177 hex=69B9 7647 0000 0FCD 25A7","centre=18913 min=13822 max=29094 hex=6038 5305 49E1 44D9 40F8",0,0,0,,0,,,None,Unavailable,NoWallUnderCrosshair,,,,"only 0 valid depth samples under crosshair (163 no-data, 127 out-of-range, 151 low-confidence)",0,,,None,Unavailable,NoWallInView,,,,1.08834553,1.62865,-1.11898565,0.1259345,-0.118385427,0.0204333663,0.984737456,0,0,0,0,0,0,267643.29233287903,267643.29233287903,0.03070437500718981
13.522788539818814,aece4ecd,SessionTracking,Tracking,30.0608845,30.1562443,1,0.03631906199734658,0.71319443,4.21,1,160x90 DepthUint16,"centre=0 min=2601 max=39182 hex=6980 652B 0000 0FE1 25C8","centre=19069 min=14802 max=31309 hex=63B1 538E 4A7D 45BC 42DF",0,0,0,,0,,,None,Unavailable,NoWallUnderCrosshair,,,,"only 0 valid depth samples under crosshair (153 no-data, 137 out-of-range, 151 low-confidence)",0,,,None,Unavailable,NoWallInView,,,,1.10579956,1.63034511,-1.13431823,0.12687999,-0.121602871,0.0208852887,0.9842145,0,0,0,0,0,0,267643.325659963,267643.325659963,0.03626708299270831
13.553444841817347,aece4ecd,SessionTracking,Tracking,30.0629883,30.1562443,1,0.029924322996521369,0.707708359,4.206042,1,160x90 DepthUint16,"centre=0 min=2627 max=39179 hex=69FF 652F 0000 0FF2 25EB","centre=19291 min=15208 max=31006 hex=6487 5406 4B5B 46F2 43C3",0,0,0,,0,,,None,Unavailable,NoWallUnderCrosshair,,,,"only 0 valid depth samples under crosshair (157 no-data, 143 out-of-range, 141 low-confidence)",0,,,None,Unavailable,NoWallInView,,,,1.12334621,1.63204145,-1.14974117,0.128009081,-0.124837458,0.02099085,0.9836609,0,0,0,0,0,0,267643.358987046,267643.358987046,0.02987427098560147
13.584988279820047,aece4ecd,SessionTracking,Tracking,30.06063,30.1562443,1,0.031052083999384195,0.728055537,4.12458324,1,160x90 DepthUint16,"centre=0 min=2660 max=39629 hex=6CD4 6761 0000 1002 260C","centre=19704 min=14962 max=27388 hex=5F55 5577 4CF8 48B3 4551",0,0,0,,0,,,None,Unavailable,NoWallUnderCrosshair,,,,"only 0 valid depth samples under crosshair (118 no-data, 183 out-of-range, 140 low-confidence)",0,,,None,Unavailable,NoWallInView,,,,1.14739144,1.624332,-1.16711366,0.1275726,-0.131056666,0.0213847179,0.982899845,0,0,0,0,0,0,267643.393570557,267643.393570557,0.031008124991785735
13.622373435819847,aece4ecd,SessionTracking,Tracking,30.065834,30.1562443,1,0.036846458009677008,0.72652775,4.181667,1,160x90 DepthUint16,"centre=0 min=2683 max=39604 hex=6D0E 66EA 0000 1017 262E","centre=20125 min=15532 max=26589 hex=5D90 54DE 4E9D 4B53 48AD",0,0,0,,0,,,None,Unavailable,NoWallUnderCrosshair,,,,"only 0 valid depth samples under crosshair (109 no-data, 188 out-of-range, 144 low-confidence)",0,,,None,Unavailable,NoWallInView,,,,1.164451,1.62619042,-1.18368363,0.1282887,-0.132534817,0.0216595232,0.982602358,0,0,0,0,0,0,267643.42689764104,267643.42689764104,0.036800155998207629
13.653342966833245,aece4ecd,SessionTracking,Tracking,30.0612278,30.1562443,1,0.030435677006607875,0.72,4.03583336,1,160x90 DepthUint16,"centre=0 min=2708 max=39611 hex=6D71 669D 0000 1029 265C","centre=18726 min=14082 max=26380 hex=5D4A 514E 4926 4584 42E7",0,0,0,,0,,,None,Unavailable,NoWallUnderCrosshair,,,,"only 0 valid depth samples under crosshair (112 no-data, 188 out-of-range, 141 low-confidence)",0,,,None,Unavailable,NoWallInView,,,,1.18166137,1.62819791,-1.20040917,0.129009217,-0.134788,0.02205053,0.982192755,0,0,0,0,0,0,267643.460224724,267643.460224724,0.030386667000129819
13.685616977831907,aece4ecd,SessionTracking,Tracking,30.0651169,30.1562443,1,0.03177375000086613,0.735694468,4.5765276,1,160x90 DepthUint16,"centre=0 min=2727 max=39789 hex=6E3F 676E 0000 102D 2681","centre=21128 min=15880 max=32469 hex=6037 5878 5288 4DF7 4ACC",0,0,0,,0,,,None,Unavailable,NoWallUnderCrosshair,,,,"only 0 valid depth samples under crosshair (93 no-data, 213 out-of-range, 135 low-confidence)",0,,,None,Unavailable,NoWallInView,,,,1.20728147,1.63476372,-1.20301485,0.129139587,-0.138803914,0.0228031874,0.981599,0,0,0,0,0,0,267643.493562417,267643.493562417,0.031730365008115768
13.724988174827397,aece4ecd,SessionTracking,Tracking,30.0613041,30.1562443,1,0.038794010004494339,0.7251389,4.25347233,1,160x90 DepthUint16,"centre=20392 min=2230 max=39771 hex=5147 68A3 4FA8 1042 274C","centre=20961 min=16066 max=31765 hex=6009 57E1 51E1 4F45 4CB8",0,0,0,,0,,,None,Unavailable,NoWallUnderCrosshair,,,,"only 0 valid depth samples under crosshair (80 no-data, 225 out-of-range, 136 low-confidence)",0,,,None,Unavailable,NoWallInView,,,,1.22512054,1.63717556,-1.2195009,0.130210429,-0.14431712,0.0241151154,0.980630636,0,0,0,0,0,0,267643.526889501,267643.526889501,0.038753072003601119
13.75524661282436,aece4ecd,SessionTracking,Tracking,30.06121,30.1562443,1,0.029608957993332297,0.710625,4.35944462,1,160x90 DepthUint16,"centre=20433 min=2155 max=39732 hex=437A 69CF 4FD1 105C 298E","centre=20043 min=13885 max=32614 hex=5FA9 5632 4E4B 4B1F 4869",0,0,0,,0,,,None,Unavailable,NoWallUnderCrosshair,,,,"only 0 valid depth samples under crosshair (72 no-data, 242 out-of-range, 127 low-confidence)",0,,,None,Unavailable,NoWallInView,,,,1.24320519,1.63970435,-1.235838,0.131992579,-0.1513522,0.0258239247,0.9792873,0,0,0,0,0,0,267643.560216584,267643.560216584,0.029555365006672218
13.786199685825361,aece4ecd,SessionTracking,Tracking,30.059742,30.1562443,1,0.030305156018584967,0.7073611,3.96645832,1,160x90 DepthUint16,"centre=20476 min=2193 max=39773 hex=6CAA 68D6 4FFC 0000 82BE","centre=19462 min=14766 max=33264 hex=5C60 53C4 4C06 498D 4849",0,0,0,,0,,,None,Unavailable,NoWallUnderCrosshair,,,,"only 0 valid depth samples under crosshair (46 no-data, 284 out-of-range, 111 low-confidence)",0,,,None,Unavailable,NoWallInView,,,,1.26170719,1.642267,-1.25227761,0.133422509,-0.160230175,0.0275771935,0.977632,0,0,0,0,0,0,267643.593543667,267643.593543667,0.030262031010352075
13.820438539811969,aece4ecd,SessionTracking,Tracking,30.0591259,30.1562443,1,0.033580832998268306,0.6809722,3.781875,1,160x90 DepthUint16,"centre=20524 min=2239 max=39942 hex=72FB 68D5 502C 48DF 5C38","centre=19721 min=14006 max=33282 hex=5EFF 56AD 4D09 4972 47D9",0,0,0,,0,,,None,Unavailable,NoWallUnderCrosshair,,,,"only 0 valid depth samples under crosshair (28 no-data, 341 out-of-range, 72 low-confidence)",0,,,None,Unavailable,NoWallInView,,,,1.28068447,1.645088,-1.26827347,0.136766508,-0.1728744,0.0292986631,0.974962,0,0,0,0,0,0,267643.63779263,267643.63779263,0.033537707990035415
13.853339789812546,aece4ecd,SessionTracking,Tracking,30.0613422,30.1562443,1,0.032354010007111356,0.6577778,3.42576385,1,160x90 DepthUint16,"centre=26239 min=2341 max=39902 hex=78DE 5F60 667F 47AE 6E42","centre=20480 min=13829 max=32777 hex=5F1A 5BFD 5000 4BF9 4A2A",0,0,0,,0,,,None,Unavailable,NoWallUnderCrosshair,,,,"only 0 valid depth samples under crosshair (16 no-data, 363 out-of-range, 62 low-confidence)",0,,,None,Unavailable,NoWallInView,,,,1.3870436,1.64976048,-1.31434464,0.139274821,-0.185235962,0.0242892243,0.972471237,0,0,0,0,0,0,267643.671119713,267643.671119713,0.032302239997079596
13.886209997813078,aece4ecd,SessionTracking,Tracking,30.0605373,30.1562443,1,0.0323620309936814,0.628125,3.104653,1,160x90 DepthUint16,"centre=38060 min=2405 max=39970 hex=0000 0000 94AC 9524 550C","centre=23821 min=10538 max=33075 hex=6CD8 709A 5D0D 4E51 4856",0,0,0,,0,,,None,Unavailable,NoWallUnderCrosshair,,,,"only 0 valid depth samples under crosshair (13 no-data, 388 out-of-range, 40 low-confidence)",0,,,None,Unavailable,NoWallInView,,,,1.42845023,1.6521225,-1.34029281,0.1393146,-0.199724466,0.02495772,0.9695766,0,0,0,0,0,0,267643.70444679604,267643.70444679604,0.0323203640000429
13.917710518812621,aece4ecd,SessionTracking,Tracking,30.0618362,30.1562443,1,0.030808437004452571,0.5985417,3.08458328,1,160x90 DepthUint16,"centre=38393 min=2448 max=39983 hex=5BF9 5313 95F9 43ED 4D32","centre=25748 min=10751 max=33073 hex=73C4 7DA9 6494 50DD 4A0D",0,0,0,,0,,,None,Unavailable,NoWallUnderCrosshair,,,,"only 0 valid depth samples under crosshair (8 no-data, 422 out-of-range, 11 low-confidence)",0,,,None,Unavailable,NoWallInView,,,,1.452687,1.654155,-1.35474682,0.138414845,-0.212611049,0.02576593,0.9669406,0,0,0,0,0,0,267643.73777388,267643.73777388,0.030766093987040222
13.957709112814721,aece4ecd,SessionTracking,Tracking,30.0620785,30.1562443,1,0.03931687498698011,0.585,3.05895829,1,160x90 DepthUint16,"centre=34434 min=2487 max=39999 hex=5A85 9B53 8682 43C3 4BDC","centre=26160 min=11064 max=32957 hex=74C5 7F8D 6630 52FF 4D5B",0,0,0,,0,,,None,Unavailable,NoWallUnderCrosshair,,,,"only 0 valid depth samples under crosshair (8 no-data, 424 out-of-range, 9 low-confidence)",0,,,None,Unavailable,NoWallInView,,,,1.48048079,1.65701652,-1.372707,0.1395171,-0.2196047,0.027447911,0.965171158,0,0,0,0,0,0,267643.771100963,267643.771100963,0.039268332999199629
13.989715414819168,aece4ecd,SessionTracking,Tracking,30.0631065,30.1562443,1,0.03139161498984322,0.590763867,3.064375,1,160x90 DepthUint16,"centre=34604 min=2540 max=39953 hex=5AF7 9541 872C 436F 49D1","centre=25700 min=11537 max=33104 hex=74F6 80C6 6464 5061 4EC7",0,0,0,,0,,,None,Unavailable,NoWallUnderCrosshair,,,,"only 0 valid depth samples under crosshair (10 no-data, 423 out-of-range, 8 low-confidence)",0,,,None,Unavailable,NoWallInView,,,,1.52566266,1.66000533,-1.40288758,0.140272617,-0.224078953,0.0290395934,0.963986,0,0,0,0,0,0,267643.80442804605,267643.80442804605,0.031350000004749745
14.020437966827396,aece4ecd,SessionTracking,Tracking,30.0613384,30.1562443,1,0.030120365001494065,0.578194439,2.956736,1,160x90 DepthUint16,"centre=35511 min=2572 max=39935 hex=581B 982E 8AB7 3BBB 4A05","centre=25772 min=11524 max=32613 hex=7454 7EFF 64AC 526E 52C4",0,0,0,,0,,,None,Unavailable,NoWallUnderCrosshair,,,,"only 0 valid depth samples under crosshair (10 no-data, 428 out-of-range, 3 low-confidence)",0,,,None,Unavailable,NoWallInView,,,,1.54909718,1.66234171,-1.41775942,0.141815111,-0.229282737,0.03024486,0.9624984,0,0,0,0,0,0,267643.83775513,267643.83775513,0.030081458011409268
14.052888487813854,aece4ecd,SessionTracking,Tracking,30.0634632,30.1562443,1,0.031748698005685583,0.568819463,2.89625,1,160x90 DepthUint16,"centre=35035 min=2605 max=39961 hex=5609 9629 88DB 3581 83C9","centre=25441 min=11510 max=32707 hex=72FC 7EF3 6361 5024 5023",0,0,0,,0,,,None,Unavailable,NoWallUnderCrosshair,,,,"only 0 valid depth samples under crosshair (4 no-data, 437 out-of-range, 0 low-confidence)",0,,,None,Unavailable,NoWallInView,,,,1.57267046,1.66454244,-1.43253922,0.143231943,-0.234342232,0.0305662453,0.961058855,0,0,0,0,0,0,267643.871082213,267643.871082213,0.031686353991972283
14.089649164815294,aece4ecd,SessionTracking,Tracking,30.06506,30.1562443,1,0.036132187990006059,0.57375,2.84902787,1,160x90 DepthUint16,"centre=34890 min=2652 max=39933 hex=55C7 95C2 884A 36D6 8460","centre=25753 min=12957 max=32716 hex=72F9 7EA3 6499 51A6 4EA8",0,0,0,,0,,,None,Unavailable,NoWallUnderCrosshair,,,,"only 0 valid depth samples under crosshair (14 no-data, 427 out-of-range, 0 low-confidence)",0,,,None,Unavailable,NoWallInView,,,,1.61384058,1.666223,-1.459023,0.144518867,-0.238195673,0.0305020213,0.959920168,0,0,0,0,0,0,267643.904409296,267643.904409296,0.036091093992581591
14.121685206830827,aece4ecd,SessionTracking,Tracking,30.0618038,30.1249275,1,0.031472709000809118,0.567569435,2.840139,1,160x90 DepthUint16,"centre=33050 min=2683 max=39925 hex=55B9 95D4 811A 3920 848E","centre=25643 min=11833 max=32451 hex=737E 7D70 642B 526A 50EE",0,0,0,,0,,,None,Unavailable,NoWallUnderCrosshair,,,,"only 0 valid depth samples under crosshair (6 no-data, 435 out-of-range, 0 low-confidence)",0,,,None,Unavailable,NoWallInView,,,,1.64183211,1.66841125,-1.477167,0.1452395,-0.239493147,0.0302805044,0.959495544,0,0,0,0,0,0,267643.93773638003,267643.93773638003,0.031420730025274679
14.158841403811332,aece4ecd,SessionTracking,Tracking,30.06338,30.1249275,1,0.036605571978725493,0.575,2.81090283,1,160x90 DepthUint16,"centre=34971 min=2699 max=39898 hex=561F 961B 889B 37DD 8481","centre=25336 min=10860 max=32391 hex=742E 7D68 62F8 4F9F 4BC8",0,0,0,,0,,,None,Unavailable,NoWallUnderCrosshair,,,,"only 0 valid depth samples under crosshair (14 no-data, 427 out-of-range, 0 low-confidence)",0,,,None,Unavailable,NoWallInView,,,,1.66017783,1.66962,-1.48972154,0.144215956,-0.237350181,0.0301159639,0.9601873,0,0,0,0,0,0,267643.971063463,267643.971063463,0.03655364498263225
14.192392758820299,aece4ecd,SessionTracking,Tracking,30.062624,30.1249275,1,0.032899115001782775,0.590555549,2.77944446,1,160x90 DepthUint16,"centre=37000 min=2717 max=39957 hex=5682 96C0 9088 3AAC 854F","centre=25516 min=10895 max=32368 hex=75F4 7DB1 63AC 4FB2 4877",0,0,0,,0,,,None,Unavailable,NoWallUnderCrosshair,,,,"only 0 valid depth samples under crosshair (11 no-data, 429 out-of-range, 1 low-confidence)",0,,,None,Unavailable,NoWallInView,,,,1.68246448,1.66860175,-1.50495267,0.1427738,-0.2352623,0.0297022164,0.9609293,0,0,0,0,0,0,267644.004390546,267644.004390546,0.032858021004358307
14.222361456805467,aece4ecd,SessionTracking,Tracking,30.0623913,30.1249275,1,0.029236823000246659,0.5898611,2.82375,1,160x90 DepthUint16,"centre=37153 min=2718 max=39985 hex=5687 968C 9121 3CD0 84F6","centre=25425 min=10868 max=32349 hex=737D 7D9A 6351 4FC9 4BA2",0,0,0,,0,,,None,Unavailable,NoWallUnderCrosshair,,,,"only 0 valid depth samples under crosshair (11 no-data, 429 out-of-range, 1 low-confidence)",0,,,None,Unavailable,NoWallInView,,,,1.68253541,1.66876829,-1.50486362,0.143639609,-0.235808447,0.0301219821,0.960653245,0,0,0,0,0,0,267644.03771763004,267644.03771763004,0.029156197997508571
14.253845466823643,aece4ecd,SessionTracking,Tracking,30.0615673,30.1249275,1,0.030780469009187073,0.589791656,2.76986122,1,160x90 DepthUint16,"centre=37259 min=2720 max=39881 hex=5742 96B5 918B 3FB8 84C4","centre=25125 min=10960 max=32164 hex=7399 7C63 6225 4F9E 4A1D",0,0,0,,0,,,None,Unavailable,NoWallUnderCrosshair,,,,"only 0 valid depth samples under crosshair (11 no-data, 428 out-of-range, 2 low-confidence)",0,,,None,Unavailable,NoWallInView,,,,1.68249583,1.669291,-1.50475287,0.1465667,-0.235769227,0.0307440776,0.960200965,0,0,0,0,0,0,267644.071044713,267644.071044713,0.030715313012478873
14.293285883816518,aece4ecd,SessionTracking,Tracking,30.0610046,30.1249275,1,0.038798958994448185,0.589791656,2.76986122,1,160x90 DepthUint16,"centre=37259 min=2720 max=39881 hex=5742 96B5 918B 3FB8 84C4","centre=25125 min=10960 max=32164 hex=7399 7C63 6225 4F9E 4A1D",0,0,0,,0,,,None,Unavailable,NoWallUnderCrosshair,,,,"only 0 valid depth samples under crosshair (11 no-data, 428 out-of-range, 2 low-confidence)",0,,,None,Unavailable,NoWallInView,,,,1.98414159,1.69618,-1.74282157,0.155992121,-0.232497871,0.0158785284,0.9598745,0,0,0,0,0,0,267644.09504968504,267644.09504968504,0.03875494800740853
14.322883122832375,aece4ecd,SessionTracking,Tracking,30.0574379,30.1249275,1,0.028505521011538804,0.589791656,2.76986122,1,160x90 DepthUint16,"centre=37259 min=2720 max=39881 hex=5742 96B5 918B 3FB8 84C4","centre=25125 min=10960 max=32164 hex=7399 7C63 6225 4F9E 4A1D",0,0,0,,0,,,None,Unavailable,NoWallUnderCrosshair,,,,"only 0 valid depth samples under crosshair (11 no-data, 428 out-of-range, 2 low-confidence)",0,,,None,Unavailable,NoWallInView,,,,1.98750556,1.69561207,-1.74283707,0.158670977,-0.23568137,0.01693213,0.9586402,0,0,0,0,0,0,267644.128376769,267644.128376769,0.028405468998244032
14.355199268814269,aece4ecd,SessionTracking,Tracking,30.0620861,30.1249275,1,0.03177916698041372,0.589791656,2.76986122,1,160x90 DepthUint16,"centre=37259 min=2720 max=39881 hex=5742 96B5 918B 3FB8 84C4","centre=25125 min=10960 max=32164 hex=7399 7C63 6225 4F9E 4A1D",0,0,0,,0,,,None,Unavailable,NoWallUnderCrosshair,,,,"only 0 valid depth samples under crosshair (11 no-data, 428 out-of-range, 2 low-confidence)",0,,,None,Unavailable,NoWallInView,,,,1.99170423,1.69432533,-1.743833,0.15803802,-0.236907065,0.01661134,0.9584483,0,0,0,0,0,0,267644.161703852,267644.161703852,0.031728750007459894
14.393976872814912,aece4ecd,SessionTracking,Tracking,30.0599346,30.1249275,1,0.038066874985815957,0.589791656,2.76986122,1,160x90 DepthUint16,"centre=37259 min=2720 max=39881 hex=5742 96B5 918B 3FB8 84C4","centre=25125 min=10960 max=32164 hex=7399 7C63 6225 4F9E 4A1D",0,0,0,,0,,,None,Unavailable,NoWallUnderCrosshair,,,,"only 0 valid depth samples under crosshair (11 no-data, 428 out-of-range, 2 low-confidence)",0,,,None,Unavailable,NoWallInView,,,,1.99661493,1.69314432,-1.744152,0.15918237,-0.240324348,0.0165955722,0.957407832,0,0,0,0,0,0,267644.195027805,267644.195027805,0.037980677006999031
14.426740049820021,aece4ecd,SessionTracking,Tracking,30.060957,30.1249275,1,0.031657134997658432,0.589791656,2.76986122,1,160x90 DepthUint16,"centre=37259 min=2720 max=39881 hex=5742 96B5 918B 3FB8 84C4","centre=25125 min=10960 max=32164 hex=7399 7C63 6225 4F9E 4A1D",0,0,0,,0,,,None,Unavailable,NoWallUnderCrosshair,,,,"only 0 valid depth samples under crosshair (11 no-data, 428 out-of-range, 2 low-confidence)",0,,,None,Unavailable,NoWallInView,,,,2.00213981,1.692193,-1.74362469,0.163037926,-0.246449,0.01688242,0.9551945,0,0,0,0,0,0,267644.228354889,267644.228354889,0.031586302007781342
14.459660257822927,aece4ecd,SessionTracking,Tracking,30.0597725,30.1249275,1,0.032241145003354177,0.589791656,2.76986122,1,160x90 DepthUint16,"centre=37259 min=2720 max=39881 hex=5742 96B5 918B 3FB8 84C4","centre=25125 min=10960 max=32164 hex=7399 7C63 6225 4F9E 4A1D",0,0,0,,0,,,None,Unavailable,NoWallUnderCrosshair,,,,"only 0 valid depth samples under crosshair (11 no-data, 428 out-of-range, 2 low-confidence)",0,,,None,Unavailable,NoWallInView,,,,2.00856972,1.69100738,-1.74344468,0.16503188,-0.253985375,0.0164898373,0.952882,0,0,0,0,0,0,267644.261681972,267644.261681972,0.032186769996769726
14.4890459358274,aece4ecd,SessionTracking,Tracking,30.0612144,30.1249275,1,0.028611563000595197,0.589791656,2.76986122,1,160x90 DepthUint16,"centre=37259 min=2720 max=39881 hex=5742 96B5 918B 3FB8 84C4","centre=25125 min=10960 max=32164 hex=7399 7C63 6225 4F9E 4A1D",0,0,0,,0,,,None,Unavailable,NoWallUnderCrosshair,,,,"only 0 valid depth samples under crosshair (11 no-data, 428 out-of-range, 2 low-confidence)",0,,,None,Unavailable,NoWallInView,,,,2.015789,1.689595,-1.743612,0.165898561,-0.26176995,0.0159739871,0.9506309,0,0,0,0,0,0,267644.294960859,267644.294960859,0.028560364997247234
14.526970987818297,aece4ecd,SessionTracking,Tracking,30.0612335,30.1249275,1,0.037214896001387388,0.589791656,2.76986122,1,160x90 DepthUint16,"centre=37259 min=2720 max=39881 hex=5742 96B5 918B 3FB8 84C4","centre=25125 min=10960 max=32164 hex=7399 7C63 6225 4F9E 4A1D",0,0,0,,0,,,None,Unavailable,NoWallUnderCrosshair,,,,"only 0 valid depth samples under crosshair (11 no-data, 428 out-of-range, 2 low-confidence)",0,,,None,Unavailable,NoWallInView,,,,2.0229795,1.688417,-1.74406779,0.165827572,-0.2671444,0.0165005941,0.9491379,0,0,0,0,0,0,267644.32828794303,267644.32828794303,0.037152604985749349
14.558398643827624,aece4ecd,SessionTracking,Tracking,30.0609,30.1249275,1,0.029999011021573097,0.589791656,2.76986122,1,160x90 DepthUint16,"centre=37259 min=2720 max=39881 hex=5742 96B5 918B 3FB8 84C4","centre=25125 min=10960 max=32164 hex=7399 7C63 6225 4F9E 4A1D",0,0,0,,0,,,None,Unavailable,NoWallUnderCrosshair,,,,"only 0 valid depth samples under crosshair (11 no-data, 428 out-of-range, 2 low-confidence)",0,,,None,Unavailable,NoWallInView,,,,2.03071761,1.68723226,-1.744681,0.165112212,-0.272513628,0.0169132948,0.9477279,0,0,0,0,0,0,267644.361615026,267644.361615026,0.029595261003123596
14.589378330826387,aece4ecd,SessionTracking,Tracking,30.06009,30.1249275,1,0.0303253119927831,0.589791656,2.76986122,1,160x90 DepthUint16,"centre=37259 min=2720 max=39881 hex=5742 96B5 918B 3FB8 84C4","centre=25125 min=10960 max=32164 hex=7399 7C63 6225 4F9E 4A1D",0,0,0,,0,,,None,Unavailable,NoWallUnderCrosshair,,,,"only 0 valid depth samples under crosshair (11 no-data, 428 out-of-range, 2 low-confidence)",0,,,None,Unavailable,NoWallInView,,,,2.03868723,1.68610215,-1.745249,0.165086985,-0.276988864,0.0179010332,0.9464159,0,0,0,0,0,0,267644.394978211,267644.394978211,0.030282448016805574
14.620975101831229,aece4ecd,SessionTracking,Tracking,30.0602417,30.1249275,1,0.031119739025598392,0.589791656,2.76986122,1,160x90 DepthUint16,"centre=37259 min=2720 max=39881 hex=5742 96B5 918B 3FB8 84C4","centre=25125 min=10960 max=32164 hex=7399 7C63 6225 4F9E 4A1D",0,0,0,,0,,,None,Unavailable,NoWallUnderCrosshair,,,,"only 0 valid depth samples under crosshair (11 no-data, 428 out-of-range, 2 low-confidence)",0,,,None,Unavailable,NoWallInView,,,,2.047155,1.68490267,-1.74645841,0.16342169,-0.2786516,0.0193152726,0.946189046,0,0,0,0,0,0,267644.428305295,267644.428305295,0.031081354012712836
14.657334424816165,aece4ecd,SessionTracking,Tracking,30.0582752,30.1249275,1,0.03585015598218888,0.589791656,2.76986122,1,160x90 DepthUint16,"centre=37259 min=2720 max=39881 hex=5742 96B5 918B 3FB8 84C4","centre=25125 min=10960 max=32164 hex=7399 7C63 6225 4F9E 4A1D",0,0,0,,0,,,None,Unavailable,NoWallUnderCrosshair,,,,"only 0 valid depth samples under crosshair (11 no-data, 428 out-of-range, 2 low-confidence)",0,,,None,Unavailable,NoWallInView,,,,2.05597377,1.68374574,-1.74780953,0.16166237,-0.279889643,0.0211091638,0.9460875,0,0,0,0,0,0,267644.461632378,267644.461632378,0.035812396003166214
14.68853661281066,aece4ecd,SessionTracking,Tracking,30.0602951,30.1249275,1,0.030335624993313104,0.589791656,2.76986122,1,160x90 DepthUint16,"centre=37259 min=2720 max=39881 hex=5742 96B5 918B 3FB8 84C4","centre=25125 min=10960 max=32164 hex=7399 7C63 6225 4F9E 4A1D",0,0,0,,0,,,None,Unavailable,NoWallUnderCrosshair,,,,"only 0 valid depth samples under crosshair (11 no-data, 428 out-of-range, 2 low-confidence)",0,,,None,Unavailable,NoWallInView,,,,2.06848216,1.68328929,-1.74657607,0.161757946,-0.283780068,0.0218129177,0.9448955,0,0,0,0,0,0,267644.49500636203,267644.49500636203,0.030290105001768097
14.720768487807456,aece4ecd,SessionTracking,Tracking,30.0586414,30.1249275,1,0.031733333977172151,0.0280555561,0.0569444448,1,160x90 DepthUint16,"centre=0 min=1248 max=17904 hex=0000 0000 0000 0000 0000","centre=20924 min=20046 max=26346 hex=5250 51EF 51BC 52B9 5FB9",0,0,0,,0,,,None,Unavailable,NoWallUnderCrosshair,,,,"only 0 valid depth samples under crosshair (425 no-data, 6 out-of-range, 10 low-confidence)",0,,,None,Unavailable,NoWallInView,,,,2.0785284,1.68204486,-1.74749839,0.161311239,-0.2846017,0.0227754116,0.944702,0,0,0,0,0,0,267644.528333446,267644.528333446,0.031684739980846643
14.756965049832454,aece4ecd,SessionTracking,Tracking,30.0552368,30.1249275,1,0.031929635006235912,0.027777778,0.050555557,1,160x90 DepthUint16,"centre=0 min=1254 max=17899 hex=0000 0000 0000 0000 0000","centre=20901 min=20057 max=26282 hex=524B 51EB 51A5 52A3 5F59",0,0,0,,0,,,None,Unavailable,NoWallUnderCrosshair,,,,"only 0 valid depth samples under crosshair (425 no-data, 6 out-of-range, 10 low-confidence)",0,,,None,Unavailable,NoWallInView,,,,2.08911872,1.68048739,-1.74848628,0.160231233,-0.284538329,0.0231651682,0.9448954,0,0,0,0,0,0,267644.561660529,267644.561660529,0.03188479199889116
14.7891645288317,aece4ecd,SessionTracking,Tracking,30.05754,30.1249275,1,0.031442760024219751,0.027847223,0.0484722219,1,160x90 DepthUint16,"centre=0 min=1260 max=17882 hex=0000 0000 0000 0000 0000","centre=1281 min=1280 max=1294 hex=0501 0501 0501 0502 0504",0,0,0,,0,,,None,Unavailable,NoWallUnderCrosshair,,,,"only 0 valid depth samples under crosshair (425 no-data, 6 out-of-range, 10 low-confidence)",0,,,None,Unavailable,NoWallInView,,,,2.10088444,1.67912745,-1.74940515,0.158705473,-0.284999341,0.02263403,0.9450268,0,0,0,0,0,0,267644.59466281004,267644.59466281004,0.031397656013723463
14.820810778822144,aece4ecd,SessionTracking,Tracking,30.055727,30.1249275,1,0.03108927101129666,0.04173611,0.0421527773,1,160x90 DepthUint16,"centre=0 min=1268 max=23432 hex=0000 0000 0000 0000 0000","centre=1319 min=1316 max=1331 hex=0526 0526 0527 0527 0529",0,0,0,,0,,,None,Unavailable,NoWallUnderCrosshair,,,,"only 0 valid depth samples under crosshair (423 no-data, 0 out-of-range, 18 low-confidence)",0,,,None,Unavailable,NoWallInView,,,,2.11307955,1.67698073,-1.75037861,0.156138465,-0.286976248,0.0205079634,0.9449047,0,0,0,0,0,0,267644.627989894,267644.627989894,0.031037759996252134
14.85201166482768,aece4ecd,SessionTracking,Tracking,30.05564,30.1249275,1,0.030478646018309519,0.0418055542,0.04173611,1,160x90 DepthUint16,"centre=0 min=1277 max=23460 hex=0000 0000 0000 0000 0000","centre=1295 min=1293 max=1309 hex=050F 050F 050F 050F 0512",0,0,0,,0,,,None,Unavailable,NoWallUnderCrosshair,,,,"only 0 valid depth samples under crosshair (420 no-data, 0 out-of-range, 21 low-confidence)",0,,,None,Unavailable,NoWallInView,,,,2.12583351,1.67475462,-1.75121343,0.153457791,-0.290249676,0.0176993031,0.944400668,0,0,0,0,0,0,267644.661316977,267644.661316977,0.030400521005503833
14.891916455816338,aece4ecd,SessionTracking,Tracking,30.05828,30.1249275,1,0.039309530984610319,0.0425694436,0.0388194434,1,160x90 DepthUint16,"centre=0 min=1289 max=23447 hex=0000 0000 0000 0000 0000","centre=1276 min=1275 max=1293 hex=04FC 04FD 04FC 04FC 0500",0,0,0,,0,,,None,Unavailable,NoWallUnderCrosshair,,,,"only 0 valid depth samples under crosshair (423 no-data, 0 out-of-range, 18 low-confidence)",0,,,None,Unavailable,NoWallInView,,,,2.14015341,1.67229974,-1.75327563,0.151167586,-0.294481963,0.0147039015,0.9435108,0,0,0,0,0,0,267644.694568516,267644.694568516,0.039258072996744886
14.922252757822955,aece4ecd,SessionTracking,Tracking,30.0587826,30.1249275,1,0.029810156003804877,0.0625,0.0322222225,1,160x90 DepthUint16,"centre=0 min=1300 max=33465 hex=0000 0000 0000 0000 0000","centre=1314 min=1312 max=1336 hex=0522 0522 0522 0522 0527",0,0,0,,0,,,None,Unavailable,NoWallUnderCrosshair,,,,"only 0 valid depth samples under crosshair (413 no-data, 0 out-of-range, 28 low-confidence)",0,,,None,Unavailable,NoWallInView,,,,2.154458,1.66991973,-1.75433469,0.148018479,-0.299599975,0.0120849311,0.9424354,0,0,0,0,0,0,267644.7278956,267644.7278956,0.029760728997644037
14.960219841827731,aece4ecd,SessionTracking,Tracking,30.0580387,30.1249275,1,0.037471250019734725,0.06361111,0.0356944427,1,160x90 DepthUint16,"centre=0 min=1310 max=33348 hex=0000 0000 0000 0000 0000","centre=1331 min=1330 max=1352 hex=0533 0533 0533 0533 0538",0,0,0,,0,,,None,Unavailable,NoWallUnderCrosshair,,,,"only 0 valid depth samples under crosshair (413 no-data, 0 out-of-range, 28 low-confidence)",0,,,None,Unavailable,NoWallInView,,,,2.16899514,1.66770244,-1.75556612,0.145751879,-0.303943,0.0109864185,0.94141084,0,0,0,0,0,0,267644.761222683,267644.761222683,0.037428542011184618
14.99158145583244,aece4ecd,SessionTracking,Tracking,30.0585136,30.1249275,1,0.030510260025039315,0.061875,0.036875,1,160x90 DepthUint16,"centre=0 min=1318 max=33263 hex=0000 0000 0000 0000 0000","centre=1339 min=1338 max=1356 hex=053B 053B 053B 053B 0540",0,0,0,,0,,,None,Unavailable,NoWallUnderCrosshair,,,,"only 0 valid depth samples under crosshair (413 no-data, 0 out-of-range, 28 low-confidence)",0,,,None,Unavailable,NoWallInView,,,,2.183239,1.66561413,-1.75653017,0.144206941,-0.307915121,0.01086396,0.940358758,0,0,0,0,0,0,267644.79458828404,267644.79458828404,0.030414687003940344
15.022799476805469,aece4ecd,SessionTracking,Tracking,30.0586281,30.1249275,1,0.03048650998971425,0.08416667,0.028125,1,160x90 DepthUint16,"centre=0 min=1322 max=33297 hex=0000 0000 0000 0000 4090","centre=1338 min=1337 max=1362 hex=053B 053A 053A 053B 0541",0,0,0,,0,,,None,Unavailable,NoWallUnderCrosshair,,,,"only 0 valid depth samples under crosshair (403 no-data, 0 out-of-range, 38 low-confidence)",0,,,None,Unavailable,NoWallInView,,,,2.198748,1.663328,-1.7583,0.14204444,-0.310528427,0.0109916339,0.939826965,0,0,0,0,0,0,267644.827915368,267644.827915368,0.030431978986598551
15.055261299827928,aece4ecd,SessionTracking,Tracking,30.0578537,30.1249275,1,0.031572917010635138,0.08465278,0.0295138881,1,160x90 DepthUint16,"centre=0 min=1325 max=33188 hex=0000 0000 0000 0000 0000","centre=1353 min=1352 max=1377 hex=0549 0549 0549 054A 054F",0,0,0,,0,,,None,Unavailable,NoWallUnderCrosshair,,,,"only 0 valid depth samples under crosshair (403 no-data, 0 out-of-range, 38 low-confidence)",0,,,None,Unavailable,NoWallInView,,,,2.21502447,1.6608541,-1.76027977,0.139078826,-0.31359145,0.0112146446,0.939250648,0,0,0,0,0,0,267644.861242451,267644.861242451,0.031427708017872646
15.090399372826889,aece4ecd,SessionTracking,Tracking,30.0583286,30.1249275,1,0.034305208013392985,0.0834027752,0.0279861111,1,160x90 DepthUint16,"centre=0 min=1326 max=33139 hex=0000 0000 0000 0000 0000","centre=43887 min=31886 max=46784 hex=A9E0 AA9D AB6F AC16 B3D0",0,0,0,,0,,,None,Unavailable,NoWallUnderCrosshair,,,,"only 0 valid depth samples under crosshair (398 no-data, 0 out-of-range, 43 low-confidence)",0,,,None,Unavailable,NoWallInView,,,,2.23049736,1.65766835,-1.76100039,0.1376762,-0.3184575,0.0116944918,0.9378131,0,0,0,0,0,0,267644.894730539,267644.894730539,0.034239739994518459
15.12247155982079,aece4ecd,SessionTracking,Tracking,30.058609,29.9764271,1,0.031459999998332933,0.106180556,0.02625,1,160x90 DepthUint16,"centre=0 min=1332 max=33609 hex=0000 0000 0000 0000 405C","centre=45165 min=34215 max=47237 hex=AFD6 B05D B06D B15C B645",0,0,0,,0,,,None,Unavailable,NoWallUnderCrosshair,,,,"only 0 valid depth samples under crosshair (402 no-data, 0 out-of-range, 39 low-confidence)",0,,,None,Unavailable,NoWallInView,,,,2.24791551,1.65505052,-1.762594,0.136565685,-0.321969062,0.0121792862,0.936769664,0,0,0,0,0,0,267644.92805762304,267644.92805762304,0.031409426999744028
15.158225153833721,aece4ecd,SessionTracking,Tracking,30.0588474,29.9764271,1,0.035089635028271005,0.10604167,0.0258333329,1,160x90 DepthUint16,"centre=0 min=1340 max=33836 hex=0000 0000 0000 0000 405F","centre=47946 min=39502 max=48361 hex=BB24 BB1A BB4A BB8D BBAF",0,0,0,,0,,,None,Unavailable,NoWallUnderCrosshair,,,,"only 0 valid depth samples under crosshair (401 no-data, 0 out-of-range, 40 low-confidence)",0,,,None,Unavailable,NoWallInView,,,,2.26558757,1.652384,-1.76424408,0.135473728,-0.32393983,0.0134212086,0.9362317,0,0,0,0,0,0,267644.961384706,267644.961384706,0.035005990008357912
15.190061403815728,aece4ecd,SessionTracking,Tracking,30.0595875,29.9764271,1,0.030216249986551702,0.107013889,0.026111111,1,160x90 DepthUint16,"centre=0 min=1348 max=33960 hex=0000 0000 0000 0000 398B","centre=17408 min=13903 max=29554 hex=43C7 43DC 4400 4445 462A",0,0,0,,0,,,None,Unavailable,NoWallUnderCrosshair,,,,"only 0 valid depth samples under crosshair (401 no-data, 0 out-of-range, 40 low-confidence)",0,,,None,Unavailable,NoWallInView,,,,2.2876308,1.653874,-1.75995874,0.137509078,-0.328995466,0.0133504868,0.9341708,0,0,0,0,0,0,267644.995845523,267644.995845523,0.030135781009448692
15.223006143815676,aece4ecd,SessionTracking,Tracking,30.0592251,29.9764271,1,0.031417552003404126,0.130763888,0.0268055554,1,160x90 DepthUint16,"centre=0 min=1356 max=39600 hex=0000 0000 0000 0000 38C7","centre=18013 min=15305 max=35539 hex=4623 4630 465D 46CC 48BA",0,0,0,,0,,,None,Unavailable,NoWallUnderCrosshair,,,,"only 0 valid depth samples under crosshair (413 no-data, 0 out-of-range, 28 low-confidence)",0,,,None,Unavailable,NoWallInView,,,,2.30721664,1.65132022,-1.75995946,0.140101671,-0.335658222,0.0141601264,0.9313992,0,0,0,0,0,0,267645.029172607,267645.029172607,0.031364010996185243
15.255535726812761,aece4ecd,SessionTracking,Tracking,30.0596924,29.9764271,1,0.031803802005015314,0.126597226,0.0270833336,1,160x90 DepthUint16,"centre=0 min=1363 max=33290 hex=0000 0000 0000 0000 319C","centre=45852 min=45839 max=46591 hex=B316 B318 B31C B32A B349",0,0,0,,0,,,None,Unavailable,NoWallUnderCrosshair,,,,"only 0 valid depth samples under crosshair (413 no-data, 0 out-of-range, 28 low-confidence)",0,,,None,Unavailable,NoWallInView,,,,2.32759237,1.64853644,-1.76036143,0.140855446,-0.3419573,0.0139731485,0.92899394,0,0,0,0,0,0,267645.06249969004,267645.06249969004,0.031755364994751289
15.293994424805371,aece4ecd,SessionTracking,Tracking,30.0609913,29.9764271,1,0.037716093997005373,0.128125,0.026041666,1,160x90 DepthUint16,"centre=0 min=1368 max=39439 hex=0000 0000 0000 0000 0000","centre=934 min=934 max=949 hex=03A6 03A6 03A6 03A6 03A7",0,0,0,,0,,,None,Unavailable,NoWallUnderCrosshair,,,,"only 0 valid depth samples under crosshair (413 no-data, 0 out-of-range, 28 low-confidence)",0,,,None,Unavailable,NoWallInView,,,,2.34697747,1.64413857,-1.76211333,0.140595227,-0.347684354,0.0140789151,0.9269036,0,0,0,0,0,0,267645.095080367,267645.095080367,0.037663332972442731
15.324428018821729,aece4ecd,SessionTracking,Tracking,30.061285,29.9764271,1,0.029607395990751684,0.149236113,0.0272222217,0,160x90 DepthUint16,"centre=0 min=1374 max=39625 hex=0000 0000 0000 0000 3FC2","centre=0 min=0 max=0 hex=0000 0000 0000 0000 0000",0,0,0,,0,,,None,Unavailable,NoWallUnderCrosshair,,,,"only 0 valid depth samples under crosshair (439 no-data, 0 out-of-range, 2 low-confidence)",0,,,None,Unavailable,NoWallInView,,,,2.36854458,1.64120722,-1.762661,0.141254872,-0.355443269,0.0132395932,0.9238679,0,0,0,0,0,0,267645.12840745103,267645.12840745103,0.029543125012423843
15.356553434829786,aece4ecd,SessionTracking,Tracking,30.06229,29.9764271,1,0.031579844013322145,0.147569448,0.0272916667,0,160x90 DepthUint16,"centre=0 min=1379 max=39777 hex=0000 0000 0000 0000 3FD5","centre=0 min=0 max=0 hex=0000 0000 0000 0000 0000",0,0,0,,0,,,None,Unavailable,NoWallUnderCrosshair,,,,"only 0 valid depth samples under crosshair (438 no-data, 0 out-of-range, 3 low-confidence)",0,,,None,Unavailable,NoWallInView,,,,2.390555,1.638239,-1.76358855,0.140619,-0.362187952,0.01261458,0.9213507,0,0,0,0,0,0,267645.161734534,267645.161734534,0.03153401002055034
15.388836663826462,aece4ecd,SessionTracking,Tracking,30.0628529,29.9764271,1,0.031718593003461137,0.146666661,0.0258333329,0,160x90 DepthUint16,"centre=0 min=1385 max=39912 hex=0000 0000 0000 0000 3FEA","centre=0 min=0 max=0 hex=0000 0000 0000 0000 0000",0,0,0,,0,,,None,Unavailable,NoWallUnderCrosshair,,,,"only 0 valid depth samples under crosshair (435 no-data, 0 out-of-range, 6 low-confidence)",0,,,None,Unavailable,NoWallInView,,,,2.41187429,1.635448,-1.764414,0.139611989,-0.368562371,0.0126787424,0.918971956,0,0,0,0,0,0,267645.195082658,267645.195082658,0.031666093011153862
15.42753562281616,aece4ecd,SessionTracking,Tracking,30.06023,29.9764271,1,0.037983021000400186,0.148541674,0.026180556,0,160x90 DepthUint16,"centre=0 min=1392 max=38757 hex=0000 0000 0000 0000 4014","centre=0 min=0 max=0 hex=0000 0000 0000 0000 0000",0,0,0,,0,,,None,Unavailable,NoWallUnderCrosshair,,,,"only 0 valid depth samples under crosshair (433 no-data, 0 out-of-range, 8 low-confidence)",0,,,None,Unavailable,NoWallInView,,,,2.43480015,1.63258624,-1.76543629,0.139486521,-0.3758696,0.0133297145,0.9160174,0,0,0,0,0,0,267645.228409742,267645.228409742,0.037933490006253123
15.457627913826238,aece4ecd,SessionTracking,Tracking,30.0649033,29.9764271,1,0.028914427006384358,0.143541664,0.0252777785,0,160x90 DepthUint16,"centre=0 min=1399 max=38627 hex=0000 0000 0000 0000 405A","centre=0 min=0 max=0 hex=0000 0000 0000 0000 0000",0,0,0,,0,,,None,Unavailable,NoWallUnderCrosshair,,,,"only 0 valid depth samples under crosshair (434 no-data, 0 out-of-range, 7 low-confidence)",0,,,None,Unavailable,NoWallInView,,,,2.45842314,1.62965429,-1.766234,0.139916927,-0.384557754,0.0137447715,0.912332,0,0,0,0,0,0,267645.261736825,267645.261736825,0.028766458010068163
15.489962132821185,aece4ecd,SessionTracking,Tracking,30.0667934,29.9764271,1,0.031638332991860807,0.145555556,0.024305556,0,160x90 DepthUint16,"centre=0 min=1412 max=38510 hex=0000 0000 0000 0000 0000","centre=0 min=0 max=0 hex=0000 0000 0000 0000 0000",0,0,0,,0,,,None,Unavailable,NoWallUnderCrosshair,,,,"only 0 valid depth samples under crosshair (432 no-data, 0 out-of-range, 9 low-confidence)",0,,,None,Unavailable,NoWallInView,,,,2.48492861,1.62618947,-1.77378774,0.139199436,-0.3927815,0.0139458179,0.908928931,0,0,0,0,0,0,267645.295046336,267645.295046336,0.031588489015121013
15.522588590828329,aece4ecd,SessionTracking,Tracking,30.0643349,29.9764271,1,0.031920467998133972,0.145972222,0.0244444441,0,160x90 DepthUint16,"centre=0 min=1422 max=38402 hex=0000 0000 0000 0000 0000","centre=0 min=0 max=0 hex=0000 0000 0000 0000 0000",0,0,0,,0,,,None,Unavailable,NoWallUnderCrosshair,,,,"only 0 valid depth samples under crosshair (432 no-data, 0 out-of-range, 9 low-confidence)",0,,,None,Unavailable,NoWallInView,,,,2.50973558,1.6230545,-1.775115,0.139127508,-0.399358958,0.0138157019,0.906071246,0,0,0,0,0,0,267645.32837342,267645.32837342,0.031870103994151577
15.556961455817893,aece4ecd,SessionTracking,Tracking,30.0653381,29.9764271,1,0.033718802005751058,0.144930556,0.0252083335,0,160x90 DepthUint16,"centre=0 min=1434 max=38315 hex=0000 0000 0000 0000 0000","centre=0 min=0 max=0 hex=0000 0000 0000 0000 0000",0,0,0,,0,,,None,Unavailable,NoWallUnderCrosshair,,,,"only 0 valid depth samples under crosshair (438 no-data, 0 out-of-range, 3 low-confidence)",0,,,None,Unavailable,NoWallInView,,,,2.53501725,1.61989772,-1.77661431,0.139217392,-0.4045426,0.0135605047,0.9037588,0,0,0,0,0,0,267645.36170050304,267645.36170050304,0.033675156009849161
15.587782445828291,aece4ecd,SessionTracking,Tracking,30.0622845,29.9764271,1,0.029916407016571611,0.143125,0.0249305554,0,160x90 DepthUint16,"centre=0 min=1447 max=38195 hex=0000 0000 0000 0000 0000","centre=0 min=0 max=0 hex=0000 0000 0000 0000 0000",0,0,0,,0,,,None,Unavailable,NoWallUnderCrosshair,,,,"only 0 valid depth samples under crosshair (437 no-data, 0 out-of-range, 4 low-confidence)",0,,,None,Unavailable,NoWallInView,,,,2.56148434,1.61707425,-1.7790792,0.140162721,-0.410725266,0.0130116353,0.900827348,0,0,0,0,0,0,267645.39502735203,267645.39502735203,0.029835417022695765
15.619221090832818,aece4ecd,SessionTracking,Tracking,30.0701313,29.9764271,1,0.030899948003934696,0.158680558,0.048125,1,160x90 DepthUint16,"centre=0 min=1464 max=37046 hex=0000 0000 0000 0000 29F5","centre=7948 min=7944 max=7949 hex=1F0C 1F0C 1F0C 1F0C 1F0B",0,0,0,,0,,,None,Unavailable,NoWallUnderCrosshair,,,,"only 0 valid depth samples under crosshair (436 no-data, 0 out-of-range, 5 low-confidence)",0,,,None,Unavailable,NoWallInView,,,,2.58807683,1.61383092,-1.780317,0.141105652,-0.4175464,0.01258111,0.8975444,0,0,0,0,0,0,267645.428354436,267645.428354436,0.030857656005537137
15.658472757814545,aece4ecd,SessionTracking,Tracking,30.0637684,29.9764271,1,0.038702603982528672,0.154027775,0.0456944443,1,160x90 DepthUint16,"centre=0 min=1477 max=36892 hex=0000 0000 0000 0000 2A1B","centre=9250 min=9239 max=9250 hex=2422 2422 2422 2421 2420",0,0,0,,0,,,None,Unavailable,NoWallUnderCrosshair,,,,"only 0 valid depth samples under crosshair (436 no-data, 0 out-of-range, 5 low-confidence)",0,,,None,Unavailable,NoWallInView,,,,2.61521268,1.61044633,-1.78193152,0.140835851,-0.4229388,0.0124186883,0.895060837,0,0,0,0,0,0,267645.461681519,267645.461681519,0.038640155980829149
15.691663747826917,aece4ecd,SessionTracking,Tracking,30.0624046,29.9764271,1,0.032431822997750714,0.146180555,0.04222222,1,160x90 DepthUint16,"centre=0 min=1464 max=36787 hex=0000 0000 0000 0000 29AE","centre=12161 min=12154 max=12162 hex=2F82 2F81 2F81 2F81 2F80",0,0,0,,0,,,None,Unavailable,NoWallUnderCrosshair,,,,"only 0 valid depth samples under crosshair (406 no-data, 0 out-of-range, 35 low-confidence)",0,,,None,Unavailable,NoWallInView,,,,2.400622,1.62884879,-1.7228334,0.143642157,-0.424786955,0.0259363372,0.893448532,0,0,0,0,0,0,267645.496659082,267645.496659082,0.032244271016679704
15.722378070814395,aece4ecd,SessionTracking,Tracking,30.06298,29.9764271,1,0.029845885990653187,0.144444451,0.0429166667,1,160x90 DepthUint16,"centre=0 min=1475 max=36728 hex=0000 0000 0000 0000 29D9","centre=9426 min=9416 max=9427 hex=24D3 24D2 24D2 24D2 24D0",0,0,0,,0,,,None,Unavailable,NoWallUnderCrosshair,,,,"only 0 valid depth samples under crosshair (411 no-data, 0 out-of-range, 30 low-confidence)",0,,,None,Unavailable,NoWallInView,,,,2.41703439,1.626418,-1.72247767,0.145336866,-0.427624434,0.026899131,0.8917909,0,0,0,0,0,0,267645.529986166,267645.529986166,0.029784374986775219
15.757562705809343,aece4ecd,SessionTracking,Tracking,30.0562668,29.9764271,1,0.034672343987040222,0.142083332,0.0435416661,1,160x90 DepthUint16,"centre=0 min=1486 max=36644 hex=0000 0000 0000 0000 2A05","centre=13500 min=13496 max=13503 hex=34BB 34BC 34BC 34BC 34BD",0,0,0,,0,,,None,Unavailable,NoWallUnderCrosshair,,,,"only 0 valid depth samples under crosshair (416 no-data, 0 out-of-range, 25 low-confidence)",0,,,None,Unavailable,NoWallInView,,,,2.4337182,1.62381458,-1.72194982,0.147093445,-0.431022018,0.0273827314,0.8898504,0,0,0,0,0,0,267645.56331324903,267645.56331324903,0.034628853987669572
15.789212028815038,aece4ecd,SessionTracking,Tracking,30.05912,29.9764271,1,0.03109895798843354,0.138402775,0.0427777767,1,160x90 DepthUint16,"centre=0 min=1492 max=36514 hex=0000 0000 0000 0000 2FAF","centre=10254 min=10247 max=10256 hex=280E 280E 280E 280F 280F",0,0,0,,0,,,None,Unavailable,NoWallUnderCrosshair,,,,"only 0 valid depth samples under crosshair (421 no-data, 0 out-of-range, 20 low-confidence)",0,,,None,Unavailable,NoWallInView,,,,2.45116019,1.62414551,-1.70946991,0.1491599,-0.435407579,0.0271860659,0.8873739,0,0,0,0,0,0,267645.596652007,267645.596652007,0.0310483860084787
15.820261142826732,aece4ecd,SessionTracking,Tracking,30.0526619,29.9764271,1,0.030418281006859615,0.133541673,0.0421527773,1,160x90 DepthUint16,"centre=0 min=1504 max=32955 hex=0000 0000 0000 0000 34F2","centre=9935 min=9924 max=9935 hex=26CF 26CF 26CF 26CF 26CE",0,0,0,,0,,,None,Unavailable,NoWallUnderCrosshair,,,,"only 0 valid depth samples under crosshair (421 no-data, 0 out-of-range, 20 low-confidence)",0,,,None,Unavailable,NoWallInView,,,,2.46868467,1.621296,-1.70828712,0.149939954,-0.440603763,0.0267230887,0.884687662,0,0,0,0,0,0,267645.629979091,267645.629979091,0.030372083012480289
15.859046872820565,aece4ecd,SessionTracking,Tracking,30.0579681,29.9764271,1,0.038261459005298093,0.13006945,0.04027778,1,160x90 DepthUint16,"centre=0 min=1517 max=32861 hex=0000 0000 0000 0000 3517","centre=9318 min=9311 max=9318 hex=2466 2466 2466 2465 2465",0,0,0,,0,,,None,Unavailable,NoWallUnderCrosshair,,,,"only 0 valid depth samples under crosshair (413 no-data, 0 out-of-range, 28 low-confidence)",0,,,None,Unavailable,NoWallInView,,,,2.48662353,1.6182462,-1.70718074,0.149554864,-0.44580546,0.0262504239,0.882157445,0,0,0,0,0,0,267645.66330617404,267645.66330617404,0.038216407003346831
15.889707861816371,aece4ecd,SessionTracking,Tracking,30.0578842,29.9764271,1,0.029616927000461146,0.1254861,0.0404861122,1,160x90 DepthUint16,"centre=0 min=1548 max=32786 hex=0000 0000 0000 0000 354D","centre=9165 min=9162 max=9165 hex=23CD 23CD 23CD 23CD 23CC",0,0,0,,0,,,None,Unavailable,NoWallUnderCrosshair,,,,"only 0 valid depth samples under crosshair (405 no-data, 6 out-of-range, 30 low-confidence)",0,,,None,Unavailable,NoWallInView,,,,2.51945925,1.61552536,-1.717743,0.149573386,-0.45028308,0.0248101372,0.879919,0,0,0,0,0,0,267645.69651311403,267645.69651311403,0.029477707983460277
15.921427340827742,aece4ecd,SessionTracking,Tracking,30.0558052,29.9764271,1,0.03093072900082916,0.13625,0.0465277769,0,160x90 DepthUint16,"centre=0 min=1562 max=36385 hex=0000 0000 0000 0000 3559","centre=0 min=0 max=0 hex=0000 0000 0000 0000 0000",0,0,0,,0,,,None,Unavailable,NoWallUnderCrosshair,,,,"only 0 valid depth samples under crosshair (389 no-data, 12 out-of-range, 40 low-confidence)",0,,,None,Unavailable,NoWallInView,,,,2.53825378,1.6123842,-1.71708286,0.149077415,-0.452613,0.0249394774,0.878803432,0,0,0,0,0,0,267645.729840198,267645.729840198,0.030879583006026223
15.956376819812087,aece4ecd,SessionTracking,Tracking,30.05884,29.9764271,1,0.034171717998106033,0.137083337,0.045625,0,160x90 DepthUint16,"centre=0 min=1576 max=36416 hex=0000 0000 0000 0000 3561","centre=0 min=0 max=0 hex=0000 0000 0000 0000 0000",0,0,0,,0,,,None,Unavailable,NoWallUnderCrosshair,,,,"only 0 valid depth samples under crosshair (397 no-data, 12 out-of-range, 32 low-confidence)",0,,,None,Unavailable,NoWallInView,,,,2.55713749,1.60919547,-1.71661758,0.148508638,-0.4533231,0.0249609072,0.878533065,0,0,0,0,0,0,267645.763167281,267645.763167281,0.034099894983228296
15.991586663817381,aece4ecd,SessionTracking,Tracking,30.0588,29.9764271,1,0.03452473899233155,0.13555555,0.0463194437,0,160x90 DepthUint16,"centre=0 min=1599 max=32713 hex=0000 0000 0000 0000 3578","centre=0 min=0 max=0 hex=0000 0000 0000 0000 0000",0,0,0,,0,,,None,Unavailable,NoWallUnderCrosshair,,,,"only 0 valid depth samples under crosshair (395 no-data, 12 out-of-range, 34 low-confidence)",0,,,None,Unavailable,NoWallInView,,,,2.58025312,1.60450864,-1.72748017,0.148200884,-0.454530358,0.0247049965,0.8779683,0,0,0,0,0,0,267645.796438948,267645.796438948,0.034476665983675048
16.024206611821519,aece4ecd,SessionTracking,Tracking,30.05978,29.9764271,1,0.031876927008850586,0.157083333,0.04472222,1,160x90 DepthUint16,"centre=0 min=1613 max=36483 hex=0000 0000 0000 0000 3586","centre=12507 min=12506 max=12548 hex=30DB 30DB 30DB 30DC 30DD",0,0,0,,0,,,None,Unavailable,NoWallUnderCrosshair,,,,"only 0 valid depth samples under crosshair (386 no-data, 18 out-of-range, 37 low-confidence)",0,,,None,Unavailable,NoWallInView,,,,2.5997014,1.60119939,-1.72732937,0.148094788,-0.455343425,0.0246073,0.8775675,0,0,0,0,0,0,267645.829766032,267645.829766032,0.031824322999453258
16.057628642824803,aece4ecd,SessionTracking,Tracking,30.05997,29.9764271,1,0.032699114002753049,0.160347223,0.0418055542,0,160x90 DepthUint16,"centre=0 min=1628 max=36495 hex=0000 0000 0000 0000 3571","centre=0 min=0 max=0 hex=0000 0000 0000 0000 0000",0,0,0,,0,,,None,Unavailable,NoWallUnderCrosshair,,,,"only 0 valid depth samples under crosshair (403 no-data, 12 out-of-range, 26 low-confidence)",0,,,None,Unavailable,NoWallInView,,,,2.61924338,1.59777009,-1.72765219,0.146899745,-0.453246653,0.0249701757,0.8788427,0,0,0,0,0,0,267645.86309311504,267645.86309311504,0.032633437018375844
16.086956871817911,aece4ecd,SessionTracking,Tracking,30.0620346,29.9764271,1,0.028594375005923212,0.167013884,0.0424305573,1,160x90 DepthUint16,"centre=0 min=1566 max=36515 hex=0000 0000 0000 0000 356B","centre=32165 min=32156 max=32200 hex=7DA5 7DA5 7DA5 7DA4 7DA2",0,0,0,,0,,,None,Unavailable,NoWallUnderCrosshair,,,,"only 0 valid depth samples under crosshair (421 no-data, 6 out-of-range, 14 low-confidence)",0,,,None,Unavailable,NoWallInView,,,,2.653491,1.596192,-1.73551428,0.145650953,-0.449897259,0.0247533619,0.8807756,0,0,0,0,0,0,267645.89646159403,267645.89646159403,0.028542395011754707
16.123059840813603,aece4ecd,SessionTracking,Tracking,30.06055,29.9823627,1,0.035583176999352872,0.201527774,0.04458333,1,160x90 DepthUint16,"centre=0 min=1548 max=36485 hex=0000 0000 0000 0000 330A","centre=32337 min=32330 max=32372 hex=7E51 7E51 7E51 7E50 7E4E",0,0,0,,0,,,None,Unavailable,NoWallUnderCrosshair,,,,"only 0 valid depth samples under crosshair (439 no-data, 0 out-of-range, 2 low-confidence)",0,,,None,Unavailable,NoWallInView,,,,2.67396116,1.59269714,-1.73628163,0.144805372,-0.444527447,0.0254611671,0.8836167,0,0,0,0,0,0,267645.929788678,267645.929788678,0.035537552001187578
16.154851663827522,aece4ecd,SessionTracking,Tracking,30.0612469,29.9823627,1,0.031083698006113991,0.214027777,0.0472222231,1,160x90 DepthUint16,"centre=0 min=1564 max=36557 hex=0000 0000 0000 0000 2BC4","centre=32572 min=32559 max=32585 hex=7F3C 7F3C 7F3C 7F3B 7F39",0,0,0,,0,,,None,Unavailable,NoWallUnderCrosshair,,,,"only 0 valid depth samples under crosshair (441 no-data, 0 out-of-range, 0 low-confidence)",0,,,None,Unavailable,NoWallInView,,,,2.69475961,1.58897483,-1.73717761,0.143580511,-0.437941253,0.0257342756,0.8870907,0,0,0,0,0,0,267645.963115761,267645.963115761,0.031002864008769393
16.186718278825374,aece4ecd,SessionTracking,Tracking,30.06122,29.9823627,1,0.031302760995458812,0.224305555,0.0479861125,0,160x90 DepthUint16,"centre=0 min=1593 max=36834 hex=0000 0000 0000 0000 2A94","centre=0 min=0 max=0 hex=0000 0000 0000 0000 0000",0,0,0,,0,,,None,Unavailable,NoWallUnderCrosshair,,,,"only 0 valid depth samples under crosshair (441 no-data, 0 out-of-range, 0 low-confidence)",0,,,None,Unavailable,NoWallInView,,,,2.74238324,1.57417512,-1.74987245,0.142225221,-0.43010363,0.024573179,0.8911672,0,0,0,0,0,0,267645.99593498104,267645.99593498104,0.031252500019036233
16.2207611948241,aece4ecd,SessionTracking,Tracking,30.0611629,29.9823627,1,0.0335428120160941,0.266319454,0.0584722236,1,160x90 DepthUint16,"centre=0 min=1663 max=37323 hex=225F 0000 0000 0000 2A6D","centre=9278 min=9269 max=9279 hex=243E 243E 243E 243E 243D",0,0,0,,0,,,None,Unavailable,NoWallUnderCrosshair,,,,"only 0 valid depth samples under crosshair (441 no-data, 0 out-of-range, 0 low-confidence)",0,,,None,Unavailable,NoWallInView,,,,2.76435518,1.57010245,-1.75194287,0.14099358,-0.417261779,0.0248160064,0.8974395,0,0,0,0,0,0,267646.029262065,267646.029262065,0.033493124996311963
16.254903486812346,aece4ecd,SessionTracking,Tracking,30.0602741,29.9823627,1,0.027715520991478115,0.273333341,0.05784722,1,160x90 DepthUint16,"centre=0 min=1691 max=37790 hex=239A 0000 0000 0000 2A49","centre=8382 min=8367 max=8382 hex=20BE 20BE 20BE 20BD 20BC",0,0,0,,0,,,None,Unavailable,NoWallUnderCrosshair,,,,"only 0 valid depth samples under crosshair (441 no-data, 0 out-of-range, 0 low-confidence)",0,,,None,Unavailable,NoWallInView,,,,2.78656316,1.56601453,-1.75457621,0.138847277,-0.402491033,0.0245327074,0.9045002,0,0,0,0,0,0,267646.062589148,267646.062589148,0.027615572995273396
16.286676455811921,aece4ecd,SessionTracking,Tracking,30.0602989,29.9823627,1,0.031123541994020343,0.266666681,0.0608333349,1,160x90 DepthUint16,"centre=0 min=1813 max=38107 hex=0000 0000 0000 0000 410B","centre=8815 min=8805 max=8815 hex=226F 226F 226F 226E 226D",0,0,0,,0,,,None,Unavailable,NoWallUnderCrosshair,,,,"only 0 valid depth samples under crosshair (441 no-data, 0 out-of-range, 0 low-confidence)",0,,,None,Unavailable,NoWallInView,,,,2.9005878,1.55061269,-1.768929,0.134740323,-0.3918737,0.02015868,0.9098757,0,0,0,0,0,0,267646.093840858,267646.093840858,0.031074219004949555
16.319796403810706,aece4ecd,SessionTracking,Tracking,30.06103,29.9823627,1,0.032392551976954564,0.30472222,0.06722222,1,160x90 DepthUint16,"centre=0 min=1829 max=38514 hex=0000 0000 0000 0000 40F1","centre=23640 min=23629 max=23730 hex=5C5A 5C5A 5C58 5C57 5C53",0,0,0,,0,,,None,Unavailable,NoWallUnderCrosshair,,,,"only 0 valid depth samples under crosshair (441 no-data, 0 out-of-range, 0 low-confidence)",0,,,None,Unavailable,NoWallInView,,,,2.92673349,1.54610288,-1.7713989,0.1326838,-0.3766729,0.0197238941,0.9165825,0,0,0,0,0,0,267646.127167942,267646.127167942,0.032324011001037434
16.354524215827787,aece4ecd,SessionTracking,Tracking,30.0606651,29.9823627,1,0.033996458019828424,0.301041663,0.068125,1,160x90 DepthUint16,"centre=0 min=1826 max=38866 hex=0000 0000 0000 0000 40EB","centre=6819 min=6809 max=6820 hex=1AA3 1AA3 1AA3 1AA3 1AA2",0,0,0,,0,,,None,Unavailable,NoWallUnderCrosshair,,,,"only 0 valid depth samples under crosshair (441 no-data, 0 out-of-range, 0 low-confidence)",0,,,None,Unavailable,NoWallInView,,,,2.953332,1.54154837,-1.77333462,0.131869584,-0.362502754,0.01903823,0.9224098,0,0,0,0,0,0,267646.160495025,267646.160495025,0.033907708013430238
16.390291038812229,aece4ecd,SessionTracking,Tracking,30.0599785,29.9823627,1,0.035189635003916919,0.298472226,0.06951389,1,160x90 DepthUint16,"centre=0 min=1819 max=39150 hex=0000 0000 0000 0000 4656","centre=11375 min=11370 max=11925 hex=2C6A 2C6A 2C6F 2C8A 2CBE",0,0,0,,0,,,None,Unavailable,NoWallUnderCrosshair,,,,"only 0 valid depth samples under crosshair (423 no-data, 18 out-of-range, 0 low-confidence)",0,,,None,Unavailable,NoWallInView,,,,2.97943974,1.54190648,-1.76190174,0.132404119,-0.3502343,0.01834041,0.9270754,0,0,0,0,0,0,267646.19411065703,267646.19411065703,0.035126509988913313
16.422803278807642,aece4ecd,SessionTracking,Tracking,30.0603962,29.9823627,1,0.031807031977223232,0.319444448,0.0608333349,1,160x90 DepthUint16,"centre=0 min=1820 max=39434 hex=0000 0000 0000 0000 4378","centre=11453 min=11448 max=11998 hex=2CB9 2CB9 2CBD 2CD7 2D10",0,0,0,,0,,,None,Unavailable,NoWallUnderCrosshair,,,,"only 0 valid depth samples under crosshair (371 no-data, 70 out-of-range, 0 low-confidence)",0,,,None,Unavailable,NoWallInView,,,,3.00687742,1.53715324,-1.76268768,0.132853985,-0.337047428,0.0178286731,0.931896448,0,0,0,0,0,0,267646.227437741,267646.227437741,0.031758697994519025
16.457852496822689,aece4ecd,SessionTracking,Tracking,30.0597935,29.9823627,1,0.034263125009601936,0.301458329,0.05888889,1,160x90 DepthUint16,"centre=0 min=1821 max=39696 hex=0000 0000 0000 0000 22D9","centre=11471 min=11462 max=11922 hex=2CC9 2CCB 2CCF 2CE9 2DC7",0,0,0,,0,,,None,Unavailable,NoWallUnderCrosshair,,,,"only 0 valid depth samples under crosshair (351 no-data, 90 out-of-range, 0 low-confidence)",0,,,None,Unavailable,NoWallInView,,,,3.034761,1.5321877,-1.76333153,0.133740291,-0.323477447,0.0167744774,0.9365867,0,0,0,0,0,0,267646.260764824,267646.260764824,0.034212500002468005
16.489654371833986,aece4ecd,SessionTracking,Tracking,30.05997,29.9823627,1,0.031081927008926868,0.278055549,0.05784722,1,160x90 DepthUint16,"centre=0 min=2319 max=39944 hex=165A 0000 0000 0000 22F7","centre=7468 min=7288 max=8094 hex=1CE2 1CC9 1D2C 1D3D 1E0E",0,0,0,,0,,,None,Unavailable,NoWallUnderCrosshair,,,,"only 0 valid depth samples under crosshair (314 no-data, 127 out-of-range, 0 low-confidence)",0,,,None,Unavailable,NoWallInView,,,,3.06032181,1.52060509,-1.76481736,0.13452211,-0.308218569,0.015437305,0.9416299,0,0,0,0,0,0,267646.294056538,267646.294056538,0.031020989001262933
16.522022132818911,aece4ecd,SessionTracking,Tracking,30.0598125,29.9823627,1,0.031627760996343568,0.283541679,0.109375,1,160x90 DepthUint16,"centre=0 min=2330 max=39937 hex=169A 1B88 0000 0000 1BEF","centre=8021 min=7335 max=8559 hex=1DAD 1DC1 1F55 1FC3 1DF7",0,0,0,,0,,,None,Unavailable,NoWallUnderCrosshair,,,,"only 0 valid depth samples under crosshair (225 no-data, 216 out-of-range, 0 low-confidence)",0,,,None,Unavailable,NoWallInView,,,,3.08896,1.51511431,-1.76583266,0.13443169,-0.292953879,0.0134120286,0.9465338,0,0,0,0,0,0,267646.327383622,267646.327383622,0.03157916700001806
16.55664577882164,aece4ecd,SessionTracking,Tracking,30.0612278,29.9823627,1,0.03389130299910903,0.264722228,0.09854167,1,160x90 DepthUint16,"centre=0 min=2716 max=39920 hex=1A01 1BBE 0000 0000 18BA","centre=8171 min=7539 max=8404 hex=1DDF 1DE6 1FEB 207F 1DC1",0,0,0,,0,,,None,Unavailable,NoWallUnderCrosshair,,,,"only 0 valid depth samples under crosshair (195 no-data, 246 out-of-range, 0 low-confidence)",0,,,None,Unavailable,NoWallInView,,,,3.11813879,1.50945616,-1.76686561,0.133848652,-0.278197676,0.0111275325,0.9510872,0,0,0,0,0,0,267646.360710705,267646.360710705,0.033831250009825453
16.588421142833631,aece4ecd,SessionTracking,Tracking,30.0624771,29.9823627,1,0.031217396026477218,0.24375,0.102708332,1,160x90 DepthUint16,"centre=0 min=3073 max=39968 hex=1A3A 1BEC 0000 4F01 1826","centre=10456 min=9400 max=10603 hex=282E 2830 28D8 2961 256D",0,0,0,,0,,,None,Unavailable,NoWallUnderCrosshair,,,,"only 0 valid depth samples under crosshair (227 no-data, 214 out-of-range, 0 low-confidence)",0,,,None,Unavailable,NoWallInView,,,,3.20166254,1.54012966,-1.66836369,0.135456368,-0.2626327,0.007559717,0.9553107,0,0,0,0,0,0,267646.393249317,267646.393249317,0.031170312024187297
16.61960765381702,aece4ecd,SessionTracking,Tracking,30.0614967,29.9823627,1,0.03069890700862743,0.239097223,0.07729167,1,160x90 DepthUint16,"centre=21068 min=3059 max=39958 hex=0000 0000 524C 4DFD 1863","centre=9296 min=8389 max=9681 hex=247F 2490 2450 23BA 213C",0,0,0,,0,,,None,Unavailable,NoWallUnderCrosshair,,,,"only 0 valid depth samples under crosshair (225 no-data, 216 out-of-range, 0 low-confidence)",0,,,None,Unavailable,NoWallInView,,,,3.23372912,1.535237,-1.66593611,0.134804264,-0.249905661,0.00586476969,0.958822548,0,0,0,0,0,0,267646.426576401,267646.426576401,0.030651459004729986
16.655656559828294,aece4ecd,SessionTracking,Tracking,30.060688,29.9823627,1,0.035414167010458186,0.226458326,0.07576389,1,160x90 DepthUint16,"centre=20624 min=3070 max=39987 hex=0000 0000 5090 9B4C 5877","centre=9380 min=8358 max=9761 hex=24ED 24EE 24A4 2408 2144",0,0,0,,0,,,None,Unavailable,NoWallUnderCrosshair,,,,"only 0 valid depth samples under crosshair (278 no-data, 163 out-of-range, 0 low-confidence)",0,,,None,Unavailable,NoWallInView,,,,3.26605487,1.53047681,-1.66334343,0.135340065,-0.2359055,0.005025,0.962292254,0,0,0,0,0,0,267646.45990348404,267646.45990348404,0.035366302006877959
16.6909495808057,aece4ecd,SessionTracking,Tracking,30.06185,29.9823627,1,0.034336197975790128,0.214722216,0.06,1,160x90 DepthUint16,"centre=0 min=3031 max=39970 hex=0000 0000 0000 0000 0000","centre=9584 min=8732 max=9996 hex=256B 25D2 2570 24FB 246D",0,0,0,,0,,,None,Unavailable,NoWallUnderCrosshair,,,,"only 0 valid depth samples under crosshair (350 no-data, 91 out-of-range, 0 low-confidence)",0,,,None,Unavailable,NoWallInView,,,,3.32272816,1.56385911,-1.47878945,0.138757885,-0.218108878,0.00371623086,0.9660026,0,0,0,0,0,0,267646.491658883,267646.491658883,0.03422052098903805
16.723517861827368,aece4ecd,SessionTracking,Tracking,30.0612469,29.9823627,1,0.031757760996697471,0.207222223,0.058958333,1,160x90 DepthUint16,"centre=0 min=2953 max=39924 hex=0000 0000 0000 0000 0000","centre=9752 min=8892 max=9959 hex=262F 2663 2618 263E 25CE",0,0,0,,0,,,None,Unavailable,NoWallUnderCrosshair,,,,"only 0 valid depth samples under crosshair (398 no-data, 43 out-of-range, 0 low-confidence)",0,,,None,Unavailable,NoWallInView,,,,3.35698819,1.5594399,-1.47127426,0.136636019,-0.2031218,0.00202542567,0.9695711,0,0,0,0,0,0,267646.52498596703,267646.52498596703,0.031708698021247983
16.753542080811549,aece4ecd,SessionTracking,Tracking,30.06423,29.9823627,1,0.029301250004209578,0.194444448,0.05638889,1,160x90 DepthUint16,"centre=0 min=3632 max=39818 hex=0000 0000 0000 0000 0000","centre=9907 min=8958 max=10126 hex=272B 26E3 26B3 266C 267C",0,0,0,,0,,,None,Unavailable,NoWallUnderCrosshair,,,,"only 0 valid depth samples under crosshair (441 no-data, 0 out-of-range, 0 low-confidence)",0,,,None,Unavailable,NoWallInView,,,,3.39183521,1.55475879,-1.46361446,0.133271381,-0.188102558,-0.000827550946,0.973065,0,0,0,0,0,0,267646.55831305,267646.55831305,0.029250156978378072
16.787672236822637,aece4ecd,SessionTracking,Tracking,30.0610924,29.9823627,1,0.033459322992712259,0.186319441,0.0497916676,1,160x90 DepthUint16,"centre=0 min=4364 max=39574 hex=0000 0000 0000 0000 0000","centre=9181 min=8474 max=10055 hex=22A5 2335 23DD 23ED 24CE",0,0,0,,0,,,None,Unavailable,NoWallUnderCrosshair,,,,"only 0 valid depth samples under crosshair (441 no-data, 0 out-of-range, 0 low-confidence)",0,,,None,Unavailable,NoWallInView,,,,3.337231,1.52096677,-1.31691539,0.134179339,-0.1713038,-0.000753790257,0.9760381,0,0,0,0,0,0,267646.591580901,267646.591580901,0.033391511009540409
16.824988694831355,aece4ecd,SessionTracking,Tracking,30.0655,29.9823627,1,0.036586354020982981,0.18354167,0.05,1,160x90 DepthUint16,"centre=0 min=4880 max=39734 hex=0000 0000 0000 0000 0000","centre=9326 min=8412 max=9976 hex=2388 23ED 246E 2493 2523",0,0,0,,0,,,None,Unavailable,NoWallUnderCrosshair,,,,"only 0 valid depth samples under crosshair (441 no-data, 0 out-of-range, 0 low-confidence)",0,,,None,Unavailable,NoWallInView,,,,3.370629,1.515873,-1.30421829,0.1344969,-0.157922924,-0.002831638,0.9782448,0,0,0,0,0,0,267646.62490798504,267646.62490798504,0.036529322998831049
16.854831819828924,aece4ecd,SessionTracking,Tracking,30.0611839,29.9823627,1,0.0292398440069519,0.178888887,0.05125,1,160x90 DepthUint16,"centre=0 min=4848 max=39581 hex=0000 0000 0000 0000 0000","centre=9911 min=8295 max=10279 hex=25B5 2636 26B7 26EA 26F7",0,0,0,,0,,,None,Unavailable,NoWallUnderCrosshair,,,,"only 0 valid depth samples under crosshair (441 no-data, 0 out-of-range, 0 low-confidence)",0,,,None,Unavailable,NoWallInView,,,,3.40492845,1.51101029,-1.29098642,0.1357945,-0.146810725,-0.00404426455,0.9797909,0,0,0,0,0,0,267646.658235068,267646.658235068,0.029183177015511319
16.887256923829064,aece4ecd,SessionTracking,Tracking,30.0623188,29.9823627,1,0.031815469003049657,0.176527783,0.044375,1,160x90 DepthUint16,"centre=0 min=4697 max=39193 hex=0000 0000 0000 0000 0000","centre=11528 min=10307 max=13700 hex=2AA7 2D30 2D08 2CDB 2C05",0,0,0,,0,,,None,Unavailable,NoWallUnderCrosshair,,,,"only 0 valid depth samples under crosshair (441 no-data, 0 out-of-range, 0 low-confidence)",0,,,None,Unavailable,NoWallInView,,,,3.33919454,1.49840188,-1.1702162,0.139929742,-0.135730863,-0.002321005,0.980811656,0,0,0,0,0,0,267646.691667749,267646.691667749,0.031760676996782422
16.927918329833865,aece4ecd,SessionTracking,Tracking,30.0625668,29.9823627,1,0.039921145013067871,0.182638884,0.08513889,1,160x90 DepthUint16,"centre=0 min=4674 max=39130 hex=0000 0000 0000 0000 0000","centre=11893 min=10360 max=13850 hex=2C1F 2E16 2E75 2E38 2D2F",0,0,0,,0,,,None,Unavailable,NoWallUnderCrosshair,,,,"only 0 valid depth samples under crosshair (441 no-data, 0 out-of-range, 0 low-confidence)",0,,,None,Unavailable,NoWallInView,,,,3.37233925,1.49370813,-1.15349281,0.143153071,-0.1271219,-0.00387009978,0.9814949,0,0,0,0,0,0,267646.724994833,267646.724994833,0.039860937016783282
16.957683017825566,aece4ecd,SessionTracking,Tracking,30.06261,29.9823627,1,0.028902343998197466,0.168402776,0.08833333,1,160x90 DepthUint16,"centre=0 min=4643 max=39029 hex=0000 0000 0000 0000 0000","centre=11651 min=10559 max=14414 hex=2B99 2D44 2D83 2D61 2CC1",0,0,0,,0,,,None,Unavailable,NoWallUnderCrosshair,,,,"only 0 valid depth samples under crosshair (441 no-data, 0 out-of-range, 0 low-confidence)",0,,,None,Unavailable,NoWallInView,,,,3.4054184,1.48930919,-1.13661,0.147567078,-0.115473017,-0.00347399735,0.982282,0,0,0,0,0,0,267646.75832191604,267646.75832191604,0.028831302013713866
16.989812444807121,aece4ecd,SessionTracking,Tracking,30.0621433,29.9823627,1,0.031511926994426176,0.155069441,0.09041667,1,160x90 DepthUint16,"centre=0 min=4492 max=38764 hex=0000 0000 0000 0000 0000","centre=27404 min=27387 max=27569 hex=6B08 6B09 6B0C 6B0E 6B1B",0,0,0,,0,,,None,Unavailable,NoWallUnderCrosshair,,,,"only 0 valid depth samples under crosshair (441 no-data, 0 out-of-range, 0 low-confidence)",0,,,None,Unavailable,NoWallInView,,,,3.26058435,1.51052868,-1.03621721,0.153652251,-0.100677274,0.00185564172,0.982981,0,0,0,0,0,0,267646.792978545,267646.792978545,0.031464947998756543
17.021550777832836,aece4ecd,SessionTracking,Tracking,30.0618668,29.9823627,1,0.03103937502601184,0.152777776,0.213611111,1,160x90 DepthUint16,"centre=0 min=5023 max=39045 hex=0000 0000 0000 0000 0000","centre=23994 min=22862 max=28661 hex=5D90 5DC4 5DBA 5D6A 5C7B",0,0,0,,0,,,None,Unavailable,NoWallUnderCrosshair,,,,"only 0 valid depth samples under crosshair (441 no-data, 0 out-of-range, 0 low-confidence)",0,,,None,Unavailable,NoWallInView,,,,3.28979,1.50619018,-1.01769519,0.154601142,-0.0872917846,0.002508253,0.984109938,0,0,0,0,0,0,267646.82630562905,267646.82630562905,0.030988802027422935
17.056647548829297,aece4ecd,SessionTracking,Tracking,30.0620785,29.9823627,1,0.034518073021899909,0.132361114,0.25333333,1,160x90 DepthUint16,"centre=0 min=5324 max=38885 hex=0000 0000 0000 0000 0000","centre=24607 min=22756 max=29463 hex=6012 603B 601F 5FD6 5EAC",0,0,0,,0,,,None,Unavailable,NoWallUnderCrosshair,,,,"only 0 valid depth samples under crosshair (441 no-data, 0 out-of-range, 0 low-confidence)",0,,,None,Unavailable,NoWallInView,,,,3.32001,1.50135243,-0.999300659,0.153157309,-0.0756762,0.00197887444,0.985298,0,0,0,0,0,0,267646.85963271203,267646.85963271203,0.034460625000065193
17.087351559805775,aece4ecd,SessionTracking,Tracking,30.0614738,29.9823627,1,0.029638437990797684,0.117986113,0.237013891,1,160x90 DepthUint16,"centre=0 min=5757 max=38721 hex=0000 0000 0000 0000 0000","centre=20342 min=13658 max=22038 hex=4FB1 4FA1 4F76 4F47 4E0C",0,0,0,,0,,,None,Unavailable,NoWallUnderCrosshair,,,,"only 0 valid depth samples under crosshair (441 no-data, 0 out-of-range, 0 low-confidence)",0,,,None,Unavailable,NoWallInView,,,,3.28541517,1.51910877,-0.9631949,0.15109396,-0.06531944,0.001808554,0.9863573,0,0,0,0,0,0,267646.893368082,267646.893368082,0.029509947984479368
17.120604006805316,aece4ecd,SessionTracking,Tracking,30.0621185,29.9823627,1,0.032551665994105861,0.126527771,0.384097219,1,160x90 DepthUint16,"centre=0 min=8681 max=39794 hex=0000 0000 0000 0000 0000","centre=27859 min=14698 max=28254 hex=6D6D 6D22 6CD3 6C4D 6A8B",0,0,0,,0,,,None,Unavailable,NoWallUnderCrosshair,,,,"only 0 valid depth samples under crosshair (441 no-data, 0 out-of-range, 0 low-confidence)",0,,,None,Unavailable,NoWallInView,,,,3.315381,1.51455283,-0.9441586,0.148421943,-0.0553674921,0.000435352355,0.9873729,0,0,0,0,0,0,267646.92669516604,267646.92669516604,0.032501301990123466
17.159886038831992,aece4ecd,SessionTracking,Tracking,30.06252,29.8989353,1,0.038565834023756906,0.110486113,0.379583329,1,160x90 DepthUint16,"centre=0 min=9398 max=39760 hex=0000 0000 0000 0000 0000","centre=32753 min=16031 max=33128 hex=80B0 8055 7FF1 7F65 7D45",0,0,0,,0,,,None,Unavailable,NoWallUnderCrosshair,,,,"only 0 valid depth samples under crosshair (441 no-data, 0 out-of-range, 0 low-confidence)",0,,,None,Unavailable,NoWallInView,,,,3.34540153,1.50981951,-0.924491465,0.146717086,-0.0437149256,-0.0006676615,0.98821187,0,0,0,0,0,0,267646.960022249,267646.960022249,0.038493490021210164
17.198034371830381,aece4ecd,SessionTracking,Tracking,30.064436,29.8989353,1,0.037428021023515612,0.0909027755,0.340208322,1,160x90 DepthUint16,"centre=0 min=9301 max=39800 hex=0000 0000 0000 0000 0000","centre=35312 min=24040 max=35544 hex=8A4F 8A12 89F0 89A2 877C",0,0,0,,0,,,None,Unavailable,NoWallUnderCrosshair,,,,"only 0 valid depth samples under crosshair (441 no-data, 0 out-of-range, 0 low-confidence)",0,,,None,Unavailable,NoWallInView,,,,3.36278844,1.51065218,-0.89897424,0.147111356,-0.0320576169,-0.00128039729,0.9885995,0,0,0,0,0,0,267646.993824029,267646.993824029,0.037366719014244154
17.22372400681963,aece4ecd,SessionTracking,Tracking,30.0629,29.8989353,1,0.025071040989132598,0.0995833352,0.52347225,1,160x90 DepthUint16,"centre=0 min=9235 max=39882 hex=0000 0000 0000 0000 0000","centre=35803 min=26387 max=35921 hex=8B95 8B8E 8BDB 8BD9 8934",0,0,0,,0,,,None,Unavailable,NoWallUnderCrosshair,,,,"only 0 valid depth samples under crosshair (441 no-data, 0 out-of-range, 0 low-confidence)",0,,,None,Unavailable,NoWallInView,,,,3.39300156,1.50600266,-0.877698362,0.148934662,-0.0204458013,-0.00166416168,0.9886343,0,0,0,0,0,0,267647.027151113,267647.027151113,0.025017551990458742
17.253918538829403,aece4ecd,SessionTracking,Tracking,30.0629,29.8989353,1,0.029412344010779634,0.08423611,0.47125,1,160x90 DepthUint16,"centre=0 min=9255 max=39995 hex=0000 0000 0000 0000 0000","centre=35053 min=27219 max=35093 hex=889E 88A9 88ED 88E3 86B9",0,0,0,,0,,,None,Unavailable,NoWallUnderCrosshair,,,,"only 0 valid depth samples under crosshair (441 no-data, 0 out-of-range, 0 low-confidence)",0,,,None,Unavailable,NoWallInView,,,,3.42369652,1.50111711,-0.855778456,0.1518724,-0.009797804,-0.00137120485,0.9883506,0,0,0,0,0,0,267647.060478196,267647.060478196,0.02934510400518775
17.29108546581012,aece4ecd,SessionTracking,Tracking,30.0643845,29.8989353,1,0.036429739993764088,0.06902778,0.40125,1,160x90 DepthUint16,"centre=0 min=9279 max=39905 hex=0000 0000 0000 0000 0000","centre=20258 min=17133 max=27127 hex=457B 49DF 4F22 51C8 5555",0,0,0,,0,,,None,Unavailable,NoWallUnderCrosshair,,,,"only 0 valid depth samples under crosshair (441 no-data, 0 out-of-range, 0 low-confidence)",0,,,None,Unavailable,NoWallInView,,,,3.40300155,1.52520478,-0.8397782,0.156122953,0.000227928162,-0.000398725271,0.987737536,0,0,0,0,0,0,267647.09426965204,267647.09426965204,0.036371301976032555
17.321908433833251,aece4ecd,SessionTracking,Tracking,30.0625172,29.8989353,1,0.030141145020024851,0.07958333,0.585347235,1,160x90 DepthUint16,"centre=0 min=10426 max=39846 hex=0000 0000 0000 0000 0000","centre=21224 min=18350 max=30613 hex=49EE 4D64 52E8 556A 5A47",0,0,0,,0,,,None,Unavailable,NoWallUnderCrosshair,,,,"only 0 valid depth samples under crosshair (441 no-data, 0 out-of-range, 0 low-confidence)",0,,,None,Unavailable,NoWallInView,,,,3.43448162,1.52080357,-0.8171839,0.159643129,0.007883654,-0.00135344279,0.9871424,0,0,0,0,0,0,267647.127596736,267647.127596736,0.0300929160148371
17.352996246829953,aece4ecd,SessionTracking,Tracking,30.0613956,29.8989353,1,0.0305364060041029,0.07048611,0.485,1,160x90 DepthUint16,"centre=0 min=10548 max=39896 hex=0000 0000 0000 0000 0000","centre=19821 min=15980 max=31949 hex=4157 4685 4D6D 5165 5780",0,0,0,,0,,,None,Unavailable,NoWallUnderCrosshair,,,,"only 0 valid depth samples under crosshair (441 no-data, 0 out-of-range, 0 low-confidence)",0,,,None,Unavailable,NoWallInView,,,,3.46688581,1.51637,-0.794648767,0.1618698,0.0142901987,-0.0023714304,0.98670584,0,0,0,0,0,0,267647.160923819,267647.160923819,0.030491771001834422
17.393827236809393,aece4ecd,SessionTracking,Tracking,30.0613384,29.8989353,1,0.040345885994611308,0.06277778,0.383402765,1,160x90 DepthUint16,"centre=0 min=13717 max=39896 hex=0000 0000 0000 0000 0000","centre=18292 min=14858 max=26067 hex=3FE8 42F1 4774 493F 4B5D",0,0,0,,0,,,None,Unavailable,NoWallUnderCrosshair,,,,"only 0 valid depth samples under crosshair (441 no-data, 0 out-of-range, 0 low-confidence)",0,,,None,Unavailable,NoWallInView,,,,3.50609183,1.51906037,-0.776085,0.162846923,0.020756267,-0.003282398,0.986427546,0,0,0,0,0,0,267647.194568225,267647.194568225,0.0403015109768603
17.423573746810526,aece4ecd,SessionTracking,Tracking,30.0620079,29.8989353,1,0.028112759988289326,0.071041666,0.754930556,1,160x90 DepthUint16,"centre=0 min=13629 max=39827 hex=0000 0000 0000 0000 0000","centre=19075 min=16719 max=27593 hex=4497 45ED 4A83 4BD9 4D71",0,0,0,,0,,,None,Unavailable,NoWallUnderCrosshair,,,,"only 0 valid depth samples under crosshair (441 no-data, 0 out-of-range, 0 low-confidence)",0,,,None,Unavailable,NoWallInView,,,,3.54017949,1.51483667,-0.753827333,0.162242517,0.0268512461,-0.00442576455,0.9863756,0,0,0,0,0,0,267647.22789530904,267647.22789530904,0.025852864986518398
17.455069475806177,aece4ecd,SessionTracking,Tracking,30.0620728,29.8989353,1,0.030694634973770007,0.06666667,0.6338889,1,160x90 DepthUint16,"centre=0 min=13545 max=39741 hex=0000 0000 0000 0000 0000","centre=18847 min=16352 max=27038 hex=4407 4526 499F 4AC4 4BE7",0,0,0,,0,,,None,Unavailable,NoWallUnderCrosshair,,,,"only 0 valid depth samples under crosshair (441 no-data, 0 out-of-range, 0 low-confidence)",0,,,None,Unavailable,NoWallInView,,,,3.575283,1.510678,-0.731638432,0.160978466,0.0307814069,-0.006823004,0.986454248,0,0,0,0,0,0,267647.26122239203,267647.26122239203,0.030632447975222021
17.493225465818632,aece4ecd,SessionTracking,Tracking,30.0605736,29.8989353,1,0.037471354007720947,0.065625,0.7275,1,160x90 DepthUint16,"centre=0 min=13511 max=39714 hex=0000 0000 0000 0000 0000","centre=19393 min=16335 max=28357 hex=428D 4677 4BC1 4CB3 4EEB",0,0,0,,0,,,None,Unavailable,NoWallUnderCrosshair,,,,"only 0 valid depth samples under crosshair (441 no-data, 0 out-of-range, 0 low-confidence)",0,,,None,Unavailable,NoWallInView,,,,3.64032149,1.51486135,-0.7084923,0.160846472,0.0322490521,-0.0109333405,0.986391842,0,0,0,0,0,0,267647.294903215,267647.294903215,0.03742208398762159
17.524654631821996,aece4ecd,SessionTracking,Tracking,30.05946,29.8989353,1,0.030474895000224933,0.06729167,0.7841667,1,160x90 DepthUint16,"centre=0 min=13517 max=39744 hex=0000 0000 0000 0000 0000","centre=19210 min=16321 max=28912 hex=4162 4640 4B0A 4C46 4F24",0,0,0,,0,,,None,Unavailable,NoWallUnderCrosshair,,,,"only 0 valid depth samples under crosshair (441 no-data, 0 out-of-range, 0 low-confidence)",0,,,None,Unavailable,NoWallInView,,,,3.67847824,1.51118779,-0.68563354,0.16204071,0.03224323,-0.0150224864,0.986142755,0,0,0,0,0,0,267647.328230299,267647.328230299,0.030369114014320076
17.555184163821487,aece4ecd,SessionTracking,Tracking,30.06183,29.8989353,1,0.029837709007551894,0.06701389,0.7722222,1,160x90 DepthUint16,"centre=0 min=13500 max=39762 hex=0000 0000 0000 0000 0000","centre=19973 min=15593 max=28861 hex=4342 48B3 4E05 4F0E 5155",0,0,0,,0,,,None,Unavailable,NoWallUnderCrosshair,,,,"only 0 valid depth samples under crosshair (441 no-data, 0 out-of-range, 0 low-confidence)",0,,,None,Unavailable,NoWallInView,,,,3.71695662,1.50742054,-0.662578762,0.163096726,0.0338254347,-0.0187354386,0.9858521,0,0,0,0,0,0,267647.36155738204,267647.36155738204,0.029778386000543833
17.590871402818102,aece4ecd,SessionTracking,Tracking,30.0605431,29.8989353,1,0.034896510012913495,0.05861111,0.636666656,1,160x90 DepthUint16,"centre=0 min=13629 max=39706 hex=0000 0000 0000 0000 0000","centre=21242 min=15521 max=27811 hex=4EFC 5072 52FA 554F 58B1",0,0,0,,0,,,None,Unavailable,NoWallUnderCrosshair,,,,"only 0 valid depth samples under crosshair (441 no-data, 0 out-of-range, 0 low-confidence)",0,,,None,Unavailable,NoWallInView,,,,3.85335422,1.51257181,-0.738658845,0.160981581,0.04190777,-0.0212745983,0.985837758,0,0,0,0,0,0,267647.39419769,267647.39419769,0.034831353987101465
17.623338485834047,aece4ecd,SessionTracking,Tracking,30.0614014,29.8989353,1,0.0319160410144832,0.05666667,0.6436806,1,160x90 DepthUint16,"centre=0 min=13610 max=39740 hex=0000 0000 0000 0000 0000","centre=20870 min=15284 max=28399 hex=4E3E 4F33 5186 53F2 58C9",0,0,0,,0,,,None,Unavailable,NoWallUnderCrosshair,,,,"only 0 valid depth samples under crosshair (441 no-data, 0 out-of-range, 0 low-confidence)",0,,,None,Unavailable,NoWallInView,,,,3.89491963,1.50905252,-0.7174715,0.162652522,0.0445449054,-0.0238833725,0.985388041,0,0,0,0,0,0,267647.42752477404,267647.42752477404,0.031858020025538281
17.6538007258194,aece4ecd,SessionTracking,Tracking,30.06215,29.8989353,1,0.029407603986328468,0.05722222,0.6847917,1,160x90 DepthUint16,"centre=0 min=13658 max=39828 hex=0000 0000 0000 0000 0000","centre=20783 min=15024 max=28181 hex=4D70 4ED6 512F 5338 585C",0,0,0,,0,,,None,Unavailable,NoWallUnderCrosshair,,,,"only 0 valid depth samples under crosshair (441 no-data, 0 out-of-range, 0 low-confidence)",0,,,None,Unavailable,NoWallInView,,,,3.93782759,1.50558472,-0.696085334,0.1651548,0.0428051464,-0.02624786,0.98498863,0,0,0,0,0,0,267647.46085185703,267647.46085185703,0.029348384996410459
17.695987340818483,aece4ecd,SessionTracking,Tracking,30.0623817,29.8989353,1,0.0408685420115944,0.0547916666,0.6025,1,160x90 DepthUint16,"centre=0 min=13847 max=39743 hex=0000 0000 0000 0000 0000","centre=17932 min=13402 max=28076 hex=3EE3 4280 460C 4826 4E15",0,0,0,,0,,,None,Unavailable,NoWallUnderCrosshair,,,,"only 0 valid depth samples under crosshair (441 no-data, 0 out-of-range, 0 low-confidence)",0,,,None,Unavailable,NoWallInView,,,,3.93651748,1.53803134,-0.8065871,0.160618976,0.0465023369,-0.0258018374,0.985582769,0,0,0,0,0,0,267647.49399613903,267647.49399613903,0.040820938011165708
17.72316431981637,aece4ecd,SessionTracking,Tracking,30.0615025,29.8989353,1,0.026136511005461216,0.0496527776,0.529236138,1,160x90 DepthUint16,"centre=0 min=16089 max=39600 hex=0000 0000 0000 0000 0000","centre=18722 min=12708 max=26909 hex=4085 440B 4922 4B07 4F30",0,0,0,,0,,,None,Unavailable,NoWallUnderCrosshair,,,,"only 0 valid depth samples under crosshair (441 no-data, 0 out-of-range, 0 low-confidence)",0,,,None,Unavailable,NoWallInView,,,,3.97861624,1.5351367,-0.789080262,0.1588248,0.0541266836,-0.0261983871,0.9854739,0,0,0,0,0,0,267647.527323223,267647.527323223,0.0260284380055964
17.754283381828664,aece4ecd,SessionTracking,Tracking,30.0625534,29.8989353,1,0.02603416601778008,0.048125,0.489305556,1,160x90 DepthUint16,"centre=0 min=16070 max=39469 hex=0000 0000 0000 0000 0000","centre=17059 min=13638 max=26896 hex=3CAA 3F5D 42A3 43E5 4734",0,0,0,,0,,,None,Unavailable,NoWallUnderCrosshair,,,,"only 0 valid depth samples under crosshair (441 no-data, 0 out-of-range, 0 low-confidence)",0,,,None,Unavailable,NoWallInView,,,,4.02184963,1.53219771,-0.7717139,0.156720832,0.057267148,-0.0255623776,0.9856499,0,0,0,0,0,0,267647.560650306,267647.560650306,0.025890468998113647
17.80274921582788,aece4ecd,SessionTracking,Tracking,30.06265,29.8989353,1,0.047939584008418024,0.04763889,0.4501389,1,160x90 DepthUint16,"centre=0 min=16219 max=39321 hex=0000 0000 0000 0000 0000","centre=25564 min=19216 max=28173 hex=5F72 6185 63DC 64CD 667C",0,0,0,,0,,,None,Unavailable,NoWallUnderCrosshair,,,,"only 0 valid depth samples under crosshair (441 no-data, 0 out-of-range, 0 low-confidence)",0,,,None,Unavailable,NoWallInView,,,,4.03686237,1.55089152,-0.847488463,0.151797965,0.05960255,-0.0231937785,0.9863402,0,0,0,0,0,0,267647.593880145,267647.593880145,0.047893073002342135
17.829736454818722,aece4ecd,SessionTracking,Tracking,20.0411644,29.8989353,1,0.024938332993770018,0.04625,0.439583331,1,160x90 DepthUint16,"centre=0 min=18282 max=39143 hex=0000 0000 0000 0000 0000","centre=26035 min=18309 max=28419 hex=5F66 62C9 65B3 6711 68B3",0,0,0,,0,,,None,Unavailable,NoWallUnderCrosshair,,,,"only 0 valid depth samples under crosshair (441 no-data, 0 out-of-range, 0 low-confidence)",0,,,None,Unavailable,NoWallInView,,,,4.08087349,1.54824054,-0.8329893,0.148953363,0.0647175759,-0.0230298955,0.9864554,0,0,0,0,0,0,267647.62720722903,267647.62720722903,0.024776718986686319
17.859659267821208,aece4ecd,SessionTracking,Tracking,30.0618935,29.8989353,1,0.02937213599216193,0.043472223,0.396875,1,160x90 DepthUint16,"centre=0 min=19613 max=38902 hex=0000 0000 0000 0000 0000","centre=25981 min=17938 max=27844 hex=5F47 62EC 657D 66BE 67BD",0,0,0,,0,,,None,Unavailable,NoWallUnderCrosshair,,,,"only 0 valid depth samples under crosshair (441 no-data, 0 out-of-range, 0 low-confidence)",0,,,None,Unavailable,NoWallInView,,,,4.12519169,1.54529941,-0.8186071,0.145306677,0.07170028,-0.0212967414,0.9865554,0,0,0,0,0,0,267647.660534312,267647.660534312,0.02932718800730072
17.891508173807615,aece4ecd,SessionTracking,Tracking,30.0616646,29.8989353,1,0.031098280975129455,0.04027778,0.333472222,1,160x90 DepthUint16,"centre=0 min=19496 max=38729 hex=0000 0000 0000 0000 0000","centre=22461 min=19580 max=27205 hex=4DAB 5327 57BD 59E5 5C12",0,0,0,,0,,,None,Unavailable,NoWallUnderCrosshair,,,,"only 0 valid depth samples under crosshair (441 no-data, 0 out-of-range, 0 low-confidence)",0,,,None,Unavailable,NoWallInView,,,,4.08014059,1.55867016,-0.9076499,0.140738219,0.07766632,-0.017090084,0.9868478,0,0,0,0,0,0,267647.693775117,267647.693775117,0.031030676997033879
17.92355687182755,aece4ecd,SessionTracking,Tracking,30.06112,29.8989353,1,0.031292030995246023,0.0395833328,0.338958323,1,160x90 DepthUint16,"centre=0 min=19408 max=38640 hex=0000 0000 0000 0000 0000","centre=15972 min=14738 max=25831 hex=3A8C 3C9B 3E64 3F96 433E",0,0,0,,0,,,None,Unavailable,NoWallUnderCrosshair,,,,"only 0 valid depth samples under crosshair (441 no-data, 0 out-of-range, 0 low-confidence)",0,,,None,Unavailable,NoWallInView,,,,4.124742,1.55611849,-0.896278,0.1396643,0.08064098,-0.01862106,0.9867341,0,0,0,0,0,0,267647.727102201,267647.727102201,0.031222499994328246
17.954278902819006,aece4ecd,SessionTracking,Tracking,30.0607433,29.8989353,1,0.030020990001503378,0.0361111127,0.307569444,1,160x90 DepthUint16,"centre=0 min=19212 max=38402 hex=0000 0000 0000 0000 0000","centre=13859 min=12936 max=24734 hex=34A6 3566 3623 36B7 3A98",0,0,0,,0,,,None,Unavailable,NoWallUnderCrosshair,,,,"only 0 valid depth samples under crosshair (441 no-data, 0 out-of-range, 0 low-confidence)",0,,,None,Unavailable,NoWallInView,,,,4.16890144,1.55300224,-0.884950459,0.137068883,0.0898328945,-0.0185611844,0.986305058,0,0,0,0,0,0,267647.760429284,267647.760429284,0.029951353993965313
17.989514735817302,aece4ecd,SessionTracking,Tracking,30.05784,29.8989353,1,0.034693958004936576,0.0314583331,0.25333333,1,160x90 DepthUint16,"centre=0 min=21074 max=38090 hex=0000 0000 0000 0000 0000","centre=28271 min=27840 max=28377 hex=6E6D 6E6E 6E6F 6E73 6E87",0,0,0,,0,,,None,Unavailable,NoWallUnderCrosshair,,,,"only 0 valid depth samples under crosshair (441 no-data, 0 out-of-range, 0 low-confidence)",0,,,None,Unavailable,NoWallInView,,,,4.223394,1.54327261,-0.867329,0.136193782,0.106467836,-0.0168026686,0.9848013,0,0,0,0,0,0,267647.793573902,267647.793573902,0.034645884996280074
18.020622808805292,aece4ecd,SessionTracking,Tracking,30.06288,29.8989353,1,0.030352655972819775,0.0291666668,0.211597219,1,160x90 DepthUint16,"centre=0 min=20912 max=37903 hex=0000 0000 0000 0000 0000","centre=28259 min=27810 max=28274 hex=6E64 6E63 6E63 6E62 6E67",0,0,0,,0,,,None,Unavailable,NoWallUnderCrosshair,,,,"only 0 valid depth samples under crosshair (441 no-data, 0 out-of-range, 0 low-confidence)",0,,,None,Unavailable,NoWallInView,,,,4.268797,1.54043782,-0.8554461,0.135956466,0.117080331,-0.0189397037,0.98359,0,0,0,0,0,0,267647.826900986,267647.826900986,0.030272499978309497
18.058222027814573,aece4ecd,SessionTracking,Tracking,30.05931,29.8989353,1,0.036867655988316983,0.027847223,0.193472221,1,160x90 DepthUint16,"centre=0 min=22188 max=37747 hex=0000 0000 0000 0000 0000","centre=28746 min=28311 max=28819 hex=7048 704D 704A 703D 7043",0,0,0,,0,,,None,Unavailable,NoWallUnderCrosshair,,,,"only 0 valid depth samples under crosshair (441 no-data, 0 out-of-range, 0 low-confidence)",0,,,None,Unavailable,NoWallInView,,,,4.31538534,1.53757107,-0.8438957,0.136082754,0.126561537,-0.0223503411,0.9823259,0,0,0,0,0,0,267647.860228069,267647.860228069,0.036794115003431216
18.08881786081367,aece4ecd,SessionTracking,Tracking,30.0662231,29.8989353,1,0.029857238987460732,0.026875,0.180486113,1,160x90 DepthUint16,"centre=0 min=22193 max=37632 hex=0000 0000 0000 0000 0000","centre=28196 min=27984 max=28278 hex=6E23 6E27 6E24 6E22 6E50",0,0,0,,0,,,None,Unavailable,NoWallUnderCrosshair,,,,"only 0 valid depth samples under crosshair (441 no-data, 0 out-of-range, 0 low-confidence)",0,,,None,Unavailable,NoWallInView,,,,4.32791662,1.54257464,-0.86139673,0.135318071,0.1329191,-0.02466786,0.981536031,0,0,0,0,0,0,267647.893476823,267647.893476823,0.029794842994306237
18.12222473582262,aece4ecd,SessionTracking,Tracking,30.0616512,29.8989353,1,0.032756353990407661,0.025625,0.16125,1,160x90 DepthUint16,"centre=0 min=22684 max=37548 hex=0000 0000 0000 0000 0000","centre=27608 min=27546 max=27752 hex=6BD6 6BD5 6BD8 6BDE 6C0D",0,0,0,,0,,,None,Unavailable,NoWallUnderCrosshair,,,,"only 0 valid depth samples under crosshair (441 no-data, 0 out-of-range, 0 low-confidence)",0,,,None,Unavailable,NoWallInView,,,,4.374876,1.53989792,-0.851360857,0.1353084,0.141649768,-0.0282552261,0.9802187,0,0,0,0,0,0,267647.92680390703,267647.92680390703,0.032670156011590734
18.159274996810218,aece4ecd,SessionTracking,Tracking,30.06247,29.8989353,1,0.036175989982439205,0.023125,0.138680562,1,160x90 DepthUint16,"centre=0 min=24652 max=37269 hex=0000 0000 0000 0000 0000","centre=29161 min=27758 max=29396 hex=71E8 71E9 71E9 71E6 71E2",0,0,0,,0,,,None,Unavailable,NoWallUnderCrosshair,,,,"only 0 valid depth samples under crosshair (441 no-data, 0 out-of-range, 0 low-confidence)",0,,,None,Unavailable,NoWallInView,,,,4.42203,1.536855,-0.841864049,0.132556558,0.152213037,-0.0306420922,0.978938758,0,0,0,0,0,0,267647.96013099,267647.96013099,0.036106718995142728
18.191410985832427,aece4ecd,SessionTracking,Tracking,30.0651531,30.0525932,1,0.03130718701868318,0.0172916669,0.07875,1,160x90 DepthUint16,"centre=0 min=23585 max=36813 hex=0000 0000 0000 0000 0000","centre=13723 min=12703 max=21096 hex=3535 352C 359B 3658 37A2",0,0,0,,0,,,None,Unavailable,NoWallUnderCrosshair,,,,"only 0 valid depth samples under crosshair (441 no-data, 0 out-of-range, 0 low-confidence)",0,,,None,Unavailable,NoWallInView,,,,4.372928,1.54810643,-0.930716753,0.125864848,0.168157056,-0.0309141,0.977202952,0,0,0,0,0,0,267647.99348031,267647.99348031,0.031259114010026678
18.22203270482607,aece4ecd,SessionTracking,Tracking,30.0620613,30.0525932,1,0.029766042018309236,0.012083333,0.0386805572,1,160x90 DepthUint16,"centre=0 min=25595 max=36266 hex=0000 0000 0000 0000 0000","centre=13169 min=12525 max=18335 hex=331B 3322 3371 33EF 34BD",0,0,0,,0,,,None,Unavailable,NoWallUnderCrosshair,,,,"only 0 valid depth samples under crosshair (441 no-data, 0 out-of-range, 0 low-confidence)",0,,,None,Unavailable,NoWallInView,,,,4.41806364,1.5455358,-0.9243366,0.122248679,0.188126072,-0.03213829,0.9739769,0,0,0,0,0,0,267648.026807394,267648.026807394,0.029675260011572391
18.252820829830689,aece4ecd,SessionTracking,Tracking,30.0631371,30.0525932,1,0.030081510019954294,0.007222222,0.0147222225,1,160x90 DepthUint16,"centre=0 min=26387 max=35794 hex=0000 0000 0000 0000 0000","centre=12493 min=12367 max=13446 hex=30BC 30BE 30CD 30E5 3104",0,0,0,,0,,,None,Unavailable,NoWallUnderCrosshair,,,,"only 0 valid depth samples under crosshair (441 no-data, 0 out-of-range, 0 low-confidence)",0,,,None,Unavailable,NoWallInView,,,,4.464032,1.54323459,-0.918451667,0.119722433,0.204276025,-0.03274429,0.9710127,0,0,0,0,0,0,267648.06013447704,267648.06013447704,0.030029948014998809
18.291668954828147,aece4ecd,SessionTracking,Tracking,30.0685616,30.0525932,1,0.0382063020078931,0.004513889,0.00243055564,1,160x90 DepthUint16,"centre=0 min=28948 max=35346 hex=0000 0000 0000 0000 0000","centre=10780 min=9967 max=11061 hex=2A4F 2A45 2A1C 29CE 29B3",0,0,0,,0,,,None,Unavailable,NoWallUnderCrosshair,,,,"only 0 valid depth samples under crosshair (441 no-data, 0 out-of-range, 0 low-confidence)",0,,,None,Unavailable,NoWallInView,,,,4.45037746,1.53983307,-0.9665142,0.114591591,0.2150788,-0.0316399969,0.969334245,0,0,0,0,0,0,267648.09337865503,267648.09337865503,0.038155521004227921
18.322204006805642,aece4ecd,SessionTracking,Tracking,30.0601711,30.0525932,1,0.029792811983497813,0.002013889,0.000486111123,1,160x90 DepthUint16,"centre=0 min=30255 max=34918 hex=0000 0000 0000 0000 0000","centre=10746 min=9927 max=11062 hex=2A2B 2A19 29FA 29A9 2992",0,0,0,,0,,,None,Unavailable,NoWallUnderCrosshair,,,,"only 0 valid depth samples under crosshair (441 no-data, 0 out-of-range, 0 low-confidence)",0,,,None,Unavailable,NoWallInView,,,,4.497571,1.538044,-0.9638759,0.112213768,0.228072912,-0.0333752632,0.966580033,0,0,0,0,0,0,267648.126705739,267648.126705739,0.029726926994044334
18.353779475814754,aece4ecd,SessionTracking,Tracking,30.0604858,30.0525932,1,0.0309843749855645,0.000416666677,6.94444461E-05,1,160x90 DepthUint16,"centre=0 min=32786 max=34458 hex=0000 0000 0000 0000 0000","centre=10744 min=9906 max=10990 hex=2A2F 2A25 29F8 296E 2913",0,0,0,,0,,,None,Unavailable,NoWallUnderCrosshair,,,,"only 0 valid depth samples under crosshair (441 no-data, 0 out-of-range, 0 low-confidence)",0,,,None,Unavailable,NoWallInView,,,,4.545277,1.53621387,-0.961997569,0.108585767,0.239266455,-0.03503397,0.964226842,0,0,0,0,0,0,267648.160032822,267648.160032822,0.03091848999611102
18.393976298829166,aece4ecd,SessionTracking,Tracking,30.0610123,30.0525932,1,0.039476667006965727,0,0,1,160x90 DepthUint16,"centre=0 min=0 max=0 hex=0000 0000 0000 0000 0000","centre=11038 min=10133 max=11505 hex=2B57 2BF6 2B1E 29CD 290B",0,0,0,,0,,,None,Unavailable,NoWallUnderCrosshair,,,,"only 0 valid depth samples under crosshair (441 no-data, 0 out-of-range, 0 low-confidence)",0,,,None,Unavailable,NoWallInView,,,,4.51256752,1.528707,-1.01183939,0.101911582,0.244974762,-0.0330764353,0.96359086,0,0,0,0,0,0,267648.193086858,267648.193086858,0.039379010995617136
18.42600775681678,aece4ecd,SessionTracking,Tracking,30.0630932,30.0525932,1,0.031137865007622167,0,0,1,160x90 DepthUint16,"centre=0 min=0 max=0 hex=0000 0000 0000 0000 0000","centre=11172 min=10133 max=11874 hex=2C17 2C47 2BA4 2A45 29BD",0,0,0,,0,,,None,Unavailable,NoWallUnderCrosshair,,,,"only 0 valid depth samples under crosshair (441 no-data, 0 out-of-range, 0 low-confidence)",0,,,None,Unavailable,NoWallInView,,,,4.560161,1.526654,-1.01339889,0.09778809,0.251296,-0.03234083,0.9624146,0,0,0,0,0,0,267648.226413942,267648.226413942,0.031059792003361508
18.456165933805842,aece4ecd,SessionTracking,Tracking,30.0614452,30.0525932,1,0.029347343981498852,0,0,1,160x90 DepthUint16,"centre=0 min=0 max=0 hex=0000 0000 0000 0000 0000","centre=10649 min=10052 max=11758 hex=2B33 2B06 2999 28AF 284D",0,0,0,,0,,,None,Unavailable,NoWallUnderCrosshair,,,,"only 0 valid depth samples under crosshair (441 no-data, 0 out-of-range, 0 low-confidence)",0,,,None,Unavailable,NoWallInView,,,,4.607618,1.524475,-1.0151906,0.09341887,0.260624439,-0.0304144323,0.9604285,0,0,0,0,0,0,267648.25974102505,267648.25974102505,0.029273124993778765
18.487263693822406,aece4ecd,SessionTracking,Tracking,30.060915,30.0525932,1,0.030278177000582218,0,0,1,160x90 DepthUint16,"centre=0 min=0 max=0 hex=0000 0000 0000 0000 0000","centre=10037 min=9186 max=10161 hex=2784 2791 2735 2700 26B7",0,0,0,,0,,,None,Unavailable,NoWallUnderCrosshair,,,,"only 0 valid depth samples under crosshair (441 no-data, 0 out-of-range, 0 low-confidence)",0,,,None,Unavailable,NoWallInView,,,,4.402714,1.59014821,-1.114767,0.08926172,0.2707737,-0.0243573524,0.95818615,0,0,0,0,0,0,267648.293077157,267648.293077157,0.030228802002966404
18.525030881805669,aece4ecd,SessionTracking,Tracking,30.062746,30.0525932,1,0.037002239987486973,0,0,1,160x90 DepthUint16,"centre=0 min=0 max=0 hex=0000 0000 0000 0000 0000","centre=10073 min=9161 max=10187 hex=27BE 27B9 2759 2720 26F8",0,0,0,,0,,,None,Unavailable,NoWallUnderCrosshair,,,,"only 0 valid depth samples under crosshair (441 no-data, 0 out-of-range, 0 low-confidence)",0,,,None,Unavailable,NoWallInView,,,,4.44550467,1.589254,-1.11955535,0.0867480338,0.278164744,-0.0234581251,0.9563205,0,0,0,0,0,0,267648.32640424103,267648.32640424103,0.036930832982761785
18.553219475811439,aece4ecd,SessionTracking,Tracking,30.0648727,30.0525932,1,0.027402656996855512,0,0,1,160x90 DepthUint16,"centre=0 min=0 max=0 hex=0000 0000 0000 0000 0000","centre=10064 min=9016 max=10157 hex=2796 279D 2750 2706 26BD",0,0,0,,0,,,None,Unavailable,NoWallUnderCrosshair,,,,"only 0 valid depth samples under crosshair (441 no-data, 0 out-of-range, 0 low-confidence)",0,,,None,Unavailable,NoWallInView,,,,4.48891258,1.58823788,-1.12490749,0.08410714,0.285897672,-0.0222507436,0.9543026,0,0,0,0,0,0,267648.359731324,267648.359731324,0.027333489997545257
18.585265412809186,aece4ecd,SessionTracking,Tracking,30.0649471,30.0525932,1,0.031535728980088606,0,0,1,160x90 DepthUint16,"centre=0 min=0 max=0 hex=0000 0000 0000 0000 0000","centre=11110 min=10142 max=15923 hex=2B38 2B69 2B66 2C22 2CF5",0,0,0,,0,,,None,Unavailable,NoWallUnderCrosshair,,,,"only 0 valid depth samples under crosshair (441 no-data, 0 out-of-range, 0 low-confidence)",0,,,None,Unavailable,NoWallInView,,,,4.3111124,1.65174961,-1.19979453,0.08242762,0.2937454,-0.0181829669,0.95214957,0,0,0,0,0,0,267648.39279466204,267648.39279466204,0.031489635002799332
18.634045152807467,aece4ecd,SessionTracking,Tracking,30.0655365,30.0525932,1,0.048271510982885957,0,0,1,160x90 DepthUint16,"centre=0 min=0 max=0 hex=0000 0000 0000 0000 0000","centre=11037 min=9945 max=15831 hex=2B20 2B42 2B1D 2B99 2C51",0,0,0,,0,,,None,Unavailable,NoWallUnderCrosshair,,,,"only 0 valid depth samples under crosshair (441 no-data, 0 out-of-range, 0 low-confidence)",0,,,None,Unavailable,NoWallInView,,,,4.35143852,1.65173841,-1.20778322,0.082467474,0.295379251,-0.0178894419,0.9516461,0,0,0,0,0,0,267648.426121746,267648.426121746,0.048224947997368872
18.659220881817255,aece4ecd,SessionTracking,Tracking,30.061945,30.0525932,1,0.024065208010142669,0,0,1,160x90 DepthUint16,"centre=0 min=0 max=0 hex=0000 0000 0000 0000 0000","centre=11050 min=10445 max=15640 hex=2B47 2B53 2B2A 2B95 2C0E",0,0,0,,0,,,None,Unavailable,NoWallUnderCrosshair,,,,"only 0 valid depth samples under crosshair (441 no-data, 0 out-of-range, 0 low-confidence)",0,,,None,Unavailable,NoWallInView,,,,4.391987,1.65170693,-1.21632159,0.08314484,0.2972842,-0.0186080337,0.950979948,0,0,0,0,0,0,267648.459448829,267648.459448829,0.023940780985867605
18.688742235825721,aece4ecd,SessionTracking,Tracking,30.0669136,30.0525932,1,0.0273233329935465,0,0,0,160x90 DepthUint16,"centre=0 min=0 max=0 hex=0000 0000 0000 0000 0000","centre=0 min=0 max=0 hex=0000 0000 0000 0000 0000",0,0,0,,0,,,None,Unavailable,NoWallUnderCrosshair,,,,"only 0 valid depth samples under crosshair (441 no-data, 0 out-of-range, 0 low-confidence)",0,,,None,Unavailable,NoWallInView,,,,4.314797,1.709019,-1.25647354,0.0832806751,0.3001111,-0.0188449938,0.95007503,0,0,0,0,0,0,267648.492588311,267648.492588311,0.027217082999413833
18.724837079817753,aece4ecd,SessionTracking,Tracking,30.06308,30.0525932,1,0.035396197985392064,0,0,0,160x90 DepthUint16,"centre=0 min=0 max=0 hex=0000 0000 0000 0000 0000","centre=0 min=0 max=0 hex=0000 0000 0000 0000 0000",0,0,0,,0,,,None,Unavailable,NoWallUnderCrosshair,,,,"only 0 valid depth samples under crosshair (441 no-data, 0 out-of-range, 0 low-confidence)",0,,,None,Unavailable,NoWallInView,,,,4.353526,1.70963919,-1.26638579,0.08314547,0.3033177,-0.0189460516,0.949066,0,0,0,0,0,0,267648.525915395,267648.525915395,0.035329219012055546
18.756134370806485,aece4ecd,SessionTracking,Tracking,30.0628738,30.0525932,1,0.030428019992541522,0,0,0,160x90 DepthUint16,"centre=0 min=0 max=0 hex=0000 0000 0000 0000 0000","centre=0 min=0 max=0 hex=0000 0000 0000 0000 0000",0,0,0,,0,,,None,Unavailable,NoWallUnderCrosshair,,,,"only 0 valid depth samples under crosshair (441 no-data, 0 out-of-range, 0 low-confidence)",0,,,None,Unavailable,NoWallInView,,,,4.392091,1.71012449,-1.27685046,0.0815973058,0.308673143,-0.0185132921,0.9474809,0,0,0,0,0,0,267648.559242478,267648.559242478,0.0303359369863756
18.787887600831546,aece4ecd,SessionTracking,Tracking,30.0623341,30.0525932,1,0.03093843802344054,0,0,0,160x90 DepthUint16,"centre=0 min=0 max=0 hex=0000 0000 0000 0000 0000","centre=0 min=0 max=0 hex=0000 0000 0000 0000 0000",0,0,0,,0,,,None,Unavailable,NoWallUnderCrosshair,,,,"only 0 valid depth samples under crosshair (441 no-data, 0 out-of-range, 0 low-confidence)",0,,,None,Unavailable,NoWallInView,,,,4.31905937,1.75145936,-1.324431,0.0805392042,0.314357251,-0.01881364,0.945695043,0,0,0,0,0,0,267648.592260223,267648.592260223,0.030891355010680854
18.819361922824847,aece4ecd,SessionTracking,Tracking,30.0611458,30.0525932,1,0.030740051995962858,0,0,0,160x90 DepthUint16,"centre=0 min=0 max=0 hex=0000 0000 0000 0000 0000","centre=0 min=0 max=0 hex=0000 0000 0000 0000 0000",0,0,0,,0,,,None,Unavailable,NoWallUnderCrosshair,,,,"only 0 valid depth samples under crosshair (441 no-data, 0 out-of-range, 0 low-confidence)",0,,,None,Unavailable,NoWallInView,,,,4.35739851,1.753156,-1.3367331,0.08074563,0.318818748,-0.02128461,0.9441302,0,0,0,0,0,0,267648.62558730703,267648.62558730703,0.030666562000988051
18.850405204807267,aece4ecd,SessionTracking,Tracking,30.0546837,30.0525932,1,0.030401301977690309,0,0,0,160x90 DepthUint16,"centre=0 min=0 max=0 hex=0000 0000 0000 0000 0000","centre=0 min=0 max=0 hex=0000 0000 0000 0000 0000",0,0,0,,0,,,None,Unavailable,NoWallUnderCrosshair,,,,"only 0 valid depth samples under crosshair (441 no-data, 0 out-of-range, 0 low-confidence)",0,,,None,Unavailable,NoWallInView,,,,4.39612675,1.75461185,-1.34969079,0.08050832,0.322151184,-0.0231366754,0.9429749,0,0,0,0,0,0,267648.65891439,267648.65891439,0.0303457289992366
18.887104787833614,aece4ecd,SessionTracking,Tracking,30.057373,30.0525932,1,0.036134479014435783,0,0,0,160x90 DepthUint16,"centre=0 min=0 max=0 hex=0000 0000 0000 0000 0000","centre=0 min=0 max=0 hex=0000 0000 0000 0000 0000",0,0,0,,0,,,None,Unavailable,NoWallUnderCrosshair,,,,"only 0 valid depth samples under crosshair (441 no-data, 0 out-of-range, 0 low-confidence)",0,,,None,Unavailable,NoWallInView,,,,4.26967669,1.81784368,-1.40962827,0.08094633,0.32526198,-0.0228625853,0.941875637,0,0,0,0,0,0,267648.692172363,267648.692172363,0.03608349000569433
18.923550256817926,aece4ecd,SessionTracking,Tracking,30.0624619,30.0525932,1,0.035650156001793221,0,0,0,160x90 DepthUint16,"centre=0 min=0 max=0 hex=0000 0000 0000 0000 0000","centre=0 min=0 max=0 hex=0000 0000 0000 0000 0000",0,0,0,,0,,,None,Unavailable,NoWallUnderCrosshair,,,,"only 0 valid depth samples under crosshair (441 no-data, 0 out-of-range, 0 low-confidence)",0,,,None,Unavailable,NoWallInView,,,,4.30716228,1.82053614,-1.424221,0.0827407762,0.326333433,-0.0241844952,0.9413159,0,0,0,0,0,0,267648.725499447,267648.725499447,0.035581718984758481
18.9549523398153,aece4ecd,SessionTracking,Tracking,30.0557671,30.0525932,1,0.030631094006821513,0,0,0,160x90 DepthUint16,"centre=0 min=0 max=0 hex=0000 0000 0000 0000 0000","centre=0 min=0 max=0 hex=0000 0000 0000 0000 0000",0,0,0,,0,,,None,Unavailable,NoWallUnderCrosshair,,,,"only 0 valid depth samples under crosshair (441 no-data, 0 out-of-range, 0 low-confidence)",0,,,None,Unavailable,NoWallInView,,,,4.3452363,1.82310247,-1.43999946,0.08295512,0.325079739,-0.025491897,0.9416963,0,0,0,0,0,0,267648.75882653,267648.75882653,0.030576978984754533
18.986029370832348,aece4ecd,SessionTracking,Tracking,30.0597553,30.0525932,1,0.030434948013862595,0,0,1,160x90 DepthUint16,"centre=0 min=0 max=0 hex=0000 0000 0000 0000 0000","centre=13261 min=13068 max=14257 hex=342A 33F4 33CD 3377 3528",0,0,0,,0,,,None,Unavailable,NoWallUnderCrosshair,,,,"only 0 valid depth samples under crosshair (441 no-data, 0 out-of-range, 0 low-confidence)",0,,,None,Unavailable,NoWallInView,,,,4.422963,1.81872559,-1.44814837,0.08206422,0.323735118,-0.0272651911,0.9421877,0,0,0,0,0,0,267648.79208443203,267648.79208443203,0.030152343009831384
19.024023954813693,aece4ecd,SessionTracking,Tracking,30.0606,30.0525932,1,0.037421771005028859,0,0,1,160x90 DepthUint16,"centre=0 min=0 max=0 hex=0000 0000 0000 0000 0000","centre=13222 min=13048 max=14258 hex=340D 33D3 33A6 3339 354A",0,0,0,,0,,,None,Unavailable,NoWallUnderCrosshair,,,,"only 0 valid depth samples under crosshair (441 no-data, 0 out-of-range, 0 low-confidence)",0,,,None,Unavailable,NoWallInView,,,,4.46202374,1.82104409,-1.46503675,0.08073164,0.324732721,-0.0269042868,0.9419699,0,0,0,0,0,0,267648.825411516,267648.825411516,0.037378541979705915
19.054144579828808,aece4ecd,SessionTracking,Tracking,30.0603962,30.0525932,1,0.029440209007589146,0,0,1,160x90 DepthUint16,"centre=0 min=0 max=0 hex=0000 0000 0000 0000 0000","centre=13131 min=13006 max=14234 hex=33C5 3375 334B 32F8 3553",0,0,0,,0,,,None,Unavailable,NoWallUnderCrosshair,,,,"only 0 valid depth samples under crosshair (441 no-data, 0 out-of-range, 0 low-confidence)",0,,,None,Unavailable,NoWallInView,,,,4.501084,1.82333732,-1.48251176,0.07899129,0.326594263,-0.02644387,0.9414868,0,0,0,0,0,0,267648.858738599,267648.858738599,0.029357657011132687
19.085363068820534,aece4ecd,SessionTracking,Tracking,30.0602741,30.0525932,1,0.030737238994333893,0,0,1,160x90 DepthUint16,"centre=0 min=0 max=0 hex=0000 0000 0000 0000 0000","centre=13522 min=13226 max=14431 hex=35D0 3569 34D2 33E4 35B9",0,0,0,,0,,,None,Unavailable,NoWallUnderCrosshair,,,,"only 0 valid depth samples under crosshair (441 no-data, 0 out-of-range, 0 low-confidence)",0,,,None,Unavailable,NoWallInView,,,,4.54074335,1.82579088,-1.50061226,0.07800859,0.3267971,-0.02673164,0.9414902,0,0,0,0,0,0,267648.89206568204,267648.89206568204,0.030694896006025374
19.123899162833204,aece4ecd,SessionTracking,Tracking,30.0599,30.0525932,1,0.038012760021956638,0,0,1,160x90 DepthUint16,"centre=0 min=0 max=0 hex=0000 0000 0000 0000 0000","centre=12053 min=9469 max=14658 hex=2ABC 2CBB 2F15 31C9 3481",0,0,0,,0,,,None,Unavailable,NoWallUnderCrosshair,,,,"only 0 valid depth samples under crosshair (441 no-data, 0 out-of-range, 0 low-confidence)",0,,,None,Unavailable,NoWallInView,,,,4.3366313,1.9248234,-1.55353343,0.07638496,0.3250527,-0.0270347912,0.942218244,0,0,0,0,0,0,267648.925077583,267648.925077583,0.037958906003041193
19.157886349827841,aece4ecd,SessionTracking,Tracking,30.0609074,30.0525932,1,0.032975467998767272,0,0,1,160x90 DepthUint16,"centre=0 min=0 max=0 hex=0000 0000 0000 0000 0000","centre=12067 min=9516 max=14694 hex=2AD9 2CBF 2F23 31BE 3465",0,0,0,,0,,,None,Unavailable,NoWallUnderCrosshair,,,,"only 0 valid depth samples under crosshair (441 no-data, 0 out-of-range, 0 low-confidence)",0,,,None,Unavailable,NoWallInView,,,,4.374232,1.92894387,-1.57235622,0.0761040151,0.322642356,-0.028199615,0.943034947,0,0,0,0,0,0,267648.95840466605,267648.95840466605,0.032866196997929364
19.189284683815295,aece4ecd,SessionTracking,Tracking,30.0603447,30.0525932,1,0.030647084000520408,0,0,1,160x90 DepthUint16,"centre=0 min=0 max=0 hex=0000 0000 0000 0000 0000","centre=12173 min=9046 max=13556 hex=280F 2A2D 2F8D 31B3 326D",0,0,0,,0,,,None,Unavailable,NoWallUnderCrosshair,,,,"only 0 valid depth samples under crosshair (441 no-data, 0 out-of-range, 0 low-confidence)",0,,,None,Unavailable,NoWallInView,,,,4.122505,1.99910331,-1.64739,0.07547236,0.318220824,-0.02583486,0.944654465,0,0,0,0,0,0,267648.991671147,267648.991671147,0.030594999989261851
19.219895881832436,aece4ecd,SessionTracking,Tracking,30.06048,30.1414242,1,0.029756875010207295,0,0,1,160x90 DepthUint16,"centre=0 min=0 max=0 hex=0000 0000 0000 0000 0000","centre=12257 min=9017 max=13635 hex=284F 2A7D 2FE1 3200 323E",0,0,0,,0,,,None,Unavailable,NoWallUnderCrosshair,,,,"only 0 valid depth samples under crosshair (441 no-data, 0 out-of-range, 0 low-confidence)",0,,,None,Unavailable,NoWallInView,,,,4.15514469,2.00406027,-1.66863227,0.0746634,0.312119961,-0.0268550217,0.946723461,0,0,0,0,0,0,267649.02499823103,267649.02499823103,0.029670365009224042
19.255433276818458,aece4ecd,SessionTracking,Tracking,30.0596523,30.1414242,1,0.034471249004127458,0,0,1,160x90 DepthUint16,"centre=0 min=0 max=0 hex=0000 0000 0000 0000 0000","centre=12231 min=8941 max=13603 hex=2841 2A85 2FC7 3229 324F",0,0,0,,0,,,None,Unavailable,NoWallUnderCrosshair,,,,"only 0 valid depth samples under crosshair (441 no-data, 0 out-of-range, 0 low-confidence)",0,,,None,Unavailable,NoWallInView,,,,4.18856144,2.00922632,-1.69022048,0.07593438,0.303276569,-0.02829066,0.94945085,0,0,0,0,0,0,267649.058325314,267649.058325314,0.034423019998939708
19.285766766812976,aece4ecd,SessionTracking,Tracking,30.0569057,30.1414242,1,0.02965734398458153,0,0,1,160x90 DepthUint16,"centre=0 min=0 max=0 hex=0000 0000 0000 0000 0000","centre=15174 min=13751 max=16220 hex=3A25 3AF7 3B46 3A8D 39E5",0,0,0,,0,,,None,Unavailable,NoWallUnderCrosshair,,,,"only 0 valid depth samples under crosshair (441 no-data, 0 out-of-range, 0 low-confidence)",0,,,None,Unavailable,NoWallInView,,,,4.33099937,1.95823455,-1.74007428,0.08094669,0.293847471,-0.03091115,0.951916933,0,0,0,0,0,0,267649.09194967704,267649.09194967704,0.029601301997900009
19.325900151829792,aece4ecd,SessionTracking,Tracking,30.06049,30.1414242,1,0.039309583022259176,0,0,1,160x90 DepthUint16,"centre=0 min=0 max=0 hex=0000 0000 0000 0000 0000","centre=15381 min=13975 max=16381 hex=39FF 3B23 3C15 3BB9 3B21",0,0,0,,0,,,None,Unavailable,NoWallUnderCrosshair,,,,"only 0 valid depth samples under crosshair (441 no-data, 0 out-of-range, 0 low-confidence)",0,,,None,Unavailable,NoWallInView,,,,4.36734056,1.96336579,-1.76330757,0.09018617,0.279561251,-0.03515053,0.9552363,0,0,0,0,0,0,267649.125276761,267649.125276761,0.039243281004019082
19.357587079807509,aece4ecd,SessionTracking,Tracking,30.0609341,30.1414242,1,0.03108151099877432,0,0,1,160x90 DepthUint16,"centre=0 min=0 max=0 hex=0000 0000 0000 0000 0000","centre=15061 min=13955 max=15804 hex=38FD 3A14 3AD5 3A6F 39C1",0,0,0,,0,,,None,Unavailable,NoWallUnderCrosshair,,,,"only 0 valid depth samples under crosshair (441 no-data, 0 out-of-range, 0 low-confidence)",0,,,None,Unavailable,NoWallInView,,,,4.40427637,1.96830392,-1.786588,0.0999469161,0.2629491,-0.0388298333,0.958833,0,0,0,0,0,0,267649.158603844,267649.158603844,0.031028229976072907
19.387252235813158,aece4ecd,SessionTracking,Tracking,30.0603123,30.1414242,1,0.029127396002877504,0.000486111123,0.000138888892,1,160x90 DepthUint16,"centre=0 min=33375 max=35048 hex=0000 0000 0000 0000 0000","centre=24741 min=24729 max=24953 hex=60A2 60A2 60A5 60AB 60B0",0,0,0,,0,,,None,Unavailable,NoWallUnderCrosshair,,,,"only 0 valid depth samples under crosshair (441 no-data, 0 out-of-range, 0 low-confidence)",0,,,None,Unavailable,NoWallInView,,,,4.428961,1.94231558,-1.81131124,0.106672972,0.24811022,-0.0385399126,0.962069035,0,0,0,0,0,0,267649.192380885,267649.192380885,0.029082552006002516
19.423111558832552,aece4ecd,SessionTracking,Tracking,30.0639877,30.1414242,1,0.035081353998975828,0.00173611112,0.00166666671,1,160x90 DepthUint16,"centre=0 min=32575 max=35535 hex=0000 0000 0000 0000 0000","centre=23125 min=23098 max=23346 hex=5A4C 5A51 5A55 5A59 5A60",0,0,0,,0,,,None,Unavailable,NoWallUnderCrosshair,,,,"only 0 valid depth samples under crosshair (441 no-data, 0 out-of-range, 0 low-confidence)",0,,,None,Unavailable,NoWallInView,,,,4.46236467,1.94579756,-1.83678269,0.109789647,0.235040456,-0.0366849,0.9650681,0,0,0,0,0,0,267649.225707969,267649.225707969,0.035027136007556692
19.457465568818243,aece4ecd,SessionTracking,Tracking,30.0608368,30.1414242,1,0.03207588498480618,0.00368055562,0.005902778,1,160x90 DepthUint16,"centre=0 min=30590 max=35957 hex=0000 0000 0000 0000 0000","centre=19928 min=19884 max=20264 hex=4DD4 4DD7 4DD8 4DDF 4DE8",0,0,0,,0,,,None,Unavailable,NoWallUnderCrosshair,,,,"only 0 valid depth samples under crosshair (441 no-data, 0 out-of-range, 0 low-confidence)",0,,,None,Unavailable,NoWallInView,,,,4.495649,1.94949031,-1.86323142,0.112267092,0.2220556,-0.0337098241,0.9679623,0,0,0,0,0,0,267649.25903505203,267649.25903505203,0.031967291986802593
19.489752495805824,aece4ecd,SessionTracking,Tracking,30.0655327,30.1414242,1,0.031535780988633633,0.00555555569,0.01826389,0,160x90 DepthUint16,"centre=0 min=29804 max=36300 hex=0000 0000 0000 0000 0000","centre=0 min=0 max=0 hex=0000 0000 0000 0000 0000",0,0,0,,0,,,None,Unavailable,NoWallUnderCrosshair,,,,"only 0 valid depth samples under crosshair (441 no-data, 0 out-of-range, 0 low-confidence)",0,,,None,Unavailable,NoWallInView,,,,4.515834,1.95737147,-1.89276481,0.113039,0.209114566,-0.0313112177,0.970831037,0,0,0,0,0,0,267649.292764371,267649.292764371,0.031481926998822019
19.525561037821554,aece4ecd,SessionTracking,Tracking,30.06308,30.1414242,1,0.03497979199164547,0.008611111,0.0340277776,1,160x90 DepthUint16,"centre=0 min=27304 max=36641 hex=0000 0000 0000 0000 0000","centre=25236 min=25180 max=25509 hex=628D 628F 6294 629A 62A2",0,0,0,,0,,,None,Unavailable,NoWallUnderCrosshair,,,,"only 0 valid depth samples under crosshair (441 no-data, 0 out-of-range, 0 low-confidence)",0,,,None,Unavailable,NoWallInView,,,,4.54908752,1.96117055,-1.92079341,0.113570675,0.194599882,-0.0287923235,0.973860145,0,0,0,0,0,0,267649.326091455,267649.326091455,0.034882187988841906
19.562222287814457,aece4ecd,SessionTracking,Tracking,30.06016,30.1414242,1,0.030895989999407902,0.0127083333,0.07152778,1,160x90 DepthUint16,"centre=0 min=26393 max=37068 hex=0000 0000 0000 0000 0000","centre=27575 min=27523 max=28086 hex=6BB7 6BB5 6BB7 6BBF 6BD3",0,0,0,,0,,,None,Unavailable,NoWallUnderCrosshair,,,,"only 0 valid depth samples under crosshair (441 no-data, 0 out-of-range, 0 low-confidence)",0,,,None,Unavailable,NoWallInView,,,,4.582721,1.96508181,-1.94903052,0.115432836,0.1779504,-0.0265845973,0.976883948,0,0,0,0,0,0,267649.359418538,267649.359418538,0.030803125002421439
19.5920785898332,aece4ecd,SessionTracking,Tracking,30.0637054,30.1414242,1,0.029094011028064415,0.0175,0.134861112,1,160x90 DepthUint16,"centre=0 min=25662 max=37557 hex=0000 0000 0000 0000 0000","centre=29280 min=28808 max=29442 hex=725F 725C 7260 7266 7278",0,0,0,,0,,,None,Unavailable,NoWallUnderCrosshair,,,,"only 0 valid depth samples under crosshair (441 no-data, 0 out-of-range, 0 low-confidence)",0,,,None,Unavailable,NoWallInView,,,,4.62806034,1.9638927,-1.98021042,0.1179851,0.15827997,-0.0252421815,0.979994833,0,0,0,0,0,0,267649.39289977204,267649.39289977204,0.029010990023380145
19.625102599819748,aece4ecd,SessionTracking,Tracking,30.0614967,30.1414242,1,0.032369322987506166,0.0222222228,0.194236115,1,160x90 DepthUint16,"centre=0 min=25613 max=38019 hex=0000 0000 0000 0000 0000","centre=29583 min=28560 max=29983 hex=738C 738B 738F 739B 73C4",0,0,0,,0,,,None,Unavailable,NoWallUnderCrosshair,,,,"only 0 valid depth samples under crosshair (441 no-data, 0 out-of-range, 0 low-confidence)",0,,,None,Unavailable,NoWallInView,,,,4.66290951,1.96771932,-2.009012,0.12114796,0.1398346,-0.0248603839,0.9824212,0,0,0,0,0,0,267649.426226856,267649.426226856,0.032295676996000111
19.657755047809424,aece4ecd,SessionTracking,Tracking,30.0617733,30.1414242,1,0.032033593975938857,0.0254861116,0.252638876,1,160x90 DepthUint16,"centre=0 min=23135 max=38491 hex=0000 0000 0000 0000 0000","centre=30032 min=28935 max=30258 hex=7553 7550 7550 755D 759D",0,0,0,,0,,,None,Unavailable,NoWallUnderCrosshair,,,,"only 0 valid depth samples under crosshair (441 no-data, 0 out-of-range, 0 low-confidence)",0,,,None,Unavailable,NoWallInView,,,,4.69751549,1.9715625,-2.03785825,0.12476968,0.122721069,-0.0241454858,0.9842709,0,0,0,0,0,0,267649.459553939,267649.459553939,0.0319814579852391
19.68876041282676,aece4ecd,SessionTracking,Tracking,30.061573,30.1414242,1,0.030508750001899898,0.0299305562,0.3303472,1,160x90 DepthUint16,"centre=0 min=22106 max=39062 hex=0000 0000 0000 0000 0000","centre=30536 min=28377 max=30594 hex=773F 7740 7748 7762 7775",0,0,0,,0,,,None,Unavailable,NoWallUnderCrosshair,,,,"only 0 valid depth samples under crosshair (441 no-data, 0 out-of-range, 0 low-confidence)",0,,,None,Unavailable,NoWallInView,,,,4.743723,1.96966648,-2.06738043,0.1294111,0.102584325,-0.0254804827,0.9859412,0,0,0,0,0,0,267649.49287177,267649.49287177,0.030458646011538804
19.724005099821461,aece4ecd,SessionTracking,Tracking,30.06247,30.1414242,1,0.03465463500469923,0.0361111127,0.3725,1,160x90 DepthUint16,"centre=0 min=20433 max=39599 hex=0000 0000 0000 0000 0000","centre=33108 min=29860 max=33218 hex=8116 8149 8154 8154 80E3",0,0,0,,0,,,None,Unavailable,NoWallUnderCrosshair,,,,"only 0 valid depth samples under crosshair (441 no-data, 0 out-of-range, 0 low-confidence)",0,,,None,Unavailable,NoWallInView,,,,4.780311,1.97341537,-2.09626222,0.134700835,0.0834352747,-0.0280127823,0.986969948,0,0,0,0,0,0,267649.52619885403,267649.52619885403,0.034603333013365045
19.756263745831184,aece4ecd,SessionTracking,Tracking,30.0628223,30.1414242,1,0.031655573024181649,0.040069446,0.375208348,1,160x90 DepthUint16,"centre=0 min=20732 max=39881 hex=0000 0000 0000 0000 0000","centre=32395 min=30214 max=32497 hex=7EB3 7EA0 7E8B 7E75 7E2B",0,0,0,,0,,,None,Unavailable,NoWallUnderCrosshair,,,,"only 0 valid depth samples under crosshair (441 no-data, 0 out-of-range, 0 low-confidence)",0,,,None,Unavailable,NoWallInView,,,,4.81558132,1.97683156,-2.12592626,0.137301952,0.07087743,-0.0271520913,0.987617,0,0,0,0,0,0,267649.559525937,267649.559525937,0.031602604023646563
19.787540620832097,aece4ecd,SessionTracking,Tracking,30.0621357,30.1414242,1,0.030626302002929151,0.0420833342,0.4077778,1,160x90 DepthUint16,"centre=0 min=20873 max=39967 hex=0000 0000 0000 0000 0000","centre=32158 min=30834 max=32218 hex=7DB9 7DA9 7D9E 7D97 7D5F",0,0,0,,0,,,None,Unavailable,NoWallUnderCrosshair,,,,"only 0 valid depth samples under crosshair (441 no-data, 0 out-of-range, 0 low-confidence)",0,,,None,Unavailable,NoWallInView,,,,4.849967,1.98001134,-2.15660119,0.136869967,0.06279075,-0.0246778131,0.988288939,0,0,0,0,0,0,267649.59285302,267649.59285302,0.030578281002817675
19.825547183833642,aece4ecd,SessionTracking,Tracking,30.0621929,30.1414242,1,0.037320678005926311,0.04388889,0.4454861,1,160x90 DepthUint16,"centre=0 min=21018 max=39993 hex=0000 0000 0000 0000 0000","centre=30143 min=30010 max=30941 hex=7592 75AA 75BF 75D8 763A",0,0,0,,0,,,None,Unavailable,NoWallUnderCrosshair,,,,"only 0 valid depth samples under crosshair (441 no-data, 0 out-of-range, 0 low-confidence)",0,,,None,Unavailable,NoWallInView,,,,4.8848176,1.98327589,-2.18788886,0.136165559,0.0540725477,-0.0229077041,0.988944054,0,0,0,0,0,0,267649.62618010404,267649.62618010404,0.037266667000949383
19.856020828824349,aece4ecd,SessionTracking,Tracking,30.0620022,30.1414242,1,0.029674894991330802,0.04763889,0.4690278,1,160x90 DepthUint16,"centre=0 min=18105 max=39692 hex=0000 0000 0000 0000 0000","centre=27576 min=27042 max=30693 hex=6B1D 6B53 6BB8 6C5E 6DE9",0,0,0,,0,,,None,Unavailable,NoWallUnderCrosshair,,,,"only 0 valid depth samples under crosshair (441 no-data, 0 out-of-range, 0 low-confidence)",0,,,None,Unavailable,NoWallInView,,,,4.91997957,1.98660445,-2.21938038,0.135905549,0.0448923148,-0.02148685,0.9894709,0,0,0,0,0,0,267649.659507187,267649.659507187,0.029567655990831554
19.888790151830854,aece4ecd,SessionTracking,Tracking,30.0620728,30.1414242,1,0.032270937022985891,0.0509027764,0.483194441,1,160x90 DepthUint16,"centre=0 min=18219 max=39771 hex=0000 0000 0000 0000 0000","centre=27387 min=26904 max=30799 hex=6AF0 6ACB 6AFB 6B99 6D39",0,0,0,,0,,,None,Unavailable,NoWallUnderCrosshair,,,,"only 0 valid depth samples under crosshair (441 no-data, 0 out-of-range, 0 low-confidence)",0,,,None,Unavailable,NoWallInView,,,,4.95925236,1.986416,-2.252505,0.136737451,0.037609756,-0.018769322,0.989715159,0,0,0,0,0,0,267649.692795488,267649.692795488,0.032224738999502733
19.921925464818578,aece4ecd,SessionTracking,Tracking,30.0626755,30.1414242,1,0.0324115109979175,0.0532638878,0.46875,1,160x90 DepthUint16,"centre=0 min=17861 max=39812 hex=0000 0000 0000 0000 0000","centre=27746 min=27026 max=31156 hex=6C32 6C13 6C62 6D32 6F03",0,0,0,,0,,,None,Unavailable,NoWallUnderCrosshair,,,,"only 0 valid depth samples under crosshair (441 no-data, 0 out-of-range, 0 low-confidence)",0,,,None,Unavailable,NoWallInView,,,,4.99402571,1.98987961,-2.284742,0.136865869,0.0312044173,-0.0147376657,0.989988267,0,0,0,0,0,0,267649.726122572,267649.726122572,0.032355728995753452
19.959157651813094,aece4ecd,SessionTracking,Tracking,30.0620346,30.1414242,1,0.036423020996153355,0.0584027767,0.49625,1,160x90 DepthUint16,"centre=0 min=18011 max=39858 hex=0000 0000 0000 0000 0000","centre=27993 min=27104 max=31537 hex=6C99 6CD3 6D59 6E4B 7035",0,0,0,,0,,,None,Unavailable,NoWallUnderCrosshair,,,,"only 0 valid depth samples under crosshair (441 no-data, 0 out-of-range, 0 low-confidence)",0,,,None,Unavailable,NoWallInView,,,,5.02938938,1.99341536,-2.31744647,0.137075379,0.0224783774,-0.011241884,0.990241766,0,0,0,0,0,0,267649.759449655,267649.759449655,0.03635432300507091
19.990634526823506,aece4ecd,SessionTracking,Tracking,30.0644932,30.1414242,1,0.030712759995367378,0.0644444451,0.5800694,1,160x90 DepthUint16,"centre=0 min=16017 max=39863 hex=0000 0000 0000 0000 0000","centre=28214 min=27439 max=31700 hex=6DBB 6DCD 6E36 6F24 7105",0,0,0,,0,,,None,Unavailable,NoWallUnderCrosshair,,,,"only 0 valid depth samples under crosshair (441 no-data, 0 out-of-range, 0 low-confidence)",0,,,None,Unavailable,NoWallInView,,,,5.065217,1.99681592,-2.35036755,0.1363834,0.0140274614,-0.008513004,0.990520239,0,0,0,0,0,0,267649.792776738,267649.792776738,0.030657135008368641
20.024135464830415,aece4ecd,SessionTracking,Tracking,30.06489,30.1414242,1,0.032754375017248094,0.07201389,0.625277758,1,160x90 DepthUint16,"centre=0 min=15239 max=39884 hex=0000 0000 0000 0000 0000","centre=28580 min=27691 max=32132 hex=6EF3 6F38 6FA4 708D 7277",0,0,0,,0,,,None,Unavailable,NoWallUnderCrosshair,,,,"only 0 valid depth samples under crosshair (441 no-data, 0 out-of-range, 0 low-confidence)",0,,,None,Unavailable,NoWallInView,,,,5.101459,2.000318,-2.38340259,0.136336029,0.006735504,-0.00634419965,0.9906195,0,0,0,0,0,0,267649.82610382204,267649.82610382204,0.032679948024451733
20.056584422824763,aece4ecd,SessionTracking,Tracking,30.0620422,30.1414242,1,0.03165895800339058,0.08013889,0.7718056,1,160x90 DepthUint16,"centre=0 min=15348 max=39887 hex=0000 0000 0000 0000 0000","centre=28994 min=27940 max=32128 hex=7152 7129 7142 7237 73F8",0,0,0,,0,,,None,Unavailable,NoWallUnderCrosshair,,,,"only 0 valid depth samples under crosshair (441 no-data, 0 out-of-range, 0 low-confidence)",0,,,None,Unavailable,NoWallInView,,,,5.137855,2.0037756,-2.41668749,0.135693058,-0.00038845095,-0.00373193645,0.9907438,0,0,0,0,0,0,267649.859430905,267649.859430905,0.031590416998369619
20.090157391822522,aece4ecd,SessionTracking,Tracking,30.0651588,30.1414242,1,0.032978750008624047,0.08986111,0.872222245,1,160x90 DepthUint16,"centre=0 min=15438 max=39908 hex=0000 0000 0000 0000 0000","centre=28771 min=27744 max=31997 hex=6F85 6FC9 7063 71A7 739F",0,0,0,,0,,,None,Unavailable,NoWallUnderCrosshair,,,,"only 0 valid depth samples under crosshair (441 no-data, 0 out-of-range, 0 low-confidence)",0,,,None,Unavailable,NoWallInView,,,,5.17402267,2.00733018,-2.44999075,0.135131508,-0.00633379072,-0.00113338232,0.990806758,0,0,0,0,0,0,267649.892758192,267649.892758192,0.032924636005191132
20.120837182824125,aece4ecd,SessionTracking,Tracking,30.0622711,30.1414242,1,0.029920936998678371,0.0925,0.931180537,1,160x90 DepthUint16,"centre=0 min=15384 max=39996 hex=0000 0000 0000 0000 0000","centre=28875 min=27855 max=32212 hex=6FE7 7039 70CB 71D2 73A8",0,0,0,,0,,,None,Unavailable,NoWallUnderCrosshair,,,,"only 0 valid depth samples under crosshair (441 no-data, 0 out-of-range, 0 low-confidence)",0,,,None,Unavailable,NoWallInView,,,,5.210493,2.01103544,-2.48316216,0.13627325,-0.009714165,0.00109627855,0.990623057,0,0,0,0,0,0,267649.926085276,267649.926085276,0.029844895005226135
20.156123953812148,aece4ecd,SessionTracking,Tracking,30.0620918,30.1414242,1,0.034448385005816817,0.09645833,0.999305546,1,160x90 DepthUint16,"centre=0 min=15492 max=39994 hex=0000 0000 0000 0000 0000","centre=28718 min=27442 max=32675 hex=6E31 6EFC 702E 71B6 740B",0,0,0,,0,,,None,Unavailable,NoWallUnderCrosshair,,,,"only 0 valid depth samples under crosshair (441 no-data, 0 out-of-range, 0 low-confidence)",0,,,None,Unavailable,NoWallInView,,,,5.24746037,2.01481867,-2.51646638,0.137526527,-0.0135733932,0.00287875533,0.9904009,0,0,0,0,0,0,267649.959412359,267649.959412359,0.034373384987702593
20.192025516821396,aece4ecd,SessionTracking,Tracking,30.0628929,30.1414242,1,0.034905261010862887,0.102430552,1.15666664,1,160x90 DepthUint16,"centre=0 min=15613 max=39996 hex=0000 0000 0000 0000 0000","centre=29035 min=27949 max=32753 hex=716F 70E8 716B 728A 7485",0,0,0,,0,,,None,Unavailable,NoWallUnderCrosshair,,,,"only 0 valid depth samples under crosshair (441 no-data, 0 out-of-range, 0 low-confidence)",0,,,None,Unavailable,NoWallInView,,,,5.285223,2.01853657,-2.5499897,0.13846454,-0.019333601,0.00390723348,0.990170956,0,0,0,0,0,0,267649.99273944204,267649.99273944204,0.03485083399573341
20.222038120816087,aece4ecd,SessionTracking,Tracking,30.0628223,29.9358711,1,0.02934208299848251,0.104444444,1.24118054,1,160x90 DepthUint16,"centre=0 min=14692 max=39972 hex=0000 0000 0000 0000 0000","centre=28808 min=27793 max=32771 hex=705D 6FF7 7088 71CB 7405",0,0,0,,0,,,None,Unavailable,NoWallUnderCrosshair,,,,"only 0 valid depth samples under crosshair (441 no-data, 0 out-of-range, 0 low-confidence)",0,,,None,Unavailable,NoWallInView,,,,5.3230505,2.02224731,-2.5838294,0.13906242,-0.0244388729,0.00533676147,0.989967644,0,0,0,0,0,0,267650.026066526,267650.026066526,0.029263281001476571
20.254676766808934,aece4ecd,SessionTracking,Tracking,30.0598564,29.9358711,1,0.032131718995515257,0.110763893,1.32458329,1,160x90 DepthUint16,"centre=0 min=14594 max=39973 hex=0000 0000 0000 0000 0000","centre=28774 min=27782 max=32671 hex=7064 6FF1 7066 71A1 73C7",0,0,0,,0,,,None,Unavailable,NoWallUnderCrosshair,,,,"only 0 valid depth samples under crosshair (441 no-data, 0 out-of-range, 0 low-confidence)",0,,,None,Unavailable,NoWallInView,,,,5.360989,2.0259037,-2.6181004,0.138669118,-0.03002128,0.00765112136,0.9898541,0,0,0,0,0,0,267650.059393609,267650.059393609,0.032078853982966393
20.286033589828385,aece4ecd,SessionTracking,Tracking,30.0599613,29.9358711,1,0.030845572997350246,0.11625,1.3572222,1,160x90 DepthUint16,"centre=0 min=12788 max=39984 hex=0000 0000 0000 0000 0000","centre=28943 min=27924 max=32759 hex=7121 709F 710F 7266 7488",0,0,0,,0,,,None,Unavailable,NoWallUnderCrosshair,,,,"only 0 valid depth samples under crosshair (441 no-data, 0 out-of-range, 0 low-confidence)",0,,,None,Unavailable,NoWallInView,,,,5.39922142,2.02954626,-2.65280271,0.137186214,-0.0367511772,0.009419919,0.989818454,0,0,0,0,0,0,267650.092720692,267650.092720692,0.030799740023212507
20.322323016821265,aece4ecd,SessionTracking,Tracking,30.05911,29.9358711,1,0.035652240010676906,0.12138889,1.42104161,1,160x90 DepthUint16,"centre=0 min=12668 max=39947 hex=0000 0000 0000 0000 0000","centre=29545 min=28191 max=32840 hex=73AA 7311 7369 74D6 76E4",0,0,0,,0,,,None,Unavailable,NoWallUnderCrosshair,,,,"only 0 valid depth samples under crosshair (441 no-data, 0 out-of-range, 0 low-confidence)",0,,,None,Unavailable,NoWallInView,,,,5.43734741,2.03302479,-2.68805051,0.134111151,-0.0429940261,0.0111033926,0.989971,0,0,0,0,0,0,267650.126047776,267650.126047776,0.035596926987636834
20.356589005822407,aece4ecd,SessionTracking,Tracking,30.061964,29.9358711,1,0.033588073012651876,0.126944438,1.41104162,1,160x90 DepthUint16,"centre=0 min=11565 max=39993 hex=0000 0000 0000 0000 0000","centre=29269 min=28253 max=32741 hex=72CC 71F4 7255 73E0 75FD",0,0,0,,0,,,None,Unavailable,NoWallUnderCrosshair,,,,"only 0 valid depth samples under crosshair (441 no-data, 0 out-of-range, 0 low-confidence)",0,,,None,Unavailable,NoWallInView,,,,5.47574854,2.03637576,-2.72342825,0.13047941,-0.04936421,0.012070328,0.9901478,0,0,0,0,0,0,267650.159374859,267650.159374859,0.033537448005517945
20.389261401810309,aece4ecd,SessionTracking,Tracking,30.0576153,29.9358711,1,0.03203984399442561,0.136041671,1.44395828,1,160x90 DepthUint16,"centre=0 min=11660 max=39985 hex=0000 0000 0000 0000 85F9","centre=29099 min=28405 max=32614 hex=70F0 7101 71AB 72D8 74B7",0,0,0,,0,,,None,Unavailable,NoWallUnderCrosshair,,,,"only 0 valid depth samples under crosshair (441 no-data, 0 out-of-range, 0 low-confidence)",0,,,None,Unavailable,NoWallInView,,,,5.51495457,2.03984642,-2.758409,0.12862733,-0.0589726865,0.0121519864,0.9898634,0,0,0,0,0,0,267650.192701942,267650.192701942,0.031968177005182952
20.427863641815584,aece4ecd,SessionTracking,Tracking,30.0617924,29.9358711,1,0.037738907005405053,0.143125,1.41388893,1,160x90 DepthUint16,"centre=0 min=11796 max=39990 hex=0000 0000 0000 0000 0000","centre=30013 min=28882 max=32857 hex=7561 74DC 753D 7693 782B",0,0,0,,0,,,None,Unavailable,NoWallUnderCrosshair,,,,"only 0 valid depth samples under crosshair (441 no-data, 0 out-of-range, 0 low-confidence)",0,,,None,Unavailable,NoWallInView,,,,5.55483246,2.0433507,-2.79285479,0.1285263,-0.07134906,0.0117534706,0.9890663,0,0,0,0,0,0,267650.22602902603,267650.22602902603,0.03768348999437876
20.457411141832218,aece4ecd,SessionTracking,Tracking,30.0611134,29.9358711,1,0.028686407022178173,0.149652779,1.323125,1,160x90 DepthUint16,"centre=0 min=11967 max=39979 hex=0000 0000 0000 0000 0000","centre=29302 min=28259 max=32762 hex=72A9 7219 7276 73A3 750B",0,0,0,,0,,,None,Unavailable,NoWallUnderCrosshair,,,,"only 0 valid depth samples under crosshair (441 no-data, 0 out-of-range, 0 low-confidence)",0,,,None,Unavailable,NoWallInView,,,,5.595217,2.0470047,-2.82684374,0.130501747,-0.0858145058,0.0115705729,0.9876595,0,0,0,0,0,0,267650.259356109,267650.259356109,0.028605105006136
20.488723953806421,aece4ecd,SessionTracking,Tracking,30.0622482,29.9358711,1,0.030656197981443256,0.143888891,1.35847223,1,160x90 DepthUint16,"centre=0 min=12161 max=39992 hex=0000 0000 0000 0000 8D33","centre=30484 min=29254 max=33161 hex=780D 76DA 7714 78B1 79FE",0,0,0,,0,,,None,Unavailable,NoWallUnderCrosshair,,,,"only 0 valid depth samples under crosshair (441 no-data, 0 out-of-range, 0 low-confidence)",0,,,None,Unavailable,NoWallInView,,,,5.636251,2.05045986,-2.86094666,0.131590873,-0.102078818,0.0110156247,0.9859728,0,0,0,0,0,0,267650.292683192,267650.292683192,0.030603594001149759
20.521313068805121,aece4ecd,SessionTracking,Tracking,30.06411,29.9358711,1,0.031767447973834351,0.137430549,1.16208339,1,160x90 DepthUint16,"centre=0 min=12330 max=39983 hex=0000 0000 0000 0000 0000","centre=29819 min=28936 max=33105 hex=740B 73E9 747B 75EC 777B",0,0,0,,0,,,None,Unavailable,NoWallUnderCrosshair,,,,"only 0 valid depth samples under crosshair (441 no-data, 0 out-of-range, 0 low-confidence)",0,,,None,Unavailable,NoWallInView,,,,5.67760372,2.05357242,-2.89541459,0.130798087,-0.117500357,0.0103293667,0.984367251,0,0,0,0,0,0,267650.32601027604,267650.32601027604,0.03171354197547771
20.556292807827795,aece4ecd,SessionTracking,Tracking,30.0620785,29.9358711,1,0.034240884997416288,0.134652779,1.10958338,1,160x90 DepthUint16,"centre=0 min=12475 max=39985 hex=6B15 0000 0000 0000 0000","centre=30830 min=30058 max=32966 hex=782E 7816 786E 79B8 7A97",0,0,0,,0,,,None,Unavailable,NoWallUnderCrosshair,,,,"only 0 valid depth samples under crosshair (441 no-data, 0 out-of-range, 0 low-confidence)",0,,,None,Unavailable,NoWallInView,,,,5.718642,2.05665016,-2.929909,0.130491853,-0.1308648,0.0112018,0.982710958,0,0,0,0,0,0,267650.359337359,267650.359337359,0.034188593010185286
20.586504578822151,aece4ecd,SessionTracking,Tracking,30.06349,29.9358711,1,0.029607759992359206,0.135208338,1.17597222,1,160x90 DepthUint16,"centre=0 min=12615 max=39978 hex=6A1E 0000 0000 0000 0000","centre=30347 min=29379 max=33065 hex=7760 7699 768B 77F7 792A",0,0,0,,0,,,None,Unavailable,NoWallUnderCrosshair,,,,"only 0 valid depth samples under crosshair (441 no-data, 0 out-of-range, 0 low-confidence)",0,,,None,Unavailable,NoWallInView,,,,5.75949764,2.0599103,-2.96424341,0.1316665,-0.142716989,0.0133450329,0.980875969,0,0,0,0,0,0,267650.392664442,267650.392664442,0.029552863998105749
20.618807130812293,aece4ecd,SessionTracking,Tracking,30.0644417,29.9358711,1,0.031777134980075061,0.13284722,1.29611111,1,160x90 DepthUint16,"centre=0 min=12743 max=39984 hex=5576 0000 0000 0000 0000","centre=30796 min=29490 max=33179 hex=796C 78C1 784C 7A46 7B8B",0,0,0,,0,,,None,Unavailable,NoWallUnderCrosshair,,,,"only 0 valid depth samples under crosshair (441 no-data, 0 out-of-range, 0 low-confidence)",0,,,None,Unavailable,NoWallInView,,,,5.80046654,2.06322527,-2.99842477,0.133176968,-0.153474614,0.0148372957,0.9790247,0,0,0,0,0,0,267650.425991526,267650.425991526,0.03172411400009878
20.656290828831352,aece4ecd,SessionTracking,Tracking,30.0642643,29.9358711,1,0.036729270999785513,0.13166666,1.23465276,1,160x90 DepthUint16,"centre=0 min=12809 max=39958 hex=5538 0000 0000 0000 5CB3","centre=30690 min=29526 max=33422 hex=78BE 785B 77E2 7A36 7B91",0,0,0,,0,,,None,Unavailable,NoWallUnderCrosshair,,,,"only 0 valid depth samples under crosshair (441 no-data, 0 out-of-range, 0 low-confidence)",0,,,None,Unavailable,NoWallInView,,,,5.84080124,2.06677437,-3.03259134,0.135660261,-0.160893261,0.01677701,0.9774601,0,0,0,0,0,0,267650.45931860904,267650.45931860904,0.036594479024643078
20.68784848481193,aece4ecd,SessionTracking,Tracking,30.0656548,29.9358711,1,0.03085848898626864,0.129236117,1.21680558,1,160x90 DepthUint16,"centre=0 min=12951 max=39979 hex=555B 0000 0000 0000 5D25","centre=31066 min=29479 max=33960 hex=79B2 7A2C 795A 7C1A 7D4B",0,0,0,,0,,,None,Unavailable,NoWallUnderCrosshair,,,,"only 0 valid depth samples under crosshair (441 no-data, 0 out-of-range, 0 low-confidence)",0,,,None,Unavailable,NoWallInView,,,,5.882234,2.07155275,-3.06703019,0.137522042,-0.167779863,0.01829541,0.9760138,0,0,0,0,0,0,267650.492645626,267650.492645626,0.030808488983893767
20.722695568808213,aece4ecd,SessionTracking,Tracking,30.0623245,29.9358711,1,0.033838020986877382,0.131527781,1.11479163,1,160x90 DepthUint16,"centre=0 min=13033 max=39972 hex=0000 856E 0000 0000 5D84","centre=30805 min=30167 max=33823 hex=785F 7822 7855 7A4A 7B86",0,0,0,,0,,,None,Unavailable,NoWallUnderCrosshair,,,,"only 0 valid depth samples under crosshair (439 no-data, 2 out-of-range, 0 low-confidence)",0,,,None,Unavailable,NoWallInView,,,,5.92311764,2.07513046,-3.10199523,0.137327269,-0.175638869,0.0185509939,0.9746528,0,0,0,0,0,0,267650.52597271,267650.52597271,0.03371463599614799
20.756446401820376,aece4ecd,SessionTracking,Tracking,30.06265,29.9358711,1,0.032904635008890182,0.131944448,1.023889,1,160x90 DepthUint16,"centre=0 min=13124 max=40000 hex=0000 860A 0000 0000 7B5C","centre=31733 min=30114 max=33909 hex=7AE5 7AD7 7BF5 7D61 7E35",0,0,0,,0,,,None,Unavailable,NoWallUnderCrosshair,,,,"only 0 valid depth samples under crosshair (400 no-data, 41 out-of-range, 0 low-confidence)",0,,,None,Unavailable,NoWallInView,,,,5.964399,2.07882476,-3.13695717,0.136922911,-0.185385391,0.019004494,0.9728943,0,0,0,0,0,0,267650.55929979304,267650.55929979304,0.032838332990650088
20.792072443814341,aece4ecd,SessionTracking,Tracking,30.0570526,29.9358711,1,0.034889011003542691,0.134305552,0.98770833,1,160x90 DepthUint16,"centre=0 min=13218 max=39945 hex=0000 5A5B 0000 0000 6C1F","centre=31466 min=30422 max=33475 hex=79D1 797E 7AEA 7C14 7CB1",0,0,0,,0,,,None,Unavailable,NoWallUnderCrosshair,,,,"only 0 valid depth samples under crosshair (349 no-data, 92 out-of-range, 0 low-confidence)",0,,,None,Unavailable,NoWallInView,,,,6.003066,2.08075285,-3.17206836,0.1361142,-0.197328046,0.0203875,0.970628142,0,0,0,0,0,0,267650.592614314,267650.592614314,0.034826093993615359
20.822888015826557,aece4ecd,SessionTracking,Tracking,30.0614738,29.9358711,1,0.030036875017685816,0.134791672,1.14256942,1,160x90 DepthUint16,"centre=0 min=13294 max=39990 hex=0000 7D3A 0000 0000 6B94","centre=30889 min=30302 max=33565 hex=78A3 781C 78A9 7B4E 7C04",0,0,0,,0,,,None,Unavailable,NoWallUnderCrosshair,,,,"only 0 valid depth samples under crosshair (312 no-data, 129 out-of-range, 0 low-confidence)",0,,,None,Unavailable,NoWallInView,,,,6.04433775,2.08451319,-3.207437,0.134318635,-0.207449362,0.0220576245,0.968729436,0,0,0,0,0,0,267650.62594139803,267650.62594139803,0.029949738993309438
20.855225984820954,aece4ecd,SessionTracking,Tracking,30.06219,29.9358711,1,0.031643594003980979,0.134861112,1.169514,1,160x90 DepthUint16,"centre=0 min=13350 max=39974 hex=0000 88FD 0000 0000 6C24","centre=30571 min=29897 max=33454 hex=78EE 778C 776B 7AC0 7BF3",0,0,0,,0,,,None,Unavailable,NoWallUnderCrosshair,,,,"only 0 valid depth samples under crosshair (309 no-data, 132 out-of-range, 0 low-confidence)",0,,,None,Unavailable,NoWallInView,,,,6.08469725,2.088369,-3.2431128,0.132909238,-0.21122472,0.02451596,0.9680487,0,0,0,0,0,0,267650.659268481,267650.659268481,0.031589582999004051
20.88940348481885,aece4ecd,SessionTracking,Tracking,30.0555859,29.9358711,1,0.033340207999572158,0.133125,1.0830555,1,160x90 DepthUint16,"centre=0 min=13388 max=39996 hex=0000 8413 0000 0000 6BD2","centre=31128 min=30592 max=33777 hex=7964 78F9 7998 7BDB 7D1B",0,0,0,,0,,,None,Unavailable,NoWallUnderCrosshair,,,,"only 0 valid depth samples under crosshair (309 no-data, 132 out-of-range, 0 low-confidence)",0,,,None,Unavailable,NoWallInView,,,,6.108664,2.10368466,-3.26986384,0.133324578,-0.210268363,0.026671024,0.9681428,0,0,0,0,0,0,267650.692714629,267650.692714629,0.0332805729995016
20.921788328820931,aece4ecd,SessionTracking,Tracking,30.0612679,29.9358711,1,0.03156104200752452,0.133472219,1.0936805,1,160x90 DepthUint16,"centre=0 min=13443 max=39999 hex=0000 822C 0000 0000 6C48","centre=31252 min=30823 max=33877 hex=7A0E 7939 7A14 7C47 7D5D",0,0,0,,0,,,None,Unavailable,NoWallUnderCrosshair,,,,"only 0 valid depth samples under crosshair (310 no-data, 131 out-of-range, 0 low-confidence)",0,,,None,Unavailable,NoWallInView,,,,6.148601,2.10773087,-3.30465317,0.1337355,-0.210962027,0.0283668675,0.967887,0,0,0,0,0,0,267650.72604171303,267650.72604171303,0.0314845830143895
20.957372026807953,aece4ecd,SessionTracking,Tracking,30.0509033,29.9358711,1,0.035001041978830472,0.13166666,1.07347226,1,160x90 DepthUint16,"centre=39797 min=13494 max=39946 hex=0000 7EF1 9B75 0000 70CB","centre=31849 min=31460 max=34404 hex=7D28 7C28 7C69 7EC2 7FB8",0,0,0,,0,,,None,Unavailable,NoWallUnderCrosshair,,,,"only 0 valid depth samples under crosshair (316 no-data, 125 out-of-range, 0 low-confidence)",0,,,None,Unavailable,NoWallInView,,,,6.188342,2.1117816,-3.33938384,0.134664655,-0.209732637,0.0297371186,0.9679842,0,0,0,0,0,0,267650.759368796,267650.759368796,0.034950312983710319
20.985399057825653,aece4ecd,SessionTracking,Tracking,30.0565548,29.9358711,1,0.027478281001094729,0.131180555,1.02527773,1,160x90 DepthUint16,"centre=0 min=13563 max=39964 hex=0000 7EF2 0000 0000 71AE","centre=31670 min=31146 max=34357 hex=7ACC 7A2E 7BB6 7CF0 7DCA",0,0,0,,0,,,None,Unavailable,NoWallUnderCrosshair,,,,"only 0 valid depth samples under crosshair (319 no-data, 122 out-of-range, 0 low-confidence)",0,,,None,Unavailable,NoWallInView,,,,6.26946735,2.11492014,-3.38377762,0.135225981,-0.208365947,0.030951323,0.968163,0,0,0,0,0,0,267650.79277665,267650.79277665,0.027433489012764767
21.025713172827473,aece4ecd,SessionTracking,Tracking,30.060957,29.9358711,1,0.03964317700592801,0.128055558,0.9291667,1,160x90 DepthUint16,"centre=0 min=13595 max=39982 hex=0000 6FAD 0000 0000 0000","centre=32026 min=31418 max=34150 hex=7B90 7B6F 7D1A 7DF9 7E89",0,0,0,,0,,,None,Unavailable,NoWallUnderCrosshair,,,,"only 0 valid depth samples under crosshair (335 no-data, 106 out-of-range, 0 low-confidence)",0,,,None,Unavailable,NoWallInView,,,,6.309837,2.11878681,-3.418685,0.1362882,-0.204950392,0.0322620645,0.96870023,0,0,0,0,0,0,267650.826103734,267650.826103734,0.0395959900051821
21.055414317814957,aece4ecd,SessionTracking,Tracking,30.0506763,29.9358711,1,0.028793436998967081,0.126944438,0.9060417,1,160x90 DepthUint16,"centre=0 min=13620 max=39994 hex=0000 5B37 0000 0000 8CE2","centre=32088 min=30683 max=34028 hex=7BA7 7BAA 7D58 7DEF 7E52",0,0,0,,0,,,None,Unavailable,NoWallUnderCrosshair,,,,"only 0 valid depth samples under crosshair (363 no-data, 78 out-of-range, 0 low-confidence)",0,,,None,Unavailable,NoWallInView,,,,6.349869,2.122462,-3.453797,0.136624336,-0.199076384,0.0339306667,0.9698202,0,0,0,0,0,0,267650.859430817,267650.859430817,0.028704530996037647
21.087641401826495,aece4ecd,SessionTracking,Tracking,30.0602741,29.9358711,1,0.031573386018862948,0.125,0.8310417,1,160x90 DepthUint16,"centre=0 min=13620 max=39981 hex=0000 0000 0000 0000 9002","centre=32341 min=30889 max=33801 hex=7CB8 7D78 7E55 7E74 7EBC",0,0,0,,0,,,None,Unavailable,NoWallUnderCrosshair,,,,"only 0 valid depth samples under crosshair (403 no-data, 38 out-of-range, 0 low-confidence)",0,,,None,Unavailable,NoWallInView,,,,6.38984251,2.125875,-3.48897648,0.136598349,-0.1918922,0.03572312,0.971206546,0,0,0,0,0,0,267650.8927579,267650.8927579,0.0315176040166989
21.122868797828069,aece4ecd,SessionTracking,Tracking,30.057827,29.9358711,1,0.034487135999370366,0.12472222,0.792708337,1,160x90 DepthUint16,"centre=0 min=13631 max=39957 hex=0000 87C2 0000 0000 0000","centre=32676 min=31081 max=34064 hex=7E7E 7F1F 7FA4 7FD0 8033",0,0,0,,0,,,None,Unavailable,NoWallUnderCrosshair,,,,"only 0 valid depth samples under crosshair (431 no-data, 10 out-of-range, 0 low-confidence)",0,,,None,Unavailable,NoWallInView,,,,6.429737,2.12910414,-3.52364373,0.137520626,-0.184368536,0.0369586051,0.972486734,0,0,0,0,0,0,267650.92608498404,267650.92608498404,0.0343996360024903
21.1551881208132,aece4ecd,SessionTracking,Tracking,30.05939,29.9358711,1,0.031079948006663471,0.124027781,0.7760417,1,160x90 DepthUint16,"centre=0 min=13632 max=39987 hex=0000 0000 0000 0000 8641","centre=33296 min=31512 max=34539 hex=8164 819B 8210 8230 82AE",0,0,0,,0,,,None,Unavailable,NoWallUnderCrosshair,,,,"only 0 valid depth samples under crosshair (441 no-data, 0 out-of-range, 0 low-confidence)",0,,,None,Unavailable,NoWallInView,,,,6.469473,2.13233018,-3.5578692,0.139949918,-0.176511049,0.03778026,0.9735659,0,0,0,0,0,0,267650.959412067,267650.959412067,0.030941042001359165
21.186482755815469,aece4ecd,SessionTracking,Tracking,30.0590763,29.9358711,1,0.030462239985354245,0.122708336,0.76784724,1,160x90 DepthUint16,"centre=0 min=13655 max=39934 hex=52F2 0000 0000 0000 8311","centre=33033 min=31804 max=35021 hex=80DD 80F0 8109 8122 81E6",0,0,0,,0,,,None,Unavailable,NoWallUnderCrosshair,,,,"only 0 valid depth samples under crosshair (441 no-data, 0 out-of-range, 0 low-confidence)",0,,,None,Unavailable,NoWallInView,,,,6.5108037,2.13479328,-3.591745,0.143745154,-0.170122415,0.0376653075,0.974154532,0,0,0,0,0,0,267650.99274023203,267650.99274023203,0.030404530989471823
21.218019317805393,aece4ecd,SessionTracking,Tracking,30.0599556,29.9358711,1,0.030730311991646886,0.122777775,0.7914583,1,160x90 DepthUint16,"centre=0 min=13697 max=39970 hex=5217 0000 0000 0000 7BCD","centre=33039 min=31692 max=34992 hex=80A5 8101 810F 8123 821A",0,0,0,,0,,,None,Unavailable,NoWallUnderCrosshair,,,,"only 0 valid depth samples under crosshair (441 no-data, 0 out-of-range, 0 low-confidence)",0,,,None,Unavailable,NoWallInView,,,,6.551597,2.13817787,-3.625223,0.14831,-0.166635126,0.0368841328,0.9741029,0,0,0,0,0,0,267651.026067316,267651.026067316,0.030659790994832292
21.255668849828744,aece4ecd,SessionTracking,Tracking,30.05994,29.99137,1,0.037060208996990696,0.122916669,0.768819451,1,160x90 DepthUint16,"centre=0 min=13745 max=39993 hex=520F 0000 0000 0000 8465","centre=33177 min=32077 max=35674 hex=811E 8189 8199 818F 82D6",0,0,0,,0,,,None,Unavailable,NoWallUnderCrosshair,,,,"only 0 valid depth samples under crosshair (441 no-data, 0 out-of-range, 0 low-confidence)",0,,,None,Unavailable,NoWallInView,,,,6.593001,2.1416,-3.65888548,0.152035952,-0.164970309,0.0358465649,0.9738506,0,0,0,0,0,0,267651.059394399,267651.059394399,0.03699973999755457
21.287921869806105,aece4ecd,SessionTracking,Tracking,30.0647488,29.99137,1,0.031536353984847665,0.121944442,0.820069432,1,160x90 DepthUint16,"centre=0 min=13788 max=40000 hex=0000 0000 0000 0000 851F","centre=32837 min=32002 max=35619 hex=7EE2 7FCD 8045 8080 824B",0,0,0,,0,,,None,Unavailable,NoWallUnderCrosshair,,,,"only 0 valid depth samples under crosshair (441 no-data, 0 out-of-range, 0 low-confidence)",0,,,None,Unavailable,NoWallInView,,,,6.63462448,2.14495277,-3.69291258,0.15466547,-0.16263777,0.0348458923,0.9738652,0,0,0,0,0,0,267651.09272148204,267651.09272148204,0.031464009982300922
21.319624317808866,aece4ecd,SessionTracking,Tracking,30.0575924,29.99137,1,0.030872915987856686,0.12125,0.8059722,1,160x90 DepthUint16,"centre=0 min=13822 max=39942 hex=57AD 0000 0000 0000 8624","centre=31810 min=31042 max=35223 hex=7AE9 7BD4 7C42 7CC0 7FD7",0,0,0,,0,,,None,Unavailable,NoWallUnderCrosshair,,,,"only 0 valid depth samples under crosshair (441 no-data, 0 out-of-range, 0 low-confidence)",0,,,None,Unavailable,NoWallInView,,,,6.67639828,2.14827871,-3.72729349,0.155889779,-0.160701036,0.034712676,0.9739962,0,0,0,0,0,0,267651.126048566,267651.126048566,0.03081426999415271
21.357350619828885,aece4ecd,SessionTracking,Tracking,30.0600986,29.99137,1,0.036952395021216944,0.120416664,0.801875,1,160x90 DepthUint16,"centre=0 min=13849 max=39950 hex=57C2 0000 0000 0000 863F","centre=33930 min=31512 max=35685 hex=8497 84B2 848A 846A 859E",0,0,0,,0,,,None,Unavailable,NoWallUnderCrosshair,,,,"only 0 valid depth samples under crosshair (441 no-data, 0 out-of-range, 0 low-confidence)",0,,,None,Unavailable,NoWallInView,,,,6.718219,2.15165162,-3.76195836,0.155975431,-0.157969654,0.03428513,0.9744444,0,0,0,0,0,0,267651.159375649,267651.159375649,0.036894479009788483
21.386558015829742,aece4ecd,SessionTracking,Tracking,30.06007,29.99137,1,0.028507604001788422,0.123194441,0.79,1,160x90 DepthUint16,"centre=0 min=13837 max=39963 hex=57AF 0000 0000 0000 8A9D","centre=33140 min=31524 max=35478 hex=80B4 813F 8174 81C5 8414",0,0,0,,0,,,None,Unavailable,NoWallUnderCrosshair,,,,"only 0 valid depth samples under crosshair (441 no-data, 0 out-of-range, 0 low-confidence)",0,,,None,Unavailable,NoWallInView,,,,6.75550032,2.15922618,-3.79185843,0.155614913,-0.153253525,0.0341590419,0.975259244,0,0,0,0,0,0,267651.192650422,267651.192650422,0.028451354010030627
21.417779786831325,aece4ecd,SessionTracking,Tracking,30.0606384,29.99137,1,0.030434635002166033,0.121875,0.7480556,1,160x90 DepthUint16,"centre=0 min=13857 max=39971 hex=57BB 0000 0000 0000 8503","centre=33961 min=31623 max=35179 hex=844D 849A 84A9 84DA 861A",0,0,0,,0,,,None,Unavailable,NoWallUnderCrosshair,,,,"only 0 valid depth samples under crosshair (441 no-data, 0 out-of-range, 0 low-confidence)",0,,,None,Unavailable,NoWallInView,,,,6.797003,2.16295671,-3.82617712,0.156112239,-0.148797587,0.034685377,0.975851,0,0,0,0,0,0,267651.225977506,267651.225977506,0.030386719008674845
21.45788056781641,aece4ecd,SessionTracking,Tracking,30.06078,29.99137,1,0.039549375011119992,0.12083333,0.7895833,1,160x90 DepthUint16,"centre=0 min=13884 max=39984 hex=0000 0000 0000 0000 8303","centre=33773 min=31878 max=35136 hex=8358 83AF 83ED 843B 86BA",0,0,0,,0,,,None,Unavailable,NoWallUnderCrosshair,,,,"only 0 valid depth samples under crosshair (441 no-data, 0 out-of-range, 0 low-confidence)",0,,,None,Unavailable,NoWallInView,,,,6.83905935,2.16686368,-3.859964,0.158049867,-0.14739953,0.0350182354,0.97573936,0,0,0,0,0,0,267651.259304589,267651.259304589,0.039498750003986061
21.488668119824816,aece4ecd,SessionTracking,Tracking,30.06056,29.99137,1,0.02989265599171631,0.118472219,0.715972245,1,160x90 DepthUint16,"centre=0 min=13935 max=39978 hex=0000 0000 0000 0000 83F4","centre=34854 min=28701 max=41151 hex=8811 87FE 8826 87B8 8714",0,0,0,,0,,,None,Unavailable,NoWallUnderCrosshair,,,,"only 0 valid depth samples under crosshair (441 no-data, 0 out-of-range, 0 low-confidence)",0,,,None,Unavailable,NoWallInView,,,,6.90669346,2.18870926,-3.878082,0.160585329,-0.145219192,0.0344260372,0.975673437,0,0,0,0,0,0,267651.29262695904,267651.29262695904,0.029755416006082669
21.519852494819879,aece4ecd,SessionTracking,Tracking,30.0597057,29.99137,1,0.030284426989965141,0.118680559,0.7052778,1,160x90 DepthUint16,"centre=0 min=13989 max=39945 hex=0000 0000 0000 0000 8652","centre=35352 min=29314 max=42047 hex=89BE 89B3 8A18 8A08 88E4",0,0,0,,0,,,None,Unavailable,NoWallUnderCrosshair,,,,"only 0 valid depth samples under crosshair (441 no-data, 0 out-of-range, 0 low-confidence)",0,,,None,Unavailable,NoWallInView,,,,6.95005274,2.19286156,-3.91144753,0.161255375,-0.145538613,0.03454593,0.9755111,0,0,0,0,0,0,267651.325954043,267651.325954043,0.030221144988900051
21.551512078817559,aece4ecd,SessionTracking,Tracking,30.0593452,29.99137,1,0.030933801986975595,0.1175,0.711944461,1,160x90 DepthUint16,"centre=0 min=14033 max=39968 hex=0000 0000 0000 0000 85CC","centre=35117 min=29534 max=43060 hex=886B 8887 892D 898B 889C",0,0,0,,0,,,None,Unavailable,NoWallUnderCrosshair,,,,"only 0 valid depth samples under crosshair (441 no-data, 0 out-of-range, 0 low-confidence)",0,,,None,Unavailable,NoWallInView,,,,6.99360561,2.197003,-3.94518137,0.160631329,-0.145932585,0.03446195,0.9755581,0,0,0,0,0,0,267651.359281126,267651.359281126,0.030880937993060797
21.598963380819278,aece4ecd,SessionTracking,Tracking,30.0581951,29.99137,1,0.04680911501054652,0.118958332,0.6767361,1,160x90 DepthUint16,"centre=0 min=13926 max=39986 hex=0000 0000 0000 0000 8735","centre=33524 min=20969 max=41052 hex=82F9 8336 82F4 83D7 876C",0,0,0,,0,,,None,Unavailable,NoWallUnderCrosshair,,,,"only 0 valid depth samples under crosshair (441 no-data, 0 out-of-range, 0 low-confidence)",0,,,None,Unavailable,NoWallInView,,,,7.036848,2.25752926,-3.90421939,0.16102083,-0.134710148,0.031871587,0.9771949,0,0,0,0,0,0,267651.392604447,267651.392604447,0.04675099000451155
21.625576557823315,aece4ecd,SessionTracking,Tracking,30.0584679,29.99137,1,0.020194375014398247,0.118819445,0.666944444,1,160x90 DepthUint16,"centre=0 min=13963 max=39978 hex=0000 0000 0000 0000 86F2","centre=33475 min=20843 max=40991 hex=82E0 830B 82C3 8397 874C",0,0,0,,0,,,None,Unavailable,NoWallUnderCrosshair,,,,"only 0 valid depth samples under crosshair (441 no-data, 0 out-of-range, 0 low-confidence)",0,,,None,Unavailable,NoWallInView,,,,7.081529,2.26242661,-3.93558574,0.160065532,-0.134662211,0.0320382454,0.9773529,0,0,0,0,0,0,267651.425931531,267651.425931531,0.019994271016912535
21.654844942821747,aece4ecd,SessionTracking,Tracking,30.0596848,29.99137,1,0.028507239010650665,0.118680559,0.675625,1,160x90 DepthUint16,"centre=0 min=14017 max=39949 hex=0000 0000 0000 0000 8715","centre=33339 min=21516 max=41068 hex=825A 8287 823B 8326 872C",0,0,0,,0,,,None,Unavailable,NoWallUnderCrosshair,,,,"only 0 valid depth samples under crosshair (441 no-data, 0 out-of-range, 0 low-confidence)",0,,,None,Unavailable,NoWallInView,,,,7.12649727,2.26743627,-3.96668267,0.159845278,-0.1363201,0.0322305,0.977152765,0,0,0,0,0,0,267651.459258614,267651.459258614,0.02844796801218763
21.688334682809746,aece4ecd,SessionTracking,Tracking,30.0585136,29.99137,1,0.0329839059850201,0.121458337,0.678194463,1,160x90 DepthUint16,"centre=0 min=13801 max=39953 hex=0000 0000 0000 0000 86B3","centre=35164 min=28793 max=38234 hex=8946 8984 895C 88DC 87A4",0,0,0,,0,,,None,Unavailable,NoWallUnderCrosshair,,,,"only 0 valid depth samples under crosshair (441 no-data, 0 out-of-range, 0 low-confidence)",0,,,None,Unavailable,NoWallInView,,,,7.15834141,2.39920068,-3.8009696,0.163988471,-0.123605937,0.0280267633,0.9782862,0,0,0,0,0,0,267651.493176116,267651.493176116,0.032940417004283518
21.724729526816027,aece4ecd,SessionTracking,Tracking,30.0580521,29.99137,1,0.035657239990541711,0.119166665,0.673541665,1,160x90 DepthUint16,"centre=0 min=13941 max=39974 hex=0000 0000 0000 0000 87D6","centre=35203 min=27826 max=38193 hex=893C 8986 8983 88F8 885A",0,0,0,,0,,,None,Unavailable,NoWallUnderCrosshair,,,,"only 0 valid depth samples under crosshair (441 no-data, 0 out-of-range, 0 low-confidence)",0,,,None,Unavailable,NoWallInView,,,,7.20633173,2.40544939,-3.82576847,0.1650673,-0.1311916,0.0280373115,0.9771159,0,0,0,0,0,0,267651.5265032,267651.5265032,0.035578073002398014
21.753546140825,aece4ecd,SessionTracking,Tracking,30.0598125,29.99137,1,0.028080937016056851,0.117083333,0.609652758,1,160x90 DepthUint16,"centre=0 min=14063 max=39983 hex=0000 0000 0000 0000 88B4","centre=34744 min=27092 max=38136 hex=879E 87CD 87B8 8740 886E",0,0,0,,0,,,None,Unavailable,NoWallUnderCrosshair,,,,"only 0 valid depth samples under crosshair (441 no-data, 0 out-of-range, 0 low-confidence)",0,,,None,Unavailable,NoWallInView,,,,7.25468636,2.41155481,-3.85053039,0.165090621,-0.141476691,0.0282455981,0.975669861,0,0,0,0,0,0,267651.559830283,267651.559830283,0.028008177003357559
21.789569890824005,aece4ecd,SessionTracking,Tracking,30.0597153,29.99137,1,0.035496771015459672,0.122569442,0.635347247,1,160x90 DepthUint16,"centre=0 min=13787 max=39997 hex=0000 0000 0000 0000 8ABA","centre=25459 min=21711 max=33673 hex=5DA9 5D0F 6373 6795 8023",0,0,0,,0,,,None,Unavailable,NoWallUnderCrosshair,,,,"only 0 valid depth samples under crosshair (441 no-data, 0 out-of-range, 0 low-confidence)",0,,,None,Unavailable,NoWallInView,,,,6.831059,2.45169187,-3.58639216,0.167988241,-0.1459305,0.02820617,0.97451967,0,0,0,0,0,0,267651.592989925,267651.592989925,0.03544916701503098
21.825144161818407,aece4ecd,SessionTracking,Tracking,30.0607529,29.99137,1,0.034880885010352358,0.123263888,0.6634028,1,160x90 DepthUint16,"centre=0 min=13867 max=39991 hex=0000 0000 0000 0000 89D0","centre=25501 min=21779 max=33756 hex=5D7D 5D0E 639D 67B1 821F",0,0,0,,0,,,None,Unavailable,NoWallUnderCrosshair,,,,"only 0 valid depth samples under crosshair (441 no-data, 0 out-of-range, 0 low-confidence)",0,,,None,Unavailable,NoWallInView,,,,6.872799,2.45788431,-3.60613942,0.166740313,-0.152872637,0.02898437,0.9736465,0,0,0,0,0,0,267651.62631700904,267651.62631700904,0.034822031011572108
21.857005359807609,aece4ecd,SessionTracking,Tracking,30.0601063,29.99137,1,0.030893541988916695,0.123125,0.671944439,1,160x90 DepthUint16,"centre=0 min=13948 max=40000 hex=56CF 0000 0000 0000 8B06","centre=24453 min=21088 max=33615 hex=5A56 5973 5F85 63CF 80C7",0,0,0,,0,,,None,Unavailable,NoWallUnderCrosshair,,,,"only 0 valid depth samples under crosshair (441 no-data, 0 out-of-range, 0 low-confidence)",0,,,None,Unavailable,NoWallInView,,,,6.914406,2.46411443,-3.625648,0.165697455,-0.159656167,0.0302231926,0.972697735,0,0,0,0,0,0,267651.659644092,267651.659644092,0.030779270979110152
21.888826661829462,aece4ecd,SessionTracking,Tracking,30.0613613,29.99137,1,0.031134062999626622,0.123472221,0.6852083,1,160x90 DepthUint16,"centre=0 min=13929 max=39982 hex=5689 0000 0000 0000 833A","centre=38134 min=32875 max=40351 hex=9844 954E 94F6 93D2 8CB2",0,0,0,,0,,,None,Unavailable,NoWallUnderCrosshair,,,,"only 0 valid depth samples under crosshair (441 no-data, 0 out-of-range, 0 low-confidence)",0,,,None,Unavailable,NoWallInView,,,,6.974984,2.492302,-3.51630116,0.167185053,-0.16403155,0.02939555,0.9717401,0,0,0,0,0,0,267651.692720271,267651.692720271,0.031086458009667695
21.920106609816521,aece4ecd,SessionTracking,Tracking,30.0592041,29.99137,1,0.03061916699516587,0.123333335,0.68416667,1,160x90 DepthUint16,"centre=0 min=13974 max=39999 hex=56CD 0000 0000 0000 82F4","centre=38483 min=32823 max=40683 hex=9A00 96BB 9653 950C 8CF4",0,0,0,,0,,,None,Unavailable,NoWallUnderCrosshair,,,,"only 0 valid depth samples under crosshair (441 no-data, 0 out-of-range, 0 low-confidence)",0,,,None,Unavailable,NoWallInView,,,,7.01774168,2.49862576,-3.53227925,0.166342109,-0.167061538,0.0300831515,0.9713474,0,0,0,0,0,0,267651.72604735504,267651.72604735504,0.030541198007995263
21.95687681782767,aece4ecd,SessionTracking,Tracking,30.05914,29.99137,1,0.035958124994067475,0.122708336,0.695625,1,160x90 DepthUint16,"centre=0 min=14028 max=39994 hex=570A 0000 0000 0000 82A5","centre=38238 min=31930 max=40454 hex=96F8 955B 955E 93EA 8CD6",0,0,0,,0,,,None,Unavailable,NoWallUnderCrosshair,,,,"only 0 valid depth samples under crosshair (441 no-data, 0 out-of-range, 0 low-confidence)",0,,,None,Unavailable,NoWallInView,,,,7.06059742,2.50505257,-3.54772,0.166208863,-0.170098364,0.030509891,0.9708297,0,0,0,0,0,0,267651.759374438,267651.759374438,0.035866510006599128
21.988343275820462,aece4ecd,SessionTracking,Tracking,30.0568676,29.99137,1,0.030755156010854989,0.131736115,0.586875,1,160x90 DepthUint16,"centre=0 min=12203 max=39977 hex=0000 0000 0000 0000 8ED5","centre=33339 min=16106 max=39741 hex=864D 82E3 823B 7FB7 754E",0,0,0,,0,,,None,Unavailable,NoWallUnderCrosshair,,,,"only 0 valid depth samples under crosshair (441 no-data, 0 out-of-range, 0 low-confidence)",0,,,None,Unavailable,NoWallInView,,,,4.52438927,2.43522549,-2.4176662,0.1789677,-0.155255422,0.03378913,0.970940053,0,0,0,0,0,0,267651.791540335,267651.791540335,0.03070015599951148
22.019513380829103,aece4ecd,SessionTracking,Tracking,30.05964,29.99137,1,0.030497917003231123,0.131736115,0.5813889,1,160x90 DepthUint16,"centre=0 min=12211 max=39976 hex=0000 0000 0000 0000 5FF2","centre=33259 min=16243 max=40038 hex=870F 8340 81EB 7FE3 7376",0,0,0,,0,,,None,Unavailable,NoWallUnderCrosshair,,,,"only 0 valid depth samples under crosshair (441 no-data, 0 out-of-range, 0 low-confidence)",0,,,None,Unavailable,NoWallInView,,,,4.531351,2.440528,-2.41519237,0.179505065,-0.158834741,0.0335496664,0.970270038,0,0,0,0,0,0,267651.824867419,267651.824867419,0.030412032007006928
22.052366817805542,aece4ecd,SessionTracking,Tracking,30.0589542,29.99137,1,0.032036405988037586,0.133055553,0.598333359,1,160x90 DepthUint16,"centre=0 min=12233 max=39980 hex=0000 0000 0000 0000 7E23","centre=32210 min=15784 max=39750 hex=843F 7FCC 7DD2 7BAC 7373",0,0,0,,0,,,None,Unavailable,NoWallUnderCrosshair,,,,"only 0 valid depth samples under crosshair (438 no-data, 3 out-of-range, 0 low-confidence)",0,,,None,Unavailable,NoWallInView,,,,4.53789139,2.44573975,-2.41242051,0.179466337,-0.161327,0.0337943137,0.969857454,0,0,0,0,0,0,267651.858194502,267651.858194502,0.03195234399754554
22.090072598831121,aece4ecd,SessionTracking,Tracking,30.0569115,29.99137,1,0.0368831770028919,0.13625,0.53875,1,160x90 DepthUint16,"centre=0 min=12069 max=39996 hex=0000 0000 0000 0000 6314","centre=23995 min=20145 max=31783 hex=52B4 5B38 5DBB 6133 7654",0,0,0,,0,,,None,Unavailable,NoWallUnderCrosshair,,,,"only 0 valid depth samples under crosshair (424 no-data, 17 out-of-range, 0 low-confidence)",0,,,None,Unavailable,NoWallInView,,,,4.351178,2.35362339,-2.33329773,0.176892236,-0.164027438,0.03548071,0.969817162,0,0,0,0,0,0,267651.890834367,267651.890834367,0.036822239024331793
22.120981973827675,aece4ecd,SessionTracking,Tracking,30.0568924,29.99137,1,0.029697135003516451,0.135486111,0.5229167,1,160x90 DepthUint16,"centre=0 min=12072 max=39969 hex=0000 0000 0000 0000 7287","centre=24246 min=20250 max=30630 hex=52F2 5C07 5EB6 62AD 747C",0,0,0,,0,,,None,Unavailable,NoWallUnderCrosshair,,,,"only 0 valid depth samples under crosshair (421 no-data, 20 out-of-range, 0 low-confidence)",0,,,None,Unavailable,NoWallInView,,,,4.353392,2.35794473,-2.32979369,0.177873567,-0.165898189,0.0360243358,0.969299257,0,0,0,0,0,0,267651.924161451,267651.924161451,0.029624062008224428
22.157155619816713,aece4ecd,SessionTracking,Tracking,30.0587234,29.99137,1,0.035514582996256649,0.135,0.540555537,1,160x90 DepthUint16,"centre=0 min=12093 max=39956 hex=0000 0000 0000 0000 7750","centre=25202 min=20969 max=31439 hex=55CF 6019 6272 66F5 76FF",0,0,0,,0,,,None,Unavailable,NoWallUnderCrosshair,,,,"only 0 valid depth samples under crosshair (410 no-data, 31 out-of-range, 0 low-confidence)",0,,,None,Unavailable,NoWallInView,,,,4.35538864,2.362261,-2.32582951,0.179011822,-0.16846326,0.0360522568,0.968646049,0,0,0,0,0,0,267651.95748853404,267651.95748853404,0.035468176996801049
22.189506713823739,aece4ecd,SessionTracking,Tracking,30.0563641,29.99137,1,0.031768749991897494,0.134236112,0.53125,1,160x90 DepthUint16,"centre=0 min=12084 max=39963 hex=0000 0000 0000 0000 7740","centre=32402 min=30940 max=33944 hex=8009 8022 7E92 7BF1 813B",0,0,0,,0,,,None,Unavailable,NoWallUnderCrosshair,,,,"only 0 valid depth samples under crosshair (397 no-data, 44 out-of-range, 0 low-confidence)",0,,,None,Unavailable,NoWallInView,,,,4.30812645,2.359467,-2.32048559,0.179120466,-0.1714053,0.03588453,0.9681159,0,0,0,0,0,0,267651.990726803,267651.990726803,0.031719271006295457
22.221210984832233,aece4ecd,SessionTracking,Tracking,30.05731,29.99137,1,0.031031354010337964,0.135347217,0.538333356,1,160x90 DepthUint16,"centre=0 min=12091 max=39993 hex=0000 0000 0000 0000 8341","centre=31966 min=30788 max=33702 hex=7ED6 7E39 7CDE 7B97 7E11",0,0,0,,0,,,None,Unavailable,NoWallUnderCrosshair,,,,"only 0 valid depth samples under crosshair (382 no-data, 59 out-of-range, 0 low-confidence)",0,,,None,Unavailable,NoWallInView,,,,4.308935,2.36367536,-2.31625772,0.178771764,-0.1753583,0.03610364,0.967464,0,0,0,0,0,0,267652.024053887,267652.024053887,0.030976511014159769
22.254244682814551,aece4ecd,SessionTracking,Tracking,30.0582314,29.99137,1,0.03231984400190413,0.137152776,0.5456945,1,160x90 DepthUint16,"centre=0 min=12092 max=39992 hex=0000 79A3 0000 0000 8BB3","centre=31310 min=30863 max=33829 hex=7C0F 7C16 7A4E 7AAF 7FE0",0,0,0,,0,,,None,Unavailable,NoWallUnderCrosshair,,,,"only 0 valid depth samples under crosshair (364 no-data, 77 out-of-range, 0 low-confidence)",0,,,None,Unavailable,NoWallInView,,,,4.309312,2.36783,-2.31193376,0.1772743,-0.178503141,0.03649494,0.967149734,0,0,0,0,0,0,267652.05738097004,267652.05738097004,0.032273229997372255
22.285555671812126,aece4ecd,SessionTracking,Tracking,30.0594463,30.1003952,1,0.030820832995232195,0.138125,0.497638881,1,160x90 DepthUint16,"centre=0 min=12080 max=39989 hex=0000 7A03 0000 0000 8BFE","centre=31441 min=30705 max=33885 hex=7CAF 7AF2 7AD1 7AA4 7DCA",0,0,0,,0,,,None,Unavailable,NoWallUnderCrosshair,,,,"only 0 valid depth samples under crosshair (350 no-data, 91 out-of-range, 0 low-confidence)",0,,,None,Unavailable,NoWallInView,,,,4.274357,2.36555529,-2.30706263,0.175895423,-0.181682676,0.0370343961,0.9667888,0,0,0,0,0,0,267652.090614644,267652.090614644,0.030777134990785271
22.323907859826086,aece4ecd,SessionTracking,Tracking,30.0581818,30.1003952,1,0.037763594009447843,0.13729167,0.542708337,1,160x90 DepthUint16,"centre=0 min=12078 max=39981 hex=0000 7930 0000 0000 8BEE","centre=31028 min=30412 max=33608 hex=7A7D 78E3 7934 78DD 7B4F",0,0,0,,0,,,None,Unavailable,NoWallUnderCrosshair,,,,"only 0 valid depth samples under crosshair (339 no-data, 102 out-of-range, 0 low-confidence)",0,,,None,Unavailable,NoWallInView,,,,4.273482,2.36978626,-2.30175757,0.1753893,-0.184680477,0.0372188129,0.9663056,0,0,0,0,0,0,267652.12394172803,267652.12394172803,0.037714844016591087
22.354768015821556,aece4ecd,SessionTracking,Tracking,30.0579948,30.1003952,1,0.029781510995235294,0.137847215,0.523819447,1,160x90 DepthUint16,"centre=29772 min=12087 max=39917 hex=0000 7940 744C 0000 0000","centre=30664 min=30127 max=33151 hex=78D8 77B8 77C8 776B 7A0D",0,0,0,,0,,,None,Unavailable,NoWallUnderCrosshair,,,,"only 0 valid depth samples under crosshair (326 no-data, 115 out-of-range, 0 low-confidence)",0,,,None,Unavailable,NoWallInView,,,,4.272515,2.37400627,-2.29574466,0.175426841,-0.1890693,0.0369384922,0.9654604,0,0,0,0,0,0,267652.157268811,267652.157268811,0.029669635987374932
22.385704317827567,aece4ecd,SessionTracking,Tracking,30.0581341,30.1003952,1,0.028604999999515712,0.138680562,0.539305568,1,160x90 DepthUint16,"centre=27649 min=12083 max=39962 hex=66C9 79B5 6C01 0000 0000","centre=30896 min=30551 max=33585 hex=79B9 78EF 78B0 7867 7AD3",0,0,0,,0,,,None,Unavailable,NoWallUnderCrosshair,,,,"only 0 valid depth samples under crosshair (313 no-data, 128 out-of-range, 0 low-confidence)",0,,,None,Unavailable,NoWallInView,,,,4.29293633,2.345647,-2.28086758,0.1748,-0.1944802,0.0360491872,0.964532435,0,0,0,0,0,0,267652.190558304,267652.190558304,0.028533021017210558
22.422867598825924,aece4ecd,SessionTracking,Tracking,30.0546665,30.1003952,1,0.036589271010598168,0.1382639,0.516319454,1,160x90 DepthUint16,"centre=28074 min=12085 max=39949 hex=66D4 6F6D 6DAA 0000 0000","centre=31885 min=31277 max=33858 hex=7CC0 7C97 7C8D 7C67 7BA0",0,0,0,,0,,,None,Unavailable,NoWallUnderCrosshair,,,,"only 0 valid depth samples under crosshair (297 no-data, 144 out-of-range, 0 low-confidence)",0,,,None,Unavailable,NoWallInView,,,,4.291836,2.34946156,-2.27442741,0.174456924,-0.197425455,0.03586316,0.964003,0,0,0,0,0,0,267652.223885388,267652.223885388,0.036541458015562966
22.454097859822305,aece4ecd,SessionTracking,Tracking,30.0568275,30.1003952,1,0.030517605016939342,0.138472229,0.513194442,1,160x90 DepthUint16,"centre=29056 min=12085 max=39998 hex=66F4 66A7 7180 0000 0000","centre=31410 min=31109 max=34129 hex=7AA6 7A5E 7AB2 7B2E 7B38",0,0,0,,0,,,None,Unavailable,NoWallUnderCrosshair,,,,"only 0 valid depth samples under crosshair (283 no-data, 158 out-of-range, 0 low-confidence)",0,,,None,Unavailable,NoWallInView,,,,4.29042435,2.353345,-2.26735353,0.174859017,-0.2012927,0.0357760526,0.9631333,0,0,0,0,0,0,267652.25721247104,267652.25721247104,0.030432917003054172
22.48584358882983,aece4ecd,SessionTracking,Tracking,30.0583286,30.1003952,1,0.0310886460065376,0.139583334,0.529166639,1,160x90 DepthUint16,"centre=29616 min=12086 max=39989 hex=6732 666C 73B0 861A 0000","centre=31086 min=30864 max=33226 hex=7967 7917 796E 79D4 7A6C",0,0,0,,0,,,None,Unavailable,NoWallUnderCrosshair,,,,"only 0 valid depth samples under crosshair (271 no-data, 170 out-of-range, 0 low-confidence)",0,,,None,Unavailable,NoWallInView,,,,4.25409126,2.324565,-2.29613233,0.174186528,-0.202136248,0.0346683636,0.963119,0,0,0,0,0,0,267652.290543247,267652.290543247,0.031041094014653936
22.52605890080924,aece4ecd,SessionTracking,Tracking,30.0582752,30.1003952,1,0.039527290995465592,0.138958335,0.511319458,1,160x90 DepthUint16,"centre=29555 min=12078 max=39992 hex=6743 665B 7373 860A 0000","centre=31158 min=31089 max=33244 hex=79FB 79AE 79B6 79B1 7AC8",0,0,0,,0,,,None,Unavailable,NoWallUnderCrosshair,,,,"only 0 valid depth samples under crosshair (273 no-data, 168 out-of-range, 0 low-confidence)",0,,,None,Unavailable,NoWallInView,,,,4.25176764,2.32819033,-2.289723,0.173356041,-0.20246394,0.0349693634,0.963189065,0,0,0,0,0,0,267652.323870331,267652.323870331,0.039469686977099627
22.556476400814809,aece4ecd,SessionTracking,Tracking,30.059557,30.1003952,1,0.029558488982729614,0.140277773,0.519583344,1,160x90 DepthUint16,"centre=29610 min=12071 max=39997 hex=674B 665A 73AA 8600 0000","centre=30839 min=30702 max=33293 hex=785F 7840 7877 78F0 7AB3",0,0,0,,0,,,None,Unavailable,NoWallUnderCrosshair,,,,"only 0 valid depth samples under crosshair (271 no-data, 170 out-of-range, 0 low-confidence)",0,,,None,Unavailable,NoWallInView,,,,4.24909,2.33189678,-2.28286052,0.172924131,-0.202889949,0.0352381468,0.96316725,0,0,0,0,0,0,267652.35719741404,267652.35719741404,0.029488540982129052
22.5888090048091,aece4ecd,SessionTracking,Tracking,30.0610619,30.1003952,1,0.031683020002674311,0.1417361,0.516666651,1,160x90 DepthUint16,"centre=27894 min=12034 max=39963 hex=678E 65E2 6CF6 855D 0000","centre=31032 min=30888 max=33745 hex=791D 78FB 7938 79DB 7B34",0,0,0,,0,,,None,Unavailable,NoWallUnderCrosshair,,,,"only 0 valid depth samples under crosshair (253 no-data, 188 out-of-range, 0 low-confidence)",0,,,None,Unavailable,NoWallInView,,,,4.253811,2.318674,-2.24027181,0.171522081,-0.206692144,0.0358756222,0.962585866,0,0,0,0,0,0,267652.390332192,267652.390332192,0.031635780993383378
22.623466088813821,aece4ecd,SessionTracking,Tracking,30.0592823,30.1003952,1,0.033678542007692158,0.1404861,0.531944454,1,160x90 DepthUint16,"centre=28795 min=12018 max=39987 hex=679A 660A 707B 8584 0000","centre=30210 min=30036 max=33672 hex=75E0 75CC 7602 7683 77CD",0,0,0,,0,,,None,Unavailable,NoWallUnderCrosshair,,,,"only 0 valid depth samples under crosshair (256 no-data, 185 out-of-range, 0 low-confidence)",0,,,None,Unavailable,NoWallInView,,,,4.249774,2.32218122,-2.2327137,0.170760483,-0.205746949,0.0360828638,0.962915957,0,0,0,0,0,0,267652.42365927604,267652.42365927604,0.033622969000134617
22.654592286823409,aece4ecd,SessionTracking,Tracking,30.059288,30.1003952,1,0.030325157014885917,0.1401389,0.513958335,1,160x90 DepthUint16,"centre=28719 min=12009 max=39976 hex=678A 6630 702F 85AE 6CDD","centre=30028 min=29797 max=33185 hex=7503 74F9 754C 762B 78B2",0,0,0,,0,,,None,Unavailable,NoWallUnderCrosshair,,,,"only 0 valid depth samples under crosshair (263 no-data, 178 out-of-range, 0 low-confidence)",0,,,None,Unavailable,NoWallInView,,,,4.24526453,2.32567787,-2.22465658,0.170562968,-0.204662219,0.0364560522,0.963168,0,0,0,0,0,0,267652.45698635903,267652.45698635903,0.030260730010922998
22.686611088806622,aece4ecd,SessionTracking,Tracking,30.060358,30.1003952,1,0.031492395995883271,0.143125,0.492430568,1,160x90 DepthUint16,"centre=28319 min=11896 max=39955 hex=0000 64C9 6E9F 8499 6C3F","centre=30444 min=30145 max=33348 hex=7639 7668 76EC 782A 7BF2",0,0,0,,0,,,None,Unavailable,NoWallUnderCrosshair,,,,"only 0 valid depth samples under crosshair (248 no-data, 193 out-of-range, 0 low-confidence)",0,,,None,Unavailable,NoWallInView,,,,4.2102766,2.23635864,-2.14560318,0.168191239,-0.208219,0.0380338728,0.962761641,0,0,0,0,0,0,267652.48987797904,267652.48987797904,0.031448749999981374
22.71798947380632,aece4ecd,SessionTracking,Tracking,30.0651665,30.1003952,1,0.030468176992144436,0.142916664,0.484513879,1,160x90 DepthUint16,"centre=28263 min=11887 max=39948 hex=0000 64BA 6E67 8487 6C3A","centre=30276 min=29996 max=33155 hex=7596 75C9 7644 776D 7B06",0,0,0,,0,,,None,Unavailable,NoWallUnderCrosshair,,,,"only 0 valid depth samples under crosshair (245 no-data, 196 out-of-range, 0 low-confidence)",0,,,None,Unavailable,NoWallInView,,,,4.202919,2.238832,-2.13666749,0.1682821,-0.2086079,0.03818858,0.9626555,0,0,0,0,0,0,267652.523205063,267652.523205063,0.030422811978496611
22.760303483809203,aece4ecd,SessionTracking,Tracking,30.0605736,30.1003952,1,0.041605103993788362,0.143055558,0.496944457,1,160x90 DepthUint16,"centre=28322 min=11878 max=39944 hex=0000 64BA 6EA2 848C 6C35","centre=30638 min=30332 max=33372 hex=76F7 7728 77AE 78F1 7C7F",0,0,0,,0,,,None,Unavailable,NoWallUnderCrosshair,,,,"only 0 valid depth samples under crosshair (247 no-data, 194 out-of-range, 0 low-confidence)",0,,,None,Unavailable,NoWallInView,,,,4.194985,2.241266,-2.12738252,0.1684792,-0.208179623,0.0385298133,0.962700069,0,0,0,0,0,0,267652.556532146,267652.556532146,0.041554842988261953
22.790845463808019,aece4ecd,SessionTracking,Tracking,30.0596581,30.1003952,1,0.029779270989820361,0.141597226,0.482013881,1,160x90 DepthUint16,"centre=28527 min=11985 max=39981 hex=67CB 662A 6F6F 8582 6C98","centre=20861 min=7087 max=30616 hex=4A85 4EF0 517D 54BC 68AF",0,0,0,,0,,,None,Unavailable,NoWallUnderCrosshair,,,,"only 0 valid depth samples under crosshair (259 no-data, 182 out-of-range, 0 low-confidence)",0,,,None,Unavailable,NoWallInView,,,,4.14796,2.25842285,-2.2814126,0.167727843,-0.203324184,0.039058242,0.9638471,0,0,0,0,0,0,267652.589105007,267652.589105007,0.029726093984209
22.821708692818738,aece4ecd,SessionTracking,Tracking,30.0616951,30.1003952,1,0.030210261000320315,0.141458333,0.490555555,1,160x90 DepthUint16,"centre=28511 min=11977 max=39999 hex=67C1 661E 6F5F 8579 6C90","centre=20590 min=7055 max=30450 hex=499A 4DFB 506E 53A4 6786",0,0,0,,0,,,None,Unavailable,NoWallUnderCrosshair,,,,"only 0 valid depth samples under crosshair (258 no-data, 183 out-of-range, 0 low-confidence)",0,,,None,Unavailable,NoWallInView,,,,4.13857555,2.261086,-2.27395153,0.167721421,-0.203227043,0.0393251553,0.9638578,0,0,0,0,0,0,267652.62243209104,267652.62243209104,0.03016578100505285
22.856106348829435,aece4ecd,SessionTracking,Tracking,30.0643787,30.1003952,1,0.033748073008609936,0.1413889,0.5009028,1,160x90 DepthUint16,"centre=28455 min=11965 max=39984 hex=67C1 660A 6F27 856B 6C7E","centre=21035 min=7165 max=30600 hex=4AF7 4FA2 522B 5546 68E0",0,0,0,,0,,,None,Unavailable,NoWallUnderCrosshair,,,,"only 0 valid depth samples under crosshair (258 no-data, 183 out-of-range, 0 low-confidence)",0,,,None,Unavailable,NoWallInView,,,,4.128811,2.26372576,-2.26619625,0.167365685,-0.203377262,0.03936398,0.9638864,0,0,0,0,0,0,267652.655759174,267652.655759174,0.033701927022775635
22.885992442809602,aece4ecd,SessionTracking,Tracking,30.0608063,30.1003952,1,0.029096041980665177,0.1401389,0.5147222,1,160x90 DepthUint16,"centre=28408 min=11990 max=39972 hex=681A 662A 6EF8 8578 6C79","centre=17470 min=4962 max=29230 hex=3ED9 416B 443E 467F 5477",0,0,0,,0,,,None,Unavailable,NoWallUnderCrosshair,,,,"only 0 valid depth samples under crosshair (251 no-data, 190 out-of-range, 0 low-confidence)",0,,,None,Unavailable,NoWallInView,,,,4.03155041,2.2216115,-2.36982942,0.166136608,-0.201663837,0.0370782055,0.9645494,0,0,0,0,0,0,267652.68888529803,267652.68888529803,0.029028176999418065
22.922809577807875,aece4ecd,SessionTracking,Tracking,30.0602951,30.1003952,1,0.0362573959864676,0.140694439,0.49333334,1,160x90 DepthUint16,"centre=28309 min=11981 max=39963 hex=681F 65C8 6E95 851D 6C68","centre=17658 min=5018 max=29197 hex=3FD6 4235 44FA 4738 5566",0,0,0,,0,,,None,Unavailable,NoWallUnderCrosshair,,,,"only 0 valid depth samples under crosshair (246 no-data, 195 out-of-range, 0 low-confidence)",0,,,None,Unavailable,NoWallInView,,,,4.021843,2.224048,-2.36393356,0.165684059,-0.202316165,0.037099842,0.9644898,0,0,0,0,0,0,267652.722212382,267652.722212382,0.036205520998919383
22.955039473831512,aece4ecd,SessionTracking,Tracking,30.06286,30.1003952,1,0.031418385013239458,0.6913889,2.16708326,1,160x90 DepthUint16,"centre=21847 min=986 max=39864 hex=42FA 2CAB 5557 45F6 6649","centre=9943 min=4659 max=28009 hex=209D 231A 26D7 2C91 448C",0,0,0,,0,,,None,Unavailable,NoWallUnderCrosshair,,,,"only 0 valid depth samples under crosshair (8 no-data, 429 out-of-range, 4 low-confidence)",0,,,None,Unavailable,NoWallInView,,,,4.011624,2.226513,-2.35774422,0.165219337,-0.2024123,0.0372036435,0.9645453,0,0,0,0,0,0,267652.755539465,267652.755539465,0.031266250007320195
22.986410306823764,aece4ecd,SessionTracking,Tracking,30.0664864,30.1003952,1,0.030610415997216478,0.6961806,2.16159725,1,160x90 DepthUint16,"centre=22746 min=1058 max=39800 hex=0000 48BD 58DA 9ACD 4E47","centre=11908 min=10880 max=24582 hex=2E35 2E5A 2E84 311C 3406",0,0,0,,0,,,None,Unavailable,NoWallUnderCrosshair,,,,"only 0 valid depth samples under crosshair (4 no-data, 437 out-of-range, 0 low-confidence)",0,,,None,Unavailable,NoWallInView,,,,3.87849665,2.13842177,-2.53343749,0.162221491,-0.203448176,0.0327122249,0.96499896,0,0,0,0,0,0,267652.78898604104,267652.78898604104,0.030550780997145921
23.024130567819903,aece4ecd,SessionTracking,Tracking,30.06224,30.1003952,1,0.037198125006398186,0.7790972,2.819375,1,160x90 DepthUint16,"centre=22292 min=1090 max=39775 hex=438A 46D5 5714 8B67 6599","centre=11871 min=10837 max=24916 hex=2DEF 2E0F 2E5F 3132 34F9",0,0,0,,0,,,None,Unavailable,NoWallUnderCrosshair,,,,"only 0 valid depth samples under crosshair (5 no-data, 436 out-of-range, 0 low-confidence)",0,,,None,Unavailable,NoWallInView,,,,3.869228,2.14036751,-2.5310638,0.162076145,-0.202713788,0.0327185132,0.9651777,0,0,0,0,0,0,267652.822313125,267652.822313125,0.037151563010411337
23.054673848818148,aece4ecd,SessionTracking,Tracking,30.0631161,30.1003952,1,0.029646042006788775,0.778680563,2.73631954,1,160x90 DepthUint16,"centre=22291 min=1085 max=39771 hex=4384 467E 5713 85A2 6599","centre=11745 min=10828 max=25067 hex=2D9C 2DA3 2DE1 3003 3235",0,0,0,,0,,,None,Unavailable,NoWallUnderCrosshair,,,,"only 0 valid depth samples under crosshair (5 no-data, 436 out-of-range, 0 low-confidence)",0,,,None,Unavailable,NoWallInView,,,,3.85959435,2.142292,-2.52840185,0.162140086,-0.20225291,0.0326359868,0.9652664,0,0,0,0,0,0,267652.855640208,267652.855640208,0.029546614998253062
23.087237494821984,aece4ecd,SessionTracking,Tracking,30.060894,30.1003952,1,0.03119187499396503,0.7821528,1.9615972,1,160x90 DepthUint16,"centre=22289 min=1970 max=39720 hex=4380 478B 5711 6B9F 675B","centre=12287 min=9329 max=23517 hex=2CFF 2C58 2FFF 2F61 2D6B",0,0,0,,0,,,None,Unavailable,NoWallUnderCrosshair,,,,"only 0 valid depth samples under crosshair (6 no-data, 435 out-of-range, 0 low-confidence)",0,,,None,Unavailable,NoWallInView,,,,3.72825861,2.10273623,-2.57352257,0.161802426,-0.199677825,0.02962837,0.965956,0,0,0,0,0,0,267652.88902548,267652.88902548,0.031127552007092163
23.124909056815177,aece4ecd,SessionTracking,Tracking,30.0615463,30.1003952,1,0.03692869798396714,0.850208342,2.71243048,1,160x90 DepthUint16,"centre=22335 min=2056 max=39819 hex=3C68 4775 573F 905A 6D41","centre=15214 min=9893 max=26124 hex=34BE 329C 3B6E 41BA 42B4",0,0,0,,0,,,None,Unavailable,NoWallUnderCrosshair,,,,"only 0 valid depth samples under crosshair (0 no-data, 441 out-of-range, 0 low-confidence)",0,,,None,Unavailable,NoWallInView,,,,3.71921563,2.10428548,-2.57188368,0.1615921,-0.199706584,0.0297653675,0.965981066,0,0,0,0,0,0,267652.922352564,267652.922352564,0.0368775519891642
23.16013421382997,aece4ecd,SessionTracking,Tracking,30.0607529,30.1003952,1,0.034618282021256164,0.850069463,2.8104167,1,160x90 DepthUint16,"centre=22421 min=2051 max=39818 hex=3C65 47AB 5795 8F33 6D3B","centre=15160 min=9968 max=26551 hex=34A2 3263 3B38 4174 4247",0,0,0,,0,,,None,Unavailable,NoWallUnderCrosshair,,,,"only 0 valid depth samples under crosshair (0 no-data, 441 out-of-range, 0 low-confidence)",0,,,None,Unavailable,NoWallInView,,,,3.709816,2.105816,-2.57000446,0.161400631,-0.199854761,0.0301520266,0.9659704,0,0,0,0,0,0,267652.95567964704,267652.95567964704,0.034570678020827472
23.186904837812854,aece4ecd,SessionTracking,Tracking,30.0615368,30.1003952,1,0.026110937003977597,0.84715277,2.94652772,1,160x90 DepthUint16,"centre=22249 min=3319 max=39828 hex=3C4A 46D8 56E9 9978 6DA6","centre=17374 min=11157 max=27917 hex=4319 3EED 43DE 4952 4931",0,0,0,,0,,,None,Unavailable,NoWallUnderCrosshair,,,,"only 0 valid depth samples under crosshair (0 no-data, 441 out-of-range, 0 low-confidence)",0,,,None,Unavailable,NoWallInView,,,,3.59108973,2.08893418,-2.586584,0.161290109,-0.196801722,0.0281153917,0.966676831,0,0,0,0,0,0,267652.988976426,267652.988976426,0.02602124898112379
23.220408067833723,aece4ecd,SessionTracking,Tracking,30.0606,30.1003952,1,0.032972917018923908,0.8854861,5.047639,1,160x90 DepthUint16,"centre=22415 min=3316 max=39741 hex=3B9D 46B6 578F 9683 6DA0","centre=19071 min=12329 max=30246 hex=4990 472D 4A7F 4FAA 59B7",0,0,0,,0,,,None,Unavailable,NoWallUnderCrosshair,,,,"only 0 valid depth samples under crosshair (0 no-data, 441 out-of-range, 0 low-confidence)",0,,,None,Unavailable,NoWallInView,,,,3.58187628,2.090243,-2.58484745,0.161126927,-0.196556285,0.028467657,0.9667437,0,0,0,0,0,0,267653.02230351,267653.02230351,0.032923855003900826
23.253777337812444,aece4ecd,SessionTracking,Tracking,30.0595112,30.1003952,1,0.032663905993103981,0.8886806,5.222361,1,160x90 DepthUint16,"centre=22341 min=3312 max=39725 hex=3C3E 4268 5745 8FA8 6DA0","centre=19069 min=12215 max=30121 hex=4B48 47FE 4A7D 4F00 53B8",0,0,0,,0,,,None,Unavailable,NoWallUnderCrosshair,,,,"only 0 valid depth samples under crosshair (0 no-data, 441 out-of-range, 0 low-confidence)",0,,,None,Unavailable,NoWallInView,,,,3.5722928,2.09147072,-2.58282042,0.161239088,-0.196063459,0.02892819,0.9668114,0,0,0,0,0,0,267653.05563059304,267653.05563059304,0.032598853984382004
23.287836452828579,aece4ecd,SessionTracking,Tracking,30.0573025,29.9317322,1,0.033340207999572158,0.889375,4.112292,1,160x90 DepthUint16,"centre=22229 min=3276 max=39659 hex=5BD7 423B 56D5 4495 6D70","centre=25167 min=14176 max=33442 hex=5CB0 6EF7 624F 5D8A 59EE",0,0,0,,0,,,None,Unavailable,NoWallUnderCrosshair,,,,"only 0 valid depth samples under crosshair (0 no-data, 441 out-of-range, 0 low-confidence)",0,,,None,Unavailable,NoWallInView,,,,3.43853927,2.05834866,-2.59921074,0.161630243,-0.192242771,0.02675587,0.9675756,0,0,0,0,0,0,267653.088877242,267653.088877242,0.033286823017988354
23.318582806822469,aece4ecd,SessionTracking,Tracking,30.0567913,29.9317322,1,0.030041146004805341,0.9151389,8.359514,1,160x90 DepthUint16,"centre=23616 min=3274 max=39626 hex=4506 3CF0 5C40 63C1 5C84","centre=21347 min=14529 max=34420 hex=4621 4AEB 5363 5D47 5465",0,0,0,,0,,,None,Unavailable,NoWallUnderCrosshair,,,,"only 0 valid depth samples under crosshair (0 no-data, 441 out-of-range, 0 low-confidence)",0,,,None,Unavailable,NoWallInView,,,,3.42967939,2.059288,-2.59772086,0.161983937,-0.191452146,0.0272376537,0.9676598,0,0,0,0,0,0,267653.12220432603,267653.12220432603,0.029988436988787726
23.359974577818157,aece4ecd,SessionTracking,Tracking,30.0607433,29.9317322,1,0.04074578100699,0.9151389,8.209375,1,160x90 DepthUint16,"centre=23611 min=3271 max=39525 hex=4589 3D1F 5C3B 63D9 5C87","centre=21222 min=14164 max=33064 hex=469A 4D17 52E6 5B97 51C1",0,0,0,,0,,,None,Unavailable,NoWallUnderCrosshair,,,,"only 0 valid depth samples under crosshair (0 no-data, 441 out-of-range, 0 low-confidence)",0,,,None,Unavailable,NoWallInView,,,,3.42067742,2.06023,-2.59602451,0.162325174,-0.190905,0.0273909569,0.9677063,0,0,0,0,0,0,267653.155531409,267653.155531409,0.040695832984056324
23.390005515829053,aece4ecd,SessionTracking,Tracking,30.05964,29.9317322,1,0.029059635999146849,0.915416658,7.69069433,1,160x90 DepthUint16,"centre=23581 min=3494 max=39459 hex=46DD 3DCA 5C1D 63FF 5C7B","centre=21104 min=14535 max=32964 hex=4829 457B 5270 5D44 541F",0,0,0,,0,,,None,Unavailable,NoWallUnderCrosshair,,,,"only 0 valid depth samples under crosshair (0 no-data, 441 out-of-range, 0 low-confidence)",0,,,None,Unavailable,NoWallInView,,,,3.309974,2.046055,-2.61484265,0.163515359,-0.1874272,0.0251927078,0.9682454,0,0,0,0,0,0,267653.188975201,267653.188975201,0.028978438000194728
23.421976660813762,aece4ecd,SessionTracking,Tracking,30.0625267,29.9317322,1,0.031378854007925838,0.932013869,13.5369444,1,160x90 DepthUint16,"centre=21326 min=3496 max=39413 hex=46BC 38C6 534E 695B 7798","centre=21095 min=14859 max=32869 hex=421D 454F 5267 6110 64D7",0,0,0,,0,,,None,Unavailable,NoWallUnderCrosshair,,,,"only 0 valid depth samples under crosshair (0 no-data, 441 out-of-range, 0 low-confidence)",0,,,None,Unavailable,NoWallInView,,,,3.301583,2.04702449,-2.613412,0.163406014,-0.186580241,0.0250942726,0.96843,0,0,0,0,0,0,267653.222302285,267653.222302285,0.031333958002505824
23.452758639816984,aece4ecd,SessionTracking,Tracking,30.06386,29.9317322,1,0.030255780991865322,0.9325,11.98632,1,160x90 DepthUint16,"centre=21100 min=3495 max=39312 hex=465B 38C6 526C 6892 72CD","centre=20926 min=15196 max=34256 hex=43E3 44ED 51BE 5E7C 603D",0,0,0,,0,,,None,Unavailable,NoWallUnderCrosshair,,,,"only 0 valid depth samples under crosshair (0 no-data, 441 out-of-range, 0 low-confidence)",0,,,None,Unavailable,NoWallInView,,,,3.293021,2.04796624,-2.61193156,0.162834421,-0.185511485,0.0251109637,0.9687311,0,0,0,0,0,0,267653.255629368,267653.255629368,0.030213280988391489
23.489249629811475,aece4ecd,SessionTracking,Tracking,30.0614128,29.9317322,1,0.035847811988787726,0.9327083,10.8254862,1,160x90 DepthUint16,"centre=21276 min=4766 max=39199 hex=46AB 38C7 531C 6877 74CC","centre=20806 min=15342 max=32291 hex=42E4 44C5 5146 5E2A 6736",0,0,0,,0,,,None,Unavailable,NoWallUnderCrosshair,,,,"only 0 valid depth samples under crosshair (0 no-data, 441 out-of-range, 0 low-confidence)",0,,,None,Unavailable,NoWallInView,,,,3.16652513,2.0327282,-2.638567,0.163703188,-0.1816081,0.022485286,0.9693886,0,0,0,0,0,0,267653.28898046404,267653.28898046404,0.035802500002318993
23.521798327826055,aece4ecd,SessionTracking,Tracking,30.060688,29.9317322,1,0.031480937992455438,0.931180537,10.5726385,1,160x90 DepthUint16,"centre=21170 min=4765 max=39167 hex=468B 38A7 52B2 681A 731F","centre=20721 min=14420 max=32251 hex=419C 44CF 50F1 5D9D 6372",0,0,0,,0,,,None,Unavailable,NoWallUnderCrosshair,,,,"only 0 valid depth samples under crosshair (0 no-data, 441 out-of-range, 0 low-confidence)",0,,,None,Unavailable,NoWallInView,,,,3.15891552,2.03363252,-2.637026,0.16357103,-0.181034744,0.0222172756,0.9695243,0,0,0,0,0,0,267653.322307548,267653.322307548,0.031316875014454126
23.556735358811075,aece4ecd,SessionTracking,Tracking,30.0616512,29.9317322,1,0.034181822993559763,0.943541646,15.13368,1,160x90 DepthUint16,"centre=20651 min=2695 max=39269 hex=4322 3BCD 50AB 6856 8F6E","centre=20806 min=14244 max=34770 hex=3D87 4426 5146 64CC 6584",0,0,0,,0,,,None,Unavailable,NoWallUnderCrosshair,,,,"only 0 valid depth samples under crosshair (0 no-data, 441 out-of-range, 0 low-confidence)",0,,,None,Unavailable,NoWallInView,,,,3.15103126,2.03449535,-2.63536644,0.163211,-0.179628,0.021885246,0.9698541,0,0,0,0,0,0,267653.355634631,267653.355634631,0.034130207990529016
23.588974369805165,aece4ecd,SessionTracking,Tracking,30.0613823,29.9317322,1,0.031447864981601015,0.9440278,13.1329165,1,160x90 DepthUint16,"centre=20664 min=2656 max=39142 hex=473F 3B90 50B8 689C 8D2C","centre=20802 min=14197 max=35045 hex=4260 435C 5142 63D2 6B25",0,0,0,,0,,,None,Unavailable,NoWallUnderCrosshair,,,,"only 0 valid depth samples under crosshair (0 no-data, 441 out-of-range, 0 low-confidence)",0,,,None,Unavailable,NoWallInView,,,,3.010906,2.01713037,-2.654338,0.164569765,-0.1747244,0.0192677677,0.9705756,0,0,0,0,0,0,267653.388876928,267653.388876928,0.031368541996926069
23.621390306826306,aece4ecd,SessionTracking,Tracking,30.06044,29.9317322,1,0.031689583003753796,0.953055561,14.3949308,1,160x90 DepthUint16,"centre=20740 min=2599 max=39613 hex=4099 3D38 5104 6858 934B","centre=21081 min=14324 max=36025 hex=41AC 441A 5259 6A03 7506",0,0,0,,0,,,None,Unavailable,NoWallUnderCrosshair,,,,"only 0 valid depth samples under crosshair (0 no-data, 441 out-of-range, 0 low-confidence)",0,,,None,Unavailable,NoWallInView,,,,3.00432873,2.01788378,-2.6527853,0.164565921,-0.173129618,0.0193554778,0.970860243,0,0,0,0,0,0,267653.422204012,267653.422204012,0.031522186996880919
23.652345462817557,aece4ecd,SessionTracking,Tracking,30.05982,29.9317322,1,0.030196457984857261,0.9527083,14.60382,1,160x90 DepthUint16,"centre=20737 min=2595 max=39696 hex=403C 3D35 5101 67BC 9340","centre=21045 min=14329 max=36104 hex=41EC 43F5 5235 6944 7A81",0,0,0,,0,,,None,Unavailable,NoWallUnderCrosshair,,,,"only 0 valid depth samples under crosshair (0 no-data, 441 out-of-range, 0 low-confidence)",0,,,None,Unavailable,NoWallInView,,,,2.997891,2.018574,-2.650982,0.164506018,-0.172882855,0.0190895814,0.9709196,0,0,0,0,0,0,267653.45553109504,267653.45553109504,0.030114113993477076
23.686053848824322,aece4ecd,SessionTracking,Tracking,30.0595379,29.9317322,1,0.033197344018844888,0.9525,13.4254169,1,160x90 DepthUint16,"centre=20713 min=2572 max=39786 hex=3E73 3CD8 50E9 691C 9062","centre=21078 min=14295 max=35839 hex=406D 4504 5256 68E3 74F0",0,0,0,,0,,,None,Unavailable,NoWallUnderCrosshair,,,,"only 0 valid depth samples under crosshair (0 no-data, 441 out-of-range, 0 low-confidence)",0,,,None,Unavailable,NoWallInView,,,,2.897173,2.00225687,-2.66904163,0.165444911,-0.1702255,0.0165003538,0.971277,0,0,0,0,0,0,267653.48887952004,267653.48887952004,0.03314895901712589
23.724566400806744,aece4ecd,SessionTracking,Tracking,30.0610142,29.9317322,1,0.037984010996297,0.9622222,13.4725695,1,160x90 DepthUint16,"centre=20648 min=4476 max=39901 hex=3F61 3E00 50A8 538F 7E66","centre=21003 min=14172 max=36038 hex=3CA5 45D8 520B 6790 72B6",0,0,0,,0,,,None,Unavailable,NoWallUnderCrosshair,,,,"only 0 valid depth samples under crosshair (0 no-data, 441 out-of-range, 0 low-confidence)",0,,,None,Unavailable,NoWallInView,,,,2.89216876,2.00279284,-2.66710234,0.165544,-0.171545267,0.0160522182,0.9710354,0,0,0,0,0,0,267653.522206604,267653.522206604,0.037942239985568449
23.754492858831163,aece4ecd,SessionTracking,Tracking,30.06122,29.9317322,1,0.029247291997307912,0.9620139,15.395,1,160x90 DepthUint16,"centre=20618 min=4477 max=39848 hex=4138 3D39 508A 538A 7E60","centre=20883 min=14082 max=35860 hex=3C61 439F 5193 677A 7025",0,0,0,,0,,,None,Unavailable,NoWallUnderCrosshair,,,,"only 0 valid depth samples under crosshair (0 no-data, 441 out-of-range, 0 low-confidence)",0,,,None,Unavailable,NoWallInView,,,,2.88706613,2.00330639,-2.66500068,0.165487558,-0.172933012,0.0156644583,0.970805168,0,0,0,0,0,0,267653.555533687,267653.555533687,0.029193437017966062
23.786898744815353,aece4ecd,SessionTracking,Tracking,30.0604267,29.9317322,1,0.031711822986835614,0.9601389,15.2473612,1,160x90 DepthUint16,"centre=20604 min=4459 max=39858 hex=40E3 3CD6 507C 53E2 7E57","centre=20920 min=14198 max=38920 hex=4248 4323 51B8 6815 858A",0,0,0,,0,,,None,Unavailable,NoWallUnderCrosshair,,,,"only 0 valid depth samples under crosshair (0 no-data, 441 out-of-range, 0 low-confidence)",0,,,None,Unavailable,NoWallInView,,,,2.8183434,1.99624109,-2.675313,0.166065082,-0.171643212,0.01390022,0.970962346,0,0,0,0,0,0,267653.58816274,267653.58816274,0.031661510991398245
23.827111348828858,aece4ecd,SessionTracking,Tracking,30.0596275,29.9317322,1,0.039620052004465833,0.967083335,12.1952085,1,160x90 DepthUint16,"centre=20687 min=3321 max=39492 hex=47B6 3CB1 50CF 700D 80ED","centre=20879 min=14595 max=39030 hex=4176 439B 518F 6740 8696",0,0,0,,0,,,None,Unavailable,NoWallUnderCrosshair,,,,"only 0 valid depth samples under crosshair (0 no-data, 441 out-of-range, 0 low-confidence)",0,,,None,Unavailable,NoWallInView,,,,2.81398845,1.99672866,-2.672807,0.1663621,-0.173048347,0.0137744248,0.9706638,0,0,0,0,0,0,267653.621489824,267653.621489824,0.039572709007188678
23.857313743820505,aece4ecd,SessionTracking,Tracking,30.0577774,29.9317322,1,0.028415937005775049,0.9675695,13.1642361,1,160x90 DepthUint16,"centre=20544 min=3324 max=39752 hex=47AB 3C6D 5040 700D 841C","centre=21044 min=14402 max=39843 hex=4076 43A5 5234 6835 839C",0,0,0,,0,,,None,Unavailable,NoWallUnderCrosshair,,,,"only 0 valid depth samples under crosshair (0 no-data, 441 out-of-range, 0 low-confidence)",0,,,None,Unavailable,NoWallInView,,,,2.80977678,1.99716711,-2.6700592,0.1665455,-0.17585133,0.01338929,0.970133841,0,0,0,0,0,0,267653.654816907,267653.654816907,0.02806775999488309
23.88949176482749,aece4ecd,SessionTracking,Tracking,30.0598431,29.9317322,1,0.031063333008205518,0.966736138,13.0127087,1,160x90 DepthUint16,"centre=20872 min=3317 max=39494 hex=479E 3CB9 5188 7128 847D","centre=21246 min=14104 max=40490 hex=47A8 43C9 52FE 67ED 867E",0,0,0,,0,,,None,Unavailable,NoWallUnderCrosshair,,,,"only 0 valid depth samples under crosshair (0 no-data, 441 out-of-range, 0 low-confidence)",0,,,None,Unavailable,NoWallInView,,,,2.76477671,1.98982334,-2.6782496,0.166853547,-0.17721346,0.0117485225,0.969854236,0,0,0,0,0,0,267653.687941254,267653.687941254,0.03101848901133053
23.923957650810571,aece4ecd,SessionTracking,Tracking,30.0594234,29.9317322,1,0.033915885986061767,0.973125,13.8939581,1,160x90 DepthUint16,"centre=20776 min=3321 max=39370 hex=4840 3D46 5128 7164 5D22","centre=21291 min=13448 max=41662 hex=401E 43C9 532B 6820 87D4",0,0,0,,0,,,None,Unavailable,NoWallUnderCrosshair,,,,"only 0 valid depth samples under crosshair (0 no-data, 441 out-of-range, 0 low-confidence)",0,,,None,Unavailable,NoWallInView,,,,2.7613883,1.99021626,-2.67517519,0.16704981,-0.1808763,0.0112313339,0.9691502,0,0,0,0,0,0,267653.72126833803,267653.72126833803,0.0338639069814235
23.955513014806293,aece4ecd,SessionTracking,Tracking,30.0609074,29.9317322,1,0.030598332989029586,0.973472238,14.6280556,1,160x90 DepthUint16,"centre=20578 min=4810 max=39384 hex=519D 3DD4 5062 7ED3 5C97","centre=21258 min=14304 max=39955 hex=456C 4411 530A 6969 872A",0,0,0,,0,,,None,Unavailable,NoWallUnderCrosshair,,,,"only 0 valid depth samples under crosshair (0 no-data, 441 out-of-range, 0 low-confidence)",0,,,None,Unavailable,NoWallInView,,,,2.75807118,1.99051476,-2.671987,0.166632876,-0.1851099,0.0106579065,0.968428731,0,0,0,0,0,0,267653.754595421,267653.754595421,0.030488958000205457
23.991811296814213,aece4ecd,SessionTracking,Tracking,30.06046,29.9317322,1,0.035397083993302658,0.9738889,14.6554165,1,160x90 DepthUint16,"centre=20022 min=3323 max=39340 hex=6C42 3E5C 4E36 7A7B 7324","centre=21257 min=14832 max=36781 hex=45E0 447F 5309 67CF 7D38",0,0,0,,0,,,None,Unavailable,NoWallUnderCrosshair,,,,"only 0 valid depth samples under crosshair (0 no-data, 441 out-of-range, 0 low-confidence)",0,,,None,Unavailable,NoWallInView,,,,2.74403858,1.98576331,-2.67203856,0.166224286,-0.189431474,0.009329289,0.967676759,0,0,0,0,0,0,267653.787746598,267653.787746598,0.035285938007291406
24.021912962808365,aece4ecd,SessionTracking,Tracking,30.0604458,29.9317322,1,0.029479374992661178,0.975208342,12.332778,1,160x90 DepthUint16,"centre=19921 min=4945 max=39166 hex=6D42 3FFF 4DD1 789C 6C28","centre=21015 min=14912 max=37085 hex=4548 4469 5217 6427 7BA2",0,0,0,,0,,,None,Unavailable,NoWallUnderCrosshair,,,,"only 0 valid depth samples under crosshair (0 no-data, 441 out-of-range, 0 low-confidence)",0,,,None,Unavailable,NoWallInView,,,,2.74106622,1.985956,-2.66836715,0.166522667,-0.1942288,0.008099408,0.966684937,0,0,0,0,0,0,267653.821073682,267653.821073682,0.029432082985294983
24.053920202829268,aece4ecd,SessionTracking,Tracking,30.06075,29.9317322,1,0.031377552018966526,0.9749306,12.994792,1,160x90 DepthUint16,"centre=19848 min=4964 max=39254 hex=5B57 40B6 4D88 79A4 5094","centre=21007 min=14512 max=37292 hex=3DF6 43C7 520F 63D8 7C4A",0,0,0,,0,,,None,Unavailable,NoWallUnderCrosshair,,,,"only 0 valid depth samples under crosshair (0 no-data, 441 out-of-range, 0 low-confidence)",0,,,None,Unavailable,NoWallInView,,,,2.73802876,1.98612809,-2.664303,0.167482331,-0.199503288,0.007182479,0.9654515,0,0,0,0,0,0,267653.85440076503,267653.85440076503,0.031330521014751866
24.086763848811479,aece4ecd,SessionTracking,Tracking,30.0603619,29.9317322,1,0.032116249989485368,0.974791646,13.464653,1,160x90 DepthUint16,"centre=19791 min=4974 max=39298 hex=41F9 406F 4D4F 80B5 564D","centre=21095 min=14917 max=39565 hex=4335 44D7 5267 62EB 83B0",0,0,0,,0,,,None,Unavailable,NoWallUnderCrosshair,,,,"only 0 valid depth samples under crosshair (0 no-data, 441 out-of-range, 0 low-confidence)",0,,,None,Unavailable,NoWallInView,,,,2.72257829,1.98131871,-2.66058254,0.168323725,-0.204799891,0.006030411,0.9642032,0,0,0,0,0,0,267653.88772212603,267653.88772212603,0.032062864978797734
24.117770202806078,aece4ecd,SessionTracking,Tracking,30.0607529,29.9317322,1,0.030377291986951604,0.9745139,10.52757,1,160x90 DepthUint16,"centre=19480 min=779 max=39298 hex=3560 3FA9 4C18 4BC8 5487","centre=20916 min=14486 max=41361 hex=3F0C 41E0 51B4 6787 822F",0,0,0,,0,,,None,Unavailable,NoWallUnderCrosshair,,,,"only 0 valid depth samples under crosshair (0 no-data, 439 out-of-range, 2 low-confidence)",0,,,None,Unavailable,NoWallInView,,,,2.71976161,1.98143351,-2.65654922,0.168352038,-0.209567249,0.00546085835,0.9631767,0,0,0,0,0,0,267653.92104921,267653.92104921,0.030329687986522913
24.155794056829855,aece4ecd,SessionTracking,Tracking,30.060894,29.9317322,1,0.037349063000874594,0.9739583,12.0889587,1,160x90 DepthUint16,"centre=19299 min=800 max=39383 hex=355D 3F11 4B63 53CF 546E","centre=20924 min=14317 max=41475 hex=3D78 41B5 51BC 675A 82A9",0,0,0,,0,,,None,Unavailable,NoWallUnderCrosshair,,,,"only 0 valid depth samples under crosshair (0 no-data, 440 out-of-range, 1 low-confidence)",0,,,None,Unavailable,NoWallInView,,,,2.71676278,1.98161149,-2.65241551,0.168260515,-0.213572308,0.005137891,0.962314367,0,0,0,0,0,0,267653.954376293,267653.954376293,0.037293542001862079
24.186569733806046,aece4ecd,SessionTracking,Tracking,30.0613689,29.9317322,1,0.03002531299716793,0.9739583,11.1200695,1,160x90 DepthUint16,"centre=19376 min=769 max=39385 hex=3286 3F33 4BB0 5484 545A","centre=20802 min=14641 max=37900 hex=4108 41E9 5142 6664 7BB4",0,0,0,,0,,,None,Unavailable,NoWallUnderCrosshair,,,,"only 0 valid depth samples under crosshair (0 no-data, 438 out-of-range, 3 low-confidence)",0,,,None,Unavailable,NoWallInView,,,,2.70238137,1.97421956,-2.661899,0.168204263,-0.214360908,0.00439554453,0.9621525,0,0,0,0,0,0,267653.987394049,267653.987394049,0.029950155992992222
24.218575150821216,aece4ecd,SessionTracking,Tracking,30.0604725,29.9317322,1,0.031356302002677694,0.9739583,11.2045832,1,160x90 DepthUint16,"centre=20325 min=765 max=39527 hex=36F1 3F7A 4F65 5428 7A26","centre=20783 min=14522 max=38274 hex=3E73 4189 512F 6520 7689",0,0,0,,0,,,None,Unavailable,NoWallUnderCrosshair,,,,"only 0 valid depth samples under crosshair (0 no-data, 435 out-of-range, 6 low-confidence)",0,,,None,Unavailable,NoWallInView,,,,2.6993947,1.97441447,-2.65777588,0.167989776,-0.215768233,0.004188687,0.961876333,0,0,0,0,0,0,267654.02072113304,267654.02072113304,0.031303489988204092
24.257723223824378,aece4ecd,SessionTracking,Tracking,30.0613251,29.9317322,1,0.038591459015151486,0.9739583,11.8282642,1,160x90 DepthUint16,"centre=20441 min=778 max=39438 hex=3264 3FAE 4FD9 5426 7DCC","centre=20798 min=14451 max=38555 hex=421A 41C0 513E 6585 793D",0,0,0,,0,,,None,Unavailable,NoWallUnderCrosshair,,,,"only 0 valid depth samples under crosshair (0 no-data, 435 out-of-range, 6 low-confidence)",0,,,None,Unavailable,NoWallInView,,,,2.69638729,1.97459865,-2.65332532,0.168213829,-0.21724458,0.004138887,0.961504936,0,0,0,0,0,0,267654.054048216,267654.054048216,0.038542291993508115
24.288610150832774,aece4ecd,SessionTracking,Tracking,30.0597935,29.9768066,1,0.030055730021558702,0.9723611,10.895,1,160x90 DepthUint16,"centre=11472 min=849 max=39505 hex=3FCF 4021 2CD0 4939 8B1C","centre=20800 min=14559 max=40169 hex=3F60 40F1 5140 633B 67C2",0,0,0,,0,,,None,Unavailable,NoWallUnderCrosshair,,,,"only 0 valid depth samples under crosshair (0 no-data, 436 out-of-range, 5 low-confidence)",0,,,None,Unavailable,NoWallInView,,,,2.717244,1.978576,-2.64326024,0.168140233,-0.220457882,0.00443613529,0.960784853,0,0,0,0,0,0,267654.085813616,267654.085813616,0.029965157009428367
24.320274160824574,aece4ecd,SessionTracking,Tracking,30.06056,29.9768066,1,0.03095380199374631,0.9727778,11.84125,1,160x90 DepthUint16,"centre=11467 min=904 max=39525 hex=3D55 407A 2CCB 4933 8AAF","centre=20695 min=14664 max=39675 hex=4308 4130 50D7 642E 6F12",0,0,0,,0,,,None,Unavailable,NoWallUnderCrosshair,,,,"only 0 valid depth samples under crosshair (0 no-data, 435 out-of-range, 6 low-confidence)",0,,,None,Unavailable,NoWallInView,,,,2.71385455,1.97858071,-2.63840961,0.1680093,-0.222112641,0.003919363,0.960428834,0,0,0,0,0,0,267654.11914070003,267654.11914070003,0.030907239997759461
24.350929160834148,aece4ecd,SessionTracking,Tracking,30.0575,29.9768066,1,0.029982656007632613,0.9728472,12.4178476,1,160x90 DepthUint16,"centre=19566 min=955 max=39380 hex=3C8B 406F 4C6E 4953 8372","centre=20832 min=14663 max=38375 hex=427A 415C 5160 6375 6F46",0,0,0,,0,,,None,Unavailable,NoWallUnderCrosshair,,,,"only 0 valid depth samples under crosshair (0 no-data, 439 out-of-range, 2 low-confidence)",0,,,None,Unavailable,NoWallInView,,,,2.71025467,1.97860622,-2.63344526,0.16797021,-0.2222979,0.00352174067,0.9603943,0,0,0,0,0,0,267654.152467783,267654.152467783,0.029934427002444863
24.387049785814106,aece4ecd,SessionTracking,Tracking,30.0593319,29.9768066,1,0.0352613540017046,0.9695139,12.2113886,1,160x90 DepthUint16,"centre=18538 min=1287 max=38866 hex=3A89 3885 486A 497E 89CE","centre=20658 min=12671 max=36540 hex=3761 3FFA 50B2 6198 769D",0,0,0,,0,,,None,Unavailable,NoWallUnderCrosshair,,,,"only 0 valid depth samples under crosshair (0 no-data, 441 out-of-range, 0 low-confidence)",0,,,None,Unavailable,NoWallInView,,,,2.76213527,1.97589231,-2.59897,0.166972324,-0.227109089,0.00472444342,0.959437,0,0,0,0,0,0,267654.183935621,267654.183935621,0.035158280981704593
24.419230306811023,aece4ecd,SessionTracking,Tracking,30.0602474,29.9768066,1,0.03161494800588116,0.9745833,10.28632,1,160x90 DepthUint16,"centre=18109 min=691 max=39757 hex=2252 4091 46BD 5208 49CE","centre=20756 min=9821 max=36011 hex=3687 3FB8 5114 6306 7813",0,0,0,,0,,,None,Unavailable,NoWallUnderCrosshair,,,,"only 0 valid depth samples under crosshair (0 no-data, 439 out-of-range, 2 low-confidence)",0,,,None,Unavailable,NoWallInView,,,,2.75711727,1.97597933,-2.59451914,0.1674373,-0.224929139,0.00469908165,0.959869564,0,0,0,0,0,0,267654.21726270503,267654.21726270503,0.031564739998430014
24.451993379828146,aece4ecd,SessionTracking,Tracking,30.0595074,29.9768066,1,0.031784688006155193,0.9753472,10.9470835,1,160x90 DepthUint16,"centre=21677 min=686 max=39701 hex=1900 3FDA 54AD 4EC6 47E5","centre=20798 min=9449 max=36105 hex=3799 3F77 513E 634B 7AAE",0,0,0,,0,,,None,Unavailable,NoWallUnderCrosshair,,,,"only 0 valid depth samples under crosshair (0 no-data, 439 out-of-range, 2 low-confidence)",0,,,None,Unavailable,NoWallInView,,,,2.75195742,1.9760915,-2.5900178,0.167843059,-0.2212473,0.004425526,0.9606554,0,0,0,0,0,0,267654.250589788,267654.250589788,0.031664740003179759
24.490011816814167,aece4ecd,SessionTracking,Tracking,30.0600052,29.9768066,1,0.037332707986934111,0.97625,10.3204861,1,160x90 DepthUint16,"centre=22340 min=677 max=39247 hex=17E4 1A4C 5744 5600 46FE","centre=20688 min=9104 max=34533 hex=344F 3F81 50D0 6251 72E3",0,0,0,,0,,,None,Unavailable,NoWallUnderCrosshair,,,,"only 0 valid depth samples under crosshair (0 no-data, 438 out-of-range, 3 low-confidence)",0,,,None,Unavailable,NoWallInView,,,,2.75491071,1.96793866,-2.57713413,0.167386755,-0.215219662,0.00418859767,0.962104261,0,0,0,0,0,0,267654.28282341204,267654.28282341204,0.037283697980456054
24.522278327813929,aece4ecd,SessionTracking,Tracking,30.0610428,29.9768066,1,0.031578541995259,0.9785417,9.617431,1,160x90 DepthUint16,"centre=18745 min=678 max=39860 hex=1391 0B57 4939 79EE 6F07","centre=20505 min=9477 max=30683 hex=344E 3FCF 5019 5FE4 6DD5",0,0,0,,0,,,None,Unavailable,NoWallUnderCrosshair,,,,"only 0 valid depth samples under crosshair (2 no-data, 425 out-of-range, 14 low-confidence)",0,,,None,Unavailable,NoWallInView,,,,2.74834442,1.96837378,-2.573955,0.167948529,-0.199995413,0.003647566,0.96528846,0,0,0,0,0,0,267654.316150496,267654.316150496,0.0315240109921433
24.554159889811508,aece4ecd,SessionTracking,Tracking,30.0607719,29.9768066,1,0.031083020992809907,0.9786111,8.294791,1,160x90 DepthUint16,"centre=20877 min=681 max=39365 hex=14A0 3C92 518D 64B0 6246","centre=20629 min=9312 max=29791 hex=2FEC 406C 5095 6004 702B",0,0,0,,0,,,None,Unavailable,NoWallUnderCrosshair,,,,"only 0 valid depth samples under crosshair (2 no-data, 418 out-of-range, 21 low-confidence)",0,,,None,Unavailable,NoWallInView,,,,2.740509,1.96895075,-2.57076859,0.169666886,-0.175463319,0.002907336,0.9697512,0,0,0,0,0,0,267654.349477579,267654.349477579,0.031017239991342649
24.584693899813665,aece4ecd,SessionTracking,Tracking,30.0625477,29.9768066,1,0.029929530981462449,0.932430565,7.25645828,1,160x90 DepthUint16,"centre=20874 min=704 max=39714 hex=1445 1D08 518A 7862 8FD6","centre=21071 min=13518 max=29854 hex=3C62 47CF 524F 619F 7400",0,0,0,,0,,,None,Unavailable,NoWallUnderCrosshair,,,,"only 0 valid depth samples under crosshair (1 no-data, 420 out-of-range, 20 low-confidence)",0,,,None,Unavailable,NoWallInView,,,,2.756461,1.95633137,-2.589224,0.172842011,-0.146370992,0.00264689326,0.9740094,0,0,0,0,0,0,267654.382342602,267654.382342602,0.029872499988414347
24.621255306816984,aece4ecd,SessionTracking,Tracking,30.0641365,29.9768066,1,0.036050833994522691,0.8584028,6.84625,1,160x90 DepthUint16,"centre=21540 min=699 max=38697 hex=0F32 476F 5424 27BA 5A69","centre=21706 min=13407 max=33930 hex=4206 4D02 54CA 5FEE 75E0",0,0,0,,0,,,None,Unavailable,NoWallUnderCrosshair,,,,"only 0 valid depth samples under crosshair (0 no-data, 412 out-of-range, 29 low-confidence)",0,,,None,Unavailable,NoWallInView,,,,2.74795461,1.95621955,-2.58516836,0.17813234,-0.121198677,-0.00028553608,0.9765141,0,0,0,0,0,0,267654.41566968604,267654.41566968604,0.036005886009661481
24.652026556809524,aece4ecd,SessionTracking,Tracking,30.06173,29.9768066,1,0.029881249996833503,0.804444432,6.68,1,160x90 DepthUint16,"centre=18638 min=690 max=39315 hex=22C4 4D3B 48CE 6407 885F","centre=21549 min=13179 max=34232 hex=4405 4CFE 542D 5E2F 770E",0,0,0,,0,,,None,Unavailable,NoWallUnderCrosshair,,,,"only 0 valid depth samples under crosshair (0 no-data, 387 out-of-range, 54 low-confidence)",0,,,None,Unavailable,NoWallInView,,,,2.740323,1.9556396,-2.57999182,0.185513258,-0.09966221,-0.0061652665,0.9775553,0,0,0,0,0,0,267654.44899676903,267654.44899676903,0.02982557300128974
24.6842576498155,aece4ecd,SessionTracking,Tracking,30.0710983,29.9768066,1,0.0316529159899801,0.7579167,5.82069445,1,160x90 DepthUint16,"centre=19043 min=689 max=39346 hex=0BF0 46D6 4A63 2212 8800","centre=23030 min=13067 max=33511 hex=5041 54E4 59F6 61B8 78B2",0,0,0,,0,,,None,Unavailable,NoWallUnderCrosshair,,,,"only 0 valid depth samples under crosshair (0 no-data, 407 out-of-range, 34 low-confidence)",0,,,None,Unavailable,NoWallInView,,,,2.75043154,1.93208039,-2.596751,0.19767186,-0.08279937,-0.013666153,0.97666955,0,0,0,0,0,0,267654.48205588403,267654.48205588403,0.031607863988028839
24.722402910817273,aece4ecd,SessionTracking,Tracking,30.064085,29.9768066,1,0.037658541987184435,0.71319443,4.91909742,1,160x90 DepthUint16,"centre=25562 min=670 max=39965 hex=0DD8 3A4B 63DA 3119 8B1D","centre=25571 min=17356 max=33615 hex=61AD 61BA 63E3 6A23 7C5F",0,0,0,,0,,,None,Unavailable,NoWallUnderCrosshair,,,,"only 0 valid depth samples under crosshair (0 no-data, 428 out-of-range, 13 low-confidence)",0,,,None,Unavailable,NoWallInView,,,,2.743847,1.93141937,-2.590568,0.212246239,-0.0667087957,-0.0210505724,0.9747094,0,0,0,0,0,0,267654.515382968,267654.515382968,0.0376118230051361
24.753656608808178,aece4ecd,SessionTracking,Tracking,30.0618038,29.9768066,1,0.030313020979519933,0.6692361,4.51506948,1,160x90 DepthUint16,"centre=23516 min=651 max=39466 hex=09AD 42A5 5BDC 3285 8870","centre=25299 min=19071 max=31611 hex=610E 6149 62D3 6844 7996",0,0,0,,0,,,None,Unavailable,NoWallUnderCrosshair,,,,"only 0 valid depth samples under crosshair (0 no-data, 404 out-of-range, 37 low-confidence)",0,,,None,Unavailable,NoWallInView,,,,2.73732543,1.93037844,-2.58458471,0.2250514,-0.0516407266,-0.026750952,0.972609639,0,0,0,0,0,0,267654.548710051,267654.548710051,0.030213541991543025
24.786145931807205,aece4ecd,SessionTracking,Tracking,30.068285,29.9768066,1,0.031078906991751865,0.634305537,3.99444437,1,160x90 DepthUint16,"centre=25352 min=1232 max=39514 hex=1134 37FE 6308 05FC 77B5","centre=26130 min=20451 max=31527 hex=66B4 6601 6612 6ADA 79F2",0,0,0,,0,,,None,Unavailable,NoWallUnderCrosshair,,,,"only 0 valid depth samples under crosshair (0 no-data, 359 out-of-range, 82 low-confidence)",0,,,None,Unavailable,NoWallInView,,,,2.73373342,1.91689634,-2.59037471,0.233762011,-0.03876306,-0.0301151574,0.971053958,0,0,0,0,0,0,267654.58192565804,267654.58192565804,0.031024687981698662
24.822258222818,aece4ecd,SessionTracking,Tracking,30.0618935,29.9768066,1,0.035370625002542511,0.604097247,3.44034719,1,160x90 DepthUint16,"centre=25326 min=1216 max=38999 hex=0B0C 25D2 62EE 0C6C 7774","centre=26097 min=20828 max=32663 hex=6751 665B 65F1 6A55 7F44",0,0,0,,0,,,None,Unavailable,NoWallUnderCrosshair,,,,"only 0 valid depth samples under crosshair (0 no-data, 338 out-of-range, 103 low-confidence)",0,,,None,Unavailable,NoWallInView,,,,2.72695017,1.91556954,-2.5864687,0.239993289,-0.0268369261,-0.03127036,0.9698996,0,0,0,0,0,0,267654.615252742,267654.615252742,0.035299582988955081
24.852315514813036,aece4ecd,SessionTracking,Tracking,30.062809,29.9768066,1,0.028956562979146838,0.574583352,2.98708344,1,160x90 DepthUint16,"centre=26990 min=1200 max=39400 hex=8626 2154 696E 0CBA 897D","centre=25486 min=20949 max=32924 hex=637F 6325 638E 6828 8081",0,0,0,,0,,,None,Unavailable,NoWallUnderCrosshair,,,,"only 0 valid depth samples under crosshair (2 no-data, 322 out-of-range, 117 low-confidence)",0,,,None,Unavailable,NoWallInView,,,,2.71972728,1.91437817,-2.58270216,0.245840862,-0.0151240379,-0.0309795141,0.968696952,0,0,0,0,0,0,267654.648579825,267654.648579825,0.028887603984912857
24.885442024823369,aece4ecd,SessionTracking,Tracking,30.0609646,29.9768066,1,0.032392394990893081,0.547361135,2.705625,1,160x90 DepthUint16,"centre=22237 min=1188 max=39032 hex=7F6B 2164 56DD 0CCB 8648","centre=26445 min=21756 max=33833 hex=675C 66BE 674D 6C1E 838F",0,0,0,,0,,,None,Unavailable,NoWallUnderCrosshair,,,,"only 0 valid depth samples under crosshair (9 no-data, 304 out-of-range, 128 low-confidence)",0,,,None,Unavailable,NoWallInView,,,,2.71264887,1.91343927,-2.57854152,0.2539808,-0.005400643,-0.0301335175,0.9667247,0,0,0,0,0,0,267654.681892324,267654.681892324,0.032344375009415671
24.917791451821195,aece4ecd,SessionTracking,Tracking,30.0555553,29.9768066,1,0.031725467997603118,0.52375,2.30965281,1,160x90 DepthUint16,"centre=13765 min=1304 max=39565 hex=3735 3538 35C5 1F9E 0000","centre=26378 min=22112 max=33459 hex=66A1 65EB 670A 6C32 825D",0,0,0,,0,,,None,Unavailable,NoWallUnderCrosshair,,,,"only 0 valid depth samples under crosshair (17 no-data, 295 out-of-range, 129 low-confidence)",0,,,None,Unavailable,NoWallInView,,,,2.70609212,1.9126296,-2.57395458,0.2637026,0.00145861506,-0.0295143127,0.964151263,0,0,0,0,0,0,267654.71521940804,267654.71521940804,0.03166692701051943
24.954353795822335,aece4ecd,SessionTracking,Tracking,30.061779,29.9768066,1,0.035837186995195225,0.498611122,1.98625,1,160x90 DepthUint16,"centre=12645 min=1303 max=39695 hex=3C50 12CC 3165 4608 0000","centre=25765 min=21831 max=34296 hex=618D 61B6 64A5 7482 84FD",0,0,0,,0,,,None,Unavailable,NoWallUnderCrosshair,,,,"only 0 valid depth samples under crosshair (36 no-data, 268 out-of-range, 137 low-confidence)",0,,,None,Unavailable,NoWallInView,,,,2.69949555,1.91177344,-2.56903386,0.2746189,0.00849189,-0.0287183244,0.9610867,0,0,0,0,0,0,267654.748546491,267654.748546491,0.035762448009336367
24.992701660811527,aece4ecd,SessionTracking,Tracking,30.0590553,29.9768066,1,0.0377240109955892,0.472847223,1.83902776,1,160x90 DepthUint16,"centre=2785 min=1302 max=39802 hex=38C2 1F49 0AE1 856B 0000","centre=25521 min=19357 max=33965 hex=5E72 5F2D 63B1 7FFB 8464",0,0,0,,0,,,None,Unavailable,NoWallUnderCrosshair,,,,"only 0 valid depth samples under crosshair (52 no-data, 242 out-of-range, 147 low-confidence)",0,,,None,Unavailable,NoWallInView,,,,2.69254756,1.91102314,-2.5641396,0.290188223,0.0151631841,-0.02837378,0.9564287,0,0,0,0,0,0,267654.782037222,267654.782037222,0.037670937977964059
25.018179108824206,aece4ecd,SessionTracking,Tracking,30.058033,29.9768066,1,0.024088334001135081,0.452708334,1.69194448,1,160x90 DepthUint16,"centre=8939 min=1299 max=39948 hex=3D6E 0000 22EB 92F1 0000","centre=23341 min=17486 max=31323 hex=4FD6 5350 5B2D 7703 7A54",0,0,0,,0,,,None,Unavailable,NoWallUnderCrosshair,,,,"only 0 valid depth samples under crosshair (69 no-data, 235 out-of-range, 137 low-confidence)",0,,,None,Unavailable,NoWallInView,,,,2.686263,1.91015625,-2.558422,0.303239256,0.02041428,-0.028515907,0.9522689,0,0,0,0,0,0,267654.81536430604,267654.81536430604,0.024020729993935674
25.051347389816165,aece4ecd,SessionTracking,Tracking,30.0545063,29.9768066,1,0.032467031007399783,0.4395139,1.71583331,1,160x90 DepthUint16,"centre=7784 min=1295 max=39994 hex=467D 0000 1E68 940E 0000","centre=24582 min=21854 max=34681 hex=5767 596D 6006 8328 872F",0,0,0,,0,,,None,Unavailable,NoWallUnderCrosshair,,,,"only 0 valid depth samples under crosshair (80 no-data, 237 out-of-range, 124 low-confidence)",0,,,None,Unavailable,NoWallInView,,,,2.68041968,1.90857351,-2.55393767,0.310236841,0.02554004,-0.0304724,0.9498275,0,0,0,0,0,0,267654.848691389,267654.848691389,0.032417292008176446
25.085638795832729,aece4ecd,SessionTracking,Tracking,30.0564651,29.9768066,1,0.03350546900765039,0.432291657,1.79645836,1,160x90 DepthUint16,"centre=8560 min=1291 max=39875 hex=4DB1 2A65 2170 13C3 0000","centre=24002 min=18925 max=34576 hex=4FBF 53D1 5DC2 8383 86E5",0,0,0,,0,,,None,Unavailable,NoWallUnderCrosshair,,,,"only 0 valid depth samples under crosshair (89 no-data, 238 out-of-range, 114 low-confidence)",0,,,None,Unavailable,NoWallInView,,,,2.6752367,1.90659189,-2.54969525,0.3175284,0.02740209,-0.03333083,0.9472665,0,0,0,0,0,0,267654.882023188,267654.882023188,0.03344734400161542
25.117729941818489,aece4ecd,SessionTracking,Tracking,30.0603313,29.9768066,1,0.031524427002295852,0.426180542,1.59784722,1,160x90 DepthUint16,"centre=12991 min=780 max=39935 hex=3D33 2D89 32BF 8BFB 0000","centre=23691 min=16548 max=34360 hex=4B7A 5168 5C8B 83E4 8612",0,0,0,,0,,,None,Unavailable,NoWallUnderCrosshair,,,,"only 0 valid depth samples under crosshair (141 no-data, 224 out-of-range, 76 low-confidence)",0,,,None,Unavailable,NoWallInView,,,,2.67034,1.904827,-2.54487324,0.32674545,0.02513348,-0.0365207568,0.944072068,0,0,0,0,0,0,267654.91535027203,267654.91535027203,0.031476926989853382
25.150926191824347,aece4ecd,SessionTracking,Tracking,30.0585136,29.9768066,1,0.03263963499921374,0.420555562,1.5269444,1,160x90 DepthUint16,"centre=6049 min=778 max=39964 hex=4020 2F70 17A1 8BFA 0000","centre=24369 min=16305 max=34806 hex=4D8C 53E2 5F31 8514 87A7",0,0,0,,0,,,None,Unavailable,NoWallUnderCrosshair,,,,"only 0 valid depth samples under crosshair (164 no-data, 203 out-of-range, 74 low-confidence)",0,,,None,Unavailable,NoWallInView,,,,2.66477156,1.90315092,-2.53994727,0.336185873,0.024960801,-0.0374218524,0.9407208,0,0,0,0,0,0,267654.948677355,267654.948677355,0.032586093991994858
25.18821098381779,aece4ecd,SessionTracking,Tracking,30.0594025,29.9768066,1,0.036687031999463215,0.412777781,1.38888884,1,160x90 DepthUint16,"centre=1833 min=775 max=40079 hex=3B5D 3BBB 0729 9755 0000","centre=26653 min=23988 max=34940 hex=62D8 635C 681D 8565 882D",0,0,0,,0,,,None,Unavailable,NoWallUnderCrosshair,,,,"only 0 valid depth samples under crosshair (158 no-data, 203 out-of-range, 80 low-confidence)",0,,,None,Unavailable,NoWallInView,,,,2.65850949,1.90159774,-2.53548861,0.345042884,0.0256673247,-0.0375605524,0.9374838,0,0,0,0,0,0,267654.981999834,267654.981999834,0.036624844011384994
25.218286920832561,aece4ecd,SessionTracking,Tracking,30.059557,29.9768066,1,0.029474114999175072,0.4151389,1.25805557,1,160x90 DepthUint16,"centre=9424 min=736 max=39999 hex=3F99 0B6C 24D0 0000 0000","centre=26842 min=25299 max=30473 hex=62FC 6484 68DA 765D 76E7",0,0,0,,0,,,None,Unavailable,NoWallUnderCrosshair,,,,"only 0 valid depth samples under crosshair (152 no-data, 217 out-of-range, 72 low-confidence)",0,,,None,Unavailable,NoWallInView,,,,2.652446,1.899749,-2.530525,0.354986459,0.0286151338,-0.03786156,0.93366605,0,0,0,0,0,0,267655.01532691804,267655.01532691804,0.029416302015306428
25.254403743833628,aece4ecd,SessionTracking,Tracking,30.06014,29.9768066,1,0.0353631770121865,0.4004861,1.17840278,1,160x90 DepthUint16,"centre=0 min=731 max=40040 hex=4D59 0F32 0000 0000 0000","centre=26702 min=24773 max=28920 hex=60EA 62ED 684E 70A2 70E1",0,0,0,,0,,,None,Unavailable,NoWallUnderCrosshair,,,,"only 0 valid depth samples under crosshair (166 no-data, 198 out-of-range, 77 low-confidence)",0,,,None,Unavailable,NoWallInView,,,,2.64629817,1.89786386,-2.52443457,0.3691733,0.0304618478,-0.03799352,0.9280839,0,0,0,0,0,0,267655.04865400103,267655.04865400103,0.0353066670068074
25.286906712832952,aece4ecd,SessionTracking,Tracking,30.06117,29.9768066,1,0.031700521009042859,0.391458333,1.12347221,1,160x90 DepthUint16,"centre=0 min=726 max=40146 hex=41B4 24AE 0000 0000 0000","centre=26932 min=21235 max=27764 hex=55EA 5B11 6934 6BBD 6C45",0,0,0,,0,,,None,Unavailable,NoWallUnderCrosshair,,,,"only 0 valid depth samples under crosshair (151 no-data, 238 out-of-range, 52 low-confidence)",0,,,None,Unavailable,NoWallInView,,,,2.640501,1.89507508,-2.51851344,0.3849715,0.02980149,-0.03858209,0.92164,0,0,0,0,0,0,267655.08197096,267655.08197096,0.03162666701246053
25.3210668168311,aece4ecd,SessionTracking,Tracking,30.0602341,30.0254726,1,0.033401302003767341,0.339583337,1.07583332,1,160x90 DepthUint16,"centre=33097 min=495 max=39993 hex=46B0 2D0A 8149 0000 0000","centre=21824 min=18924 max=25898 hex=5127 578C 5540 52A8 5238",0,0,0,,0,,,None,Unavailable,NoWallUnderCrosshair,,,,"only 0 valid depth samples under crosshair (158 no-data, 243 out-of-range, 40 low-confidence)",0,,,None,Unavailable,NoWallInView,,,,2.63435316,1.89239967,-2.51171541,0.400217444,0.03030731,-0.0393320657,0.91507405,0,0,0,0,0,0,267655.115298044,267655.115298044,0.033313021005596966
25.352673847809292,aece4ecd,SessionTracking,Tracking,30.0599842,30.0254726,1,0.030916041985619813,0.337291658,1.11402774,1,160x90 DepthUint16,"centre=33678 min=487 max=39997 hex=1229 5EC7 838E 0000 0000","centre=20042 min=17642 max=26148 hex=510B 57AB 4E4A 46DF 4567",0,0,0,,0,,,None,Unavailable,NoWallUnderCrosshair,,,,"only 0 valid depth samples under crosshair (154 no-data, 249 out-of-range, 38 low-confidence)",0,,,None,Unavailable,NoWallInView,,,,2.62826753,1.88911891,-2.505011,0.414595634,0.0312124658,-0.040474508,0.9085693,0,0,0,0,0,0,267655.14862512704,267655.14862512704,0.03086437500314787
25.382887076818243,aece4ecd,SessionTracking,Tracking,30.0588531,30.0254726,1,0.029586146003566682,0.335347235,0.83819443,1,160x90 DepthUint16,"centre=24806 min=479 max=39986 hex=1C33 2243 60E6 0000 0000","centre=25569 min=18246 max=26726 hex=4F80 5641 63E1 6788 6840",0,0,0,,0,,,None,Unavailable,NoWallUnderCrosshair,,,,"only 0 valid depth samples under crosshair (179 no-data, 223 out-of-range, 39 low-confidence)",0,,,None,Unavailable,NoWallInView,,,,2.622047,1.885521,-2.49811125,0.4298377,0.0319170356,-0.04145056,0.90138936,0,0,0,0,0,0,267655.18195221,267655.18195221,0.02953968700603582
25.419762545817157,aece4ecd,SessionTracking,Tracking,30.0571518,30.0254726,1,0.036385051993420348,0.307083338,0.6770139,1,160x90 DepthUint16,"centre=37073 min=470 max=39997 hex=247C 1F7D 90D1 0000 0000","centre=32768 min=17554 max=33942 hex=4C5E 5409 8000 83B2 8453",0,0,0,,0,,,None,Unavailable,NoWallUnderCrosshair,,,,"only 0 valid depth samples under crosshair (244 no-data, 168 out-of-range, 29 low-confidence)",0,,,None,Unavailable,NoWallInView,,,,2.61573935,1.882007,-2.49104834,0.44646278,0.031145649,-0.04128388,0.893306553,0,0,0,0,0,0,267655.215279294,267655.215279294,0.036342239996884018
25.451353847833907,aece4ecd,SessionTracking,Tracking,30.0597057,30.0254726,1,0.03105520800454542,0.305208325,0.627430558,1,160x90 DepthUint16,"centre=39785 min=462 max=39966 hex=0D77 14DE 9B69 0000 0000","centre=34508 min=17390 max=35277 hex=4E58 56C1 86CC 8914 898A",0,0,0,,0,,,None,Unavailable,NoWallUnderCrosshair,,,,"only 0 valid depth samples under crosshair (308 no-data, 125 out-of-range, 8 low-confidence)",0,,,None,Unavailable,NoWallInView,,,,2.60942268,1.87871635,-2.4850347,0.46014598,0.0296659172,-0.04074371,0.8864116,0,0,0,0,0,0,267655.248606377,267655.248606377,0.031009427009848878
25.483205045805171,aece4ecd,SessionTracking,Tracking,30.0564442,30.0254726,1,0.031079530977876857,0.3032639,0.5704167,1,160x90 DepthUint16,"centre=0 min=455 max=39986 hex=1795 29D9 0000 0000 0000","centre=19530 min=13627 max=24588 hex=4C62 5265 4C4A 44C3 41BD",0,0,0,,0,,,None,Unavailable,NoWallUnderCrosshair,,,,"only 0 valid depth samples under crosshair (358 no-data, 83 out-of-range, 0 low-confidence)",0,,,None,Unavailable,NoWallInView,,,,2.60329342,1.87558413,-2.480274,0.470963,0.03035808,-0.0391854979,0.880759239,0,0,0,0,0,0,267655.281992287,267655.281992287,0.031030937971081585
25.520940722809264,aece4ecd,SessionTracking,Tracking,30.0593834,30.0254726,1,0.037157240003580227,0.29020834,0.4620139,1,160x90 DepthUint16,"centre=0 min=448 max=39950 hex=2230 0000 0000 0000 0000","centre=14778 min=11499 max=24017 hex=59B0 500A 39BA 3467 32C7",0,0,0,,0,,,None,Unavailable,NoWallUnderCrosshair,,,,"only 0 valid depth samples under crosshair (414 no-data, 27 out-of-range, 0 low-confidence)",0,,,None,Unavailable,NoWallInView,,,,2.59686923,1.87272215,-2.47554731,0.481637925,0.0308691561,-0.0380353034,0.875000238,0,0,0,0,0,0,267655.315319371,267655.315319371,0.03710536498692818
25.551992701831132,aece4ecd,SessionTracking,Tracking,30.0522346,30.0254726,1,0.030358698015334085,0.288055569,0.410625,1,160x90 DepthUint16,"centre=0 min=440 max=39882 hex=34CD 0000 0000 0000 0000","centre=14994 min=11691 max=22750 hex=572B 4B60 3A92 360D 349F",0,0,0,,0,,,None,Unavailable,NoWallUnderCrosshair,,,,"only 0 valid depth samples under crosshair (418 no-data, 23 out-of-range, 0 low-confidence)",0,,,None,Unavailable,NoWallInView,,,,2.59059572,1.86989784,-2.470563,0.49396345,0.0298289526,-0.0373073854,0.868169665,0,0,0,0,0,0,267655.348646454,267655.348646454,0.030296198005089536
25.587858222831365,aece4ecd,SessionTracking,Tracking,30.0616245,30.0254726,1,0.0353276560199447,0.278541654,0.421180546,1,160x90 DepthUint16,"centre=0 min=431 max=39756 hex=393D 4A7C 0000 0000 0000","centre=28994 min=22135 max=29111 hex=5913 6EBD 7142 718B 71A9",0,0,0,,0,,,None,Unavailable,NoWallUnderCrosshair,,,,"only 0 valid depth samples under crosshair (434 no-data, 7 out-of-range, 0 low-confidence)",0,,,None,Unavailable,NoWallInView,,,,2.58599949,1.865524,-2.467421,0.5086006,0.0300669223,-0.0353226662,0.8597521,0,0,0,0,0,0,267655.382226456,267655.382226456,0.035273906018119305
25.621289107831053,aece4ecd,SessionTracking,Tracking,30.0564976,30.0254726,1,0.032542968023335561,0.248958334,0.330972224,1,160x90 DepthUint16,"centre=0 min=422 max=39585 hex=22E2 222A 0000 0000 0000","centre=22891 min=21528 max=24305 hex=5525 5ACF 596B 5918 58E9",0,0,0,,0,,,None,Unavailable,NoWallUnderCrosshair,,,,"only 0 valid depth samples under crosshair (441 no-data, 0 out-of-range, 0 low-confidence)",0,,,None,Unavailable,NoWallInView,,,,2.57890034,1.862772,-2.462247,0.52306515,0.031044364,-0.0332908332,0.851076365,0,0,0,0,0,0,267655.41555354,267655.41555354,0.032444843003759161
25.655379003814978,aece4ecd,SessionTracking,Tracking,30.0575085,30.0254726,1,0.032954322989098728,0.242430553,0.2525,1,160x90 DepthUint16,"centre=0 min=413 max=39395 hex=250D 23F9 0000 0000 0000","centre=29628 min=27834 max=29666 hex=6D20 72E2 73BC 73CF 73C5",0,0,0,,0,,,None,Unavailable,NoWallUnderCrosshair,,,,"only 0 valid depth samples under crosshair (441 no-data, 0 out-of-range, 0 low-confidence)",0,,,None,Unavailable,NoWallInView,,,,2.57159328,1.85973048,-2.45758557,0.5352524,0.0343870856,-0.0309083778,0.8434258,0,0,0,0,0,0,267655.44888062304,267655.44888062304,0.032855155994184315
25.687312649823816,aece4ecd,SessionTracking,Tracking,30.0577,30.0254726,1,0.031282395997550339,0.225347221,0.22208333,1,160x90 DepthUint16,"centre=0 min=402 max=39170 hex=125E 0000 0000 0000 0000","centre=32169 min=32090 max=32207 hex=7D6E 7DB3 7DA9 7DA0 7D83",0,0,0,,0,,,None,Unavailable,NoWallUnderCrosshair,,,,"only 0 valid depth samples under crosshair (441 no-data, 0 out-of-range, 0 low-confidence)",0,,,None,Unavailable,NoWallInView,,,,2.56315041,1.85478878,-2.45632839,0.5474113,0.03769222,-0.0291880369,0.8355048,0,0,0,0,0,0,267655.482203638,267655.482203638,0.031173177005257457
25.718962180805484,aece4ecd,SessionTracking,Tracking,30.0576115,30.0254726,1,0.030881613987730816,0.214097217,0.341111124,1,160x90 DepthUint16,"centre=0 min=394 max=38935 hex=1AA7 0000 0000 0000 0000","centre=29023 min=27276 max=29069 hex=6D3F 711A 715F 7166 7163",0,0,0,,0,,,None,Unavailable,NoWallUnderCrosshair,,,,"only 0 valid depth samples under crosshair (441 no-data, 0 out-of-range, 0 low-confidence)",0,,,None,Unavailable,NoWallInView,,,,2.55664563,1.85175991,-2.452149,0.559075058,0.0370933749,-0.0293167848,0.8277679,0,0,0,0,0,0,267655.51553072204,267655.51553072204,0.030804738984443247
25.754686034807328,aece4ecd,SessionTracking,Tracking,30.05846,30.0254726,1,0.035036561981542036,0.203819439,0.310069442,1,160x90 DepthUint16,"centre=0 min=387 max=38725 hex=0000 0000 0000 0000 0000","centre=27864 min=26927 max=28324 hex=6CC1 6D02 6CD8 6CC6 6C93",0,0,0,,0,,,None,Unavailable,NoWallUnderCrosshair,,,,"only 0 valid depth samples under crosshair (441 no-data, 0 out-of-range, 0 low-confidence)",0,,,None,Unavailable,NoWallInView,,,,2.550368,1.8488934,-2.44885564,0.568515658,0.0355837047,-0.0300215185,0.821354032,0,0,0,0,0,0,267655.548857805,267655.548857805,0.034933644987177104
25.789882232812325,aece4ecd,SessionTracking,Tracking,30.0585785,30.0254726,1,0.034453228989150375,0.192083329,0.230694443,1,160x90 DepthUint16,"centre=0 min=380 max=38542 hex=0000 0000 0000 0000 0000","centre=23484 min=23330 max=25597 hex=616B 5C6B 5BBC 5B88 5B33",0,0,0,,0,,,None,Unavailable,NoWallUnderCrosshair,,,,"only 0 valid depth samples under crosshair (441 no-data, 0 out-of-range, 0 low-confidence)",0,,,None,Unavailable,NoWallInView,,,,2.54435015,1.84401035,-2.44969034,0.5756522,0.03645364,-0.030019762,0.816329956,0,0,0,0,0,0,267655.582224875,267655.582224875,0.034395467984722927
25.834367649832366,aece4ecd,SessionTracking,Tracking,30.0585079,30.0254726,1,0.043710052006645128,0.188819438,0.258125,1,160x90 DepthUint16,"centre=0 min=377 max=38509 hex=0000 0000 0000 0000 0000","centre=28313 min=26674 max=28334 hex=6CB9 6E83 6E99 6E98 6E82",0,0,0,,0,,,None,Unavailable,NoWallUnderCrosshair,,,,"only 0 valid depth samples under crosshair (441 no-data, 0 out-of-range, 0 low-confidence)",0,,,None,Unavailable,NoWallInView,,,,2.5375092,1.842238,-2.44922137,0.576807559,0.03768668,-0.0315049626,0.8154019,0,0,0,0,0,0,267655.615551959,267655.615551959,0.043625781021546572
25.854280201833554,aece4ecd,SessionTracking,Tracking,30.0572815,30.0254726,1,0.019111979025183246,0.192916662,0.23104167,1,160x90 DepthUint16,"centre=0 min=379 max=38603 hex=0000 0000 0000 0000 0000","centre=27384 min=26521 max=27388 hex=69BA 6AEE 6AF8 6AF2 6AD0",0,0,0,,0,,,None,Unavailable,NoWallUnderCrosshair,,,,"only 0 valid depth samples under crosshair (441 no-data, 0 out-of-range, 0 low-confidence)",0,,,None,Unavailable,NoWallInView,,,,2.5306623,1.84131622,-2.45032477,0.5728985,0.0391688943,-0.03244704,0.8180467,0,0,0,0,0,0,267655.648879042,267655.648879042,0.0190396870020777
25.886808795824273,aece4ecd,SessionTracking,Tracking,30.0564518,30.0254726,1,0.031953386001987383,0.19375,0.218819439,1,160x90 DepthUint16,"centre=0 min=378 max=38652 hex=0000 0000 0000 0000 0000","centre=23154 min=22992 max=25577 hex=60B9 5B49 5A72 5A2F 59E0",0,0,0,,0,,,None,Unavailable,NoWallUnderCrosshair,,,,"only 0 valid depth samples under crosshair (441 no-data, 0 out-of-range, 0 low-confidence)",0,,,None,Unavailable,NoWallInView,,,,2.52136636,1.83724809,-2.45732427,0.57044214,0.0415749,-0.030946197,0.819701,0,0,0,0,0,0,267655.682065539,267655.682065539,0.031899947993224487
25.918993118829185,aece4ecd,SessionTracking,Tracking,30.0567837,30.0254726,1,0.031569115002639592,0.189791664,0.241111115,1,160x90 DepthUint16,"centre=0 min=376 max=38591 hex=0000 0000 0000 0000 0000","centre=22159 min=21987 max=26449 hex=5EE9 5781 568F 5655 55F8",0,0,0,,0,,,None,Unavailable,NoWallUnderCrosshair,,,,"only 0 valid depth samples under crosshair (441 no-data, 0 out-of-range, 0 low-confidence)",0,,,None,Unavailable,NoWallInView,,,,2.51417065,1.83653545,-2.45750117,0.572867453,0.0415178873,-0.030050816,0.8180441,0,0,0,0,0,0,267655.71539262304,267655.71539262304,0.031503542006248608
25.952498899829898,aece4ecd,SessionTracking,Tracking,30.0562515,30.0254726,1,0.032655365008395165,0.187569439,0.222916663,1,160x90 DepthUint16,"centre=0 min=375 max=38525 hex=0000 0000 0000 0000 0000","centre=23061 min=22952 max=25733 hex=5F8C 5A91 5A15 59F6 59BE",0,0,0,,0,,,None,Unavailable,NoWallUnderCrosshair,,,,"only 0 valid depth samples under crosshair (441 no-data, 0 out-of-range, 0 low-confidence)",0,,,None,Unavailable,NoWallInView,,,,2.50719762,1.83579373,-2.45773315,0.5757543,0.03923282,-0.0294777155,0.8161488,0,0,0,0,0,0,267655.748719706,267655.748719706,0.032528384996112436
25.991556816820612,aece4ecd,SessionTracking,Tracking,30.05585,30.0254726,1,0.038225677009904757,0.191041663,0.199722216,1,160x90 DepthUint16,"centre=0 min=374 max=38523 hex=0000 0000 0000 0000 0000","centre=23570 min=23461 max=25474 hex=6008 5C71 5C12 5BF1 5BB4",0,0,0,,0,,,None,Unavailable,NoWallUnderCrosshair,,,,"only 0 valid depth samples under crosshair (441 no-data, 0 out-of-range, 0 low-confidence)",0,,,None,Unavailable,NoWallInView,,,,2.50097013,1.83106184,-2.467429,0.5761195,0.03690017,-0.0292131659,0.8160094,0,0,0,0,0,0,267655.781963007,267655.781963007,0.038173854991327971
26.023189316822773,aece4ecd,SessionTracking,Tracking,30.0575848,30.0254726,1,0.030783697991864756,0.191597223,0.234375,1,160x90 DepthUint16,"centre=0 min=375 max=38544 hex=0000 0000 0000 0000 0000","centre=27504 min=26410 max=27675 hex=6A5C 6B6F 6B70 6B6A 6B4A",0,0,0,,0,,,None,Unavailable,NoWallUnderCrosshair,,,,"only 0 valid depth samples under crosshair (441 no-data, 0 out-of-range, 0 low-confidence)",0,,,None,Unavailable,NoWallInView,,,,2.49378967,1.83053291,-2.46924,0.5754181,0.036242608,-0.0294793267,0.816524,0,0,0,0,0,0,267655.81529009104,267655.81529009104,0.030711614992469549
26.054109784831617,aece4ecd,SessionTracking,Tracking,30.0573025,30.0254726,1,0.029832916014129296,0.196041673,0.238125,1,160x90 DepthUint16,"centre=0 min=376 max=38566 hex=0000 0000 0000 0000 0000","centre=27267 min=26335 max=27268 hex=697E 6A7B 6A83 6A7F 6A68",0,0,0,,0,,,None,Unavailable,NoWallUnderCrosshair,,,,"only 0 valid depth samples under crosshair (441 no-data, 0 out-of-range, 0 low-confidence)",0,,,None,Unavailable,NoWallInView,,,,2.48638654,1.829979,-2.47131872,0.5744485,0.0371036865,-0.0294631738,0.8171684,0,0,0,0,0,0,267655.848617174,267655.848617174,0.029781040997477248
26.087039888806267,aece4ecd,SessionTracking,Tracking,30.0583954,30.0254726,1,0.032262134976917878,0.195416674,0.2036111,1,160x90 DepthUint16,"centre=0 min=376 max=38610 hex=0000 0000 0000 0000 0000","centre=33363 min=26252 max=35629 hex=6A6C 7E60 8253 85BB 886D",0,0,0,,0,,,None,Unavailable,NoWallUnderCrosshair,,,,"only 0 valid depth samples under crosshair (441 no-data, 0 out-of-range, 0 low-confidence)",0,,,None,Unavailable,NoWallInView,,,,2.484072,1.8242625,-2.48500013,0.5726111,0.0375520624,-0.0295821149,0.8184323,0,0,0,0,0,0,267655.881998637,267655.881998637,0.032205936993705109
26.126476138829112,aece4ecd,SessionTracking,Tracking,30.0580959,30.0254726,1,0.038391406007576734,0.197013885,0.212152779,1,160x90 DepthUint16,"centre=0 min=377 max=38636 hex=0000 0000 0000 0000 0000","centre=33361 min=27434 max=35654 hex=6C46 7E7A 8251 85A5 885D",0,0,0,,0,,,None,Unavailable,NoWallUnderCrosshair,,,,"only 0 valid depth samples under crosshair (441 no-data, 0 out-of-range, 0 low-confidence)",0,,,None,Unavailable,NoWallInView,,,,2.47721577,1.82347715,-2.48791814,0.571540654,0.0378038622,-0.029747339,0.819162548,0,0,0,0,0,0,267655.915325721,267655.915325721,0.038321927015203983
26.15638817081237,aece4ecd,SessionTracking,Tracking,30.05791,30.0254726,1,0.028910677006933838,0.199861109,0.259652764,1,160x90 DepthUint16,"centre=0 min=378 max=38662 hex=0000 0000 0000 0000 0000","centre=34561 min=27270 max=36085 hex=71B5 83D7 8701 8944 8B20",0,0,0,,0,,,None,Unavailable,NoWallUnderCrosshair,,,,"only 0 valid depth samples under crosshair (441 no-data, 0 out-of-range, 0 low-confidence)",0,,,None,Unavailable,NoWallInView,,,,2.4703722,1.82260418,-2.49102473,0.5705828,0.0372937061,-0.0297189988,0.819854438,0,0,0,0,0,0,267655.948652804,267655.948652804,0.028783697984181345
26.187804316809725,aece4ecd,SessionTracking,Tracking,30.05811,30.0254726,1,0.030879427999025211,0.199930549,0.19375,1,160x90 DepthUint16,"centre=0 min=379 max=38703 hex=0000 0000 0000 0000 0000","centre=9948 min=8404 max=17272 hex=287F 25D3 26DC 2702 2724",0,0,0,,0,,,None,Unavailable,NoWallUnderCrosshair,,,,"only 0 valid depth samples under crosshair (441 no-data, 0 out-of-range, 0 low-confidence)",0,,,None,Unavailable,NoWallInView,,,,2.47215962,1.81952357,-2.499981,0.568912,0.0368751,-0.029664278,0.821035564,0,0,0,0,0,0,267655.98199097504,267655.98199097504,0.030832499993266538
26.219943326809535,aece4ecd,SessionTracking,Tracking,30.0582237,30.0254726,1,0.031573020998621359,0.206666663,0.216736108,1,160x90 DepthUint16,"centre=0 min=381 max=38764 hex=0000 0000 0000 0000 0000","centre=8871 min=7775 max=19687 hex=2A94 21D3 22A7 22B4 22C8",0,0,0,,0,,,None,Unavailable,NoWallUnderCrosshair,,,,"only 0 valid depth samples under crosshair (441 no-data, 0 out-of-range, 0 low-confidence)",0,,,None,Unavailable,NoWallInView,,,,2.465491,1.81859851,-2.50404072,0.566394269,0.0365853645,-0.02947423,0.822794259,0,0,0,0,0,0,267656.015318059,267656.015318059,0.031514687987510115
26.256583586828874,aece4ecd,SessionTracking,Tracking,30.0580463,30.0254726,1,0.033644634997472167,0.208958328,0.241388887,1,160x90 DepthUint16,"centre=0 min=384 max=38835 hex=0000 0000 0000 0000 0000","centre=14787 min=12436 max=21383 hex=37B7 3802 39C3 39EA 3A0C",0,0,0,,0,,,None,Unavailable,NoWallUnderCrosshair,,,,"only 0 valid depth samples under crosshair (441 no-data, 0 out-of-range, 0 low-confidence)",0,,,None,Unavailable,NoWallInView,,,,2.45880818,1.8176403,-2.5084393,0.563387454,0.0363549031,-0.0294786114,0.824866056,0,0,0,0,0,0,267656.048645142,267656.048645142,0.033575729001313448
26.288014107819272,aece4ecd,SessionTracking,Tracking,30.0610046,30.0254726,1,0.030453541985480115,0.208680555,0.200347215,1,160x90 DepthUint16,"centre=0 min=386 max=38881 hex=0000 0000 0000 0000 0000","centre=6558 min=6362 max=16270 hex=253B 19C4 199E 1978 195B",0,0,0,,0,,,None,Unavailable,NoWallUnderCrosshair,,,,"only 0 valid depth samples under crosshair (441 no-data, 0 out-of-range, 0 low-confidence)",0,,,None,Unavailable,NoWallInView,,,,2.45205522,1.816586,-2.51277852,0.5612892,0.03684655,-0.0295984745,0.82626915,0,0,0,0,0,0,267656.08197222505,267656.08197222505,0.030400468996958807
26.318673378815966,aece4ecd,SessionTracking,Tracking,30.0597553,30.0254726,1,0.029836926987627521,0.2170139,0.232152775,1,160x90 DepthUint16,"centre=0 min=391 max=39008 hex=180B 0000 0000 0000 0000","centre=25405 min=25325 max=25933 hex=64EE 6367 633D 6328 62FB",0,0,0,,0,,,None,Unavailable,NoWallUnderCrosshair,,,,"only 0 valid depth samples under crosshair (441 no-data, 0 out-of-range, 0 low-confidence)",0,,,None,Unavailable,NoWallInView,,,,2.445108,1.81592274,-2.51822972,0.555452466,0.03677625,-0.029504599,0.830210567,0,0,0,0,0,0,267656.115299309,267656.115299309,0.029769740009214729
26.352399107824404,aece4ecd,SessionTracking,Tracking,30.06156,30.0582066,1,0.033178801997564733,0.231805563,0.23944445,1,160x90 DepthUint16,"centre=0 min=401 max=39246 hex=13A6 0000 0000 0000 0000","centre=25080 min=24967 max=26597 hex=6784 629F 61F8 61D8 619B",0,0,0,,0,,,None,Unavailable,NoWallUnderCrosshair,,,,"only 0 valid depth samples under crosshair (441 no-data, 0 out-of-range, 0 low-confidence)",0,,,None,Unavailable,NoWallInView,,,,2.43821239,1.81593645,-2.525471,0.543436468,0.0356907,-0.0300040264,0.838154435,0,0,0,0,0,0,267656.148626392,267656.148626392,0.033131927018985152
26.387294055805633,aece4ecd,SessionTracking,Tracking,30.0589046,30.0582066,1,0.0340302599943243,0.248541668,0.307708323,1,160x90 DepthUint16,"centre=0 min=413 max=39500 hex=25C5 2878 0000 0000 0000","centre=30910 min=28218 max=31104 hex=6E81 7594 78BE 793E 7959",0,0,0,,0,,,None,Unavailable,NoWallUnderCrosshair,,,,"only 0 valid depth samples under crosshair (441 no-data, 0 out-of-range, 0 low-confidence)",0,,,None,Unavailable,NoWallInView,,,,2.43143773,1.8163538,-2.53402352,0.528198,0.03403184,-0.0308566988,0.847877741,0,0,0,0,0,0,267656.181953475,267656.181953475,0.03391442698193714
26.41779228483103,aece4ecd,SessionTracking,Tracking,30.0581532,30.0582066,1,0.029884010000387207,0.260347217,0.379791677,1,160x90 DepthUint16,"centre=0 min=429 max=39744 hex=5C59 48BB 0000 0000 0000","centre=32293 min=22414 max=32376 hex=5A69 7A3C 7E25 7E4A 7E5C",0,0,0,,0,,,None,Unavailable,NoWallUnderCrosshair,,,,"only 0 valid depth samples under crosshair (434 no-data, 7 out-of-range, 0 low-confidence)",0,,,None,Unavailable,NoWallInView,,,,2.424504,1.817029,-2.54382277,0.5089093,0.03207365,-0.03191364,0.8596303,0,0,0,0,0,0,267656.21528055903,267656.21528055903,0.029838646005373448
26.449860513820404,aece4ecd,SessionTracking,Tracking,30.0588341,30.0582066,1,0.031547968013910577,0.260277778,0.476041675,1,160x90 DepthUint16,"centre=0 min=445 max=39922 hex=1731 0000 0000 0000 0000","centre=31154 min=22490 max=31698 hex=597C 76C3 79B2 7956 794E",0,0,0,,0,,,None,Unavailable,NoWallUnderCrosshair,,,,"only 0 valid depth samples under crosshair (411 no-data, 30 out-of-range, 0 low-confidence)",0,,,None,Unavailable,NoWallInView,,,,2.41740966,1.81745315,-2.55427766,0.486739367,0.029674815,-0.03342128,0.872403145,0,0,0,0,0,0,267656.248607642,267656.248607642,0.031502394995186478
26.482523482815687,aece4ecd,SessionTracking,Tracking,30.0596848,30.0582066,1,0.031892134982626885,0.2582639,0.6852083,1,160x90 DepthUint16,"centre=39920 min=461 max=39998 hex=2586 0496 9BF0 0000 0000","centre=33411 min=16537 max=33780 hex=4F21 5B33 8283 83B2 83D9",0,0,0,,0,,,None,Unavailable,NoWallUnderCrosshair,,,,"only 0 valid depth samples under crosshair (393 no-data, 48 out-of-range, 0 low-confidence)",0,,,None,Unavailable,NoWallInView,,,,2.420175,1.79974318,-2.59399962,0.466736972,0.0239525475,-0.0354200043,0.883362,0,0,0,0,0,0,267656.281852809,267656.281852809,0.031830833002459258
26.522071972808426,aece4ecd,SessionTracking,Tracking,30.0590458,30.0582066,1,0.038816407002741471,0.31361112,0.905625,1,160x90 DepthUint16,"centre=7354 min=1569 max=39748 hex=3040 1472 1CBA 0000 0000","centre=31936 min=17411 max=32440 hex=4D00 548D 7CC0 7D0A 7CD9",0,0,0,,0,,,None,Unavailable,NoWallUnderCrosshair,,,,"only 0 valid depth samples under crosshair (284 no-data, 144 out-of-range, 13 low-confidence)",0,,,None,Unavailable,NoWallInView,,,,2.41419816,1.79945815,-2.60484171,0.448736161,0.02189386,-0.0333046056,0.8927751,0,0,0,0,0,0,267656.315179893,267656.315179893,0.038747551996493712
26.555091295826806,aece4ecd,SessionTracking,Tracking,30.0596523,30.0582066,1,0.032072917005280033,0.305972219,0.886041641,1,160x90 DepthUint16,"centre=35380 min=1587 max=39742 hex=0000 2DC7 8A34 0000 0000","centre=31677 min=17792 max=33116 hex=4D34 534C 7BBD 8096 811B",0,0,0,,0,,,None,Unavailable,NoWallUnderCrosshair,,,,"only 0 valid depth samples under crosshair (206 no-data, 191 out-of-range, 44 low-confidence)",0,,,None,Unavailable,NoWallInView,,,,2.40727687,1.79888237,-2.61546755,0.431984633,0.02511719,-0.0291658659,0.90105927,0,0,0,0,0,0,267656.34850697604,267656.34850697604,0.031993594020605087
26.587485409806341,aece4ecd,SessionTracking,Tracking,30.0586281,30.0582066,1,0.03156203098478727,0.2946528,0.9355556,1,160x90 DepthUint16,"centre=33660 min=1618 max=39701 hex=0000 2742 837C 0000 0000","centre=30295 min=18051 max=31095 hex=4E1A 554C 7657 75AB 7526",0,0,0,,0,,,None,Unavailable,NoWallUnderCrosshair,,,,"only 0 valid depth samples under crosshair (174 no-data, 188 out-of-range, 79 low-confidence)",0,,,None,Unavailable,NoWallInView,,,,2.50295186,1.77283573,-2.684597,0.4162032,0.0281009227,-0.02652666,0.9084501,0,0,0,0,0,0,267656.381922147,267656.381922147,0.031512447982095182
26.62341020183414,aece4ecd,SessionTracking,Tracking,30.0579185,30.0582066,1,0.035194167023291811,0.338472217,0.900902748,1,160x90 DepthUint16,"centre=7846 min=1953 max=39529 hex=0000 2848 1EA6 5FE7 0000","centre=28879 min=18663 max=31190 hex=4F64 555F 70CF 780D 7982",0,0,0,,0,,,None,Unavailable,NoWallUnderCrosshair,,,,"only 0 valid depth samples under crosshair (85 no-data, 184 out-of-range, 172 low-confidence)",0,,,None,Unavailable,NoWallInView,,,,2.49976277,1.77094781,-2.696142,0.40153718,0.03223063,-0.0210436583,0.9150335,0,0,0,0,0,0,267656.41524923104,267656.41524923104,0.035146979003911838
26.653172128832757,aece4ecd,SessionTracking,Tracking,30.0578136,30.0582066,1,0.02893312502419576,0.337847233,0.909375,1,160x90 DepthUint16,"centre=7855 min=1978 max=39416 hex=0000 2DC1 1EAF 0000 0000","centre=30324 min=18632 max=32005 hex=4E94 550A 7674 7C0A 7CD2",0,0,0,,0,,,None,Unavailable,NoWallUnderCrosshair,,,,"only 0 valid depth samples under crosshair (84 no-data, 163 out-of-range, 194 low-confidence)",0,,,None,Unavailable,NoWallInView,,,,2.49715853,1.76874709,-2.70752478,0.3875454,0.03359631,-0.01781595,0.9210659,0,0,0,0,0,0,267656.448576314,267656.448576314,0.028875625022919849
26.685587440820036,aece4ecd,SessionTracking,Tracking,30.05635,30.0582066,1,0.031943540991051123,0.338472217,0.953125,1,160x90 DepthUint16,"centre=4512 min=2001 max=39314 hex=0000 27E1 11A0 0000 0000","centre=27087 min=18992 max=28150 hex=4FEF 5565 69CF 6AF6 6A69",0,0,0,,0,,,None,Unavailable,NoWallUnderCrosshair,,,,"only 0 valid depth samples under crosshair (76 no-data, 175 out-of-range, 190 low-confidence)",0,,,None,Unavailable,NoWallInView,,,,2.510731,1.764172,-2.72307444,0.377157241,0.0312610157,-0.0165926535,0.9254728,0,0,0,0,0,0,267656.482102282,267656.482102282,0.031899479014100507
26.722397076808939,aece4ecd,SessionTracking,Tracking,30.0568275,30.0582066,1,0.036210624995874241,0.41875,1.20375,1,160x90 DepthUint16,"centre=4512 min=2018 max=39829 hex=0000 27A2 11A0 0000 0000","centre=26191 min=19230 max=27929 hex=508D 555B 664F 6AE3 6A79",0,0,0,,0,,,None,Unavailable,NoWallUnderCrosshair,,,,"only 0 valid depth samples under crosshair (52 no-data, 157 out-of-range, 232 low-confidence)",0,,,None,Unavailable,NoWallInView,,,,2.509277,1.7616992,-2.733583,0.3685826,0.0308780074,-0.0152508616,0.928956866,0,0,0,0,0,0,267656.51542936603,267656.51542936603,0.036166406993288547
26.753549055806452,aece4ecd,SessionTracking,Tracking,30.0552731,30.0582066,1,0.030376510985661298,0.420694441,1.28611112,1,160x90 DepthUint16,"centre=0 min=2033 max=39930 hex=0000 2261 0000 0000 0000","centre=23601 min=19477 max=28700 hex=5100 54AC 5C31 6F4F 7001",0,0,0,,0,,,None,Unavailable,NoWallUnderCrosshair,,,,"only 0 valid depth samples under crosshair (56 no-data, 134 out-of-range, 251 low-confidence)",0,,,None,Unavailable,NoWallInView,,,,2.50754738,1.75903678,-2.74404955,0.360296816,0.0328422971,-0.013886244,0.932156,0,0,0,0,0,0,267656.548756449,267656.548756449,0.030310676986118779
26.78502598282541,aece4ecd,SessionTracking,Tracking,30.0540657,30.0582066,1,0.030672760010929778,0.410902768,1.211389,1,160x90 DepthUint16,"centre=0 min=2049 max=39398 hex=0000 1ACD 0000 3032 0000","centre=21723 min=14845 max=23894 hex=5097 5311 54DB 5858 582A",0,0,0,,0,,,None,Unavailable,NoWallUnderCrosshair,,,,"only 0 valid depth samples under crosshair (52 no-data, 97 out-of-range, 292 low-confidence)",0,,,None,Unavailable,NoWallInView,,,,2.5134325,1.75613093,-2.75602913,0.351151764,0.03476627,-0.0121400952,0.935594141,0,0,0,0,0,0,267656.582132922,267656.582132922,0.030617448006523773
26.819160305806527,aece4ecd,SessionTracking,Tracking,30.056612,30.0582066,1,0.033422030974179506,0.4425,1.2613194,1,160x90 DepthUint16,"centre=6708 min=2066 max=39813 hex=0000 2A20 1A34 2913 0000","centre=22066 min=13294 max=23421 hex=51BF 5422 5632 4786 4278",0,0,0,,0,,,None,Unavailable,NoWallUnderCrosshair,,,,"only 0 valid depth samples under crosshair (65 no-data, 113 out-of-range, 263 low-confidence)",0,,,None,Unavailable,NoWallInView,,,,2.51180458,1.75318742,-2.76720142,0.3404123,0.03706344,-0.01080671,0.9394834,0,0,0,0,0,0,267656.615460006,267656.615460006,0.033354947983752936
26.853466503815817,aece4ecd,SessionTracking,Tracking,30.0547314,30.0582066,1,0.033414584002457559,0.434444457,1.16354167,1,160x90 DepthUint16,"centre=6990 min=2076 max=39906 hex=0000 27F0 1B4E 285C 32D6","centre=22006 min=13435 max=23868 hex=5313 54F0 55F6 489E 428F",0,0,0,,0,,,None,Unavailable,NoWallUnderCrosshair,,,,"only 0 valid depth samples under crosshair (71 no-data, 133 out-of-range, 237 low-confidence)",0,,,None,Unavailable,NoWallInView,,,,2.51026177,1.75018787,-2.777603,0.332969338,0.0403702445,-0.010204793,0.9420178,0,0,0,0,0,0,267656.64878708904,267656.64878708904,0.033329636004054919
26.886012232832236,aece4ecd,SessionTracking,Tracking,30.0547752,30.0582066,1,0.031700938008725643,0.435138881,1.09555554,1,160x90 DepthUint16,"centre=6704 min=2085 max=39993 hex=0000 22FC 1A30 0000 6702","centre=24051 min=22157 max=29477 hex=57EC 5950 5DF3 7004 6D52",0,0,0,,0,,,None,Unavailable,NoWallUnderCrosshair,,,,"only 0 valid depth samples under crosshair (73 no-data, 151 out-of-range, 217 low-confidence)",0,,,None,Unavailable,NoWallInView,,,,2.5298996,1.74995208,-2.78841019,0.330409676,0.04173081,-0.009902746,0.94286263,0,0,0,0,0,0,267656.68203966704,267656.68203966704,0.031652813020627946
26.918252128815602,aece4ecd,SessionTracking,Tracking,30.054,30.0582066,1,0.031729635986266658,0.473958343,1.0575695,1,160x90 DepthUint16,"centre=6526 min=2096 max=39676 hex=0000 21F4 197E 8AB9 66BC","centre=23763 min=21829 max=30903 hex=56AE 5842 5CD3 773A 789A",0,0,0,,0,,,None,Unavailable,NoWallUnderCrosshair,,,,"only 0 valid depth samples under crosshair (37 no-data, 149 out-of-range, 255 low-confidence)",0,,,None,Unavailable,NoWallInView,,,,2.529366,1.74716616,-2.79764581,0.3273174,0.0405362,-0.009632916,0.9439954,0,0,0,0,0,0,267656.715366751,267656.715366751,0.031684010988101363
26.951792701815812,aece4ecd,SessionTracking,Tracking,30.0559025,30.0582066,1,0.032891718990867957,0.471805543,1.16111112,1,160x90 DepthUint16,"centre=6910 min=2108 max=39687 hex=0000 1EF1 1AFE 8A71 6643","centre=22054 min=15687 max=30606 hex=495D 4E2F 5626 7727 778A",0,0,0,,0,,,None,Unavailable,NoWallUnderCrosshair,,,,"only 0 valid depth samples under crosshair (38 no-data, 171 out-of-range, 232 low-confidence)",0,,,None,Unavailable,NoWallInView,,,,2.52879047,1.744252,-2.80749416,0.321904868,0.040016342,-0.00995046,0.9458737,0,0,0,0,0,0,267656.748693834,267656.748693834,0.032807604991830885
26.991924471831972,aece4ecd,SessionTracking,Tracking,30.0562458,30.0582066,1,0.03936765601974912,0.46875,1.1725,1,160x90 DepthUint16,"centre=8104 min=2113 max=39661 hex=0000 1E1E 1FA8 7984 0000","centre=21710 min=15931 max=37389 hex=4920 4DCF 54CE 7E3C 8F79",0,0,0,,0,,,None,Unavailable,NoWallUnderCrosshair,,,,"only 0 valid depth samples under crosshair (39 no-data, 186 out-of-range, 216 low-confidence)",0,,,None,Unavailable,NoWallInView,,,,2.49543428,1.73890078,-2.81615853,0.318509459,0.0417910255,-0.009671093,0.946948647,0,0,0,0,0,0,267656.781990821,267656.781990821,0.03931895800633356
27.017678326809637,aece4ecd,SessionTracking,Tracking,30.0567131,30.0582066,1,0.024827187997289002,0.49875,1.1825,1,160x90 DepthUint16,"centre=8359 min=2123 max=39658 hex=0000 1D7C 20A7 3D55 0000","centre=21934 min=16235 max=35677 hex=49DC 4E74 55AE 7B75 894C",0,0,0,,0,,,None,Unavailable,NoWallUnderCrosshair,,,,"only 0 valid depth samples under crosshair (34 no-data, 190 out-of-range, 217 low-confidence)",0,,,None,Unavailable,NoWallInView,,,,2.49391866,1.73611581,-2.82479525,0.317548245,0.0422536321,-0.0095509,0.947252154,0,0,0,0,0,0,267656.81531790504,267656.81531790504,0.024773073004325852
27.050104055814536,aece4ecd,SessionTracking,Tracking,30.0565281,30.0582066,1,0.031769635999808088,0.5,1.18694448,1,160x90 DepthUint16,"centre=8294 min=2129 max=39670 hex=0000 1D99 2066 32BD 0000","centre=21512 min=15446 max=35809 hex=47A4 4C93 5408 7B66 89BE",0,0,0,,0,,,None,Unavailable,NoWallUnderCrosshair,,,,"only 0 valid depth samples under crosshair (34 no-data, 188 out-of-range, 219 low-confidence)",0,,,None,Unavailable,NoWallInView,,,,2.49246836,1.73322916,-2.83336782,0.316672474,0.0422337241,-0.00952071,0.9475464,0,0,0,0,0,0,267656.84864498803,267656.84864498803,0.031720416998723522
27.088867128825605,aece4ecd,SessionTracking,Tracking,30.0568619,30.0582066,1,0.038099583995062858,0.495416671,1.14430559,1,160x90 DepthUint16,"centre=7909 min=2147 max=39655 hex=0000 1C3A 1EE5 3A72 0000","centre=20762 min=15429 max=35001 hex=47DA 4C6D 511A 6AC0 82AC",0,0,0,,0,,,None,Unavailable,NoWallUnderCrosshair,,,,"only 0 valid depth samples under crosshair (32 no-data, 187 out-of-range, 222 low-confidence)",0,,,None,Unavailable,NoWallInView,,,,2.53551745,1.74235034,-2.84690738,0.3165908,0.04333459,-0.009806216,0.9475211,0,0,0,0,0,0,267656.881985986,267656.881985986,0.038048959017032757
27.122399471815534,aece4ecd,SessionTracking,Tracking,30.056818,30.0582066,1,0.032673281006282195,0.5335417,1.28597224,1,160x90 DepthUint16,"centre=7324 min=2152 max=39656 hex=0000 1C80 1C9C 2C66 65E1","centre=20710 min=15508 max=34681 hex=4823 4C73 50E6 6923 8167",0,0,0,,0,,,None,Unavailable,NoWallUnderCrosshair,,,,"only 0 valid depth samples under crosshair (29 no-data, 155 out-of-range, 257 low-confidence)",0,,,None,Unavailable,NoWallInView,,,,2.5343802,1.73984277,-2.85563183,0.316611618,0.0432926,-0.0096384,0.9475178,0,0,0,0,0,0,267656.91531307,267656.91531307,0.032546821981668472
27.154272596816391,aece4ecd,SessionTracking,Tracking,30.0568237,30.0582066,1,0.031298593006795272,0.5306944,1.26583338,1,160x90 DepthUint16,"centre=7298 min=2158 max=39658 hex=0000 1C78 1C82 289A 5D40","centre=20690 min=15504 max=34708 hex=4857 4C95 50D2 6946 81B4",0,0,0,,0,,,None,Unavailable,NoWallUnderCrosshair,,,,"only 0 valid depth samples under crosshair (33 no-data, 157 out-of-range, 251 low-confidence)",0,,,None,Unavailable,NoWallInView,,,,2.533251,1.73729777,-2.86455727,0.3162049,0.0433907248,-0.009584517,0.947649658,0,0,0,0,0,0,267656.94864015304,267656.94864015304,0.029854322987375781
27.192081503830941,aece4ecd,SessionTracking,Tracking,30.0580387,30.0582066,1,0.036605000001145527,0.531319439,1.09993052,1,160x90 DepthUint16,"centre=7586 min=2161 max=39647 hex=0000 1C5B 1DA2 2717 5D2B","centre=20932 min=15556 max=23599 hex=487F 4D0F 51C4 4EC1 40F3",0,0,0,,0,,,None,Unavailable,NoWallUnderCrosshair,,,,"only 0 valid depth samples under crosshair (29 no-data, 160 out-of-range, 252 low-confidence)",0,,,None,Unavailable,NoWallInView,,,,2.51272774,1.729219,-2.87188244,0.315181345,0.04411124,-0.00971910451,0.947955966,0,0,0,0,0,0,267656.98190836504,267656.98190836504,0.036429219006095082
27.223510096808987,aece4ecd,SessionTracking,Tracking,30.05706,30.0582066,1,0.030281717976322398,0.5276389,1.13701391,1,160x90 DepthUint16,"centre=7593 min=2168 max=39670 hex=0000 1C64 1DA9 3071 5D22","centre=21053 min=15578 max=25212 hex=481A 4CDF 523D 519D 4421",0,0,0,,0,,,None,Unavailable,NoWallUnderCrosshair,,,,"only 0 valid depth samples under crosshair (26 no-data, 164 out-of-range, 251 low-confidence)",0,,,None,Unavailable,NoWallInView,,,,2.5114305,1.726399,-2.88091445,0.314534158,0.044102136,-0.0102539072,0.9481657,0,0,0,0,0,0,267657.015235449,267657.015235449,0.030200207984307781
27.25422884680922,aece4ecd,SessionTracking,Tracking,30.0568275,30.0582066,1,0.029957499995362014,0.530208349,1.12791669,1,160x90 DepthUint16,"centre=7872 min=2173 max=39685 hex=0000 1CBB 1EC0 2EC1 5D31","centre=21337 min=15533 max=25523 hex=4857 4D2B 5359 5A92 4FA8",0,0,0,,0,,,None,Unavailable,NoWallUnderCrosshair,,,,"only 0 valid depth samples under crosshair (29 no-data, 159 out-of-range, 253 low-confidence)",0,,,None,Unavailable,NoWallInView,,,,2.51021242,1.72353411,-2.88971949,0.3149343,0.04390414,-0.0109825134,0.948033869,0,0,0,0,0,0,267657.048562532,267657.048562532,0.029891092999605462
27.2909021288204,aece4ecd,SessionTracking,Tracking,30.058012,30.0582066,1,0.035868437989847735,0.534791648,1.11666667,1,160x90 DepthUint16,"centre=7649 min=2178 max=39693 hex=0000 1D3B 1DE1 2FB7 65E8","centre=21336 min=15449 max=25816 hex=4837 4CF9 5358 63A1 5DEF",0,0,0,,0,,,None,Unavailable,NoWallUnderCrosshair,,,,"only 0 valid depth samples under crosshair (29 no-data, 158 out-of-range, 254 low-confidence)",0,,,None,Unavailable,NoWallInView,,,,2.50900054,1.7209661,-2.898748,0.3158733,0.0435135365,-0.0111722052,0.9477372,0,0,0,0,0,0,267657.081922383,267657.081922383,0.035815729992464185
27.322492596808679,aece4ecd,SessionTracking,Tracking,30.0592442,30.0582066,1,0.030843019980238751,0.561875,1.13951385,1,160x90 DepthUint16,"centre=7551 min=2242 max=39720 hex=0000 1E21 1D7F 3398 6603","centre=20149 min=10746 max=24698 hex=480F 4CBE 4EB5 2E63 2A6C",0,0,0,,0,,,None,Unavailable,NoWallUnderCrosshair,,,,"only 0 valid depth samples under crosshair (22 no-data, 141 out-of-range, 278 low-confidence)",0,,,None,Unavailable,NoWallInView,,,,2.50768852,1.7181381,-2.907521,0.3167512,0.04257965,-0.01148656,0.9474828,0,0,0,0,0,0,267657.115249467,267657.115249467,0.030794478981988505
27.353492596825909,aece4ecd,SessionTracking,Tracking,30.05799,29.9672318,1,0.030383592995349318,0.562986135,1.18236113,1,160x90 DepthUint16,"centre=7336 min=2245 max=39749 hex=0000 1F1A 1CA8 5AB2 663B","centre=20413 min=11396 max=23954 hex=4A01 4E74 4FBD 2F3E 2CCD",0,0,0,,0,,,None,Unavailable,NoWallUnderCrosshair,,,,"only 0 valid depth samples under crosshair (22 no-data, 143 out-of-range, 276 low-confidence)",0,,,None,Unavailable,NoWallInView,,,,2.50633621,1.715457,-2.91606784,0.318702817,0.0415352434,-0.0118067265,0.9468706,0,0,0,0,0,0,267657.14857655,267657.14857655,0.030335988994920626
27.385404055820636,aece4ecd,SessionTracking,Tracking,30.0583286,29.9672318,1,0.031261927011655644,0.5642361,1.08,1,160x90 DepthUint16,"centre=6879 min=2250 max=39758 hex=0000 20AB 1ADF 7C08 3472","centre=20478 min=12171 max=24297 hex=4A02 4E3C 4FFE 33FB 3009",0,0,0,,0,,,None,Unavailable,NoWallUnderCrosshair,,,,"only 0 valid depth samples under crosshair (22 no-data, 122 out-of-range, 297 low-confidence)",0,,,None,Unavailable,NoWallInView,,,,2.50003958,1.71272552,-2.92446852,0.320207,0.04114844,-0.011829555,0.9463796,0,0,0,0,0,0,267657.181899035,267657.181899035,0.031210624991217628
27.416376607811635,aece4ecd,SessionTracking,Tracking,30.0610619,29.9672318,1,0.030436614993959665,0.593125,1.07833338,1,160x90 DepthUint16,"centre=6580 min=2306 max=39449 hex=0000 214B 19B4 2336 32B4","centre=21743 min=16156 max=26275 hex=4A40 4ED6 54EF 65B3 63C0",0,0,0,,0,,,None,Unavailable,NoWallUnderCrosshair,,,,"only 0 valid depth samples under crosshair (11 no-data, 134 out-of-range, 296 low-confidence)",0,,,None,Unavailable,NoWallInView,,,,2.49847531,1.71009767,-2.93371344,0.3200273,0.0400103778,-0.0122596622,0.9464837,0,0,0,0,0,0,267657.21522611903,267657.21522611903,0.0303918749850709
27.456840253812352,aece4ecd,SessionTracking,Tracking,30.0602474,29.9672318,1,0.039959947986062616,0.5921528,1.25659728,1,160x90 DepthUint16,"centre=6587 min=2302 max=39766 hex=0000 226E 19BB 233A 35D1","centre=21872 min=16166 max=27903 hex=4AB4 4F11 5570 6C31 6CCA",0,0,0,,0,,,None,Unavailable,NoWallUnderCrosshair,,,,"only 0 valid depth samples under crosshair (12 no-data, 135 out-of-range, 294 low-confidence)",0,,,None,Unavailable,NoWallInView,,,,2.49708962,1.70760083,-2.94322753,0.319444627,0.0382239223,-0.0132516921,0.946741,0,0,0,0,0,0,267657.248553202,267657.248553202,0.039912760985316709
27.487256242805252,aece4ecd,SessionTracking,Tracking,30.0580463,29.9672318,1,0.029582030983874574,0.592291653,1.21708333,1,160x90 DepthUint16,"centre=6720 min=2308 max=39400 hex=0000 2773 1A40 1E84 35C7","centre=21638 min=15888 max=26507 hex=49E0 4EFA 5486 56D2 54B8",0,0,0,,0,,,None,Unavailable,NoWallUnderCrosshair,,,,"only 0 valid depth samples under crosshair (14 no-data, 158 out-of-range, 269 low-confidence)",0,,,None,Unavailable,NoWallInView,,,,2.496219,1.70485055,-2.95265174,0.31813848,0.0334837176,-0.0157876927,0.947321236,0,0,0,0,0,0,267657.281880285,267657.281880285,0.029458957986207679
27.5189970758209,aece4ecd,SessionTracking,Tracking,30.0579548,29.9672318,1,0.030579479003790766,0.6222917,1.49402773,1,160x90 DepthUint16,"centre=6267 min=2349 max=39802 hex=0000 299F 187B 1CFF 32CF","centre=21291 min=16270 max=24541 hex=4A70 4F10 532B 5124 52F1",0,0,0,,0,,,None,Unavailable,NoWallUnderCrosshair,,,,"only 0 valid depth samples under crosshair (11 no-data, 149 out-of-range, 281 low-confidence)",0,,,None,Unavailable,NoWallInView,,,,2.49457335,1.70223117,-2.96148014,0.319645435,0.03168424,-0.016730072,0.9468596,0,0,0,0,0,0,267657.31520736904,267657.31520736904,0.030530677002388984
27.550981815815994,aece4ecd,SessionTracking,Tracking,30.0581818,29.9672318,1,0.031447968998691067,0.6261805,1.74041665,1,160x90 DepthUint16,"centre=6337 min=2338 max=39597 hex=0000 292B 18C1 1FA0 332A","centre=21611 min=16303 max=25896 hex=4CE8 5163 546B 54EE 558B",0,0,0,,0,,,None,Unavailable,NoWallUnderCrosshair,,,,"only 0 valid depth samples under crosshair (10 no-data, 120 out-of-range, 311 low-confidence)",0,,,None,Unavailable,NoWallInView,,,,2.492067,1.69974685,-2.97023249,0.321984619,0.0337577648,-0.0161050875,0.946005762,0,0,0,0,0,0,267657.34853445203,267657.34853445203,0.031403697998030111
27.589265930814527,aece4ecd,SessionTracking,Tracking,30.0566368,29.9672318,1,0.037731197982793674,0.627013862,1.62402773,1,160x90 DepthUint16,"centre=6333 min=2354 max=39638 hex=0000 2709 18BD 20C8 3388","centre=20705 min=16008 max=24530 hex=4A9E 4E7A 50E1 50B0 54EA",0,0,0,,0,,,None,Unavailable,NoWallUnderCrosshair,,,,"only 0 valid depth samples under crosshair (10 no-data, 113 out-of-range, 318 low-confidence)",0,,,None,Unavailable,NoWallInView,,,,2.48900652,1.697248,-2.97942066,0.323126,0.0378630348,-0.0144001851,0.9454886,0,0,0,0,0,0,267657.381861535,267657.381861535,0.037679895991459489
27.618260617832512,aece4ecd,SessionTracking,Tracking,30.05676,29.9672318,1,0.028312917012954131,0.655972242,1.52506948,1,160x90 DepthUint16,"centre=6786 min=2369 max=39738 hex=0000 26F5 1A82 22CE 3364","centre=21409 min=15903 max=24792 hex=4996 4E6E 53A1 561D 55AC",0,0,0,,0,,,None,Unavailable,NoWallUnderCrosshair,,,,"only 0 valid depth samples under crosshair (5 no-data, 121 out-of-range, 315 low-confidence)",0,,,None,Unavailable,NoWallInView,,,,2.48674083,1.69480515,-2.988839,0.3240439,0.0387135446,-0.0134803057,0.9451535,0,0,0,0,0,0,267657.415188619,267657.415188619,0.028265208005905151
27.650335982819179,aece4ecd,SessionTracking,Tracking,30.0565929,29.9672318,1,0.03148479200899601,0.655763865,1.47923613,1,160x90 DepthUint16,"centre=6342 min=2365 max=39845 hex=0000 29BC 18C6 21C9 3325","centre=23871 min=19575 max=25456 hex=5CAC 5D5D 5D3F 52A1 4F73",0,0,0,,0,,,None,Unavailable,NoWallUnderCrosshair,,,,"only 0 valid depth samples under crosshair (5 no-data, 128 out-of-range, 308 low-confidence)",0,,,None,Unavailable,NoWallInView,,,,2.485413,1.69231653,-2.99797344,0.325892419,0.03523603,-0.0144864619,0.944638968,0,0,0,0,0,0,267657.44851570204,267657.44851570204,0.031434063013875857
27.69122374281762,aece4ecd,SessionTracking,Tracking,30.057188,29.9672318,1,0.040212760010035709,0.6588889,1.36305559,1,160x90 DepthUint16,"centre=6390 min=2369 max=39944 hex=0000 2A7A 18F6 2275 330F","centre=23898 min=19808 max=25472 hex=5BA6 5C76 5D5A 59F3 5FAC",0,0,0,,0,,,None,Unavailable,NoWallUnderCrosshair,,,,"only 0 valid depth samples under crosshair (5 no-data, 109 out-of-range, 327 low-confidence)",0,,,None,Unavailable,NoWallInView,,,,2.48334146,1.68980718,-3.007097,0.3278889,0.0348689854,-0.0153494179,0.9439478,0,0,0,0,0,0,267657.481842785,267657.481842785,0.040130312001565471
27.72273348283381,aece4ecd,SessionTracking,Tracking,30.0562668,29.9672318,1,0.030694584012962878,0.6842361,1.29180551,1,160x90 DepthUint16,"centre=6276 min=2395 max=39955 hex=0000 2AEB 1884 312A 33C9","centre=24166 min=20684 max=26455 hex=5AF5 5C41 5E66 5E93 6362",0,0,0,,0,,,None,Unavailable,NoWallUnderCrosshair,,,,"only 0 valid depth samples under crosshair (1 no-data, 116 out-of-range, 324 low-confidence)",0,,,None,Unavailable,NoWallInView,,,,2.48122859,1.68720722,-3.016551,0.328886867,0.0341636837,-0.0160128474,0.9436153,0,0,0,0,0,0,267657.515169869,267657.515169869,0.030636250012321398
27.753649471821355,aece4ecd,SessionTracking,Tracking,30.0569057,29.9672318,1,0.030252655997173861,0.6852083,1.6051389,1,160x90 DepthUint16,"centre=6308 min=2389 max=39997 hex=0000 2AE5 18A4 2068 341F","centre=24255 min=21162 max=27264 hex=5B1E 5C42 5EBF 5F36 61E1",0,0,0,,0,,,None,Unavailable,NoWallUnderCrosshair,,,,"only 0 valid depth samples under crosshair (1 no-data, 106 out-of-range, 334 low-confidence)",0,,,None,Unavailable,NoWallInView,,,,2.47869325,1.68484855,-3.02612329,0.329735518,0.03497483,-0.0153332949,0.943300664,0,0,0,0,0,0,267657.548496952,267657.548496952,0.030199271015590057
27.784326607826024,aece4ecd,SessionTracking,Tracking,30.0575714,29.9672318,1,0.029945468995720148,0.685486138,1.59930551,1,160x90 DepthUint16,"centre=6700 min=2430 max=39998 hex=0000 2AC7 1A2C 58EB 3294","centre=24540 min=21312 max=27168 hex=5DEA 5E8B 5FDC 5AB7 56C4",0,0,0,,0,,,None,Unavailable,NoWallUnderCrosshair,,,,"only 0 valid depth samples under crosshair (1 no-data, 126 out-of-range, 314 low-confidence)",0,,,None,Unavailable,NoWallInView,,,,2.480718,1.70708585,-3.04242539,0.3296934,0.03525168,-0.0142166624,0.9433226,0,0,0,0,0,0,267657.581846754,267657.581846754,0.029898125008912757
27.824334419826137,aece4ecd,SessionTracking,Tracking,30.05787,29.9672318,1,0.03949609401752241,0.7059722,1.44861114,1,160x90 DepthUint16,"centre=6392 min=2369 max=39973 hex=0000 2ACE 18F8 4163 32A8","centre=24225 min=20312 max=27700 hex=5AF4 5BC4 5EA1 621F 5B2C",0,0,0,,0,,,None,Unavailable,NoWallUnderCrosshair,,,,"only 0 valid depth samples under crosshair (10 no-data, 151 out-of-range, 280 low-confidence)",0,,,None,Unavailable,NoWallInView,,,,2.47779465,1.70532525,-3.05289555,0.329001784,0.0350961424,-0.0141666541,0.9435706,0,0,0,0,0,0,267657.61517383804,267657.61517383804,0.039451771008316427
27.855851971805187,aece4ecd,SessionTracking,Tracking,30.062376,29.9672318,1,0.030726197990588844,0.7057639,1.48958337,1,160x90 DepthUint16,"centre=6407 min=2375 max=39982 hex=0000 2AFE 1907 43D5 32B2","centre=24300 min=22287 max=26837 hex=5BF7 5CCA 5EEC 5EAF 5A22",0,0,0,,0,,,None,Unavailable,NoWallUnderCrosshair,,,,"only 0 valid depth samples under crosshair (0 no-data, 124 out-of-range, 317 low-confidence)",0,,,None,Unavailable,NoWallInView,,,,2.47487283,1.70360458,-3.063282,0.328963727,0.0346385874,-0.0145030031,0.943595648,0,0,0,0,0,0,267657.64850092103,267657.64850092103,0.030628020991571248
27.8867957738101,aece4ecd,SessionTracking,Tracking,30.0614586,29.9672318,1,0.030167135002557188,0.70625,1.67055559,1,160x90 DepthUint16,"centre=6454 min=2445 max=39974 hex=0000 2BD2 1936 4420 33E3","centre=23942 min=17553 max=26254 hex=5A3F 5B85 5D86 535A 4688",0,0,0,,0,,,None,Unavailable,NoWallUnderCrosshair,,,,"only 0 valid depth samples under crosshair (0 no-data, 163 out-of-range, 278 low-confidence)",0,,,None,Unavailable,NoWallInView,,,,2.50109053,1.76698112,-3.10628462,0.329446822,0.0310942531,-0.0132669508,0.9435687,0,0,0,0,0,0,267657.68293714,267657.68293714,0.030118957976810634
27.924941190808404,aece4ecd,SessionTracking,Tracking,30.0602951,29.9672318,1,0.037607812992064282,0.7279861,1.55263889,1,160x90 DepthUint16,"centre=6715 min=2474 max=39970 hex=0000 2B72 1A3B 4DF9 32D4","centre=24026 min=17542 max=26036 hex=5B4D 5C35 5DDA 5335 4664",0,0,0,,0,,,None,Unavailable,NoWallUnderCrosshair,,,,"only 0 valid depth samples under crosshair (0 no-data, 168 out-of-range, 273 low-confidence)",0,,,None,Unavailable,NoWallInView,,,,2.49717283,1.76678514,-3.11821842,0.3293383,0.0319679379,-0.0127293766,0.9435848,0,0,0,0,0,0,267657.71626422403,267657.71626422403,0.037564166996162385
27.954709784825191,aece4ecd,SessionTracking,Tracking,30.0621185,29.9672318,1,0.029085729998769239,0.724236131,1.70090282,1,160x90 DepthUint16,"centre=6726 min=2485 max=39957 hex=0000 2B56 1A46 4CE6 3284","centre=24849 min=17487 max=26243 hex=5D88 5EAE 6111 5346 4629",0,0,0,,0,,,None,Unavailable,NoWallUnderCrosshair,,,,"only 0 valid depth samples under crosshair (0 no-data, 166 out-of-range, 275 low-confidence)",0,,,None,Unavailable,NoWallInView,,,,2.49330115,1.76663041,-3.130351,0.328876346,0.03231894,-0.0125613818,0.943736255,0,0,0,0,0,0,267657.749591307,267657.749591307,0.029024218994891271
27.991328898816228,aece4ecd,SessionTracking,Tracking,30.0613613,29.9672318,1,0.0358183849893976,0.7125,1.44020832,1,160x90 DepthUint16,"centre=6719 min=2530 max=39951 hex=0000 2E6C 1A3F 1FE5 347E","centre=21825 min=12967 max=25764 hex=536D 5542 5541 4337 5616",0,0,0,,0,,,None,Unavailable,NoWallUnderCrosshair,,,,"only 0 valid depth samples under crosshair (0 no-data, 158 out-of-range, 283 low-confidence)",0,,,None,Unavailable,NoWallInView,,,,2.36957645,1.85192871,-3.10933661,0.33040297,0.03337221,-0.0109539926,0.943186164,0,0,0,0,0,0,267657.783526572,267657.783526572,0.035766718996455893
28.021452856831111,aece4ecd,SessionTracking,Tracking,30.06173,29.9672318,1,0.029437135002808645,0.731388867,1.67076385,1,160x90 DepthUint16,"centre=6747 min=2629 max=39925 hex=0000 2E8B 1A5B 239B 34A3","centre=22736 min=13099 max=25528 hex=58E1 5A3A 58D0 43DC 55F6",0,0,0,,0,,,None,Unavailable,NoWallUnderCrosshair,,,,"only 0 valid depth samples under crosshair (0 no-data, 170 out-of-range, 271 low-confidence)",0,,,None,Unavailable,NoWallInView,,,,2.36209846,1.85351372,-3.1208396,0.330163181,0.0334974267,-0.0108837495,0.9432666,0,0,0,0,0,0,267657.816853656,267657.816853656,0.029385155998170376
28.055489575809425,aece4ecd,SessionTracking,Tracking,30.0665779,29.9672318,1,0.033365832990966737,0.729305565,1.48076391,1,160x90 DepthUint16,"centre=6863 min=2641 max=39918 hex=0000 2F89 1ACF 23A2 34BF","centre=22184 min=13065 max=25533 hex=568C 5825 56A8 420E 54D7",0,0,0,,0,,,None,Unavailable,NoWallUnderCrosshair,,,,"only 0 valid depth samples under crosshair (0 no-data, 196 out-of-range, 245 low-confidence)",0,,,None,Unavailable,NoWallInView,,,,2.35468721,1.85498071,-3.13252378,0.3294399,0.0327116437,-0.0114457021,0.943540335,0,0,0,0,0,0,267657.850180739,267657.850180739,0.033311353996396065
28.087498846812032,aece4ecd,SessionTracking,Tracking,30.0647182,29.9672318,1,0.031261249998351559,0.7270139,1.36097217,1,160x90 DepthUint16,"centre=7411 min=2498 max=39870 hex=0000 3679 1CF3 1FC1 3726","centre=22000 min=10205 max=33403 hex=55DB 5747 55F0 4E66 6742",0,0,0,,0,,,None,Unavailable,NoWallUnderCrosshair,,,,"only 0 valid depth samples under crosshair (2 no-data, 169 out-of-range, 270 low-confidence)",0,,,None,Unavailable,NoWallInView,,,,2.26507545,1.817112,-2.978089,0.331563056,0.0318965465,-0.0129908025,0.9428042,0,0,0,0,0,0,267657.883478444,267657.883478444,0.031206093990476802
28.119094054824764,aece4ecd,SessionTracking,Tracking,30.0621185,29.9672318,1,0.03088505199411884,0.750625,1.40472221,1,160x90 DepthUint16,"centre=7730 min=2505 max=39888 hex=0000 3C20 1E32 217D 38AD","centre=23392 min=11455 max=33227 hex=5B27 5C37 5B60 4D36 6768",0,0,0,,0,,,None,Unavailable,NoWallUnderCrosshair,,,,"only 0 valid depth samples under crosshair (0 no-data, 195 out-of-range, 246 low-confidence)",0,,,None,Unavailable,NoWallInView,,,,2.257708,1.81751132,-2.98506713,0.3319354,0.0308821946,-0.01321575,0.942703843,0,0,0,0,0,0,267657.916805528,267657.916805528,0.030836666002869606
28.149765981825858,aece4ecd,SessionTracking,Tracking,30.0618877,29.9672318,1,0.028771926998160779,0.749375,1.58284724,1,160x90 DepthUint16,"centre=7891 min=2510 max=39932 hex=0000 45AD 1ED3 2159 3A43","centre=23459 min=10966 max=33878 hex=5AD9 5C9C 5BA3 4DFD 68B2",0,0,0,,0,,,None,Unavailable,NoWallUnderCrosshair,,,,"only 0 valid depth samples under crosshair (0 no-data, 204 out-of-range, 237 low-confidence)",0,,,None,Unavailable,NoWallInView,,,,2.25052571,1.81792021,-2.99207163,0.332580656,0.0289297272,-0.0135260234,0.94253397,0,0,0,0,0,0,267657.95013261103,267657.95013261103,0.028710937011055648
28.185290096821355,aece4ecd,SessionTracking,Tracking,30.0597229,29.9672318,1,0.034913176990812644,0.7490972,1.55527782,1,160x90 DepthUint16,"centre=8185 min=2418 max=39876 hex=0000 2886 1FF9 2066 36C0","centre=24423 min=14351 max=39324 hex=5D4D 5EFE 5F67 5EFB 8B83",0,0,0,,0,,,None,Unavailable,NoWallUnderCrosshair,,,,"only 0 valid depth samples under crosshair (1 no-data, 208 out-of-range, 232 low-confidence)",0,,,None,Unavailable,NoWallInView,,,,2.26707363,1.79499841,-2.893431,0.3329109,0.0253327526,-0.0158787388,0.9424842,0,0,0,0,0,0,267657.98313003004,267657.98313003004,0.034867134992964566
28.217550877829872,aece4ecd,SessionTracking,Tracking,30.0562725,29.9672318,1,0.031716093013528734,0.766111135,1.4915278,1,160x90 DepthUint16,"centre=8689 min=2424 max=39883 hex=0000 0C89 21F1 21CA 0AC2","centre=23850 min=14733 max=39432 hex=5C40 5D72 5D2A 6515 8B72",0,0,0,,0,,,None,Unavailable,NoWallUnderCrosshair,,,,"only 0 valid depth samples under crosshair (0 no-data, 225 out-of-range, 216 low-confidence)",0,,,None,Unavailable,NoWallInView,,,,2.26198936,1.794266,-2.89783454,0.3324379,0.0204491913,-0.0185674131,0.942720652,0,0,0,0,0,0,267658.016457114,267658.016457114,0.031668801995692775
28.249311033809882,aece4ecd,SessionTracking,Tracking,30.0583153,29.9672318,1,0.031017394998343661,0.7682639,1.60069442,1,160x90 DepthUint16,"centre=8738 min=2422 max=39998 hex=0000 10FE 2222 2321 0B27","centre=24450 min=13053 max=39182 hex=5E78 5F70 5F82 6596 8C42",0,0,0,,0,,,None,Unavailable,NoWallUnderCrosshair,,,,"only 0 valid depth samples under crosshair (0 no-data, 227 out-of-range, 214 low-confidence)",0,,,None,Unavailable,NoWallInView,,,,2.25599861,1.79346967,-2.901458,0.334923655,0.01817556,-0.0190560836,0.941877246,0,0,0,0,0,0,267658.049784197,267658.049784197,0.030969218001700938
28.283970981806142,aece4ecd,SessionTracking,Tracking,30.0595646,29.9672318,1,0.033948019990930334,0.7771528,1.48298609,1,160x90 DepthUint16,"centre=8560 min=2397 max=39989 hex=0000 27FE 2170 22D3 0B63","centre=25317 min=24251 max=34470 hex=5F0B 5FE9 62E5 72DD 720D",0,0,0,,0,,,None,Unavailable,NoWallUnderCrosshair,,,,"only 0 valid depth samples under crosshair (0 no-data, 195 out-of-range, 246 low-confidence)",0,,,None,Unavailable,NoWallInView,,,,2.222411,1.78507519,-2.885389,0.339682221,0.0222456455,-0.0185157359,0.9400948,0,0,0,0,0,0,267658.081216483,267658.081216483,0.033898853987921029
28.321238429808382,aece4ecd,SessionTracking,Tracking,30.05592,29.9672318,1,0.036490364000201225,0.7952778,1.53569448,1,160x90 DepthUint16,"centre=8109 min=2397 max=39995 hex=0000 136A 1FAD 2383 7F67","centre=24835 min=19859 max=34039 hex=5BD1 5D4E 6103 72E4 71BC",0,0,0,,0,,,None,Unavailable,NoWallUnderCrosshair,,,,"only 0 valid depth samples under crosshair (0 no-data, 206 out-of-range, 235 low-confidence)",0,,,None,Unavailable,NoWallInView,,,,2.215219,1.78397059,-2.8878305,0.3429863,0.0208198875,-0.0173086226,0.9389502,0,0,0,0,0,0,267658.114543567,267658.114543567,0.03643807300250046
28.352123169809438,aece4ecd,SessionTracking,Tracking,30.0584373,29.9672318,1,0.029964895977173,0.798125,1.56604171,1,160x90 DepthUint16,"centre=6993 min=2388 max=39997 hex=0000 282F 1B51 4298 839D","centre=25335 min=20786 max=34494 hex=5E26 5F62 62F7 7431 7355",0,0,0,,0,,,None,Unavailable,NoWallUnderCrosshair,,,,"only 0 valid depth samples under crosshair (0 no-data, 183 out-of-range, 258 low-confidence)",0,,,None,Unavailable,NoWallInView,,,,2.20840955,1.78262711,-2.88989282,0.34658882,0.0174930263,-0.0171673615,0.9376969,0,0,0,0,0,0,267658.14787065,267658.14787065,0.029891354002756998
28.389675356824974,aece4ecd,SessionTracking,Tracking,30.0589828,29.9175014,1,0.036736092995852232,0.803680539,1.54152775,1,160x90 DepthUint16,"centre=6577 min=2366 max=39932 hex=0000 36C6 19B1 45CF 9197","centre=25043 min=16925 max=37841 hex=5AF1 5D23 61D3 8724 9073",0,0,0,,0,,,None,Unavailable,NoWallUnderCrosshair,,,,"only 0 valid depth samples under crosshair (0 no-data, 195 out-of-range, 246 low-confidence)",0,,,None,Unavailable,NoWallInView,,,,2.19278812,1.77261567,-2.88251877,0.351398766,0.0171262641,-0.0166418869,0.9359213,0,0,0,0,0,0,267658.18062537804,267658.18062537804,0.036682603997178376
28.42024098182339,aece4ecd,SessionTracking,Tracking,30.0589218,29.9175014,1,0.029817552014719695,0.818819463,1.62902772,1,160x90 DepthUint16,"centre=6469 min=2360 max=39957 hex=0000 3787 1945 515F 96B0","centre=24676 min=15355 max=37964 hex=560D 59A9 6064 8A07 90A2",0,0,0,,0,,,None,Unavailable,NoWallUnderCrosshair,,,,"only 0 valid depth samples under crosshair (0 no-data, 210 out-of-range, 231 low-confidence)",0,,,None,Unavailable,NoWallInView,,,,2.18513632,1.77066553,-2.88418531,0.356251717,0.01785715,-0.015717864,0.934087157,0,0,0,0,0,0,267658.213952462,267658.213952462,0.0297347390151117
28.451691867811697,aece4ecd,SessionTracking,Tracking,30.05946,29.9175014,1,0.029598594002891332,0.8207639,1.676875,1,160x90 DepthUint16,"centre=6434 min=2354 max=39967 hex=0000 3600 1922 5DE8 9A9C","centre=25118 min=16351 max=37491 hex=5816 5B73 621E 8942 8F9E",0,0,0,,0,,,None,Unavailable,NoWallUnderCrosshair,,,,"only 0 valid depth samples under crosshair (0 no-data, 194 out-of-range, 247 low-confidence)",0,,,None,Unavailable,NoWallInView,,,,2.17746854,1.76837373,-2.88633776,0.35892874,0.0170194656,-0.014352262,0.933099449,0,0,0,0,0,0,267658.247279545,267658.247279545,0.029507395986001939
28.493961398808842,aece4ecd,SessionTracking,Tracking,30.061779,29.9175014,1,0.041572499991161749,0.8201389,1.47736108,1,160x90 DepthUint16,"centre=6428 min=2347 max=39901 hex=0000 37C3 191C 6777 9A1B","centre=23846 min=15445 max=25505 hex=599E 5B9A 5D26 3EF2 3E35",0,0,0,,0,,,None,Unavailable,NoWallUnderCrosshair,,,,"only 0 valid depth samples under crosshair (0 no-data, 217 out-of-range, 224 low-confidence)",0,,,None,Unavailable,NoWallInView,,,,2.18252563,1.77891684,-2.87596273,0.360693336,0.0157144517,-0.0140729845,0.9324459,0,0,0,0,0,0,267658.280274367,267658.280274367,0.041524062980897725
28.523638065815994,aece4ecd,SessionTracking,Tracking,30.0609512,29.9175014,1,0.028997187997447327,0.83375,1.56604171,1,160x90 DepthUint16,"centre=6361 min=2341 max=39907 hex=0000 3294 18D9 79D5 99F0","centre=22558 min=13598 max=25554 hex=553D 57E2 581E 36B4 35C4",0,0,0,,0,,,None,Unavailable,NoWallUnderCrosshair,,,,"only 0 valid depth samples under crosshair (0 no-data, 193 out-of-range, 248 low-confidence)",0,,,None,Unavailable,NoWallInView,,,,2.174714,1.7761631,-2.87772965,0.3634244,0.015959667,-0.0135451565,0.9313885,0,0,0,0,0,0,267658.313601451,267658.313601451,0.028950209001777694
28.555542335815353,aece4ecd,SessionTracking,Tracking,30.06308,29.9175014,1,0.031251613982021809,0.832430542,1.455486,1,160x90 DepthUint16,"centre=6234 min=2329 max=39962 hex=0000 2EC1 185A 85F7 0000","centre=22507 min=13511 max=25890 hex=5463 576E 57EB 3681 34E3",0,0,0,,0,,,None,Unavailable,NoWallUnderCrosshair,,,,"only 0 valid depth samples under crosshair (0 no-data, 206 out-of-range, 235 low-confidence)",0,,,None,Unavailable,NoWallInView,,,,2.16725874,1.77273309,-2.87897229,0.367672324,0.0164797,-0.0154876113,0.9296804,0,0,0,0,0,0,267658.34692853404,267658.34692853404,0.031205676990794018
28.586725460830003,aece4ecd,SessionTracking,Tracking,30.060154,29.9175014,1,0.030453384999418631,0.8263889,1.49034727,1,160x90 DepthUint16,"centre=6186 min=2292 max=39958 hex=0000 2B53 182A 61BF 0000","centre=18571 min=13136 max=25903 hex=5654 584B 488B 4ACD 52DD",0,0,0,,0,,,None,Unavailable,NoWallUnderCrosshair,,,,"only 0 valid depth samples under crosshair (0 no-data, 227 out-of-range, 214 low-confidence)",0,,,None,Unavailable,NoWallInView,,,,2.21994376,1.83441377,-2.803402,0.3754506,0.0144195566,-0.0213082153,0.92648524,0,0,0,0,0,0,267658.380129951,267658.380129951,0.030400677002035081
28.620086294830635,aece4ecd,SessionTracking,Tracking,30.0606136,29.9175014,1,0.03258500000811182,0.8332639,1.48638892,1,160x90 DepthUint16,"centre=20904 min=2262 max=39849 hex=0000 2D7B 51A8 57AE 81EE","centre=14880 min=11947 max=24862 hex=56C6 5A63 3A20 42D7 49F7",0,0,0,,0,,,None,Unavailable,NoWallUnderCrosshair,,,,"only 0 valid depth samples under crosshair (3 no-data, 264 out-of-range, 174 low-confidence)",0,,,None,Unavailable,NoWallInView,,,,2.21468,1.83000278,-2.802178,0.3811462,0.008424625,-0.0280200243,0.924051642,0,0,0,0,0,0,267658.413457035,267658.413457035,0.032529427000554278
28.65494983582068,aece4ecd,SessionTracking,Tracking,30.0593719,29.9175014,1,0.034070833004079759,0.8245139,1.40479171,1,160x90 DepthUint16,"centre=8192 min=2242 max=39994 hex=2CBF 29E5 2000 4B58 82AB","centre=15761 min=12343 max=25107 hex=5745 5AEC 3D91 42CE 49EF",0,0,0,,0,,,None,Unavailable,NoWallUnderCrosshair,,,,"only 0 valid depth samples under crosshair (3 no-data, 272 out-of-range, 166 low-confidence)",0,,,None,Unavailable,NoWallInView,,,,2.20815444,1.82425344,-2.80076241,0.3854979,0.00667068362,-0.0321192741,0.9221254,0,0,0,0,0,0,267658.446784118,267658.446784118,0.033976145001361147
28.68485478381519,aece4ecd,SessionTracking,Tracking,30.0587826,29.9175014,1,0.029087915987474844,0.8121528,1.39333332,1,160x90 DepthUint16,"centre=7983 min=2183 max=39954 hex=4E19 25AF 1F2F 4282 83ED","centre=26501 min=20492 max=28144 hex=5769 5CD2 6785 6BFC 6D6E",0,0,0,,0,,,None,Unavailable,NoWallUnderCrosshair,,,,"only 0 valid depth samples under crosshair (2 no-data, 288 out-of-range, 151 low-confidence)",0,,,None,Unavailable,NoWallInView,,,,2.28481078,1.86466193,-2.706355,0.393547058,0.005109847,-0.0353466,0.9186105,0,0,0,0,0,0,267658.480428051,267658.480428051,0.029017396009294316
28.722693169808572,aece4ecd,SessionTracking,Tracking,30.0586987,29.9175014,1,0.03721572898211889,0.799444437,1.5604167,1,160x90 DepthUint16,"centre=7778 min=2152 max=39980 hex=10CA 219A 1E62 1CFF 856A","centre=20416 min=17649 max=24418 hex=55B3 591E 4FC0 477D 45B4",0,0,0,,0,,,None,Unavailable,NoWallUnderCrosshair,,,,"only 0 valid depth samples under crosshair (47 no-data, 249 out-of-range, 145 low-confidence)",0,,,None,Unavailable,NoWallInView,,,,2.27856016,1.85710657,-2.70129681,0.4040351,0.007923813,-0.03743488,0.9139429,0,0,0,0,0,0,267658.513755135,267658.513755135,0.037168385984841734
28.756390773806579,aece4ecd,SessionTracking,Tracking,30.0574951,29.9175014,1,0.033134843979496509,0.7856944,1.530625,1,160x90 DepthUint16,"centre=8194 min=2115 max=39725 hex=0A54 20C4 2002 102A 7FFF","centre=19711 min=17635 max=25267 hex=520B 57D8 4CFF 46C1 459B",0,0,0,,0,,,None,Unavailable,NoWallUnderCrosshair,,,,"only 0 valid depth samples under crosshair (11 no-data, 290 out-of-range, 140 low-confidence)",0,,,None,Unavailable,NoWallInView,,,,2.27180433,1.84843671,-2.69552469,0.417279273,0.0138527015,-0.0380585231,0.907875359,0,0,0,0,0,0,267658.547082218,267658.547082218,0.030430364975472912
28.7875389508252,aece4ecd,SessionTracking,Tracking,30.05875,29.9175014,1,0.030452292005065829,0.775763869,1.40881944,1,160x90 DepthUint16,"centre=8771 min=1937 max=39983 hex=08C5 1FDF 2243 0DE7 800E","centre=19251 min=17801 max=23303 hex=538D 5756 4B33 47F9 4808",0,0,0,,0,,,None,Unavailable,NoWallUnderCrosshair,,,,"only 0 valid depth samples under crosshair (1 no-data, 330 out-of-range, 110 low-confidence)",0,,,None,Unavailable,NoWallInView,,,,2.28916931,1.76984215,-2.57974315,0.432319,0.0145441005,-0.04645038,0.9004061,0,0,0,0,0,0,267658.580644471,267658.580644471,0.030400990013731644
28.819906085815838,aece4ecd,SessionTracking,Tracking,30.0578136,29.9175014,1,0.031762186990818009,0.749513865,1.179236,1,160x90 DepthUint16,"centre=36521 min=1895 max=39999 hex=0AAE 1EFF 8EA9 0AA2 7E7D","centre=22829 min=17930 max=28681 hex=5252 5829 592D 4BE6 48AB",0,0,0,,0,,,None,Unavailable,NoWallUnderCrosshair,,,,"only 0 valid depth samples under crosshair (25 no-data, 348 out-of-range, 68 low-confidence)",0,,,None,Unavailable,NoWallInView,,,,2.28753757,1.75686693,-2.57307124,0.439015657,0.0126426816,-0.05602905,0.8966416,0,0,0,0,0,0,267658.613971555,267658.613971555,0.031714790995465592
28.850941137817081,aece4ecd,SessionTracking,Tracking,30.0590248,29.9175014,1,0.030255571997258812,0.7492361,1.18395829,1,160x90 DepthUint16,"centre=36885 min=1877 max=39843 hex=0A9F 1F3B 9015 0A69 833A","centre=21249 min=17677 max=30164 hex=5481 5999 5301 4B17 47FE",0,0,0,,0,,,None,Unavailable,NoWallUnderCrosshair,,,,"only 0 valid depth samples under crosshair (25 no-data, 358 out-of-range, 58 low-confidence)",0,,,None,Unavailable,NoWallInView,,,,2.28502321,1.74369359,-2.56779122,0.4398926,0.0147762448,-0.0629349649,0.8957206,0,0,0,0,0,0,267658.647298638,267658.647298638,0.030206405994249508
28.886897231829444,aece4ecd,SessionTracking,Tracking,30.05828,29.9175014,1,0.035205000021960586,0.7472917,1.183125,1,160x90 DepthUint16,"centre=36917 min=1868 max=39999 hex=0AFD 1F5F 9035 0A68 7CAC","centre=20109 min=17395 max=27357 hex=549B 58F9 4E8D 481F 45CE",0,0,0,,0,,,None,Unavailable,NoWallUnderCrosshair,,,,"only 0 valid depth samples under crosshair (27 no-data, 361 out-of-range, 53 low-confidence)",0,,,None,Unavailable,NoWallInView,,,,2.27605557,1.73394036,-2.57083273,0.440063983,0.0170725454,-0.07023183,0.895052969,0,0,0,0,0,0,267658.680597631,267658.680597631,0.03507552100927569
28.918145460832257,aece4ecd,SessionTracking,Tracking,30.0584812,29.9175014,1,0.030684479017509148,0.709583342,1.14847219,1,160x90 DepthUint16,"centre=0 min=1842 max=39752 hex=13B7 1F95 0000 0A68 7965","centre=21105 min=17886 max=27429 hex=5769 5FAC 5271 4BF8 49AB",0,0,0,,0,,,None,Unavailable,NoWallUnderCrosshair,,,,"only 0 valid depth samples under crosshair (85 no-data, 326 out-of-range, 30 low-confidence)",0,,,None,Unavailable,NoWallInView,,,,2.273956,1.72036517,-2.56628561,0.444138467,0.0215729941,-0.08025963,0.8920953,0,0,0,0,0,0,267658.713924715,267658.713924715,0.030632448004325852
28.950212231807036,aece4ecd,SessionTracking,Tracking,30.0590687,29.9175014,1,0.031510780972894281,0.703194439,1.17597222,1,160x90 DepthUint16,"centre=0 min=1819 max=39750 hex=26BC 1F5F 0000 0A6A 0000","centre=21449 min=18336 max=27090 hex=5319 619B 53C9 4E85 4CEB",0,0,0,,0,,,None,Unavailable,NoWallUnderCrosshair,,,,"only 0 valid depth samples under crosshair (80 no-data, 341 out-of-range, 20 low-confidence)",0,,,None,Unavailable,NoWallInView,,,,2.27008867,1.70856285,-2.560634,0.450151324,0.0290229935,-0.0839856043,0.888520062,0,0,0,0,0,0,267658.747251798,267658.747251798,0.031456509983399883
28.983327231805397,aece4ecd,SessionTracking,Tracking,30.0605564,29.9175014,1,0.032388228981290013,0.700138867,1.10756946,1,160x90 DepthUint16,"centre=0 min=1782 max=39977 hex=278E 0000 0000 0A57 0000","centre=20941 min=18124 max=26938 hex=54AF 61D6 51CD 4C82 4AFC",0,0,0,,0,,,None,Unavailable,NoWallUnderCrosshair,,,,"only 0 valid depth samples under crosshair (83 no-data, 343 out-of-range, 15 low-confidence)",0,,,None,Unavailable,NoWallInView,,,,2.25696278,1.68496168,-2.5405972,0.45486927,0.0282756239,-0.0865986347,0.8858866,0,0,0,0,0,0,267658.78065258503,267658.78065258503,0.032317031000275165
29.027285252813108,aece4ecd,SessionTracking,Tracking,30.05978,29.9175014,1,0.043283489998430014,0.6377778,1.16791666,1,160x90 DepthUint16,"centre=16414 min=1751 max=40172 hex=26B2 0000 401E 0A62 0000","centre=20474 min=16589 max=27396 hex=54D2 61C3 4FFA 493F 45EF",0,0,0,,0,,,None,Unavailable,NoWallUnderCrosshair,,,,"only 0 valid depth samples under crosshair (62 no-data, 349 out-of-range, 30 low-confidence)",0,,,None,Unavailable,NoWallInView,,,,2.25404358,1.67473149,-2.53193188,0.4633574,0.02414076,-0.09240496,0.881009936,0,0,0,0,0,0,267658.813979669,267658.813979669,0.043236094003077596
29.051767231808135,aece4ecd,SessionTracking,Tracking,30.05934,29.9175014,1,0.023768801998812705,0.6161111,1.17340279,1,160x90 DepthUint16,"centre=16874 min=1719 max=39950 hex=21B8 0000 41EA 0A7C 0000","centre=20911 min=15725 max=27295 hex=4A55 6172 51AF 4BB5 47EA",0,0,0,,0,,,None,Unavailable,NoWallUnderCrosshair,,,,"only 0 valid depth samples under crosshair (9 no-data, 351 out-of-range, 81 low-confidence)",0,,,None,Unavailable,NoWallInView,,,,2.250295,1.66554248,-2.52133536,0.477712,0.025703894,-0.09499691,0.872987,0,0,0,0,0,0,267658.847306752,267658.847306752,0.023721353994915262
29.08334301281031,aece4ecd,SessionTracking,Tracking,30.06037,29.9175014,1,0.030623072991147637,0.5934028,1.235625,1,160x90 DepthUint16,"centre=12353 min=1715 max=39671 hex=2245 0D65 3041 0A9C 0000","centre=20496 min=17254 max=27645 hex=58E3 60D5 5010 4BDA 49E3",0,0,0,,0,,,None,Unavailable,NoWallUnderCrosshair,,,,"only 0 valid depth samples under crosshair (0 no-data, 331 out-of-range, 110 low-confidence)",0,,,None,Unavailable,NoWallInView,,,,2.23639321,1.659464,-2.5130012,0.491258085,0.0335188843,-0.0891929045,0.865786731,0,0,0,0,0,0,267658.880704908,267658.880704908,0.030577083001844585
29.121076189824471,aece4ecd,SessionTracking,Tracking,30.0598259,29.9175014,1,0.037102447007782757,0.546944439,1.188125,1,160x90 DepthUint16,"centre=24265 min=1687 max=39938 hex=23F8 0000 5EC9 0CF5 0000","centre=25235 min=21098 max=30136 hex=574D 66E4 6293 60D3 610B",0,0,0,,0,,,None,Unavailable,NoWallUnderCrosshair,,,,"only 0 valid depth samples under crosshair (0 no-data, 326 out-of-range, 115 low-confidence)",0,,,None,Unavailable,NoWallInView,,,,2.23036742,1.65168,-2.50352144,0.4987013,0.0369437672,-0.08190111,0.862104654,0,0,0,0,0,0,267658.914031992,267658.914031992,0.037057708017528057
29.153435512823144,aece4ecd,SessionTracking,Tracking,30.0594368,29.9175014,1,0.031435832992428914,0.535,1.37861109,1,160x90 DepthUint16,"centre=21751 min=1670 max=39685 hex=202D 0CD5 54F7 7FD4 0000","centre=25621 min=20685 max=29747 hex=5846 67B4 6415 6315 6437",0,0,0,,0,,,None,Unavailable,NoWallUnderCrosshair,,,,"only 0 valid depth samples under crosshair (0 no-data, 311 out-of-range, 130 low-confidence)",0,,,None,Unavailable,NoWallInView,,,,2.22553945,1.64393,-2.4948678,0.5038689,0.030590089,-0.0756439343,0.8599177,0,0,0,0,0,0,267658.947359075,267658.947359075,0.031323177012382075
29.199421814816397,aece4ecd,SessionTracking,Tracking,30.0594234,29.9175014,1,0.045228281000163406,0.5213889,1.48055553,1,160x90 DepthUint16,"centre=14505 min=1634 max=39752 hex=1EEF 0000 38A9 8E11 0000","centre=26430 min=20627 max=31233 hex=643F 6887 673E 659C 6272",0,0,0,,0,,,None,Unavailable,NoWallUnderCrosshair,,,,"only 0 valid depth samples under crosshair (0 no-data, 279 out-of-range, 162 low-confidence)",0,,,None,Unavailable,NoWallInView,,,,2.26065922,1.61346316,-2.49643016,0.511820555,0.0201525241,-0.068398416,0.856128037,0,0,0,0,0,0,267658.98068651604,267658.98068651604,0.045170780998887494
29.229268533816885,aece4ecd,SessionTracking,Tracking,20.0395927,29.9175014,1,0.028390988998580724,0.458263874,1.54840279,1,160x90 DepthUint16,"centre=4187 min=1598 max=39450 hex=0000 0000 105B 899C 0000","centre=25278 min=19630 max=31517 hex=66A0 659A 62BE 60F8 5C58",0,0,0,,0,,,None,Unavailable,NoWallUnderCrosshair,,,,"only 0 valid depth samples under crosshair (0 no-data, 243 out-of-range, 198 low-confidence)",0,,,None,Unavailable,NoWallInView,,,,2.254912,1.6063199,-2.4869523,0.525182545,0.0143412659,-0.05531994,0.8490686,0,0,0,0,0,0,267659.0140136,267659.0140136,0.028288594010518864
29.260952491806911,aece4ecd,SessionTracking,Tracking,30.05948,29.9175014,1,0.030732499988516793,0.436666667,1.65652776,1,160x90 DepthUint16,"centre=3267 min=1555 max=39371 hex=0000 0000 0CC3 8894 0000","centre=23120 min=18663 max=30526 hex=645A 5DD2 5A50 5B77 573C",0,0,0,,0,,,None,Unavailable,NoWallUnderCrosshair,,,,"only 0 valid depth samples under crosshair (0 no-data, 232 out-of-range, 209 low-confidence)",0,,,None,Unavailable,NoWallInView,,,,2.247879,1.600251,-2.4770844,0.539812446,0.0132764587,-0.0402562954,0.8407174,0,0,0,0,0,0,267659.047340683,267659.047340683,0.030645207996712998
29.291234054805336,aece4ecd,SessionTracking,Tracking,30.05877,29.9175014,1,0.029626145988004282,0.410277784,1.79840279,1,160x90 DepthUint16,"centre=3045 min=1530 max=39179 hex=0000 8C9D 0BE5 0000 0000","centre=24174 min=19806 max=29949 hex=6497 6079 5E6E 611F 5A80",0,0,0,,0,,,None,Unavailable,NoWallUnderCrosshair,,,,"only 0 valid depth samples under crosshair (0 no-data, 277 out-of-range, 164 low-confidence)",0,,,None,Unavailable,NoWallInView,,,,2.25570059,1.609044,-2.48423862,0.553644657,0.0145615349,-0.0257864315,0.832226336,0,0,0,0,0,0,267659.080786051,267659.080786051,0.029576301982160658
29.322741398819581,aece4ecd,SessionTracking,Tracking,30.0586987,29.9175014,1,0.030543072993168607,0.390763879,1.84729171,1,160x90 DepthUint16,"centre=11088 min=1496 max=38686 hex=0000 87BA 2B50 0000 0000","centre=22969 min=19134 max=29920 hex=6613 5CE9 59B9 5B46 5562",0,0,0,,0,,,None,Unavailable,NoWallUnderCrosshair,,,,"only 0 valid depth samples under crosshair (0 no-data, 327 out-of-range, 114 low-confidence)",0,,,None,Unavailable,NoWallInView,,,,2.24758983,1.6055789,-2.47672248,0.5626079,0.017667057,-0.0113203833,0.8264576,0,0,0,0,0,0,267659.11411313503,267659.11411313503,0.030480677000014111
29.358000043807642,aece4ecd,SessionTracking,Tracking,30.0595112,29.9175014,1,0.034603540989337489,0.3898611,1.82645833,1,160x90 DepthUint16,"centre=18145 min=1484 max=38949 hex=0000 73BA 46E1 0000 0000","centre=21638 min=18419 max=29902 hex=6363 57D5 5486 5561 50A2",0,0,0,,0,,,None,Unavailable,NoWallUnderCrosshair,,,,"only 0 valid depth samples under crosshair (0 no-data, 349 out-of-range, 92 low-confidence)",0,,,None,Unavailable,NoWallInView,,,,2.242197,1.60373271,-2.47050238,0.563935161,0.0245625377,-0.008781493,0.825407,0,0,0,0,0,0,267659.147440218,267659.147440218,0.034546821989351884
29.388689314829044,aece4ecd,SessionTracking,Tracking,30.0589981,29.9175014,1,0.029772083013085648,0.396458328,1.68618059,1,160x90 DepthUint16,"centre=16807 min=1493 max=39004 hex=0000 6C6C 41A7 0000 0000","centre=23747 min=20049 max=30477 hex=66DE 5F62 5CC3 5DBE 587C",0,0,0,,0,,,None,Unavailable,NoWallUnderCrosshair,,,,"only 0 valid depth samples under crosshair (0 no-data, 353 out-of-range, 88 low-confidence)",0,,,None,Unavailable,NoWallInView,,,,2.24340034,1.6091665,-2.4694097,0.561363041,0.0299907345,-0.0130450139,0.8269232,0,0,0,0,0,0,267659.180719217,267659.180719217,0.029658957995707169
29.419886450806025,aece4ecd,SessionTracking,Tracking,30.0585842,30.09092,1,0.030601926991948858,0.402708322,1.86930561,1,160x90 DepthUint16,"centre=14288 min=1500 max=39113 hex=0000 6E55 37D0 0000 0000","centre=24193 min=20138 max=30113 hex=6585 6066 5E81 6002 5A99",0,0,0,,0,,,None,Unavailable,NoWallUnderCrosshair,,,,"only 0 valid depth samples under crosshair (0 no-data, 343 out-of-range, 98 low-confidence)",0,,,None,Unavailable,NoWallInView,,,,2.24004483,1.60902762,-2.46472645,0.558195353,0.0306151211,-0.0189771056,0.828927338,0,0,0,0,0,0,267659.21404630103,267659.21404630103,0.030558124999515712
29.45243301283228,aece4ecd,SessionTracking,Tracking,30.0593586,30.09092,1,0.0320770830148831,0.399097234,1.87618053,1,160x90 DepthUint16,"centre=15569 min=1494 max=38665 hex=0000 6D12 3CD1 0000 0000","centre=24439 min=20273 max=30371 hex=6540 6112 5F77 60DE 5C85",0,0,0,,0,,,None,Unavailable,NoWallUnderCrosshair,,,,"only 0 valid depth samples under crosshair (0 no-data, 338 out-of-range, 103 low-confidence)",0,,,None,Unavailable,NoWallInView,,,,2.23630571,1.60913265,-2.45901012,0.5599482,0.03239909,-0.0221330225,0.827598,0,0,0,0,0,0,267659.247373384,267659.247373384,0.032032812014222145
29.486949887824103,aece4ecd,SessionTracking,Tracking,30.0598259,30.09092,1,0.033808020991273224,0.395833343,1.74638891,1,160x90 DepthUint16,"centre=17179 min=1505 max=38660 hex=0000 725A 431B 0000 0000","centre=24456 min=20396 max=30285 hex=667D 6161 5F88 60D8 5C5B",0,0,0,,0,,,None,Unavailable,NoWallUnderCrosshair,,,,"only 0 valid depth samples under crosshair (0 no-data, 329 out-of-range, 112 low-confidence)",0,,,None,Unavailable,NoWallInView,,,,2.24380612,1.62134933,-2.464064,0.561864853,0.0308298469,-0.02506864,0.826274157,0,0,0,0,0,0,267659.28074291104,267659.28074291104,0.033760468999389559
29.520649471813904,aece4ecd,SessionTracking,Tracking,30.06295,30.09092,1,0.0331503129855264,0.3963889,1.74520838,1,160x90 DepthUint16,"centre=10737 min=1508 max=39015 hex=0000 846C 29F1 0000 0000","centre=24689 min=20427 max=30543 hex=6674 6228 6071 614D 5C50",0,0,0,,0,,,None,Unavailable,NoWallUnderCrosshair,,,,"only 0 valid depth samples under crosshair (0 no-data, 315 out-of-range, 126 low-confidence)",0,,,None,Unavailable,NoWallInView,,,,2.24079251,1.62166917,-2.46016431,0.560883641,0.0285866261,-0.028347075,0.8269152,0,0,0,0,0,0,267659.314069995,267659.314069995,0.033102083980338648
29.560073168830804,aece4ecd,SessionTracking,Tracking,30.05816,30.09092,1,0.038787812023656443,0.395486116,1.98298609,1,160x90 DepthUint16,"centre=3411 min=220 max=38594 hex=0000 0000 0D53 0000 0000","centre=21241 min=13142 max=29787 hex=62FD 580C 52F9 4925 3A8E",0,0,0,,0,,,None,Unavailable,NoWallUnderCrosshair,,,,"only 0 valid depth samples under crosshair (0 no-data, 168 out-of-range, 273 low-confidence)",0,,,None,Unavailable,NoWallInView,,,,2.236314,1.62195444,-2.45704842,0.5579227,0.0300647635,-0.0262845177,0.82893157,0,0,0,0,0,0,267659.347397078,267659.347397078,0.038712239009328187
29.591018273814207,aece4ecd,SessionTracking,Tracking,30.06513,30.09092,1,0.030197084008250386,0.396458328,2.03979158,1,160x90 DepthUint16,"centre=3952 min=215 max=38594 hex=0000 1891 0F70 0000 0000","centre=20986 min=12807 max=29847 hex=61BB 574A 51FA 462C 37EA",0,0,0,,0,,,None,Unavailable,NoWallUnderCrosshair,,,,"only 0 valid depth samples under crosshair (0 no-data, 162 out-of-range, 279 low-confidence)",0,,,None,Unavailable,NoWallInView,,,,2.22749782,1.618988,-2.44909024,0.555180967,0.0324299671,-0.0243922491,0.830739141,0,0,0,0,0,0,267659.38020143803,267659.38020143803,0.030138645990518853
29.629863429813504,aece4ecd,SessionTracking,Tracking,30.0631561,30.09092,1,0.038085834006778896,0.513541639,2.88159728,1,160x90 DepthUint16,"centre=3452 min=213 max=38488 hex=0000 188A 0D7C 8218 1F9D","centre=18787 min=6433 max=29451 hex=5F01 4FF2 4963 3D06 2B4E",0,0,0,,0,,,None,Unavailable,NoWallUnderCrosshair,,,,"only 0 valid depth samples under crosshair (0 no-data, 145 out-of-range, 296 low-confidence)",0,,,None,Unavailable,NoWallInView,,,,2.22313523,1.61878371,-2.445985,0.5540349,0.0336560942,-0.0220230836,0.8315213,0,0,0,0,0,0,267659.413528522,267659.413528522,0.038013020996004343
29.653756085811274,aece4ecd,SessionTracking,Tracking,30.063385,30.09092,1,0.023292291996767744,0.514583349,2.858611,1,160x90 DepthUint16,"centre=3513 min=213 max=38506 hex=0000 1892 0DB9 8202 1F90","centre=17333 min=5009 max=28864 hex=5E52 4B90 43B5 3411 2102",0,0,0,,0,,,None,Unavailable,NoWallUnderCrosshair,,,,"only 0 valid depth samples under crosshair (0 no-data, 147 out-of-range, 294 low-confidence)",0,,,None,Unavailable,NoWallInView,,,,2.21921873,1.618628,-2.44318438,0.55279243,0.0329376459,-0.02041009,0.8324176,0,0,0,0,0,0,267659.446855605,267659.446855605,0.023247916979016736
