# WallDistance benchmark log; measurement revision=raw-confidence-v2
# device=OnePlus CPH2691 os=Android OS 16 / API-36 (UKQ1.231108.001/V.R4T3.3237bb8-cff9dc-d57a61) unity=6000.3.5f1
# condition=
# config: {"minTestedRangeMeters":0.5,"maxTestedRangeMeters":3.0,"depthMaxAgeSeconds":0.5,"depthMinConfidence":128,"depthInlierThresholdMeters":0.05000000074505806,"depthMinInlierFraction":0.6000000238418579,"depthMinValidSamples":12,"depthDisagreementThresholdMeters":0.10000000149011612,"depthSampleGridSize":12,"depthMinValidMeters":0.10000000149011612,"depthMaxValidMeters":8.0,"depthOnlyPatchRadiusPixels":10,"depthOnlyMinInliers":60,"depthOnlyRefitRounds":2,"depthOnlyMaxRmsMeters":0.019999999552965165,"depthOnlyMaxTiltFromVerticalDeg":20.0,"filterTimeConstantSeconds":0.25,"minCandidateAreaSquareMeters":0.20000000298023225}
t,session,arState,trackingState,fps,updRate,depthSupported,depthAgeS,depthValidFrac,depthMeanConf,denseValidFrac,depthFormat,rawValues,denseValues,planesTotal,planesVerticalTracked,largestVerticalArea_m2,reference_m,aimed_valid,aimed_raw_m,aimed_filtered_m,aimed_source,aimed_quality,aimed_failure,aimed_candidate,aimed_depthResidual_m,aimed_depthInlier,aimed_reason,nearest_valid,nearest_raw_m,nearest_filtered_m,nearest_source,nearest_quality,nearest_failure,nearest_candidate,nearest_depthResidual_m,nearest_depthInlier,cam_x,cam_y,cam_z,cam_qx,cam_qy,cam_qz,cam_qw,aimed_pt_x,aimed_pt_y,aimed_pt_z,aimed_n_x,aimed_n_y,aimed_n_z,rawProviderTimestampS,denseProviderTimestampS,denseAgeS
2.83912797366167,bb263046,SessionInitializing,Initializing,0.467795,0.352220833,1,,,,,,"","",0,0,0,,0,,,None,Unavailable,TrackingLost,,,,"TrackingLost",0,,,None,Unavailable,TrackingLost,,,,0,0,0,0,0,0,1,0,0,0,0,0,0,,,
3.3603912026529716,bb263046,SessionInitializing,Initializing,0.8495063,0.352220833,1,,,,,,"","",0,0,0,,0,,,None,Unavailable,TrackingLost,,,,"TrackingLost",0,,,None,Unavailable,TrackingLost,,,,0,1.1176,0,0,0,0,1,0,0,0,0,0,0,,,
3.391461879663547,bb263046,SessionInitializing,Initializing,30.0660381,0.352220833,1,,,,,,"","",0,0,0,,0,,,None,Unavailable,TrackingLost,,,,"TrackingLost",0,,,None,Unavailable,TrackingLost,,,,0,1.1176,0,0,0,0,1,0,0,0,0,0,0,,,
3.4393670356449721,bb263046,SessionInitializing,Initializing,15.0331945,0.352220833,1,,,,,,"","",0,0,0,,0,,,None,Unavailable,TrackingLost,,,,"TrackingLost",0,,,None,Unavailable,TrackingLost,,,,0,1.1176,0,0,0,0,1,0,0,0,0,0,0,,,
3.4685763586395471,bb263046,SessionInitializing,Initializing,30.0682487,0.352220833,1,,,,,,"","",0,0,0,,0,,,None,Unavailable,TrackingLost,,,,"TrackingLost",0,,,None,Unavailable,TrackingLost,,,,0,1.1176,0,0,0,0,1,0,0,0,0,0,0,,,
3.50058646265199,bb263046,SessionInitializing,Initializing,30.073534,0.352220833,1,,,,,,"","",0,0,0,,0,,,None,Unavailable,TrackingLost,,,,"TrackingLost",0,,,None,Unavailable,TrackingLost,,,,0,1.1176,0,0,0,0,1,0,0,0,0,0,0,,,
3.5345444836503876,bb263046,SessionInitializing,Initializing,30.064045,0.352220833,1,,,,,,"","",0,0,0,,0,,,None,Unavailable,TrackingLost,,,,"TrackingLost",0,,,None,Unavailable,TrackingLost,,,,0,1.1176,0,0,0,0,1,0,0,0,0,0,0,,,
3.5662464626449211,bb263046,SessionInitializing,Initializing,30.0665073,0.352220833,1,,,,,,"","",0,0,0,,0,,,None,Unavailable,TrackingLost,,,,"TrackingLost",0,,,None,Unavailable,TrackingLost,,,,0,1.1176,0,0,0,0,1,0,0,0,0,0,0,,,
3.6028375046527064,bb263046,SessionInitializing,Initializing,30.0659752,0.352220833,1,,,,,,"","",0,0,0,,0,,,None,Unavailable,TrackingLost,,,,"TrackingLost",0,,,None,Unavailable,TrackingLost,,,,0,1.1176,0,0,0,0,1,0,0,0,0,0,0,,,
3.617471983664581,bb263046,SessionInitializing,Initializing,30.0648842,0.352220833,1,,,,,,"","",0,0,0,,0,,,None,Unavailable,TrackingLost,,,,"TrackingLost",0,,,None,Unavailable,TrackingLost,,,,0,1.1176,0,0,0,0,1,0,0,0,0,0,0,,,
3.6524352126372097,bb263046,SessionInitializing,Initializing,30.06254,0.352220833,1,,,,,,"","",0,0,0,,0,,,None,Unavailable,TrackingLost,,,,"TrackingLost",0,,,None,Unavailable,TrackingLost,,,,0,1.1176,0,0,0,0,1,0,0,0,0,0,0,,,
3.6834611506575303,bb263046,SessionInitializing,Initializing,30.0668125,0.352220833,1,,,,,,"","",0,0,0,,0,,,None,Unavailable,TrackingLost,,,,"TrackingLost",0,,,None,Unavailable,TrackingLost,,,,0,1.1176,0,0,0,0,1,0,0,0,0,0,0,,,
3.7173846396409491,bb263046,SessionInitializing,Initializing,30.0665169,0.352220833,1,,,,,,"","",0,0,0,,0,,,None,Unavailable,TrackingLost,,,,"TrackingLost",0,,,None,Unavailable,TrackingLost,,,,0,1.1176,0,0,0,0,1,0,0,0,0,0,0,,,
3.7504629216647292,bb263046,SessionInitializing,Initializing,30.0656281,0.352220833,1,,,,,,"","",0,0,0,,0,,,None,Unavailable,TrackingLost,,,,"TrackingLost",0,,,None,Unavailable,TrackingLost,,,,0,1.1176,0,0,0,0,1,0,0,0,0,0,0,,,
3.7874356816547508,bb263046,SessionInitializing,Initializing,30.0653725,0.352220833,1,,,,,,"","",0,0,0,,0,,,None,Unavailable,TrackingLost,,,,"TrackingLost",0,,,None,Unavailable,TrackingLost,,,,0,1.1176,0,0,0,0,1,0,0,0,0,0,0,,,
3.8172018796404874,bb263046,SessionInitializing,Initializing,30.0653076,0.352220833,1,,,,,,"","",0,0,0,,0,,,None,Unavailable,TrackingLost,,,,"TrackingLost",0,,,None,Unavailable,TrackingLost,,,,0,1.1176,0,0,0,0,1,0,0,0,0,0,0,,,
3.8506934946427638,bb263046,SessionInitializing,Initializing,30.06536,15.8170671,1,,,,,,"","",0,0,0,,0,,,None,Unavailable,TrackingLost,,,,"TrackingLost",0,,,None,Unavailable,TrackingLost,,,,0,1.1176,0,0,0,0,1,0,0,0,0,0,0,,,
3.8863133896458013,bb263046,SessionInitializing,Initializing,30.0661964,15.8170671,1,,,,,,"","",0,0,0,,0,,,None,Unavailable,TrackingLost,,,,"TrackingLost",0,,,None,Unavailable,TrackingLost,,,,0,1.1176,0,0,0,0,1,0,0,0,0,0,0,,,
3.9188318276511556,bb263046,SessionInitializing,Initializing,30.0669346,15.8170671,1,,,,,,"","",0,0,0,,0,,,None,Unavailable,TrackingLost,,,,"TrackingLost",0,,,None,Unavailable,TrackingLost,,,,0,1.1176,0,0,0,0,1,0,0,0,0,0,0,,,
3.9490980776400821,bb263046,SessionInitializing,Initializing,30.06748,15.8170671,1,,,,,,"","",0,0,0,,0,,,None,Unavailable,TrackingLost,,,,"TrackingLost",0,,,None,Unavailable,TrackingLost,,,,0,1.1176,0,0,0,0,1,0,0,0,0,0,0,,,
3.9835013066559615,bb263046,SessionInitializing,Initializing,30.0679722,15.8170671,1,,,,,,"","",0,0,0,,0,,,None,Unavailable,TrackingLost,,,,"TrackingLost",0,,,None,Unavailable,TrackingLost,,,,0,1.1176,0,0,0,0,1,0,0,0,0,0,0,,,
4.0187997966505637,bb263046,SessionInitializing,Initializing,30.0685234,15.8170671,1,,,,,,"","",0,0,0,,0,,,None,Unavailable,TrackingLost,,,,"TrackingLost",0,,,None,Unavailable,TrackingLost,,,,0,1.1176,0,0,0,0,1,0,0,0,0,0,0,,,
4.0499282336469324,bb263046,SessionInitializing,Initializing,30.0745468,15.8170671,1,,,,,,"","",0,0,0,,0,,,None,Unavailable,TrackingLost,,,,"TrackingLost",0,,,None,Unavailable,TrackingLost,,,,0,1.1176,0,0,0,0,1,0,0,0,0,0,0,,,
4.0864930776380053,bb263046,SessionInitializing,Initializing,30.0647564,15.8170671,1,,,,,,"","",0,0,0,,0,,,None,Unavailable,TrackingLost,,,,"TrackingLost",0,,,None,Unavailable,TrackingLost,,,,0,1.1176,0,0,0,0,1,0,0,0,0,0,0,,,
4.1176005776588855,bb263046,SessionInitializing,Initializing,30.06835,15.8170671,1,,,,,,"","",0,0,0,,0,,,None,Unavailable,TrackingLost,,,,"TrackingLost",0,,,None,Unavailable,TrackingLost,,,,0,1.1176,0,0,0,0,1,0,0,0,0,0,0,,,
4.1494946916437758,bb263046,SessionInitializing,Initializing,30.06844,15.8170671,1,,,,,,"","",0,0,0,,0,,,None,Unavailable,TrackingLost,,,,"TrackingLost",0,,,None,Unavailable,TrackingLost,,,,0,1.1176,0,0,0,0,1,0,0,0,0,0,0,,,
4.1841794836592445,bb263046,SessionInitializing,Initializing,30.0677929,15.8170671,1,,,,,,"","",0,0,0,,0,,,None,Unavailable,TrackingLost,,,,"TrackingLost",0,,,None,Unavailable,TrackingLost,,,,0,1.1176,0,0,0,0,1,0,0,0,0,0,0,,,
4.217475473656231,bb263046,SessionInitializing,Initializing,30.0671673,15.8170671,1,,,,,,"","",0,0,0,,0,,,None,Unavailable,TrackingLost,,,,"TrackingLost",0,,,None,Unavailable,TrackingLost,,,,0,1.1176,0,0,0,0,1,0,0,0,0,0,0,,,
4.2496944316454748,bb263046,SessionInitializing,Initializing,30.0668564,15.8170671,1,,,,,,"","",0,0,0,,0,,,None,Unavailable,TrackingLost,,,,"TrackingLost",0,,,None,Unavailable,TrackingLost,,,,0,1.1176,0,0,0,0,1,0,0,0,0,0,0,,,
4.2862913586515052,bb263046,SessionInitializing,Initializing,30.067234,15.8170671,1,,,,,,"","",0,0,0,,0,,,None,Unavailable,TrackingLost,,,,"TrackingLost",0,,,None,Unavailable,TrackingLost,,,,0,1.1176,0,0,0,0,1,0,0,0,0,0,0,,,
4.316784535659389,bb263046,SessionInitializing,Initializing,30.0676079,15.8170671,1,,,,,,"","",0,0,0,,0,,,None,Unavailable,TrackingLost,,,,"TrackingLost",0,,,None,Unavailable,TrackingLost,,,,0,1.1176,0,0,0,0,1,0,0,0,0,0,0,,,
4.3479697436642883,bb263046,SessionInitializing,Initializing,30.0649872,15.8170671,1,,,,,,"","",0,0,0,,0,,,None,Unavailable,TrackingLost,,,,"TrackingLost",0,,,None,Unavailable,TrackingLost,,,,0,1.1176,0,0,0,0,1,0,0,0,0,0,0,,,
4.3853095356399709,bb263046,SessionInitializing,Initializing,30.0670624,15.8170671,1,,,,,,"","",0,0,0,,0,,,None,Unavailable,TrackingLost,,,,"TrackingLost",0,,,None,Unavailable,TrackingLost,,,,0,1.1176,0,0,0,0,1,0,0,0,0,0,0,,,
4.4163045876567768,bb263046,SessionInitializing,Initializing,30.0653152,15.8170671,1,,,,,,"","",0,0,0,,0,,,None,Unavailable,TrackingLost,,,,"TrackingLost",0,,,None,Unavailable,TrackingLost,,,,0,1.1176,0,0,0,0,1,0,0,0,0,0,0,,,
4.4489819836536473,bb263046,SessionInitializing,Initializing,30.06408,15.8170671,1,,,,,,"","",0,0,0,,0,,,None,Unavailable,TrackingLost,,,,"TrackingLost",0,,,None,Unavailable,TrackingLost,,,,0,1.1176,0,0,0,0,1,0,0,0,0,0,0,,,
4.48296937964289,bb263046,SessionTracking,Tracking,30.0630989,15.8170671,1,,,,,,"","",0,0,0,,0,,,None,Unavailable,NoWallUnderCrosshair,,,,"NoWallUnderCrosshair",0,,,None,Unavailable,NoWallInView,,,,0,1.1176,0,0,0,0,1,0,0,0,0,0,0,,,
4.5184185986373624,bb263046,SessionTracking,Tracking,30.0623245,15.8170671,1,0.026229583978420123,0,0,0,160x90 DepthUint16,"centre=0 min=0 max=0 hex=0000 0000 0000 0000 0000","centre=0 min=0 max=0 hex=0000 0000 0000 0000 0000",0,0,0,,0,,,None,Unavailable,NoWallUnderCrosshair,,,,"only 0 valid depth samples under crosshair (441 no-data, 0 out-of-range, 0 low-confidence)",0,,,None,Unavailable,NoWallInView,,,,0.00426632445,1.098374,-0.08760873,-0.00736715365,0.00734754559,-0.0180110652,0.999783635,0,0,0,0,0,0,219445.11805028602,219445.11805028602,0.02615505299763754
4.5489783376480037,bb263046,SessionTracking,Tracking,30.0616589,15.8170671,1,0.029667916998732835,0,0,0,160x90 DepthUint16,"centre=0 min=0 max=0 hex=0000 0000 0000 0000 0000","centre=0 min=0 max=0 hex=0000 0000 0000 0000 0000",0,0,0,,0,,,None,Unavailable,NoWallUnderCrosshair,,,,"only 0 valid depth samples under crosshair (441 no-data, 0 out-of-range, 0 low-confidence)",0,,,None,Unavailable,NoWallInView,,,,0.00334273,1.09847558,-0.09155468,-0.00898766052,0.007922721,-0.0152967591,0.999811232,0,0,0,0,0,0,219445.14112046902,219445.14112046902,0.029583594005089253
4.5827281816538008,bb263046,SessionTracking,Tracking,30.0536823,15.8170671,1,0.032276145997457206,0,0,0,160x90 DepthUint16,"centre=0 min=0 max=0 hex=0000 0000 0000 0000 0000","centre=0 min=0 max=0 hex=0000 0000 0000 0000 0000",0,0,0,,0,,,None,Unavailable,NoWallUnderCrosshair,,,,"only 0 valid depth samples under crosshair (441 no-data, 0 out-of-range, 0 low-confidence)",0,,,None,Unavailable,NoWallInView,,,,0.00317050843,1.09864891,-0.09151664,-0.008879396,0.007834855,-0.0150604555,0.9998165,0,0,0,0,0,0,219445.174447552,219445.174447552,0.032216822990449145
4.6173203166482555,bb263046,SessionTracking,Tracking,30.0690861,15.8170671,1,0.0336843749973923,0,0,0,160x90 DepthUint16,"centre=0 min=0 max=0 hex=0000 0000 0000 0000 0000","centre=0 min=0 max=0 hex=0000 0000 0000 0000 0000",0,0,0,,0,,,None,Unavailable,NoWallUnderCrosshair,,,,"only 0 valid depth samples under crosshair (441 no-data, 0 out-of-range, 0 low-confidence)",0,,,None,Unavailable,NoWallInView,,,,0.00308575341,1.09890866,-0.0914734155,-0.008357895,0.007184399,-0.0148694245,0.999828756,0,0,0,0,0,0,219445.20777463503,219445.20777463503,0.033615780994296074
4.6493938586582946,bb263046,SessionTracking,Tracking,30.0561581,15.8170671,1,0.030258490005508065,0,0,0,160x90 DepthUint16,"centre=0 min=0 max=0 hex=0000 0000 0000 0000 0000","centre=0 min=0 max=0 hex=0000 0000 0000 0000 0000",0,0,0,,0,,,None,Unavailable,NoWallUnderCrosshair,,,,"only 0 valid depth samples under crosshair (441 no-data, 0 out-of-range, 0 low-confidence)",0,,,None,Unavailable,NoWallInView,,,,0.00358744664,1.09875476,-0.0913077,-0.007216444,0.005600408,-0.0152595947,0.999841869,0,0,0,0,0,0,219445.239677823,219445.239677823,0.030170261015882716
4.6849044836500244,bb263046,SessionTracking,Tracking,30.0667629,15.8170671,1,0.0340514580020681,0,0,0,160x90 DepthUint16,"centre=0 min=0 max=0 hex=0000 0000 0000 0000 0000","centre=0 min=0 max=0 hex=0000 0000 0000 0000 0000",0,0,0,,0,,,None,Unavailable,NoWallUnderCrosshair,,,,"only 0 valid depth samples under crosshair (441 no-data, 0 out-of-range, 0 low-confidence)",0,,,None,Unavailable,NoWallInView,,,,0.003661078,1.0990591,-0.09122936,-0.00657623727,0.00449466845,-0.0154851405,0.9998484,0,0,0,0,0,0,219445.27300490602,219445.27300490602,0.033959166990825906
4.7164503686445816,bb263046,SessionTracking,Tracking,30.0632782,15.8170671,1,0.030602604005252942,0,0,0,160x90 DepthUint16,"centre=0 min=0 max=0 hex=0000 0000 0000 0000 0000","centre=0 min=0 max=0 hex=0000 0000 0000 0000 0000",0,0,0,,0,,,None,Unavailable,NoWallUnderCrosshair,,,,"only 0 valid depth samples under crosshair (441 no-data, 0 out-of-range, 0 low-confidence)",0,,,None,Unavailable,NoWallInView,,,,0.00360876555,1.09937787,-0.0912540257,-0.006416502,0.00404458446,-0.0155856907,0.9998498,0,0,0,0,0,0,219445.306331989,219445.306331989,0.030512759985867888
4.751052139655366,bb263046,SessionTracking,Tracking,30.06393,15.8170671,1,0.033822864003013819,0,0,0,160x90 DepthUint16,"centre=0 min=0 max=0 hex=0000 0000 0000 0000 0000","centre=0 min=0 max=0 hex=0000 0000 0000 0000 0000",0,0,0,,0,,,None,Unavailable,NoWallUnderCrosshair,,,,"only 0 valid depth samples under crosshair (441 no-data, 0 out-of-range, 0 low-confidence)",0,,,None,Unavailable,NoWallInView,,,,0.004044169,1.09899759,-0.0910763741,-0.00554268248,0.00322527322,-0.01599625,0.9998515,0,0,0,0,0,0,219445.33764172002,219445.33764172002,0.033750833012163639
4.7831468796440451,bb263046,SessionTracking,Tracking,30.06416,15.8170671,1,0.03126364600029774,0,0,0,160x90 DepthUint16,"centre=0 min=0 max=0 hex=0000 0000 0000 0000 0000","centre=0 min=0 max=0 hex=0000 0000 0000 0000 0000",0,0,0,,0,,,None,Unavailable,NoWallUnderCrosshair,,,,"only 0 valid depth samples under crosshair (441 no-data, 0 out-of-range, 0 low-confidence)",0,,,None,Unavailable,NoWallInView,,,,0.0041662897,1.099323,-0.0909947157,-0.00481313653,0.00214098743,-0.016037913,0.999857545,0,0,0,0,0,0,219445.370968803,219445.370968803,0.031194166978821158
4.8161994316407064,bb263046,SessionTracking,Tracking,30.0640526,15.8170671,1,0.03177750000031665,0,0,0,160x90 DepthUint16,"centre=0 min=0 max=0 hex=0000 0000 0000 0000 0000","centre=0 min=0 max=0 hex=0000 0000 0000 0000 0000",0,0,0,,0,,,None,Unavailable,NoWallUnderCrosshair,,,,"only 0 valid depth samples under crosshair (441 no-data, 0 out-of-range, 0 low-confidence)",0,,,None,Unavailable,NoWallInView,,,,0.00420483341,1.099763,-0.0908151045,-0.00342706963,0.001373605,-0.0159722883,0.999865651,0,0,0,0,0,0,219445.40429588602,219445.40429588602,0.031679531995905563
4.8479693276541358,bb263046,SessionTracking,Tracking,30.0643272,15.8170671,1,0.031044011004269123,0,0,0,160x90 DepthUint16,"centre=0 min=0 max=0 hex=0000 0000 0000 0000 0000","centre=0 min=0 max=0 hex=0000 0000 0000 0000 0000",0,0,0,,0,,,None,Unavailable,NoWallUnderCrosshair,,,,"only 0 valid depth samples under crosshair (441 no-data, 0 out-of-range, 0 low-confidence)",0,,,None,Unavailable,NoWallInView,,,,0.00431031827,1.10012448,-0.09131841,-0.00176889775,0.0001710948,-0.0165048558,0.999862254,0,0,0,0,0,0,219445.439079127,219445.439079127,0.030987500009359792
4.8802117226379043,bb263046,SessionTracking,Tracking,30.0677567,30.1111717,1,0.0305098429962527,0,0,0,160x90 DepthUint16,"centre=0 min=0 max=0 hex=0000 0000 0000 0000 0000","centre=0 min=0 max=0 hex=0000 0000 0000 0000 0000",0,0,0,,0,,,None,Unavailable,NoWallUnderCrosshair,,,,"only 0 valid depth samples under crosshair (441 no-data, 0 out-of-range, 0 low-confidence)",0,,,None,Unavailable,NoWallInView,,,,0.00425261166,1.100329,-0.091227524,-0.00130698783,-0.000294063182,-0.01670459,0.9998596,0,0,0,0,0,0,219445.47240621,219445.47240621,0.0304536449839361
4.9136509416649634,bb263046,SessionTracking,Tracking,30.0662365,30.1111717,1,0.032086927007185295,0,0,0,160x90 DepthUint16,"centre=0 min=0 max=0 hex=0000 0000 0000 0000 0000","centre=0 min=0 max=0 hex=0000 0000 0000 0000 0000",0,0,0,,0,,,None,Unavailable,NoWallUnderCrosshair,,,,"only 0 valid depth samples under crosshair (441 no-data, 0 out-of-range, 0 low-confidence)",0,,,None,Unavailable,NoWallInView,,,,0.00404731138,1.10044324,-0.09121837,-0.00124200073,-0.000182642558,-0.0168485064,0.9998573,0,0,0,0,0,0,219445.50573329302,219445.50573329302,0.032039792014984414
4.9502727646405393,bb263046,SessionTracking,Tracking,30.06657,30.1111717,1,0.03510874998755753,0,0,0,160x90 DepthUint16,"centre=0 min=0 max=0 hex=0000 0000 0000 0000 0000","centre=0 min=0 max=0 hex=0000 0000 0000 0000 0000",0,0,0,,0,,,None,Unavailable,NoWallUnderCrosshair,,,,"only 0 valid depth samples under crosshair (441 no-data, 0 out-of-range, 0 low-confidence)",0,,,None,Unavailable,NoWallInView,,,,0.004105061,1.09994984,-0.0908633247,-0.0005359037,-0.0004253551,-0.0172377545,0.9998512,0,0,0,0,0,0,219445.536983636,219445.536983636,0.035062447976088151
4.9831858376647862,bb263046,SessionTracking,Tracking,30.0689449,30.1111717,1,0.032309844013070688,0,0,0,160x90 DepthUint16,"centre=0 min=0 max=0 hex=0000 0000 0000 0000 0000","centre=0 min=0 max=0 hex=0000 0000 0000 0000 0000",0,0,0,,0,,,None,Unavailable,NoWallUnderCrosshair,,,,"only 0 valid depth samples under crosshair (441 no-data, 0 out-of-range, 0 low-confidence)",0,,,None,Unavailable,NoWallInView,,,,0.003931934,1.09985757,-0.09084454,-2.92429941E-05,-0.000355456345,-0.017191859,0.9998522,0,0,0,0,0,0,219445.57031071902,219445.57031071902,0.032265677000395954
5.0137785456400881,bb263046,SessionTracking,Tracking,30.0655365,30.1111717,1,0.029996040975674987,0,0,0,160x90 DepthUint16,"centre=0 min=0 max=0 hex=0000 0000 0000 0000 0000","centre=0 min=0 max=0 hex=0000 0000 0000 0000 0000",0,0,0,,0,,,None,Unavailable,NoWallUnderCrosshair,,,,"only 0 valid depth samples under crosshair (441 no-data, 0 out-of-range, 0 low-confidence)",0,,,None,Unavailable,NoWallInView,,,,0.00370187964,1.09969378,-0.0908264443,0.0004961937,-0.000232166421,-0.01704854,0.999854565,0,0,0,0,0,0,219445.603637802,219445.603637802,0.029951561999041587
5.0466355246400045,bb263046,SessionTracking,Tracking,30.0651875,30.1111717,1,0.030504426977131516,0,0,0,160x90 DepthUint16,"centre=0 min=0 max=0 hex=0000 0000 0000 0000 0000","centre=0 min=0 max=0 hex=0000 0000 0000 0000 0000",0,0,0,,0,,,None,Unavailable,NoWallUnderCrosshair,,,,"only 0 valid depth samples under crosshair (441 no-data, 0 out-of-range, 0 low-confidence)",0,,,None,Unavailable,NoWallInView,,,,0.0035906462,1.09913969,-0.09088808,0.00125863915,-0.00018591102,-0.0170217752,0.9998543,0,0,0,0,0,0,219445.63613973802,219445.63613973802,0.030452967999735847
5.0806282336499127,bb263046,SessionTracking,Tracking,30.0659351,30.1111717,1,0.033262448007008061,0,0,0,160x90 DepthUint16,"centre=0 min=0 max=0 hex=0000 0000 0000 0000 0000","centre=0 min=0 max=0 hex=0000 0000 0000 0000 0000",0,0,0,,0,,,None,Unavailable,NoWallUnderCrosshair,,,,"only 0 valid depth samples under crosshair (441 no-data, 0 out-of-range, 0 low-confidence)",0,,,None,Unavailable,NoWallInView,,,,0.003302618,1.09892154,-0.0908710957,0.00202912535,0.0003376094,-0.0168452878,0.999856,0,0,0,0,0,0,219445.669466821,219445.669466821,0.033211562986252829
5.1130701086450419,bb263046,SessionTracking,Tracking,30.0714951,30.1111717,1,0.031352499994682148,0,0,0,160x90 DepthUint16,"centre=0 min=0 max=0 hex=0000 0000 0000 0000 0000","centre=0 min=0 max=0 hex=0000 0000 0000 0000 0000",0,0,0,,0,,,None,Unavailable,NoWallUnderCrosshair,,,,"only 0 valid depth samples under crosshair (441 no-data, 0 out-of-range, 0 low-confidence)",0,,,None,Unavailable,NoWallInView,,,,0.0030962578,1.09876478,-0.0909277,0.00290362351,0.000592001248,-0.0168026686,0.999854445,0,0,0,0,0,0,219445.70279390403,219445.70279390403,0.03130458400119096
5.1472849516513808,bb263046,SessionTracking,Tracking,30.0714912,30.1111717,1,0.033563072007382289,0,0,0,160x90 DepthUint16,"centre=0 min=0 max=0 hex=0000 0000 0000 0000 0000","centre=0 min=0 max=0 hex=0000 0000 0000 0000 0000",0,0,0,,0,,,None,Unavailable,NoWallUnderCrosshair,,,,"only 0 valid depth samples under crosshair (441 no-data, 0 out-of-range, 0 low-confidence)",0,,,None,Unavailable,NoWallInView,,,,0.002508746,1.09864283,-0.09140326,0.003902568,0.000130540342,-0.0167298317,0.9998524,0,0,0,0,0,0,219445.73411261302,219445.73411261302,0.033452603995101526
5.1823915146607025,bb263046,SessionTracking,Tracking,30.0695477,30.1111717,1,0.032331927010091022,0,0,0,160x90 DepthUint16,"centre=0 min=0 max=0 hex=0000 0000 0000 0000 0000","centre=0 min=0 max=0 hex=0000 0000 0000 0000 0000",0,0,0,,0,,,None,Unavailable,NoWallUnderCrosshair,,,,"only 0 valid depth samples under crosshair (441 no-data, 0 out-of-range, 0 low-confidence)",0,,,None,Unavailable,NoWallInView,,,,0.002403712,1.098421,-0.09184869,0.004175397,-0.0006134607,-0.01695657,0.999847353,0,0,0,0,0,0,219445.767439696,219445.767439696,0.0322728650062345
5.2149621396466674,bb263046,SessionTracking,Tracking,30.067749,30.1111717,1,0.030782551999436691,0,0,0,160x90 DepthUint16,"centre=0 min=0 max=0 hex=0000 0000 0000 0000 0000","centre=0 min=0 max=0 hex=0000 0000 0000 0000 0000",0,0,0,,0,,,None,Unavailable,NoWallUnderCrosshair,,,,"only 0 valid depth samples under crosshair (441 no-data, 0 out-of-range, 0 low-confidence)",0,,,None,Unavailable,NoWallInView,,,,0.00237873662,1.09819579,-0.09247346,0.00441854447,-0.00179280713,-0.0172644258,0.9998396,0,0,0,0,0,0,219445.80076677902,219445.80076677902,0.030726926983334124
5.2464872956417086,bb263046,SessionTracking,Tracking,30.07035,30.1111717,1,0.03013614600058645,0,0,0,160x90 DepthUint16,"centre=0 min=0 max=0 hex=0000 0000 0000 0000 0000","centre=0 min=0 max=0 hex=0000 0000 0000 0000 0000",0,0,0,,0,,,None,Unavailable,NoWallUnderCrosshair,,,,"only 0 valid depth samples under crosshair (441 no-data, 0 out-of-range, 0 low-confidence)",0,,,None,Unavailable,NoWallInView,,,,0.002259891,1.09824979,-0.09281701,0.00481994636,-0.00250210823,-0.01756221,0.999831,0,0,0,0,0,0,219445.83412405802,219445.83412405802,0.030081145989242941
5.2799445356441712,bb263046,SessionTracking,Tracking,30.0708961,30.1111717,1,0.032784479000838473,0,0,0,160x90 DepthUint16,"centre=0 min=0 max=0 hex=0000 0000 0000 0000 0000","centre=0 min=0 max=0 hex=0000 0000 0000 0000 0000",0,0,0,,0,,,None,Unavailable,NoWallUnderCrosshair,,,,"only 0 valid depth samples under crosshair (441 no-data, 0 out-of-range, 0 low-confidence)",0,,,None,Unavailable,NoWallInView,,,,0.00200938527,1.09803975,-0.0937331542,0.004744741,-0.00274919625,-0.0178174376,0.999826252,0,0,0,0,0,0,219445.867451141,219445.867451141,0.032544583984417841
5.3123924516631806,bb263046,SessionTracking,Tracking,30.0730419,30.1111717,1,0.030785156006459147,0,0,0,160x90 DepthUint16,"centre=0 min=0 max=0 hex=0000 0000 0000 0000 0000","centre=0 min=0 max=0 hex=0000 0000 0000 0000 0000",0,0,0,,0,,,None,Unavailable,NoWallUnderCrosshair,,,,"only 0 valid depth samples under crosshair (441 no-data, 0 out-of-range, 0 low-confidence)",0,,,None,Unavailable,NoWallInView,,,,0.00174955325,1.09787309,-0.09474679,0.004752017,-0.00290577742,-0.0179305077,0.9998237,0,0,0,0,0,0,219445.90077822402,219445.90077822402,0.030582500010496005
5.34916708764751,bb263046,SessionTracking,Tracking,30.0723953,30.1111717,1,0.036217343993484974,0,0,0,160x90 DepthUint16,"centre=0 min=0 max=0 hex=0000 0000 0000 0000 0000","centre=0 min=0 max=0 hex=0000 0000 0000 0000 0000",0,0,0,,0,,,None,Unavailable,NoWallUnderCrosshair,,,,"only 0 valid depth samples under crosshair (441 no-data, 0 out-of-range, 0 low-confidence)",0,,,None,Unavailable,NoWallInView,,,,0.00113892742,1.09781027,-0.0948654562,0.004883978,-0.00287593226,-0.017775299,0.999825954,0,0,0,0,0,0,219445.933829423,219445.933829423,0.03617244798806496
5.3798303686572755,bb263046,SessionTracking,Tracking,30.07418,30.1111717,1,0.029724218999035656,0,0,0,160x90 DepthUint16,"centre=0 min=0 max=0 hex=0000 0000 0000 0000 0000","centre=0 min=0 max=0 hex=0000 0000 0000 0000 0000",0,0,0,,0,,,None,Unavailable,NoWallUnderCrosshair,,,,"only 0 valid depth samples under crosshair (441 no-data, 0 out-of-range, 0 low-confidence)",0,,,None,Unavailable,NoWallInView,,,,0.0007059416,1.09768474,-0.095889084,0.00470432546,-0.0026457482,-0.0178186,0.99982667,0,0,0,0,0,0,219445.96715650603,219445.96715650603,0.029652760014869273
5.4133842746460861,bb263046,SessionTracking,Tracking,30.0739441,30.1111717,1,0.032882864004932344,0,0,0,160x90 DepthUint16,"centre=0 min=0 max=0 hex=0000 0000 0000 0000 0000","centre=0 min=0 max=0 hex=0000 0000 0000 0000 0000",0,0,0,,0,,,None,Unavailable,NoWallUnderCrosshair,,,,"only 0 valid depth samples under crosshair (441 no-data, 0 out-of-range, 0 low-confidence)",0,,,None,Unavailable,NoWallInView,,,,0.000269925222,1.09758,-0.09694318,0.004666135,-0.00256167934,-0.017764451,0.9998281,0,0,0,0,0,0,219446.000483589,219446.000483589,0.032829270989168435
5.4467368266569967,bb263046,SessionTracking,Tracking,30.0733471,30.1111717,1,0.032748593017458916,0,0,0,160x90 DepthUint16,"centre=0 min=0 max=0 hex=0000 0000 0000 0000 0000","centre=0 min=0 max=0 hex=0000 0000 0000 0000 0000",0,0,0,,0,,,None,Unavailable,NoWallUnderCrosshair,,,,"only 0 valid depth samples under crosshair (441 no-data, 0 out-of-range, 0 low-confidence)",0,,,None,Unavailable,NoWallInView,,,,0.000336530618,1.09798288,-0.0948233455,0.00535555929,-0.002993687,-0.0175178964,0.999827743,0,0,0,0,0,0,219446.032323012,219446.032323012,0.032697448012186214
5.4787226086565344,bb263046,SessionTracking,Tracking,30.0719776,30.1111717,1,0.031013542000437155,0,0,0,160x90 DepthUint16,"centre=0 min=0 max=0 hex=0000 0000 0000 0000 0000","centre=0 min=0 max=0 hex=0000 0000 0000 0000 0000",0,0,0,,0,,,None,Unavailable,NoWallUnderCrosshair,,,,"only 0 valid depth samples under crosshair (441 no-data, 0 out-of-range, 0 low-confidence)",0,,,None,Unavailable,NoWallInView,,,,-5.78491E-05,1.09776676,-0.09567848,0.005260793,-0.00309724035,-0.0174456257,0.999829233,0,0,0,0,0,0,219446.06565009503,219446.06565009503,0.030949740001233295
5.5130079206511429,bb263046,SessionTracking,Tracking,30.0710545,30.1111717,1,0.033573177002836019,0,0,0,160x90 DepthUint16,"centre=0 min=0 max=0 hex=0000 0000 0000 0000 0000","centre=0 min=0 max=0 hex=0000 0000 0000 0000 0000",0,0,0,,0,,,None,Unavailable,NoWallUnderCrosshair,,,,"only 0 valid depth samples under crosshair (441 no-data, 0 out-of-range, 0 low-confidence)",0,,,None,Unavailable,NoWallInView,,,,-0.0004626494,1.09754276,-0.0965688,0.005376121,-0.00325113721,-0.0173154175,0.999830365,0,0,0,0,0,0,219446.09897717802,219446.09897717802,0.033511718997033313
5.5451975556580866,bb263046,SessionTracking,Tracking,30.07106,30.1111717,1,0.031601093010976911,0,0,0,160x90 DepthUint16,"centre=0 min=0 max=0 hex=0000 0000 0000 0000 0000","centre=0 min=0 max=0 hex=0000 0000 0000 0000 0000",0,0,0,,0,,,None,Unavailable,NoWallUnderCrosshair,,,,"only 0 valid depth samples under crosshair (441 no-data, 0 out-of-range, 0 low-confidence)",0,,,None,Unavailable,NoWallInView,,,,-0.000883796252,1.097571,-0.09649035,0.00593034644,-0.00324032851,-0.0170812048,0.9998313,0,0,0,0,0,0,219446.132407063,219446.132407063,0.031552343018120155
5.5792662016548267,bb263046,SessionTracking,Tracking,30.0701313,30.1111717,1,0.033308073005173355,0,0,0,160x90 DepthUint16,"centre=0 min=0 max=0 hex=0000 0000 0000 0000 0000","centre=0 min=0 max=0 hex=0000 0000 0000 0000 0000",0,0,0,,0,,,None,Unavailable,NoWallUnderCrosshair,,,,"only 0 valid depth samples under crosshair (441 no-data, 0 out-of-range, 0 low-confidence)",0,,,None,Unavailable,NoWallInView,,,,-0.0014534872,1.09729409,-0.09730089,0.00629619462,-0.00303920568,-0.01697448,0.9998315,0,0,0,0,0,0,219446.16573414602,219446.16573414602,0.033245572994928807
5.613414951637532,bb263046,SessionTracking,Tracking,30.0701237,30.1111717,1,0.033312134997686371,0,0,0,160x90 DepthUint16,"centre=0 min=0 max=0 hex=0000 0000 0000 0000 0000","centre=0 min=0 max=0 hex=0000 0000 0000 0000 0000",0,0,0,,0,,,None,Unavailable,NoWallUnderCrosshair,,,,"only 0 valid depth samples under crosshair (441 no-data, 0 out-of-range, 0 low-confidence)",0,,,None,Unavailable,NoWallInView,,,,-0.002003097,1.0970093,-0.09819694,0.006330521,-0.00289872964,-0.0169605613,0.999832,0,0,0,0,0,0,219446.199061229,219446.199061229,0.033214009978109971
5.6457362016454855,bb263046,SessionTracking,Tracking,30.0707779,30.1111717,1,0.031643177004298195,0,0,0,160x90 DepthUint16,"centre=0 min=0 max=0 hex=0000 0000 0000 0000 0000","centre=0 min=0 max=0 hex=0000 0000 0000 0000 0000",0,0,0,,0,,,None,Unavailable,NoWallUnderCrosshair,,,,"only 0 valid depth samples under crosshair (441 no-data, 0 out-of-range, 0 low-confidence)",0,,,None,Unavailable,NoWallInView,,,,-0.00219257921,1.09739339,-0.09775008,0.007171621,-0.00283711357,-0.01697895,0.9998261,0,0,0,0,0,0,219446.232148668,219446.232148668,0.031594270985806361
5.679889743661187,bb263046,SessionTracking,Tracking,30.0712585,30.1111717,1,0.0334497400035616,0,0,0,160x90 DepthUint16,"centre=0 min=0 max=0 hex=0000 0000 0000 0000 0000","centre=0 min=0 max=0 hex=0000 0000 0000 0000 0000",0,0,0,,0,,,None,Unavailable,NoWallUnderCrosshair,,,,"only 0 valid depth samples under crosshair (441 no-data, 0 out-of-range, 0 low-confidence)",0,,,None,Unavailable,NoWallInView,,,,-0.00255749747,1.097329,-0.0986314,0.00748651847,-0.00315212621,-0.01714334,0.999820054,0,0,0,0,0,0,219446.26547575102,219446.26547575102,0.033385521004674956
5.7121540666640787,bb263046,SessionTracking,Tracking,30.0708828,30.1111717,1,0.03164505201857537,0,0,0,160x90 DepthUint16,"centre=0 min=0 max=0 hex=0000 0000 0000 0000 0000","centre=0 min=0 max=0 hex=0000 0000 0000 0000 0000",0,0,0,,0,,,None,Unavailable,NoWallUnderCrosshair,,,,"only 0 valid depth samples under crosshair (441 no-data, 0 out-of-range, 0 low-confidence)",0,,,None,Unavailable,NoWallInView,,,,-0.002851352,1.0972811,-0.0997092947,0.00762824155,-0.00382474787,-0.0173202176,0.999813557,0,0,0,0,0,0,219446.298802834,219446.298802834,0.031593177001923323
5.7471201076488061,bb263046,SessionTracking,Tracking,30.07001,30.1111717,1,0.034259790991200134,0,0,0,160x90 DepthUint16,"centre=0 min=0 max=0 hex=0000 0000 0000 0000 0000","centre=0 min=0 max=0 hex=0000 0000 0000 0000 0000",0,0,0,,0,,,None,Unavailable,NoWallUnderCrosshair,,,,"only 0 valid depth samples under crosshair (441 no-data, 0 out-of-range, 0 low-confidence)",0,,,None,Unavailable,NoWallInView,,,,-0.00321451575,1.09721053,-0.100959249,0.00764072174,-0.004222699,-0.01742381,0.9998101,0,0,0,0,0,0,219446.332129918,219446.332129918,0.034193436993518844
5.7785658896401575,bb263046,SessionTracking,Tracking,30.0696316,30.1111717,1,0.030783801979850978,0,0,0,160x90 DepthUint16,"centre=0 min=0 max=0 hex=0000 0000 0000 0000 0000","centre=0 min=0 max=0 hex=0000 0000 0000 0000 0000",0,0,0,,0,,,None,Unavailable,NoWallUnderCrosshair,,,,"only 0 valid depth samples under crosshair (441 no-data, 0 out-of-range, 0 low-confidence)",0,,,None,Unavailable,NoWallInView,,,,-0.00200935639,1.0986371,-0.0974981338,0.008840951,-0.00438559055,-0.0174893159,0.999798357,0,0,0,0,0,0,219446.36553263702,219446.36553263702,0.03072343798703514
5.8117570356490607,bb263046,SessionTracking,Tracking,30.0710983,30.1111717,1,0.032297605008352548,0,0,0,160x90 DepthUint16,"centre=0 min=0 max=0 hex=0000 0000 0000 0000 0000","centre=0 min=0 max=0 hex=0000 0000 0000 0000 0000",0,0,0,,0,,,None,Unavailable,NoWallUnderCrosshair,,,,"only 0 valid depth samples under crosshair (441 no-data, 0 out-of-range, 0 low-confidence)",0,,,None,Unavailable,NoWallInView,,,,-0.00239360984,1.09855306,-0.09852289,0.008605587,-0.00460846769,-0.0174509,0.9998001,0,0,0,0,0,0,219446.39885972,219446.39885972,0.032206928008235991
5.8458371916577736,bb263046,SessionTracking,Tracking,30.0701141,30.1111717,1,0.033358229004079476,0,0,0,160x90 DepthUint16,"centre=0 min=0 max=0 hex=0000 0000 0000 0000 0000","centre=0 min=0 max=0 hex=0000 0000 0000 0000 0000",0,0,0,,0,,,None,Unavailable,NoWallUnderCrosshair,,,,"only 0 valid depth samples under crosshair (441 no-data, 0 out-of-range, 0 low-confidence)",0,,,None,Unavailable,NoWallInView,,,,-0.00215501525,1.09898961,-0.0978678,0.008927968,-0.00453426829,-0.0173226614,0.999799848,0,0,0,0,0,0,219446.43198616302,219446.43198616302,0.033293593995040283
5.87803963965518,bb263046,SessionTracking,Tracking,30.0696125,30.1111717,1,0.031301926996093243,0,0,0,160x90 DepthUint16,"centre=0 min=0 max=0 hex=0000 0000 0000 0000 0000","centre=0 min=0 max=0 hex=0000 0000 0000 0000 0000",0,0,0,,0,,,None,Unavailable,NoWallUnderCrosshair,,,,"only 0 valid depth samples under crosshair (441 no-data, 0 out-of-range, 0 low-confidence)",0,,,None,Unavailable,NoWallInView,,,,-0.00261773355,1.09895837,-0.09872344,0.008869163,-0.00418665865,-0.0171235818,0.9998053,0,0,0,0,0,0,219446.465313246,219446.465313246,0.031216978997690603
5.91152140964652,bb263046,SessionTracking,Tracking,30.06883,30.0588665,1,0.032807238982059062,0,0,0,160x90 DepthUint16,"centre=0 min=0 max=0 hex=0000 0000 0000 0000 0000","centre=0 min=0 max=0 hex=0000 0000 0000 0000 0000",0,0,0,,0,,,None,Unavailable,NoWallUnderCrosshair,,,,"only 0 valid depth samples under crosshair (441 no-data, 0 out-of-range, 0 low-confidence)",0,,,None,Unavailable,NoWallInView,,,,-0.00304777734,1.09896266,-0.09959894,0.008819353,-0.00388285,-0.0169760287,0.9998095,0,0,0,0,0,0,219446.49864032902,219446.49864032902,0.032736405992181972
5.9445134416538341,bb263046,SessionTracking,Tracking,30.06846,30.0588665,1,0.032371718989452347,0,0,0,160x90 DepthUint16,"centre=0 min=0 max=0 hex=0000 0000 0000 0000 0000","centre=0 min=0 max=0 hex=0000 0000 0000 0000 0000",0,0,0,,0,,,None,Unavailable,NoWallUnderCrosshair,,,,"only 0 valid depth samples under crosshair (441 no-data, 0 out-of-range, 0 low-confidence)",0,,,None,Unavailable,NoWallInView,,,,-0.00238136575,1.09948909,-0.09813114,0.0092399,-0.00421219738,-0.0169603545,0.9998046,0,0,0,0,0,0,219446.531387925,219446.531387925,0.032316249998984858
5.9784939626489351,bb263046,SessionTracking,Tracking,30.068716,30.0588665,1,0.033210572990356013,0,0,0,160x90 DepthUint16,"centre=0 min=0 max=0 hex=0000 0000 0000 0000 0000","centre=0 min=0 max=0 hex=0000 0000 0000 0000 0000",0,0,0,,0,,,None,Unavailable,NoWallUnderCrosshair,,,,"only 0 valid depth samples under crosshair (441 no-data, 0 out-of-range, 0 low-confidence)",0,,,None,Unavailable,NoWallInView,,,,-0.00268038455,1.09955871,-0.09894481,0.009191589,-0.004231446,-0.0168903172,0.999806166,0,0,0,0,0,0,219446.56471500802,219446.56471500802,0.033126614987850189
6.0117229726539509,bb263046,SessionTracking,Tracking,30.06812,30.0588665,1,0.032450416998472065,0,0,0,160x90 DepthUint16,"centre=0 min=0 max=0 hex=0000 0000 0000 0000 0000","centre=0 min=0 max=0 hex=0000 0000 0000 0000 0000",0,0,0,,0,,,None,Unavailable,NoWallUnderCrosshair,,,,"only 0 valid depth samples under crosshair (441 no-data, 0 out-of-range, 0 low-confidence)",0,,,None,Unavailable,NoWallInView,,,,-0.00292119756,1.09961224,-0.09987315,0.008966704,-0.004097402,-0.0168840289,0.999808848,0,0,0,0,0,0,219446.598042091,219446.598042091,0.032377708004787564
6.0449871396496011,bb263046,SessionTracking,Tracking,30.0676289,30.0588665,1,0.032760469010099769,0,0,0,160x90 DepthUint16,"centre=0 min=0 max=0 hex=0000 0000 0000 0000 0000","centre=0 min=0 max=0 hex=0000 0000 0000 0000 0000",0,0,0,,0,,,None,Unavailable,NoWallUnderCrosshair,,,,"only 0 valid depth samples under crosshair (441 no-data, 0 out-of-range, 0 low-confidence)",0,,,None,Unavailable,NoWallInView,,,,-0.00192818418,1.09988713,-0.09830888,0.008881966,-0.0039482,-0.0170751829,0.999806941,0,0,0,0,0,0,219446.63106760202,219446.63106760202,0.03271442701225169
6.0781026076375557,bb263046,SessionTracking,Tracking,30.0674019,30.0588665,1,0.032606509979814291,0,0,0,160x90 DepthUint16,"centre=0 min=0 max=0 hex=0000 0000 0000 0000 0000","centre=0 min=0 max=0 hex=0000 0000 0000 0000 0000",0,0,0,,0,,,None,Unavailable,NoWallUnderCrosshair,,,,"only 0 valid depth samples under crosshair (441 no-data, 0 out-of-range, 0 low-confidence)",0,,,None,Unavailable,NoWallInView,,,,-0.00210983213,1.099836,-0.09901212,0.008805147,-0.003470294,-0.0172464866,0.999806464,0,0,0,0,0,0,219446.664394685,219446.664394685,0.032561509986408055
6.1109538576648621,bb263046,SessionTracking,Tracking,30.0675163,30.0588665,1,0.032277291000355035,0,0,0,160x90 DepthUint16,"centre=0 min=0 max=0 hex=0000 0000 0000 0000 0000","centre=0 min=0 max=0 hex=0000 0000 0000 0000 0000",0,0,0,,0,,,None,Unavailable,NoWallUnderCrosshair,,,,"only 0 valid depth samples under crosshair (441 no-data, 0 out-of-range, 0 low-confidence)",0,,,None,Unavailable,NoWallInView,,,,-0.00225465745,1.09973311,-0.0996526,0.008857185,-0.00330988434,-0.01750967,0.999802,0,0,0,0,0,0,219446.69772176803,219446.69772176803,0.03222994800307788
6.1452115146467978,bb263046,SessionTracking,Tracking,30.06848,30.0588665,1,0.033731614996213466,0,0,0,160x90 DepthUint16,"centre=0 min=0 max=0 hex=0000 0000 0000 0000 0000","centre=0 min=0 max=0 hex=0000 0000 0000 0000 0000",0,0,0,,0,,,None,Unavailable,NoWallUnderCrosshair,,,,"only 0 valid depth samples under crosshair (441 no-data, 0 out-of-range, 0 low-confidence)",0,,,None,Unavailable,NoWallInView,,,,-0.00133691542,1.10003781,-0.09750215,0.009457679,-0.00320877274,-0.0176555216,0.999794245,0,0,0,0,0,0,219446.730765521,219446.730765521,0.033689218980725855
6.1783715146385649,bb263046,SessionTracking,Tracking,30.0693,30.0588665,1,0.031191458983812481,0,0,0,160x90 DepthUint16,"centre=0 min=0 max=0 hex=0000 0000 0000 0000 0000","centre=0 min=0 max=0 hex=0000 0000 0000 0000 0000",0,0,0,,0,,,None,Unavailable,NoWallUnderCrosshair,,,,"only 0 valid depth samples under crosshair (441 no-data, 0 out-of-range, 0 low-confidence)",0,,,None,Unavailable,NoWallInView,,,,-0.001566235,1.1000036,-0.0977594852,0.009780837,-0.002349634,-0.017680794,0.999793053,0,0,0,0,0,0,219446.76409260402,219446.76409260402,0.0310911979759112
6.21205849364298,bb263046,SessionTracking,Tracking,30.06999,30.0588665,1,0.032822499983012676,0,0,0,160x90 DepthUint16,"centre=0 min=0 max=0 hex=0000 0000 0000 0000 0000","centre=0 min=0 max=0 hex=0000 0000 0000 0000 0000",0,0,0,,0,,,None,Unavailable,NoWallUnderCrosshair,,,,"only 0 valid depth samples under crosshair (441 no-data, 0 out-of-range, 0 low-confidence)",0,,,None,Unavailable,NoWallInView,,,,-0.00174494646,1.10004151,-0.09801623,0.0100275306,-0.00139786862,-0.0177223086,0.9997917,0,0,0,0,0,0,219446.797419687,219446.797419687,0.032713385997340083
6.245061566654039,bb263046,SessionTracking,Tracking,30.0702019,30.0588665,1,0.031977395992726088,0,0,0,160x90 DepthUint16,"centre=0 min=0 max=0 hex=0000 0000 0000 0000 0000","centre=0 min=0 max=0 hex=0000 0000 0000 0000 0000",0,0,0,,0,,,None,Unavailable,NoWallUnderCrosshair,,,,"only 0 valid depth samples under crosshair (441 no-data, 0 out-of-range, 0 low-confidence)",0,,,None,Unavailable,NoWallInView,,,,-0.0004411582,1.10061646,-0.0957966149,0.0106757209,-0.0006951122,-0.0179644246,0.9997814,0,0,0,0,0,0,219446.83033778903,219446.83033778903,0.031918697990477085
6.2781608896412937,bb263046,SessionTracking,Tracking,30.0701714,30.0588665,1,0.028569531976245344,0,0,0,160x90 DepthUint16,"centre=0 min=0 max=0 hex=0000 0000 0000 0000 0000","centre=0 min=0 max=0 hex=0000 0000 0000 0000 0000",0,0,0,,0,,,None,Unavailable,NoWallUnderCrosshair,,,,"only 0 valid depth samples under crosshair (441 no-data, 0 out-of-range, 0 low-confidence)",0,,,None,Unavailable,NoWallInView,,,,-0.000506094657,1.10075045,-0.09609988,0.0106707374,0.0012650924,-0.01833585,0.999774158,0,0,0,0,0,0,219446.863664872,219446.863664872,0.028499635984189808
6.3164494306630505,bb263046,SessionTracking,Tracking,30.07128,30.0588665,1,0.037646198004949838,0,0,0,160x90 DepthUint16,"centre=0 min=0 max=0 hex=0000 0000 0000 0000 0000","centre=0 min=0 max=0 hex=0000 0000 0000 0000 0000",0,0,0,,0,,,None,Unavailable,NoWallUnderCrosshair,,,,"only 0 valid depth samples under crosshair (441 no-data, 0 out-of-range, 0 low-confidence)",0,,,None,Unavailable,NoWallInView,,,,-0.000803783536,1.10084271,-0.0966513455,0.0102064637,0.00533658,-0.0187154412,0.999758542,0,0,0,0,0,0,219446.896991955,219446.896991955,0.037575885013211519
6.3439417746641258,bb263046,SessionTracking,Tracking,30.069191,30.0588665,1,0.026876406016526744,0,0,0,160x90 DepthUint16,"centre=0 min=0 max=0 hex=0000 0000 0000 0000 0000","centre=0 min=0 max=0 hex=0000 0000 0000 0000 0000",0,0,0,,0,,,None,Unavailable,NoWallUnderCrosshair,,,,"only 0 valid depth samples under crosshair (441 no-data, 0 out-of-range, 0 low-confidence)",0,,,None,Unavailable,NoWallInView,,,,-0.00146279344,1.10108852,-0.09727142,0.0106151262,0.012437976,-0.0192824621,0.99968034,0,0,0,0,0,0,219446.930319039,219446.930319039,0.026833542011445388
6.38134792063749,bb263046,SessionTracking,Tracking,30.07022,30.0588665,1,0.036831822973908857,0,0,0,160x90 DepthUint16,"centre=0 min=0 max=0 hex=0000 0000 0000 0000 0000","centre=0 min=0 max=0 hex=0000 0000 0000 0000 0000",0,0,0,,0,,,None,Unavailable,NoWallUnderCrosshair,,,,"only 0 valid depth samples under crosshair (441 no-data, 0 out-of-range, 0 low-confidence)",0,,,None,Unavailable,NoWallInView,,,,-0.003009147,1.10037148,-0.0989752859,0.0108929994,0.0226099323,-0.0203285534,0.99947834,0,0,0,0,0,0,219446.966436181,219446.966436181,0.036789739999221638
6.4100850036567127,bb263046,SessionTracking,Tracking,30.0705547,30.0588665,1,0.028010833018925041,0,0,0,160x90 DepthUint16,"centre=0 min=0 max=0 hex=0000 0000 0000 0000 0000","centre=0 min=0 max=0 hex=0000 0000 0000 0000 0000",0,0,0,,0,,,None,Unavailable,NoWallUnderCrosshair,,,,"only 0 valid depth samples under crosshair (441 no-data, 0 out-of-range, 0 low-confidence)",0,,,None,Unavailable,NoWallInView,,,,-0.00415876973,1.10050273,-0.09954982,0.011391486,0.0338143967,-0.02114615,0.9991395,0,0,0,0,0,0,219446.999763264,219446.999763264,0.027942865010118112
6.4452264616639869,bb263046,SessionTracking,Tracking,30.0701885,30.0588665,1,0.034539010026492178,0,0,0,160x90 DepthUint16,"centre=0 min=0 max=0 hex=0000 0000 0000 0000 0000","centre=0 min=0 max=0 hex=0000 0000 0000 0000 0000",0,0,0,,0,,,None,Unavailable,NoWallUnderCrosshair,,,,"only 0 valid depth samples under crosshair (441 no-data, 0 out-of-range, 0 low-confidence)",0,,,None,Unavailable,NoWallInView,,,,-0.00465080934,1.100318,-0.100179121,0.009839829,0.04120521,-0.0221563578,0.998856544,0,0,0,0,0,0,219447.033090348,219447.033090348,0.034474010026315227
6.4768048996421559,bb263046,SessionTracking,Tracking,30.07001,30.0588665,1,0.030758645996684209,0,0,0,160x90 DepthUint16,"centre=0 min=0 max=0 hex=0000 0000 0000 0000 0000","centre=0 min=0 max=0 hex=0000 0000 0000 0000 0000",0,0,0,,0,,,None,Unavailable,NoWallUnderCrosshair,,,,"only 0 valid depth samples under crosshair (441 no-data, 0 out-of-range, 0 low-confidence)",0,,,None,Unavailable,NoWallInView,,,,-0.00438931771,1.10021484,-0.09995934,0.008477236,0.04920374,-0.0232886989,0.9984813,0,0,0,0,0,0,219447.06564472502,219447.06564472502,0.030673593981191516
6.51104922264596,bb263046,SessionTracking,Tracking,30.0691,30.0588665,1,0.0336717710015364,0,0,0,160x90 DepthUint16,"centre=0 min=0 max=0 hex=0000 0000 0000 0000 0000","centre=0 min=0 max=0 hex=0000 0000 0000 0000 0000",0,0,0,,0,,,None,Unavailable,NoWallUnderCrosshair,,,,"only 0 valid depth samples under crosshair (441 no-data, 0 out-of-range, 0 low-confidence)",0,,,None,Unavailable,NoWallInView,,,,-0.00474652043,1.100094,-0.100330673,0.007161822,0.0553430356,-0.0242595971,0.998147,0,0,0,0,0,0,219447.098971808,219447.098971808,0.033608124998863786
6.54504880566048,bb263046,SessionTracking,Tracking,30.0684471,30.0588665,1,0.033461301994975656,0,0,0,160x90 DepthUint16,"centre=0 min=0 max=0 hex=0000 0000 0000 0000 0000","centre=0 min=0 max=0 hex=0000 0000 0000 0000 0000",0,0,0,,0,,,None,Unavailable,NoWallUnderCrosshair,,,,"only 0 valid depth samples under crosshair (441 no-data, 0 out-of-range, 0 low-confidence)",0,,,None,Unavailable,NoWallInView,,,,-0.005224773,1.09997666,-0.100572482,0.00607353356,0.0618007332,-0.0249342062,0.9977585,0,0,0,0,0,0,219447.13229889201,219447.13229889201,0.03341135400114581
6.5772025036650295,bb263046,SessionTracking,Tracking,30.0684528,30.0588665,1,0.031309375015553087,0,0,0,160x90 DepthUint16,"centre=0 min=0 max=0 hex=0000 0000 0000 0000 0000","centre=0 min=0 max=0 hex=0000 0000 0000 0000 0000",0,0,0,,0,,,None,Unavailable,NoWallUnderCrosshair,,,,"only 0 valid depth samples under crosshair (441 no-data, 0 out-of-range, 0 low-confidence)",0,,,None,Unavailable,NoWallInView,,,,-0.00500913663,1.09915376,-0.1003873,0.00445319,0.06754818,-0.02517617,0.9973884,0,0,0,0,0,0,219447.165036938,219447.165036938,0.0312312500027474
6.60992172265207,bb263046,SessionTracking,Tracking,30.068531,30.0588665,1,0.032147708989214152,0,0,0,160x90 DepthUint16,"centre=0 min=0 max=0 hex=0000 0000 0000 0000 0000","centre=0 min=0 max=0 hex=0000 0000 0000 0000 0000",0,0,0,,0,,,None,Unavailable,NoWallUnderCrosshair,,,,"only 0 valid depth samples under crosshair (441 no-data, 0 out-of-range, 0 low-confidence)",0,,,None,Unavailable,NoWallInView,,,,-0.005253006,1.09895575,-0.100392938,0.003588539,0.07298038,-0.02559999,0.9969983,0,0,0,0,0,0,219447.19836402102,219447.19836402102,0.032101354008773342
6.6435866186594641,bb263046,SessionTracking,Tracking,30.0696182,30.0588665,1,0.033143645996460691,0,0,0,160x90 DepthUint16,"centre=0 min=0 max=0 hex=0000 0000 0000 0000 0000","centre=0 min=0 max=0 hex=0000 0000 0000 0000 0000",0,0,0,,0,,,None,Unavailable,NoWallUnderCrosshair,,,,"only 0 valid depth samples under crosshair (441 no-data, 0 out-of-range, 0 low-confidence)",0,,,None,Unavailable,NoWallInView,,,,-0.00114983181,1.09834611,-0.09470746,0.00170194358,0.07881773,-0.0263884962,0.9965383,0,0,0,0,0,0,219447.228798627,219447.228798627,0.033095313003286719
6.6767695866375281,bb263046,SessionTracking,Tracking,30.0689583,30.0588665,1,0.032588072994258255,0,0,0,160x90 DepthUint16,"centre=0 min=0 max=0 hex=0000 0000 0000 0000 0000","centre=0 min=0 max=0 hex=0000 0000 0000 0000 0000",0,0,0,,0,,,None,Unavailable,NoWallUnderCrosshair,,,,"only 0 valid depth samples under crosshair (441 no-data, 0 out-of-range, 0 low-confidence)",0,,,None,Unavailable,NoWallInView,,,,-0.00109347282,1.098108,-0.09408557,0.00198843353,0.08473581,-0.0270085968,0.9960354,0,0,0,0,0,0,219447.26212571003,219447.26212571003,0.032520467997528613
6.7096237016459046,bb263046,SessionTracking,Tracking,30.0686111,30.0588665,1,0.03215562499826774,0,0,0,160x90 DepthUint16,"centre=0 min=0 max=0 hex=0000 0000 0000 0000 0000","centre=0 min=0 max=0 hex=0000 0000 0000 0000 0000",0,0,0,,0,,,None,Unavailable,NoWallUnderCrosshair,,,,"only 0 valid depth samples under crosshair (441 no-data, 0 out-of-range, 0 low-confidence)",0,,,None,Unavailable,NoWallInView,,,,-0.001128627,1.09791327,-0.0932990238,0.00281685241,0.09068907,-0.02731395,0.9955006,0,0,0,0,0,0,219447.295452793,219447.295452793,0.031549270992400125
6.74303943065126,bb263046,SessionTracking,Tracking,30.0690422,30.0588665,1,0.032918957993388176,0,0,0,160x90 DepthUint16,"centre=0 min=0 max=0 hex=0000 0000 0000 0000 0000","centre=0 min=0 max=0 hex=0000 0000 0000 0000 0000",0,0,0,,0,,,None,Unavailable,NoWallUnderCrosshair,,,,"only 0 valid depth samples under crosshair (441 no-data, 0 out-of-range, 0 low-confidence)",0,,,None,Unavailable,NoWallInView,,,,3.79281119E-05,1.0978781,-0.0918142945,0.00154732179,0.09695447,-0.02727771,0.994913757,0,0,0,0,0,0,219447.32877987702,219447.32877987702,0.032872968993615359
6.7766613576469528,bb263046,SessionTracking,Tracking,30.0698681,30.0588665,1,0.032915677002165467,0,0,0,160x90 DepthUint16,"centre=0 min=0 max=0 hex=0000 0000 0000 0000 0000","centre=0 min=0 max=0 hex=0000 0000 0000 0000 0000",0,0,0,,0,,,None,Unavailable,NoWallUnderCrosshair,,,,"only 0 valid depth samples under crosshair (441 no-data, 0 out-of-range, 0 low-confidence)",0,,,None,Unavailable,NoWallInView,,,,0.0005848799,1.09789348,-0.09075428,0.00325336354,0.1009712,-0.0277854241,0.994496,0,0,0,0,0,0,219447.35918329502,219447.35918329502,0.032818854000652209
6.8100137536613321,bb263046,SessionTracking,Tracking,30.0705853,30.0588665,1,0.0328326559974812,0,0,0,160x90 DepthUint16,"centre=0 min=0 max=0 hex=0000 0000 0000 0000 0000","centre=0 min=0 max=0 hex=0000 0000 0000 0000 0000",0,0,0,,0,,,None,Unavailable,NoWallUnderCrosshair,,,,"only 0 valid depth samples under crosshair (441 no-data, 0 out-of-range, 0 low-confidence)",0,,,None,Unavailable,NoWallInView,,,,0.00121255778,1.0979414,-0.08940921,0.00529672951,0.105113268,-0.0283881724,0.994040847,0,0,0,0,0,0,219447.392510378,219447.392510378,0.032785417017294094
6.8442930766406054,bb263046,SessionTracking,Tracking,30.0709972,30.0588665,1,0.033712499978719279,0,0,0,160x90 DepthUint16,"centre=0 min=0 max=0 hex=0000 0000 0000 0000 0000","centre=0 min=0 max=0 hex=0000 0000 0000 0000 0000",0,0,0,,0,,,None,Unavailable,NoWallUnderCrosshair,,,,"only 0 valid depth samples under crosshair (441 no-data, 0 out-of-range, 0 low-confidence)",0,,,None,Unavailable,NoWallInView,,,,0.00182682276,1.09803319,-0.08794796,0.007620615,0.109194666,-0.0287355818,0.993575752,0,0,0,0,0,0,219447.425837462,219447.425837462,0.033660416986094788
6.876083336662413,bb263046,SessionTracking,Tracking,30.0712662,30.0588665,1,0.0311664059991017,0,0,0,160x90 DepthUint16,"centre=0 min=0 max=0 hex=0000 0000 0000 0000 0000","centre=0 min=0 max=0 hex=0000 0000 0000 0000 0000",0,0,0,,0,,,None,Unavailable,NoWallUnderCrosshair,,,,"only 0 valid depth samples under crosshair (441 no-data, 0 out-of-range, 0 low-confidence)",0,,,None,Unavailable,NoWallInView,,,,0.00320079084,1.09728634,-0.0911072642,0.00487612234,0.114577018,-0.0260432083,0.993061,0,0,0,0,0,0,219447.45863027,219447.45863027,0.031094427016796544
6.9097221906496262,bb263046,SessionTracking,Tracking,30.0726242,30.0588665,1,0.033131875010440126,0,0,0,160x90 DepthUint16,"centre=0 min=0 max=0 hex=0000 0000 0000 0000 0000","centre=0 min=0 max=0 hex=0000 0000 0000 0000 0000",0,0,0,,0,,,None,Unavailable,NoWallUnderCrosshair,,,,"only 0 valid depth samples under crosshair (441 no-data, 0 out-of-range, 0 low-confidence)",0,,,None,Unavailable,NoWallInView,,,,0.00412093662,1.09749711,-0.0900592357,0.007815138,0.118203558,-0.0261582751,0.992614031,0,0,0,0,0,0,219447.49195735302,219447.49195735302,0.033087811985751614
6.9426622946422132,bb263046,SessionTracking,Tracking,30.0692654,30.0637875,1,0.032414269982837141,0,0,0,160x90 DepthUint16,"centre=0 min=0 max=0 hex=0000 0000 0000 0000 0000","centre=0 min=0 max=0 hex=0000 0000 0000 0000 0000",0,0,0,,0,,,None,Unavailable,NoWallUnderCrosshair,,,,"only 0 valid depth samples under crosshair (441 no-data, 0 out-of-range, 0 low-confidence)",0,,,None,Unavailable,NoWallInView,,,,0.005328697,1.09749341,-0.0892137438,0.00944261,0.119981937,-0.0264539439,0.992378652,0,0,0,0,0,0,219447.52528443703,219447.52528443703,0.03236010399996303
6.976751513641938,bb263046,SessionTracking,Tracking,30.0701447,30.0637875,1,0.033565624995389953,0,0,0,160x90 DepthUint16,"centre=0 min=0 max=0 hex=0000 0000 0000 0000 0000","centre=0 min=0 max=0 hex=0000 0000 0000 0000 0000",0,0,0,,0,,,None,Unavailable,NoWallUnderCrosshair,,,,"only 0 valid depth samples under crosshair (441 no-data, 0 out-of-range, 0 low-confidence)",0,,,None,Unavailable,NoWallInView,,,,0.00579476,1.098278,-0.08923292,0.0141173983,0.119631961,-0.0293813664,0.992283046,0,0,0,0,0,0,219447.558103257,219447.558103257,0.033515103976242244
7.0095229726658719,bb263046,SessionTracking,Tracking,30.0695553,30.0637875,1,0.032192136015510187,0,0,0,160x90 DepthUint16,"centre=0 min=0 max=0 hex=0000 0000 0000 0000 0000","centre=0 min=0 max=0 hex=0000 0000 0000 0000 0000",0,0,0,,0,,,None,Unavailable,NoWallUnderCrosshair,,,,"only 0 valid depth samples under crosshair (441 no-data, 0 out-of-range, 0 low-confidence)",0,,,None,Unavailable,NoWallInView,,,,0.007152858,1.0982846,-0.0884401649,0.0150000649,0.118871592,-0.029743256,0.9923507,0,0,0,0,0,0,219447.59143034002,219447.59143034002,0.032139375020051375
7.0425173996564983,bb263046,SessionTracking,Tracking,30.0691986,30.0637875,1,0.032295520999468863,0,0,0,160x90 DepthUint16,"centre=0 min=0 max=0 hex=0000 0000 0000 0000 0000","centre=0 min=0 max=0 hex=0000 0000 0000 0000 0000",0,0,0,,0,,,None,Unavailable,NoWallUnderCrosshair,,,,"only 0 valid depth samples under crosshair (441 no-data, 0 out-of-range, 0 low-confidence)",0,,,None,Unavailable,NoWallInView,,,,0.00849305,1.098402,-0.08752806,0.0163274929,0.118180744,-0.0299345553,0.9924065,0,0,0,0,0,0,219447.62475742403,219447.62475742403,0.032210677018156275
7.0759360446619386,bb263046,SessionTracking,Tracking,30.0690365,30.0637875,1,0.032755207997979596,0,0,0,160x90 DepthUint16,"centre=0 min=0 max=0 hex=0000 0000 0000 0000 0000","centre=0 min=0 max=0 hex=0000 0000 0000 0000 0000",0,0,0,,0,,,None,Unavailable,NoWallUnderCrosshair,,,,"only 0 valid depth samples under crosshair (441 no-data, 0 out-of-range, 0 low-confidence)",0,,,None,Unavailable,NoWallInView,,,,0.00557668135,1.09875774,-0.09038478,0.0216436125,0.117638059,-0.0262030121,0.992474854,0,0,0,0,0,0,219447.655686535,219447.655686535,0.032603489002212882
7.1085450556503194,bb263046,SessionTracking,Tracking,30.0600319,30.0637875,1,0.031851145991822705,0,0,0,160x90 DepthUint16,"centre=0 min=0 max=0 hex=0000 0000 0000 0000 0000","centre=0 min=0 max=0 hex=0000 0000 0000 0000 0000",0,0,0,,0,,,None,Unavailable,NoWallUnderCrosshair,,,,"only 0 valid depth samples under crosshair (441 no-data, 0 out-of-range, 0 low-confidence)",0,,,None,Unavailable,NoWallInView,,,,0.00632002763,1.09877086,-0.08994782,0.0216383412,0.117000587,-0.0262093842,0.992550135,0,0,0,0,0,0,219447.68901361802,219447.68901361802,0.031753073009895161
7.1427565656568905,bb263046,SessionTracking,Tracking,30.0717583,30.0637875,1,0.033630521007580683,0,0,0,160x90 DepthUint16,"centre=0 min=0 max=0 hex=0000 0000 0000 0000 0000","centre=0 min=0 max=0 hex=0000 0000 0000 0000 0000",0,0,0,,0,,,None,Unavailable,NoWallUnderCrosshair,,,,"only 0 valid depth samples under crosshair (441 no-data, 0 out-of-range, 0 low-confidence)",0,,,None,Unavailable,NoWallInView,,,,0.007089696,1.09882116,-0.089583084,0.0212527271,0.116381139,-0.0261992253,0.992631555,0,0,0,0,0,0,219447.72234070202,219447.72234070202,0.033579739014385268
7.1754560446507814,bb263046,SessionTracking,Tracking,30.06719,30.0637875,1,0.031747603992698714,0,0,0,160x90 DepthUint16,"centre=0 min=0 max=0 hex=0000 0000 0000 0000 0000","centre=0 min=0 max=0 hex=0000 0000 0000 0000 0000",0,0,0,,0,,,None,Unavailable,NoWallUnderCrosshair,,,,"only 0 valid depth samples under crosshair (441 no-data, 0 out-of-range, 0 low-confidence)",0,,,None,Unavailable,NoWallInView,,,,0.0018157158,1.09868371,-0.09872223,0.0231458973,0.116342224,-0.0183470864,0.992769957,0,0,0,0,0,0,219447.755316005,219447.755316005,0.031614531006198376
7.2082969826379841,bb263046,SessionTracking,Tracking,30.0617027,30.0637875,1,0.032147343998076394,0,0,0,160x90 DepthUint16,"centre=0 min=0 max=0 hex=0000 0000 0000 0000 0000","centre=0 min=0 max=0 hex=0000 0000 0000 0000 0000",0,0,0,,0,,,None,Unavailable,NoWallUnderCrosshair,,,,"only 0 valid depth samples under crosshair (441 no-data, 0 out-of-range, 0 low-confidence)",0,,,None,Unavailable,NoWallInView,,,,0.00193827413,1.09866929,-0.0993953347,0.0223901328,0.115894765,-0.0182111878,0.992842138,0,0,0,0,0,0,219447.78864308802,219447.78864308802,0.032068385975435376
7.2420037536440933,bb263046,SessionTracking,Tracking,30.07022,30.0637875,1,0.033086770999943838,0,0,0,160x90 DepthUint16,"centre=0 min=0 max=0 hex=0000 0000 0000 0000 0000","centre=0 min=0 max=0 hex=0000 0000 0000 0000 0000",0,0,0,,0,,,None,Unavailable,NoWallUnderCrosshair,,,,"only 0 valid depth samples under crosshair (441 no-data, 0 out-of-range, 0 low-confidence)",0,,,None,Unavailable,NoWallInView,,,,0.00138046872,1.09863913,-0.100974739,0.022806881,0.114580862,-0.0171597619,0.993003845,0,0,0,0,0,0,219447.82189256302,219447.82189256302,0.033023020980181172
7.2757739616582686,bb263046,SessionTracking,Tracking,30.0664425,30.0637875,1,0.033010521001415327,0,0,0,160x90 DepthUint16,"centre=0 min=0 max=0 hex=0000 0000 0000 0000 0000","centre=0 min=0 max=0 hex=0000 0000 0000 0000 0000",0,0,0,,0,,,None,Unavailable,NoWallUnderCrosshair,,,,"only 0 valid depth samples under crosshair (441 no-data, 0 out-of-range, 0 low-confidence)",0,,,None,Unavailable,NoWallInView,,,,0.001500167,1.09865522,-0.101592422,0.0227759182,0.11270605,-0.0169761479,0.993222237,0,0,0,0,0,0,219447.855219646,219447.855219646,0.032926979009062052
7.3079602116569,bb263046,SessionTracking,Tracking,30.0667629,30.0637875,1,0.028525833011372015,0,0,0,160x90 DepthUint16,"centre=0 min=0 max=0 hex=0000 0000 0000 0000 0000","centre=0 min=0 max=0 hex=0000 0000 0000 0000 0000",0,0,0,,0,,,None,Unavailable,NoWallUnderCrosshair,,,,"only 0 valid depth samples under crosshair (441 no-data, 0 out-of-range, 0 low-confidence)",0,,,None,Unavailable,NoWallInView,,,,0.001377332,1.09867227,-0.102179848,0.022509845,0.111498423,-0.0165175814,0.9933723,0,0,0,0,0,0,219447.88854672902,219447.88854672902,0.028469792014220729
7.3439215136542035,bb263046,SessionTracking,Tracking,30.0671539,30.0637875,1,0.035392655991017818,0,0,0,160x90 DepthUint16,"centre=0 min=0 max=0 hex=0000 0000 0000 0000 0000","centre=0 min=0 max=0 hex=0000 0000 0000 0000 0000",0,0,0,,0,,,None,Unavailable,NoWallUnderCrosshair,,,,"only 0 valid depth samples under crosshair (441 no-data, 0 out-of-range, 0 low-confidence)",0,,,None,Unavailable,NoWallInView,,,,0.00107887108,1.09856117,-0.10285183,0.0221086573,0.110665724,-0.0159354229,0.993484,0,0,0,0,0,0,219447.921904309,219447.921904309,0.035337551991688088
7.3743146906573376,bb263046,SessionTracking,Tracking,30.0674973,30.0637875,1,0.029316094005480409,0,0,0,160x90 DepthUint16,"centre=0 min=0 max=0 hex=0000 0000 0000 0000 0000","centre=0 min=0 max=0 hex=0000 0000 0000 0000 0000",0,0,0,,0,,,None,Unavailable,NoWallUnderCrosshair,,,,"only 0 valid depth samples under crosshair (441 no-data, 0 out-of-range, 0 low-confidence)",0,,,None,Unavailable,NoWallInView,,,,0.0009624185,1.09860277,-0.103497386,0.021930458,0.109212644,-0.0153683135,0.993657649,0,0,0,0,0,0,219447.955231392,219447.955231392,0.029161354003008455
7.4085500036391014,bb263046,SessionTracking,Tracking,30.0681572,30.0637875,1,0.03370052098762244,0,0,0,160x90 DepthUint16,"centre=0 min=0 max=0 hex=0000 0000 0000 0000 0000","centre=0 min=0 max=0 hex=0000 0000 0000 0000 0000",0,0,0,,0,,,None,Unavailable,NoWallUnderCrosshair,,,,"only 0 valid depth samples under crosshair (441 no-data, 0 out-of-range, 0 low-confidence)",0,,,None,Unavailable,NoWallInView,,,,0.0009508254,1.09869611,-0.104232028,0.02188533,0.107167542,-0.014766396,0.9938904,0,0,0,0,0,0,219447.98855847502,219447.98855847502,0.033517031988594681
7.4422263576499237,bb263046,SessionTracking,Tracking,30.0685749,30.0637875,1,0.033210886002052575,0,0,0,160x90 DepthUint16,"centre=0 min=0 max=0 hex=0000 0000 0000 0000 0000","centre=0 min=0 max=0 hex=0000 0000 0000 0000 0000",0,0,0,,0,,,None,Unavailable,NoWallUnderCrosshair,,,,"only 0 valid depth samples under crosshair (441 no-data, 0 out-of-range, 0 low-confidence)",0,,,None,Unavailable,NoWallInView,,,,0.0009547537,1.09880543,-0.105062887,0.0218935329,0.105047755,-0.0140532563,0.994126856,0,0,0,0,0,0,219448.02188555902,219448.02188555902,0.033167291985591874
7.4746287536482843,bb263046,SessionTracking,Tracking,30.0684834,30.0637875,1,0.029707448004046455,0,0,0,160x90 DepthUint16,"centre=0 min=0 max=0 hex=0000 0000 0000 0000 0000","centre=0 min=0 max=0 hex=0000 0000 0000 0000 0000",0,0,0,,0,,,None,Unavailable,NoWallUnderCrosshair,,,,"only 0 valid depth samples under crosshair (441 no-data, 0 out-of-range, 0 low-confidence)",0,,,None,Unavailable,NoWallInView,,,,0.0003913818,1.09892976,-0.105732679,0.0221298281,0.102672718,-0.0138047654,0.9943732,0,0,0,0,0,0,219448.055087624,219448.055087624,0.029618594009662047
7.50781505564475,bb263046,SessionTracking,Tracking,30.0678577,30.0637875,1,0.032439167000120506,0,0,0,160x90 DepthUint16,"centre=0 min=0 max=0 hex=0000 0000 0000 0000 0000","centre=0 min=0 max=0 hex=0000 0000 0000 0000 0000",0,0,0,,0,,,None,Unavailable,NoWallUnderCrosshair,,,,"only 0 valid depth samples under crosshair (441 no-data, 0 out-of-range, 0 low-confidence)",0,,,None,Unavailable,NoWallInView,,,,0.000283636153,1.09890676,-0.106677458,0.0213557761,0.100394405,-0.01336226,0.9946287,0,0,0,0,0,0,219448.08841470702,219448.08841470702,0.032362551981350407
7.5414156286652716,bb263046,SessionTracking,Tracking,30.0682182,30.0637875,1,0.033022032002918422,0,0,0,160x90 DepthUint16,"centre=0 min=0 max=0 hex=0000 0000 0000 0000 0000","centre=0 min=0 max=0 hex=0000 0000 0000 0000 0000",0,0,0,,0,,,None,Unavailable,NoWallUnderCrosshair,,,,"only 0 valid depth samples under crosshair (441 no-data, 0 out-of-range, 0 low-confidence)",0,,,None,Unavailable,NoWallInView,,,,0.000121824443,1.09886193,-0.107642651,0.02035193,0.0982544348,-0.0128515968,0.994870245,0,0,0,0,0,0,219448.12174179102,219448.12174179102,0.032958021009108052
7.57458469065852,bb263046,SessionTracking,Tracking,30.0674019,30.0637875,1,0.032371770997997373,0,0,0,160x90 DepthUint16,"centre=0 min=0 max=0 hex=0000 0000 0000 0000 0000","centre=0 min=0 max=0 hex=0000 0000 0000 0000 0000",0,0,0,,0,,,None,Unavailable,NoWallUnderCrosshair,,,,"only 0 valid depth samples under crosshair (441 no-data, 0 out-of-range, 0 low-confidence)",0,,,None,Unavailable,NoWallInView,,,,-0.000223085284,1.099197,-0.107177451,0.0202198531,0.09512816,-0.0127811152,0.9951776,0,0,0,0,0,0,219448.154974762,219448.154974762,0.032260677020531148
7.607648388665547,bb263046,SessionTracking,Tracking,30.067709,30.0637875,1,0.032240833010291681,0,0,0,160x90 DepthUint16,"centre=0 min=0 max=0 hex=0000 0000 0000 0000 0000","centre=0 min=0 max=0 hex=0000 0000 0000 0000 0000",0,0,0,,0,,,None,Unavailable,NoWallUnderCrosshair,,,,"only 0 valid depth samples under crosshair (441 no-data, 0 out-of-range, 0 low-confidence)",0,,,None,Unavailable,NoWallInView,,,,2.858229E-05,1.09945321,-0.107947618,0.0194848459,0.0905036554,-0.012382389,0.995628536,0,0,0,0,0,0,219448.18830184502,219448.18830184502,0.032136823021573946
7.6410325036641726,bb263046,SessionTracking,Tracking,30.0678711,30.0637875,1,0.03266125000664033,0,0,0,160x90 DepthUint16,"centre=0 min=0 max=0 hex=0000 0000 0000 0000 0000","centre=0 min=0 max=0 hex=0000 0000 0000 0000 0000",0,0,0,,0,,,None,Unavailable,NoWallUnderCrosshair,,,,"only 0 valid depth samples under crosshair (441 no-data, 0 out-of-range, 0 low-confidence)",0,,,None,Unavailable,NoWallInView,,,,0.0003509256,1.09997094,-0.108796924,0.0189711172,0.0852250159,-0.0119280228,0.9961097,0,0,0,0,0,0,219448.22162892902,219448.22162892902,0.032564011024078354
7.6745817216370771,bb263046,SessionTracking,Tracking,30.0680561,30.0637875,1,0.032907967979554087,0,0,0,160x90 DepthUint16,"centre=0 min=0 max=0 hex=0000 0000 0000 0000 0000","centre=0 min=0 max=0 hex=0000 0000 0000 0000 0000",0,0,0,,0,,,None,Unavailable,NoWallUnderCrosshair,,,,"only 0 valid depth samples under crosshair (441 no-data, 0 out-of-range, 0 low-confidence)",0,,,None,Unavailable,NoWallInView,,,,-0.000692763366,1.10094881,-0.109674349,0.018961804,0.08073512,-0.0112731466,0.996491432,0,0,0,0,0,0,219448.255391415,219448.255391415,0.032853540993528441
7.7084935966496406,bb263046,SessionTracking,Tracking,30.0684471,30.0637875,1,0.030652811983600259,0,0,0,160x90 DepthUint16,"centre=0 min=0 max=0 hex=0000 0000 0000 0000 0000","centre=0 min=0 max=0 hex=0000 0000 0000 0000 0000",0,0,0,,0,,,None,Unavailable,NoWallUnderCrosshair,,,,"only 0 valid depth samples under crosshair (441 no-data, 0 out-of-range, 0 low-confidence)",0,,,None,Unavailable,NoWallInView,,,,-0.000723878853,1.10199738,-0.110555023,0.01936037,0.07590621,-0.0107629607,0.9968689,0,0,0,0,0,0,219448.28871849802,219448.28871849802,0.030586040986236185
7.7405106286543006,bb263046,SessionTracking,Tracking,30.068737,30.0637875,1,0.031141093990299851,0,0,0,160x90 DepthUint16,"centre=0 min=0 max=0 hex=0000 0000 0000 0000 0000","centre=0 min=0 max=0 hex=0000 0000 0000 0000 0000",0,0,0,,0,,,None,Unavailable,NoWallUnderCrosshair,,,,"only 0 valid depth samples under crosshair (441 no-data, 0 out-of-range, 0 low-confidence)",0,,,None,Unavailable,NoWallInView,,,,-0.0008451387,1.1029582,-0.111686051,0.01885267,0.0710434243,-0.009912432,0.997245848,0,0,0,0,0,0,219448.32204558203,219448.32204558203,0.031003959011286497
7.77354390966604,bb263046,SessionTracking,Tracking,30.0688877,30.0637875,1,0.032506094023119658,0,0,0,160x90 DepthUint16,"centre=0 min=0 max=0 hex=0000 0000 0000 0000 0000","centre=0 min=0 max=0 hex=0000 0000 0000 0000 0000",0,0,0,,0,,,None,Unavailable,NoWallUnderCrosshair,,,,"only 0 valid depth samples under crosshair (441 no-data, 0 out-of-range, 0 low-confidence)",0,,,None,Unavailable,NoWallInView,,,,-0.000101714395,1.10332346,-0.114265069,0.015621474,0.06309137,-0.00927135348,0.997842431,0,0,0,0,0,0,219448.35676701,219448.35676701,0.032454167027026415
7.8095322946402295,bb263046,SessionTracking,Tracking,30.0689926,30.0637875,1,0.035527186992112547,0,0,0,160x90 DepthUint16,"centre=0 min=0 max=0 hex=0000 0000 0000 0000 0000","centre=0 min=0 max=0 hex=0000 0000 0000 0000 0000",0,0,0,,0,,,None,Unavailable,NoWallUnderCrosshair,,,,"only 0 valid depth samples under crosshair (441 no-data, 0 out-of-range, 0 low-confidence)",0,,,None,Unavailable,NoWallInView,,,,-0.000403127284,1.10367966,-0.115897566,0.0126483822,0.0582081266,-0.008762003,0.998185933,0,0,0,0,0,0,219448.39009409302,219448.39009409302,0.035480416001519188
7.8402093776468238,bb263046,SessionTracking,Tracking,30.0681133,30.0637875,1,0.030004895001184195,0,0,0,160x90 DepthUint16,"centre=0 min=0 max=0 hex=0000 0000 0000 0000 0000","centre=0 min=0 max=0 hex=0000 0000 0000 0000 0000",0,0,0,,0,,,None,Unavailable,NoWallUnderCrosshair,,,,"only 0 valid depth samples under crosshair (441 no-data, 0 out-of-range, 0 low-confidence)",0,,,None,Unavailable,NoWallInView,,,,-0.000824624731,1.10378838,-0.1173242,0.009734191,0.054241024,-0.008530259,0.998443961,0,0,0,0,0,0,219448.42342117702,219448.42342117702,0.029931041004601866
7.8733109406394934,bb263046,SessionTracking,Tracking,30.0682182,30.0637875,1,0.032425051991594955,0,0,0,160x90 DepthUint16,"centre=0 min=0 max=0 hex=0000 0000 0000 0000 0000","centre=0 min=0 max=0 hex=0000 0000 0000 0000 0000",0,0,0,,0,,,None,Unavailable,NoWallUnderCrosshair,,,,"only 0 valid depth samples under crosshair (441 no-data, 0 out-of-range, 0 low-confidence)",0,,,None,Unavailable,NoWallInView,,,,-0.001896307,1.10347414,-0.118842766,0.00741556752,0.049202,-0.008203776,0.9987277,0,0,0,0,0,0,219448.45640829203,219448.45640829203,0.03235234398744069
7.9068181276462557,bb263046,SessionTracking,Tracking,30.0689011,30.0637875,1,0.033025885000824928,0,0,0,160x90 DepthUint16,"centre=0 min=0 max=0 hex=0000 0000 0000 0000 0000","centre=0 min=0 max=0 hex=0000 0000 0000 0000 0000",0,0,0,,0,,,None,Unavailable,NoWallUnderCrosshair,,,,"only 0 valid depth samples under crosshair (441 no-data, 0 out-of-range, 0 low-confidence)",0,,,None,Unavailable,NoWallInView,,,,-0.00237367558,1.10360873,-0.119522154,0.007316953,0.0459099822,-0.007803798,0.9988883,0,0,0,0,0,0,219448.489735375,219448.489735375,0.032984894991386682
7.9403408366571231,bb263046,SessionTracking,Tracking,30.0694,30.0637875,1,0.032912552007474005,0,0,0,160x90 DepthUint16,"centre=0 min=0 max=0 hex=0000 0000 0000 0000 0000","centre=0 min=0 max=0 hex=0000 0000 0000 0000 0000",0,0,0,,0,,,None,Unavailable,NoWallUnderCrosshair,,,,"only 0 valid depth samples under crosshair (441 no-data, 0 out-of-range, 0 low-confidence)",0,,,None,Unavailable,NoWallInView,,,,-0.00265914341,1.10379672,-0.119952917,0.008230949,0.0421485826,-0.0077739954,0.9990473,0,0,0,0,0,0,219448.52306245902,219448.52306245902,0.032858124992344528
7.9736397426541945,bb263046,SessionTracking,Tracking,30.06915,30.068552,1,0.032559948012931272,0,0,0,160x90 DepthUint16,"centre=0 min=0 max=0 hex=0000 0000 0000 0000 0000","centre=0 min=0 max=0 hex=0000 0000 0000 0000 0000",0,0,0,,0,,,None,Unavailable,NoWallUnderCrosshair,,,,"only 0 valid depth samples under crosshair (441 no-data, 0 out-of-range, 0 low-confidence)",0,,,None,Unavailable,NoWallInView,,,,-0.00295657,1.10284936,-0.116591737,0.009298444,0.0367493369,-0.008864284,0.999241948,0,0,0,0,0,0,219448.55551095802,219448.55551095802,0.032462344010127708
8.0068903676375331,bb263046,SessionTracking,Tracking,30.0693417,30.068552,1,0.032392968976637349,0,0,0,160x90 DepthUint16,"centre=0 min=0 max=0 hex=0000 0000 0000 0000 0000","centre=0 min=0 max=0 hex=0000 0000 0000 0000 0000",0,0,0,,0,,,None,Unavailable,NoWallUnderCrosshair,,,,"only 0 valid depth samples under crosshair (441 no-data, 0 out-of-range, 0 low-confidence)",0,,,None,Unavailable,NoWallInView,,,,-0.00311339856,1.10305786,-0.116497509,0.0111717563,0.0319581181,-0.009084046,0.999385536,0,0,0,0,0,0,219448.588838041,219448.588838041,0.03225895797368139
8.04098213866484,bb263046,SessionTracking,Tracking,30.06935,30.068552,1,0.03340312500949949,0,0,0,160x90 DepthUint16,"centre=0 min=0 max=0 hex=0000 0000 0000 0000 0000","centre=0 min=0 max=0 hex=0000 0000 0000 0000 0000",0,0,0,,0,,,None,Unavailable,NoWallUnderCrosshair,,,,"only 0 valid depth samples under crosshair (441 no-data, 0 out-of-range, 0 low-confidence)",0,,,None,Unavailable,NoWallInView,,,,-0.00321370969,1.10330772,-0.116340607,0.0129857752,0.026811054,-0.009334624,0.9995126,0,0,0,0,0,0,219448.622165125,219448.622165125,0.033320573013043031
8.0733459406557078,bb263046,SessionTracking,Tracking,30.0688381,30.068552,1,0.0317776559968479,0,0,0,160x90 DepthUint16,"centre=0 min=0 max=0 hex=0000 0000 0000 0000 0000","centre=0 min=0 max=0 hex=0000 0000 0000 0000 0000",0,0,0,,0,,,None,Unavailable,NoWallUnderCrosshair,,,,"only 0 valid depth samples under crosshair (441 no-data, 0 out-of-range, 0 low-confidence)",0,,,None,Unavailable,NoWallInView,,,,-0.002687681,1.10109866,-0.1115083,0.0133439377,0.021308586,-0.0104212472,0.9996296,0,0,0,0,0,0,219448.65533379003,219448.65533379003,0.031722448009531945
8.1064668256523138,bb263046,SessionTracking,Tracking,30.0692348,30.068552,1,0.032331771013559774,0,0,0,160x90 DepthUint16,"centre=0 min=0 max=0 hex=0000 0000 0000 0000 0000","centre=0 min=0 max=0 hex=0000 0000 0000 0000 0000",0,0,0,,0,,,None,Unavailable,NoWallUnderCrosshair,,,,"only 0 valid depth samples under crosshair (441 no-data, 0 out-of-range, 0 low-confidence)",0,,,None,Unavailable,NoWallInView,,,,-0.003093488,1.10115266,-0.111006349,0.014172093,0.0172001775,-0.0108606825,0.9996926,0,0,0,0,0,0,219448.688660873,219448.688660873,0.032235207996563986
8.1471548466444066,bb263046,SessionTracking,Tracking,30.0686016,30.068552,1,0.039983645983738825,0,0,0,160x90 DepthUint16,"centre=0 min=0 max=0 hex=0000 0000 0000 0000 0000","centre=0 min=0 max=0 hex=0000 0000 0000 0000 0000",0,0,0,,0,,,None,Unavailable,NoWallUnderCrosshair,,,,"only 0 valid depth samples under crosshair (441 no-data, 0 out-of-range, 0 low-confidence)",0,,,None,Unavailable,NoWallInView,,,,-0.00348939328,1.10120857,-0.11043822,0.0149867972,0.0129239066,-0.01108122,0.9997428,0,0,0,0,0,0,219448.72198795702,219448.72198795702,0.039925260003656149
8.17397120066118,bb263046,SessionTracking,Tracking,30.0688515,30.068552,1,0.023848489014199004,0,0,0,160x90 DepthUint16,"centre=0 min=0 max=0 hex=0000 0000 0000 0000 0000","centre=0 min=0 max=0 hex=0000 0000 0000 0000 0000",0,0,0,,0,,,None,Unavailable,NoWallUnderCrosshair,,,,"only 0 valid depth samples under crosshair (441 no-data, 0 out-of-range, 0 low-confidence)",0,,,None,Unavailable,NoWallInView,,,,-0.00380639173,1.1013968,-0.110315591,0.0159677137,0.007909886,-0.0115863392,0.9997741,0,0,0,0,0,0,219448.75522379,219448.75522379,0.023600573011208326
8.2125316696557267,bb263046,SessionTracking,Tracking,30.0693283,30.068552,1,0.037758490012492985,0,0,0,160x90 DepthUint16,"centre=0 min=0 max=0 hex=0000 0000 0000 0000 0000","centre=0 min=0 max=0 hex=0000 0000 0000 0000 0000",0,0,0,,0,,,None,Unavailable,NoWallUnderCrosshair,,,,"only 0 valid depth samples under crosshair (441 no-data, 0 out-of-range, 0 low-confidence)",0,,,None,Unavailable,NoWallInView,,,,-0.00380345155,1.10154641,-0.109563164,0.0171693172,0.001155831,-0.0115789184,0.9997849,0,0,0,0,0,0,219448.78855087303,219448.78855087303,0.037622708012349904
8.2392367216608537,bb263046,SessionTracking,Tracking,30.070797,30.068552,1,0.026140572997974232,0,0,0,160x90 DepthUint16,"centre=0 min=0 max=0 hex=0000 0000 0000 0000 0000","centre=0 min=0 max=0 hex=0000 0000 0000 0000 0000",0,0,0,,0,,,None,Unavailable,NoWallUnderCrosshair,,,,"only 0 valid depth samples under crosshair (441 no-data, 0 out-of-range, 0 low-confidence)",0,,,None,Unavailable,NoWallInView,,,,-0.00359231513,1.101703,-0.108551815,0.018596245,-0.006844381,-0.011697025,0.999735236,0,0,0,0,0,0,219448.821877957,219448.821877957,0.026090155995916575
8.2740204196389815,bb263046,SessionTracking,Tracking,30.06789,30.068552,1,0.034284478984773159,0,0,0,160x90 DepthUint16,"centre=0 min=0 max=0 hex=0000 0000 0000 0000 0000","centre=0 min=0 max=0 hex=0000 0000 0000 0000 0000",0,0,0,,0,,,None,Unavailable,NoWallUnderCrosshair,,,,"only 0 valid depth samples under crosshair (441 no-data, 0 out-of-range, 0 low-confidence)",0,,,None,Unavailable,NoWallInView,,,,-0.00518346671,1.10203385,-0.108995318,0.0175218377,-0.0152423456,-0.0101681659,0.999678552,0,0,0,0,0,0,219448.855409493,219448.855409493,0.034236145991599187
8.3059552116402475,bb263046,SessionTracking,Tracking,30.0691986,30.068552,1,0.031284114986192435,0,0,0,160x90 DepthUint16,"centre=0 min=0 max=0 hex=0000 0000 0000 0000 0000","centre=0 min=0 max=0 hex=0000 0000 0000 0000 0000",0,0,0,,0,,,None,Unavailable,NoWallUnderCrosshair,,,,"only 0 valid depth samples under crosshair (441 no-data, 0 out-of-range, 0 low-confidence)",0,,,None,Unavailable,NoWallInView,,,,-0.00525386073,1.10208154,-0.107718736,0.018886,-0.0240781866,-0.0100837955,0.9994808,0,0,0,0,0,0,219448.88873657602,219448.88873657602,0.031229271000484005
8.339914846649771,bb263046,SessionTracking,Tracking,30.0689087,30.068552,1,0.033264947996940464,0,0,0,160x90 DepthUint16,"centre=0 min=0 max=0 hex=0000 0000 0000 0000 0000","centre=0 min=0 max=0 hex=0000 0000 0000 0000 0000",0,0,0,,0,,,None,Unavailable,NoWallUnderCrosshair,,,,"only 0 valid depth samples under crosshair (441 no-data, 0 out-of-range, 0 low-confidence)",0,,,None,Unavailable,NoWallInView,,,,-0.00541923847,1.10209918,-0.1061163,0.02114194,-0.03218253,-0.0101989219,0.9992063,0,0,0,0,0,0,219448.92206366002,219448.92206366002,0.033191458001965657
8.3722201596621,bb263046,SessionTracking,Tracking,30.0689278,30.068552,1,0.03171234400360845,0,0,0,160x90 DepthUint16,"centre=0 min=0 max=0 hex=0000 0000 0000 0000 0000","centre=0 min=0 max=0 hex=0000 0000 0000 0000 0000",0,0,0,,0,,,None,Unavailable,NoWallUnderCrosshair,,,,"only 0 valid depth samples under crosshair (441 no-data, 0 out-of-range, 0 low-confidence)",0,,,None,Unavailable,NoWallInView,,,,-0.00663073547,1.10146093,-0.105097912,0.0225224,-0.0387592539,-0.0111440429,0.9989326,0,0,0,0,0,0,219448.956163194,219448.956163194,0.031644739996409044
8.4059419296473781,bb263046,SessionTracking,Tracking,30.066864,30.068552,1,0.033195519994478673,0,0,0,160x90 DepthUint16,"centre=0 min=0 max=0 hex=0000 0000 0000 0000 0000","centre=0 min=0 max=0 hex=0000 0000 0000 0000 0000",0,0,0,,0,,,None,Unavailable,NoWallUnderCrosshair,,,,"only 0 valid depth samples under crosshair (441 no-data, 0 out-of-range, 0 low-confidence)",0,,,None,Unavailable,NoWallInView,,,,-0.007317351,1.10106432,-0.103370741,0.0246027317,-0.04476779,-0.0114447484,0.998628855,0,0,0,0,0,0,219448.98949027702,219448.98949027702,0.033141197985969484
8.4388815656503713,bb263046,SessionTracking,Tracking,30.0694141,30.068552,1,0.031991978990845382,0,0,0,160x90 DepthUint16,"centre=0 min=0 max=0 hex=0000 0000 0000 0000 0000","centre=0 min=0 max=0 hex=0000 0000 0000 0000 0000",0,0,0,,0,,,None,Unavailable,NoWallUnderCrosshair,,,,"only 0 valid depth samples under crosshair (441 no-data, 0 out-of-range, 0 low-confidence)",0,,,None,Unavailable,NoWallInView,,,,-0.00827788,1.10061657,-0.10172575,0.0265262648,-0.04952392,-0.0114045143,0.9983555,0,0,0,0,0,0,219449.02281736102,219449.02281736102,0.031902135990094393
8.4726150546422279,bb263046,SessionTracking,Tracking,30.0684128,30.068552,1,0.03318078099982813,0,0,0,160x90 DepthUint16,"centre=0 min=0 max=0 hex=0000 0000 0000 0000 0000","centre=0 min=0 max=0 hex=0000 0000 0000 0000 0000",0,0,0,,0,,,None,Unavailable,NoWallUnderCrosshair,,,,"only 0 valid depth samples under crosshair (441 no-data, 0 out-of-range, 0 low-confidence)",0,,,None,Unavailable,NoWallInView,,,,-0.009776961,1.09979725,-0.100644171,0.0279813353,-0.0531055667,-0.0114681134,0.9981309,0,0,0,0,0,0,219449.056323602,219449.056323602,0.033131457981653512
8.5059348986625256,bb263046,SessionTracking,Tracking,30.0687733,30.068552,1,0.032697448012186214,0,0,0,160x90 DepthUint16,"centre=0 min=0 max=0 hex=0000 0000 0000 0000 0000","centre=0 min=0 max=0 hex=0000 0000 0000 0000 0000",0,0,0,,0,,,None,Unavailable,NoWallUnderCrosshair,,,,"only 0 valid depth samples under crosshair (441 no-data, 0 out-of-range, 0 low-confidence)",0,,,None,Unavailable,NoWallInView,,,,-0.0114019737,1.09928787,-0.09956327,0.0285703279,-0.05438778,-0.0108755836,0.9980518,0,0,0,0,0,0,219449.08965068503,219449.08965068503,0.032643333019223064
8.53850484666429,bb263046,SessionTracking,Tracking,30.068985,30.068552,1,0.031834427005378529,0,0,0,160x90 DepthUint16,"centre=0 min=0 max=0 hex=0000 0000 0000 0000 0000","centre=0 min=0 max=0 hex=0000 0000 0000 0000 0000",0,0,0,,0,,,None,Unavailable,NoWallUnderCrosshair,,,,"only 0 valid depth samples under crosshair (441 no-data, 0 out-of-range, 0 low-confidence)",0,,,None,Unavailable,NoWallInView,,,,-0.0131698214,1.09876,-0.09867239,0.0285211727,-0.0549969263,-0.0101035852,0.998028,0,0,0,0,0,0,219449.122977769,219449.122977769,0.03174645800027065
8.5723191696534915,bb263046,SessionTracking,Tracking,30.0686378,30.068552,1,0.033283438009675592,0,0,0,160x90 DepthUint16,"centre=0 min=0 max=0 hex=0000 0000 0000 0000 0000","centre=0 min=0 max=0 hex=0000 0000 0000 0000 0000",0,0,0,,0,,,None,Unavailable,NoWallUnderCrosshair,,,,"only 0 valid depth samples under crosshair (441 no-data, 0 out-of-range, 0 low-confidence)",0,,,None,Unavailable,NoWallInView,,,,-0.014971558,1.09813917,-0.09797132,0.0285553783,-0.0561951,-0.00934595,0.99796766,0,0,0,0,0,0,219449.156290125,219449.156290125,0.033230833010748029
8.6051644296468286,bb263046,SessionTracking,Tracking,30.0689583,30.068552,1,0.0322009889932815,0,0,0,160x90 DepthUint16,"centre=0 min=0 max=0 hex=0000 0000 0000 0000 0000","centre=0 min=0 max=0 hex=0000 0000 0000 0000 0000",0,0,0,,0,,,None,Unavailable,NoWallUnderCrosshair,,,,"only 0 valid depth samples under crosshair (441 no-data, 0 out-of-range, 0 low-confidence)",0,,,None,Unavailable,NoWallInView,,,,-0.0167035777,1.09764612,-0.09715785,0.0283608679,-0.0571541749,-0.008442611,0.9979268,0,0,0,0,0,0,219449.189617208,219449.189617208,0.032133957982296124
8.6385837006465582,bb263046,SessionTracking,Tracking,30.0692844,30.068552,1,0.032956666982499883,0,0,0,160x90 DepthUint16,"centre=0 min=0 max=0 hex=0000 0000 0000 0000 0000","centre=0 min=0 max=0 hex=0000 0000 0000 0000 0000",0,0,0,,0,,,None,Unavailable,NoWallUnderCrosshair,,,,"only 0 valid depth samples under crosshair (441 no-data, 0 out-of-range, 0 low-confidence)",0,,,None,Unavailable,NoWallInView,,,,-0.01858503,1.097135,-0.0963830054,0.0279649086,-0.05756639,-0.007397623,0.99792254,0,0,0,0,0,0,219449.222944292,219449.222944292,0.032914374984102324
8.67183922165088,bb263046,SessionTracking,Tracking,30.0694141,30.068552,1,0.032652916997903958,0,0,0,160x90 DepthUint16,"centre=0 min=0 max=0 hex=0000 0000 0000 0000 0000","centre=0 min=0 max=0 hex=0000 0000 0000 0000 0000",0,0,0,,0,,,None,Unavailable,NoWallUnderCrosshair,,,,"only 0 valid depth samples under crosshair (441 no-data, 0 out-of-range, 0 low-confidence)",0,,,None,Unavailable,NoWallInView,,,,-0.0205132551,1.09644425,-0.09579419,0.0278451182,-0.0580831952,-0.00640884042,0.997902751,0,0,0,0,0,0,219449.256442065,219449.256442065,0.03258994800853543
8.7050837526413662,bb263046,SessionTracking,Tracking,30.0685444,30.068552,1,0.032752238999819383,0,0,0,160x90 DepthUint16,"centre=0 min=0 max=0 hex=0000 0000 0000 0000 0000","centre=0 min=0 max=0 hex=0000 0000 0000 0000 0000",0,0,0,,0,,,None,Unavailable,NoWallUnderCrosshair,,,,"only 0 valid depth samples under crosshair (441 no-data, 0 out-of-range, 0 low-confidence)",0,,,None,Unavailable,NoWallInView,,,,-0.0225458276,1.09596,-0.09506351,0.0272351243,-0.05792146,-0.00504010962,0.9979369,0,0,0,0,0,0,219449.28976914802,219449.28976914802,0.032707238977309316
8.738237815655447,bb263046,SessionTracking,Tracking,30.0684834,30.068552,1,0.03265323000960052,0,0,0,160x90 DepthUint16,"centre=0 min=0 max=0 hex=0000 0000 0000 0000 0000","centre=0 min=0 max=0 hex=0000 0000 0000 0000 0000",0,0,0,,0,,,None,Unavailable,NoWallUnderCrosshair,,,,"only 0 valid depth samples under crosshair (441 no-data, 0 out-of-range, 0 low-confidence)",0,,,None,Unavailable,NoWallInView,,,,-0.024706386,1.09549236,-0.0944688,0.0262159389,-0.0573093,-0.003637791,0.998005569,0,0,0,0,0,0,219449.32309623202,219449.32309623202,0.032608907000394538
8.7721062526480811,bb263046,SessionTracking,Tracking,30.0668983,30.068552,1,0.033133488992461935,0,0,0,160x90 DepthUint16,"centre=0 min=0 max=0 hex=0000 0000 0000 0000 0000","centre=0 min=0 max=0 hex=0000 0000 0000 0000 0000",0,0,0,,0,,,None,Unavailable,NoWallUnderCrosshair,,,,"only 0 valid depth samples under crosshair (441 no-data, 0 out-of-range, 0 low-confidence)",0,,,None,Unavailable,NoWallInView,,,,-0.0268511456,1.09441793,-0.0949409753,0.0251028556,-0.0574886575,-0.0028381052,0.9980265,0,0,0,0,0,0,219449.35646569703,219449.35646569703,0.032980260002659634
8.8049549506478062,bb263046,SessionTracking,Tracking,30.0658627,30.068552,1,0.032256823003990576,0,0,0,160x90 DepthUint16,"centre=0 min=0 max=0 hex=0000 0000 0000 0000 0000","centre=0 min=0 max=0 hex=0000 0000 0000 0000 0000",0,0,0,,0,,,None,Unavailable,NoWallUnderCrosshair,,,,"only 0 valid depth samples under crosshair (441 no-data, 0 out-of-range, 0 low-confidence)",0,,,None,Unavailable,NoWallInView,,,,-0.0288443789,1.093999,-0.0944632739,0.0241677165,-0.058551874,-0.00150164973,0.997990668,0,0,0,0,0,0,219449.38979278,219449.38979278,0.032189010002184659
8.8378219816451011,bb263046,SessionTracking,Tracking,30.0651531,30.068552,1,0.032134634995600209,0,0,0,160x90 DepthUint16,"centre=0 min=0 max=0 hex=0000 0000 0000 0000 0000","centre=0 min=0 max=0 hex=0000 0000 0000 0000 0000",0,0,0,,0,,,None,Unavailable,NoWallUnderCrosshair,,,,"only 0 valid depth samples under crosshair (441 no-data, 0 out-of-range, 0 low-confidence)",0,,,None,Unavailable,NoWallInView,,,,-0.0308119729,1.09355366,-0.09399327,0.02289437,-0.0597442463,-0.000357449055,0.9979511,0,0,0,0,0,0,219449.42311986402,219449.42311986402,0.032059427001513541
8.87181469065501,bb263046,SessionTracking,Tracking,30.0640144,30.068552,1,0.033479636011179537,0,0,0,160x90 DepthUint16,"centre=0 min=0 max=0 hex=0000 0000 0000 0000 0000","centre=0 min=0 max=0 hex=0000 0000 0000 0000 0000",0,0,0,,0,,,None,Unavailable,NoWallUnderCrosshair,,,,"only 0 valid depth samples under crosshair (441 no-data, 0 out-of-range, 0 low-confidence)",0,,,None,Unavailable,NoWallInView,,,,-0.03239739,1.09339345,-0.09062955,0.0219172779,-0.05981802,0.00238937163,0.9979658,0,0,0,0,0,0,219449.45663572103,219449.45663572103,0.033427396003389731
8.9052427636426,bb263046,SessionTracking,Tracking,30.06265,30.068552,1,0.03280333400471136,0,0,0,160x90 DepthUint16,"centre=0 min=0 max=0 hex=0000 0000 0000 0000 0000","centre=0 min=0 max=0 hex=0000 0000 0000 0000 0000",0,0,0,,0,,,None,Unavailable,NoWallUnderCrosshair,,,,"only 0 valid depth samples under crosshair (441 no-data, 0 out-of-range, 0 low-confidence)",0,,,None,Unavailable,NoWallInView,,,,-0.03467785,1.09294939,-0.08998641,0.0202883761,-0.0588231459,0.00412467169,0.9980537,0,0,0,0,0,0,219449.48996280401,219449.48996280401,0.032726510980864987
8.9374507316471128,bb263046,SessionTracking,Tracking,30.0611458,30.068552,1,0.031735467986436561,0,0,0,160x90 DepthUint16,"centre=0 min=0 max=0 hex=0000 0000 0000 0000 0000","centre=0 min=0 max=0 hex=0000 0000 0000 0000 0000",0,0,0,,0,,,None,Unavailable,NoWallUnderCrosshair,,,,"only 0 valid depth samples under crosshair (441 no-data, 0 out-of-range, 0 low-confidence)",0,,,None,Unavailable,NoWallInView,,,,-0.0369683132,1.09249556,-0.08936452,0.0187289566,-0.05716808,0.005499036,0.9981738,0,0,0,0,0,0,219449.52328988802,219449.52328988802,0.03168953099520877
8.9780396906509115,bb263046,SessionTracking,Tracking,30.06046,29.86858,1,0.040084323001792654,0,0,0,160x90 DepthUint16,"centre=0 min=0 max=0 hex=0000 0000 0000 0000 0000","centre=0 min=0 max=0 hex=0000 0000 0000 0000 0000",0,0,0,,0,,,None,Unavailable,NoWallUnderCrosshair,,,,"only 0 valid depth samples under crosshair (441 no-data, 0 out-of-range, 0 low-confidence)",0,,,None,Unavailable,NoWallInView,,,,-0.03610362,1.09255159,-0.08662618,0.0182497688,-0.0552255474,0.006694436,0.9982847,0,0,0,0,0,0,219449.55686488101,219449.55686488101,0.040038386010564864
9.0048729716592053,bb263046,SessionTracking,Tracking,30.0460663,29.86858,1,0.026239792001433671,0,0,0,160x90 DepthUint16,"centre=0 min=0 max=0 hex=0000 0000 0000 0000 0000","centre=0 min=0 max=0 hex=0000 0000 0000 0000 0000",0,0,0,,0,,,None,Unavailable,NoWallUnderCrosshair,,,,"only 0 valid depth samples under crosshair (441 no-data, 0 out-of-range, 0 low-confidence)",0,,,None,Unavailable,NoWallInView,,,,-0.0381424278,1.0919534,-0.08575953,0.0170342624,-0.0521089658,0.007589937,0.9984673,0,0,0,0,0,0,219449.590191964,219449.590191964,0.026188176998402923
9.03778192966376,bb263046,SessionTracking,Tracking,30.07035,29.86858,1,0.032268489012494683,0,0,0,160x90 DepthUint16,"centre=0 min=0 max=0 hex=0000 0000 0000 0000 0000","centre=0 min=0 max=0 hex=0000 0000 0000 0000 0000",0,0,0,,0,,,None,Unavailable,NoWallUnderCrosshair,,,,"only 0 valid depth samples under crosshair (441 no-data, 0 out-of-range, 0 low-confidence)",0,,,None,Unavailable,NoWallInView,,,,-0.040581964,1.09125173,-0.08495267,0.0156080555,-0.0465398878,0.008375168,0.9987594,0,0,0,0,0,0,219449.623519048,219449.623519048,0.032188489014515653
9.0717309406401174,bb263046,SessionTracking,Tracking,30.05364,29.86858,1,0.033202656981302425,0,0,0,160x90 DepthUint16,"centre=0 min=0 max=0 hex=0000 0000 0000 0000 0000","centre=0 min=0 max=0 hex=0000 0000 0000 0000 0000",0,0,0,,0,,,None,Unavailable,NoWallUnderCrosshair,,,,"only 0 valid depth samples under crosshair (441 no-data, 0 out-of-range, 0 low-confidence)",0,,,None,Unavailable,NoWallInView,,,,-0.0419119634,1.09092438,-0.08356527,0.0136771323,-0.039600417,0.00862828,0.9990848,0,0,0,0,0,0,219449.65719383702,219449.65719383702,0.033113541983766481
9.10439260665691,bb263046,SessionTracking,Tracking,30.0682411,29.86858,1,0.031972655997378752,0.0235416666,0.129583329,1,160x90 DepthUint16,"centre=0 min=804 max=11114 hex=0000 0000 0000 0000 0000","centre=948 min=943 max=948 hex=03B4 03B4 03B4 03B3 03AF",0,0,0,,0,,,None,Unavailable,NoWallUnderCrosshair,,,,"only 0 valid depth samples under crosshair (437 no-data, 0 out-of-range, 4 low-confidence)",0,,,None,Unavailable,NoWallInView,,,,-0.044588,1.09006512,-0.0828986838,0.0107939541,-0.0324183442,0.00851044152,0.9993799,0,0,0,0,0,0,219449.69052092,219449.69052092,0.031880780996289104
9.1383232316376226,bb263046,SessionTracking,Tracking,30.0610046,29.86858,1,0.033098905987571925,0.0232638884,0.127777785,1,160x90 DepthUint16,"centre=0 min=806 max=11099 hex=0000 0000 0000 079C 0000","centre=1031 min=969 max=1034 hex=040A 0409 0407 03FE 03D0",0,0,0,,0,,,None,Unavailable,NoWallUnderCrosshair,,,,"only 0 valid depth samples under crosshair (439 no-data, 0 out-of-range, 2 low-confidence)",0,,,None,Unavailable,NoWallInView,,,,-0.0471425653,1.08918142,-0.08207153,0.007913189,-0.0261088647,0.008178324,0.999594331,0,0,0,0,0,0,219449.723848004,219449.723848004,0.03297677097725682
9.17124677365893,bb263046,SessionTracking,Tracking,30.0612335,29.86858,1,0.030754114995943382,0.0240277778,0.141875,1,160x90 DepthUint16,"centre=0 min=808 max=11082 hex=0000 0000 0000 0000 0000","centre=1076 min=976 max=1080 hex=0438 0437 0434 0425 03DD",0,0,0,,0,,,None,Unavailable,NoWallUnderCrosshair,,,,"only 0 valid depth samples under crosshair (439 no-data, 0 out-of-range, 2 low-confidence)",0,,,None,Unavailable,NoWallInView,,,,-0.0479395464,1.08789635,-0.0825261548,0.00558994943,-0.0202049669,0.00741106365,0.9997528,0,0,0,0,0,0,219449.757917443,219449.757917443,0.030694271001266316
9.2054552626587967,bb263046,SessionTracking,Tracking,30.0582676,29.86858,1,0.03362994801136665,0.0247916672,0.143541664,1,160x90 DepthUint16,"centre=0 min=808 max=11065 hex=0000 0000 0000 0000 0000","centre=1055 min=974 max=1058 hex=0422 0421 041F 0413 03D8",0,0,0,,0,,,None,Unavailable,NoWallUnderCrosshair,,,,"only 0 valid depth samples under crosshair (440 no-data, 0 out-of-range, 1 low-confidence)",0,,,None,Unavailable,NoWallInView,,,,-0.0500954464,1.087095,-0.08121264,0.003976273,-0.0154962288,0.0074523394,0.999844253,0,0,0,0,0,0,219449.79124452602,219449.79124452602,0.033576354006072506
9.2378040126433181,bb263046,SessionTracking,Tracking,30.0657635,29.86858,1,0.031372811994515359,0.025,0.14375,1,160x90 DepthUint16,"centre=0 min=806 max=11044 hex=0000 0000 0000 0000 0000","centre=1019 min=963 max=1021 hex=03FD 03FD 03FB 03F3 03CA",0,0,0,,0,,,None,Unavailable,NoWallUnderCrosshair,,,,"only 0 valid depth samples under crosshair (441 no-data, 0 out-of-range, 0 low-confidence)",0,,,None,Unavailable,NoWallInView,,,,-0.0521170646,1.08633947,-0.079430446,0.00307164271,-0.0110604148,0.00714358734,0.9999086,0,0,0,0,0,0,219449.82457161002,219449.82457161002,0.031232968001859263
9.2702270856617535,bb263046,SessionTracking,Tracking,30.06342,29.86858,1,0.0316414580156561,0.07986111,0.5534722,1,160x90 DepthUint16,"centre=0 min=608 max=13323 hex=0000 0000 0000 0000 0E78","centre=1462 min=1450 max=1474 hex=05BB 05B9 05B6 05B2 05B2",0,0,0,,0,,,None,Unavailable,NoWallUnderCrosshair,,,,"only 0 valid depth samples under crosshair (441 no-data, 0 out-of-range, 0 low-confidence)",0,,,None,Unavailable,NoWallInView,,,,-0.05050995,1.08567929,-0.07807566,0.00363836461,-0.00525518274,0.005844087,0.9999625,0,0,0,0,0,0,219449.859094385,219449.859094385,0.031544113997370005
9.3050688566373712,bb263046,SessionTracking,Tracking,30.064846,29.86858,1,0.034249843971338123,0.0813194439,0.5800694,1,160x90 DepthUint16,"centre=0 min=604 max=13320 hex=0000 0000 0000 0000 0000","centre=1435 min=1432 max=1449 hex=059E 059E 059B 0599 05A5",0,0,0,,0,,,None,Unavailable,NoWallUnderCrosshair,,,,"only 0 valid depth samples under crosshair (441 no-data, 0 out-of-range, 0 low-confidence)",0,,,None,Unavailable,NoWallInView,,,,-0.052151192,1.08516669,-0.07542685,0.00490340265,0.000132893678,0.00493529439,0.9999758,0,0,0,0,0,0,219449.89242146802,219449.89242146802,0.034205832984298468
9.3366278146651158,bb263046,SessionTracking,Tracking,30.0644989,29.86858,1,0.027488125022500753,0.08361111,0.581111133,1,160x90 DepthUint16,"centre=0 min=600 max=13311 hex=0000 0000 0000 0000 0000","centre=1451 min=1441 max=1468 hex=05B0 05AF 05AB 05A8 05B2",0,0,0,,0,,,None,Unavailable,NoWallUnderCrosshair,,,,"only 0 valid depth samples under crosshair (441 no-data, 0 out-of-range, 0 low-confidence)",0,,,None,Unavailable,NoWallInView,,,,-0.0535312556,1.08459187,-0.07261471,0.00577310054,0.00501190452,0.003587991,0.999964356,0,0,0,0,0,0,219449.92574855202,219449.92574855202,0.027394687000196427
9.37027505465914,bb263046,SessionTracking,Tracking,30.0637951,29.86858,1,0.033068958000512794,0.0884722248,0.6677778,1,160x90 DepthUint16,"centre=0 min=593 max=13013 hex=0000 0000 0000 0000 0773","centre=1455 min=1445 max=1473 hex=05B4 05B3 05AF 05AC 05B5",0,0,0,,0,,,None,Unavailable,NoWallUnderCrosshair,,,,"only 0 valid depth samples under crosshair (441 no-data, 0 out-of-range, 0 low-confidence)",0,,,None,Unavailable,NoWallInView,,,,-0.054173924,1.08367825,-0.06876033,0.00489706127,0.0111960862,0.00263366126,0.9999219,0,0,0,0,0,0,219449.95916518001,219449.95916518001,0.032978542003547773
9.4079303666450134,bb263046,SessionTracking,Tracking,30.0629234,29.86858,1,0.037105519993929192,0.138125,1.2186805,1,160x90 DepthUint16,"centre=0 min=587 max=13793 hex=0000 0000 0000 0000 076E","centre=1554 min=1503 max=1579 hex=0617 0617 0612 0609 05ED",0,0,0,,0,,,None,Unavailable,NoWallUnderCrosshair,,,,"only 0 valid depth samples under crosshair (441 no-data, 0 out-of-range, 0 low-confidence)",0,,,None,Unavailable,NoWallInView,,,,-0.0556794852,1.08273435,-0.06610416,0.00380647229,0.017492367,0.00172454142,0.9998383,0,0,0,0,0,0,219449.992492263,219449.992492263,0.037049895006930456
9.4385809916503778,bb263046,SessionTracking,Tracking,30.0626183,29.86858,1,0.029789894993882626,0.142291665,1.21270835,1,160x90 DepthUint16,"centre=0 min=581 max=13757 hex=0000 0000 0000 0000 0769","centre=1559 min=1498 max=1588 hex=0619 061A 0617 060F 05EA",0,0,0,,0,,,None,Unavailable,NoWallUnderCrosshair,,,,"only 0 valid depth samples under crosshair (441 no-data, 0 out-of-range, 0 low-confidence)",0,,,None,Unavailable,NoWallInView,,,,-0.0568556823,1.08177567,-0.0634152144,0.002265594,0.0217999928,0.0009672642,0.9997593,0,0,0,0,0,0,219450.025819347,219450.025819347,0.029731145012192428
9.4709550546623351,bb263046,SessionTracking,Tracking,30.06295,29.86858,1,0.03160130200558342,0.14569445,1.23743057,1,160x90 DepthUint16,"centre=0 min=575 max=13708 hex=0000 0000 0000 0000 0865","centre=1563 min=1497 max=1592 hex=0622 0620 061B 0610 05E9",0,0,0,,0,,,None,Unavailable,NoWallUnderCrosshair,,,,"only 0 valid depth samples under crosshair (441 no-data, 0 out-of-range, 0 low-confidence)",0,,,None,Unavailable,NoWallInView,,,,-0.0581543781,1.08062124,-0.0604273453,-0.000701153767,0.0250907447,0.000947565,0.9996845,0,0,0,0,0,0,219450.05908035,219450.05908035,0.031515208014752716
9.5033943256504418,bb263046,SessionTracking,Tracking,30.0631943,29.86858,1,0.031450676993699744,0.147222221,1.20472217,1,160x90 DepthUint16,"centre=0 min=568 max=13664 hex=0000 0000 0000 0000 0000","centre=1561 min=1493 max=1595 hex=061A 061B 0619 0610 05EA",0,0,0,,0,,,None,Unavailable,NoWallUnderCrosshair,,,,"only 0 valid depth samples under crosshair (441 no-data, 0 out-of-range, 0 low-confidence)",0,,,None,Unavailable,NoWallInView,,,,-0.0593883544,1.0794276,-0.0573777445,-0.00326523534,0.0280105118,0.001321763,0.9996014,0,0,0,0,0,0,219450.09240743303,219450.09240743303,0.0313335940008983
9.5362449506438853,bb263046,SessionTracking,Tracking,30.0632267,29.86858,1,0.032211198005825281,0.189305559,1.61548615,1,160x90 DepthUint16,"centre=0 min=564 max=14218 hex=0000 0000 0000 0000 0000","centre=1528 min=1501 max=1570 hex=05FC 05FC 05F8 05F2 05EE",0,0,0,,0,,,None,Unavailable,NoWallUnderCrosshair,,,,"only 0 valid depth samples under crosshair (441 no-data, 0 out-of-range, 0 low-confidence)",0,,,None,Unavailable,NoWallInView,,,,-0.0602838732,1.07840335,-0.0536742061,-0.00374852866,0.0282099843,0.00180706382,0.9995934,0,0,0,0,0,0,219450.125734517,219450.125734517,0.032159219001187012
9.5703503666528551,bb263046,SessionTracking,Tracking,30.0631866,29.86858,1,0.0335892699949909,0.188125,1.57972217,1,160x90 DepthUint16,"centre=0 min=559 max=14221 hex=0000 0000 0000 0000 0000","centre=1525 min=1492 max=1565 hex=05F9 05F9 05F5 05F0 05E4",0,0,0,,0,,,None,Unavailable,NoWallUnderCrosshair,,,,"only 0 valid depth samples under crosshair (441 no-data, 0 out-of-range, 0 low-confidence)",0,,,None,Unavailable,NoWallInView,,,,-0.0590906478,1.07795393,-0.04702303,-0.00397893647,0.0251696762,0.00221779966,0.99967283,0,0,0,0,0,0,219450.158962874,219450.158962874,0.0335302599996794
9.6031899506425535,bb263046,SessionTracking,Tracking,30.06272,29.86858,1,0.0319448439986445,0.182638884,1.41590273,1,160x90 DepthUint16,"centre=0 min=557 max=14238 hex=0000 0000 0000 0000 0000","centre=1531 min=1490 max=1562 hex=05FF 0600 05FB 05F3 05E1",0,0,0,,0,,,None,Unavailable,NoWallUnderCrosshair,,,,"only 0 valid depth samples under crosshair (441 no-data, 0 out-of-range, 0 low-confidence)",0,,,None,Unavailable,NoWallInView,,,,-0.0592162237,1.076788,-0.0425661281,-0.00330820517,0.0215746369,0.00245627784,0.9997588,0,0,0,0,0,0,219450.19228995702,219450.19228995702,0.031838541995966807
9.6376701586497067,bb263046,SessionTracking,Tracking,30.0636673,29.86858,1,0.033894686988787726,0.220347226,1.26625,1,160x90 DepthUint16,"centre=0 min=554 max=14256 hex=0000 0000 0000 0000 074C","centre=1558 min=1489 max=1597 hex=0620 061F 0616 0608 05E4",0,0,0,,0,,,None,Unavailable,NoWallUnderCrosshair,,,,"only 0 valid depth samples under crosshair (436 no-data, 0 out-of-range, 5 low-confidence)",0,,,None,Unavailable,NoWallInView,,,,-0.0593603477,1.0754931,-0.0378245562,-0.00203277357,0.0188580342,0.002493322,0.9998171,0,0,0,0,0,0,219450.22561704103,219450.22561704103,0.033843073004391044
9.66978896063767,bb263046,SessionTracking,Tracking,30.0634823,29.86858,1,0.031444009975530207,0.216875,1.20263886,1,160x90 DepthUint16,"centre=0 min=549 max=14290 hex=0000 0000 0000 0000 0749","centre=1534 min=1487 max=1569 hex=0608 0607 05FE 05F3 05DE",0,0,0,,0,,,None,Unavailable,NoWallUnderCrosshair,,,,"only 0 valid depth samples under crosshair (436 no-data, 0 out-of-range, 5 low-confidence)",0,,,None,Unavailable,NoWallInView,,,,-0.0515681021,1.074185,-0.0306070149,0.0006441232,0.0168088935,0.00197497,0.9998566,0,0,0,0,0,0,219450.258901316,219450.258901316,0.031364738999400288
9.7032545856574135,bb263046,SessionTracking,Tracking,30.06364,29.86858,1,0.032810000004246831,0.216319442,1.19965279,1,160x90 DepthUint16,"centre=0 min=545 max=14304 hex=0000 0000 0000 0000 0751","centre=1522 min=1478 max=1563 hex=05F9 05F9 05F2 05E9 05D9",0,0,0,,0,,,None,Unavailable,NoWallUnderCrosshair,,,,"only 0 valid depth samples under crosshair (424 no-data, 0 out-of-range, 17 low-confidence)",0,,,None,Unavailable,NoWallInView,,,,-0.05141653,1.07273042,-0.0255389214,0.00295501552,0.0172275249,0.00168940437,0.9998458,0,0,0,0,0,0,219450.29222839902,219450.29222839902,0.032727239013183862
9.73566958565163,bb263046,SessionTracking,Tracking,30.0638676,29.86858,1,0.031848698010435328,0.263333321,1.30333328,1,160x90 DepthUint16,"centre=0 min=318 max=14318 hex=0000 0000 0000 0000 07D1","centre=1541 min=1056 max=1591 hex=060E 060F 0605 05DA 04E4",0,0,0,,0,,,None,Unavailable,NoWallUnderCrosshair,,,,"only 0 valid depth samples under crosshair (410 no-data, 0 out-of-range, 31 low-confidence)",0,,,None,Unavailable,NoWallInView,,,,-0.05206168,1.07136786,-0.0204882026,0.006538461,0.0226812474,0.00193309784,0.9997195,0,0,0,0,0,0,219450.32555548302,219450.32555548302,0.031803124991711229
9.7692269816553736,bb263046,SessionTracking,Tracking,30.0643578,29.86858,1,0.033082812995417044,0.266180545,1.204375,1,160x90 DepthUint16,"centre=0 min=313 max=14327 hex=0000 0000 0000 15A8 07C9","centre=1512 min=989 max=1583 hex=05F0 05F1 05E8 05C0 04C0",0,0,0,,0,,,None,Unavailable,NoWallUnderCrosshair,,,,"only 0 valid depth samples under crosshair (398 no-data, 0 out-of-range, 43 low-confidence)",0,,,None,Unavailable,NoWallInView,,,,-0.04361766,1.07021487,-0.0164738148,0.0109723285,0.0312937424,0.002194792,0.9994476,0,0,0,0,0,0,219450.358736799,219450.358736799,0.033039427013136446
9.8070908876626337,bb263046,SessionTracking,Tracking,30.0646744,29.86858,1,0.03738020799937658,0.270694435,1.248125,1,160x90 DepthUint16,"centre=0 min=309 max=14306 hex=0000 0000 0000 0000 0772","centre=1626 min=1098 max=1636 hex=065B 065F 065A 062F 0514",0,0,0,,0,,,None,Unavailable,NoWallUnderCrosshair,,,,"only 0 valid depth samples under crosshair (386 no-data, 0 out-of-range, 55 low-confidence)",0,,,None,Unavailable,NoWallInView,,,,-0.0447820872,1.0686847,-0.0129113868,0.0137376953,0.04153834,0.002628267,0.999039054,0,0,0,0,0,0,219450.39206388203,219450.39206388203,0.03733151001506485
9.8356776586525658,bb263046,SessionTracking,Tracking,30.0649242,29.86858,1,0.027606615010881796,0.308888882,1.23395836,1,160x90 DepthUint16,"centre=0 min=306 max=14274 hex=0000 0000 0000 0000 0000","centre=1602 min=1126 max=1667 hex=0649 064A 0642 0619 0518",0,0,0,,0,,,None,Unavailable,NoWallUnderCrosshair,,,,"only 0 valid depth samples under crosshair (367 no-data, 0 out-of-range, 74 low-confidence)",0,,,None,Unavailable,NoWallInView,,,,-0.04610979,1.06720126,-0.0100862086,0.01628122,0.05267787,0.00380861759,0.9984716,0,0,0,0,0,0,219450.425390966,219450.425390966,0.027467551990412176
9.8692439086527148,bb263046,SessionTracking,Tracking,30.06552,29.86858,1,0.033014740009093657,0.3015972,1.15583336,1,160x90 DepthUint16,"centre=0 min=306 max=14251 hex=0000 0000 0000 04A5 0000","centre=2380 min=1513 max=11496 hex=08A1 08C8 094C 09A5 0728",0,0,0,,0,,,None,Unavailable,NoWallUnderCrosshair,,,,"only 0 valid depth samples under crosshair (352 no-data, 0 out-of-range, 89 low-confidence)",0,,,None,Unavailable,NoWallInView,,,,-0.0462232,1.06621754,-0.0107951462,0.0188543983,0.061459,0.00439027,0.9979219,0,0,0,0,0,0,219450.458858894,219450.458858894,0.032970155996736139
9.9070872936655352,bb263046,SessionTracking,Tracking,30.0707073,29.86858,1,0.037251458008540794,0.291944444,1.09770834,1,160x90 DepthUint16,"centre=0 min=304 max=14223 hex=0000 0000 0000 04AE 0000","centre=1844 min=1445 max=10177 hex=0708 0704 0734 0789 06B3",0,0,0,,0,,,None,Unavailable,NoWallUnderCrosshair,,,,"only 0 valid depth samples under crosshair (357 no-data, 0 out-of-range, 84 low-confidence)",0,,,None,Unavailable,NoWallInView,,,,-0.04653812,1.06498361,-0.009405233,0.0202902313,0.06841926,0.00407409668,0.997442,0,0,0,0,0,0,219450.49218597703,219450.49218597703,0.037187604000791907
9.9352896376595883,bb263046,SessionTracking,Tracking,30.0622482,29.86858,1,0.027604583010543138,0.290625,1.085625,1,160x90 DepthUint16,"centre=0 min=301 max=14191 hex=0000 0000 0000 04BA 0741","centre=3439 min=1940 max=10213 hex=0D18 0D16 0D6F 0DA2 0915",0,0,0,,0,,,None,Unavailable,NoWallUnderCrosshair,,,,"only 0 valid depth samples under crosshair (347 no-data, 0 out-of-range, 94 low-confidence)",0,,,None,Unavailable,NoWallInView,,,,-0.04694262,1.06395125,-0.008283861,0.02160272,0.07524534,0.00364375114,0.9969244,0,0,0,0,0,0,219450.525513061,219450.525513061,0.02753479199600406
9.9693389606628617,bb263046,SessionTracking,Tracking,30.0666275,29.86858,1,0.033540365024236962,0.281111121,1.09388888,1,160x90 DepthUint16,"centre=0 min=302 max=14174 hex=0000 0000 0000 04C7 073F","centre=1600 min=1455 max=1663 hex=064A 0647 0640 062F 05DA",0,0,0,,0,,,None,Unavailable,NoWallUnderCrosshair,,,,"only 0 valid depth samples under crosshair (340 no-data, 0 out-of-range, 101 low-confidence)",0,,,None,Unavailable,NoWallInView,,,,-0.0449130461,1.064406,-0.0104995146,0.0225073136,0.07964787,0.002376646,0.9965661,0,0,0,0,0,0,219450.55914537402,219450.55914537402,0.033490208006696776
10.004804689649172,bb263046,SessionTracking,Tracking,30.07106,30.1919136,1,0.034840468986658379,0.276319444,1.0825,1,160x90 DepthUint16,"centre=0 min=301 max=14149 hex=0000 0000 0000 04C9 0728","centre=1645 min=1532 max=1701 hex=067D 0678 066D 065E 060E",0,0,0,,0,,,None,Unavailable,NoWallUnderCrosshair,,,,"only 0 valid depth samples under crosshair (341 no-data, 0 out-of-range, 100 low-confidence)",0,,,None,Unavailable,NoWallInView,,,,-0.0448237248,1.06386936,-0.0100335032,0.02298889,0.083856605,0.00169438135,0.9962112,0,0,0,0,0,0,219450.592472457,219450.592472457,0.034795051993569359
10.035648335652803,bb263046,SessionTracking,Tracking,30.0629368,30.1919136,1,0.030326562991831452,0.2732639,1.0875,1,160x90 DepthUint16,"centre=0 min=300 max=14104 hex=0000 0000 0000 04B0 06D9","centre=1655 min=1542 max=1714 hex=067A 067A 0677 066A 0618",0,0,0,,0,,,None,Unavailable,NoWallUnderCrosshair,,,,"only 0 valid depth samples under crosshair (330 no-data, 0 out-of-range, 111 low-confidence)",0,,,None,Unavailable,NoWallInView,,,,-0.04526741,1.06351709,-0.009487405,0.0234580338,0.0908435062,0.0006052256,0.9955887,0,0,0,0,0,0,219450.625799541,219450.625799541,0.030279010010417551
10.068410939661698,bb263046,SessionTracking,Tracking,30.0653019,30.1919136,1,0.032179479021579027,0.305347234,0.993680537,1,160x90 DepthUint16,"centre=0 min=291 max=21959 hex=0000 0000 0000 049C 06A4","centre=1570 min=1478 max=1652 hex=0628 0628 0622 060F 05DA",0,0,0,,0,,,None,Unavailable,NoWallUnderCrosshair,,,,"only 0 valid depth samples under crosshair (328 no-data, 0 out-of-range, 113 low-confidence)",0,,,None,Unavailable,NoWallInView,,,,-0.0476086847,1.06149089,-0.00199607015,0.0245340727,0.100431144,-0.000423967838,0.994641364,0,0,0,0,0,0,219450.65938466202,219450.65938466202,0.03212953099864535
10.102349064641311,bb263046,SessionTracking,Tracking,30.06361,30.1919136,1,0.033432811993407086,0.295,1.00111115,1,160x90 DepthUint16,"centre=0 min=289 max=22085 hex=0000 0000 0000 049D 068B","centre=1594 min=1507 max=1699 hex=0643 0641 063A 062C 05FD",0,0,0,,0,,,None,Unavailable,NoWallUnderCrosshair,,,,"only 0 valid depth samples under crosshair (332 no-data, 0 out-of-range, 109 low-confidence)",0,,,None,Unavailable,NoWallInView,,,,-0.0488405749,1.0614928,-0.00118809938,0.0254670326,0.109565169,-0.00152191531,0.993652165,0,0,0,0,0,0,219450.692711745,219450.692711745,0.033382551977410913
10.135240939657814,bb263046,SessionTracking,Tracking,30.0650883,30.1919136,1,0.032368125015636906,0.288402766,1.0269444,1,160x90 DepthUint16,"centre=0 min=287 max=22189 hex=0000 0000 0000 049F 0653","centre=1632 min=1532 max=1666 hex=0667 0666 0660 0652 060A",0,0,0,,0,,,None,Unavailable,NoWallUnderCrosshair,,,,"only 0 valid depth samples under crosshair (329 no-data, 0 out-of-range, 112 low-confidence)",0,,,None,Unavailable,NoWallInView,,,,-0.050008405,1.06159544,-0.0007362738,0.0258919224,0.117160976,-0.0018012228,0.9927738,0,0,0,0,0,0,219450.72603882902,219450.72603882902,0.032319791993359104
10.170504377639299,bb263046,SessionTracking,Tracking,30.0625877,30.1919136,1,0.033733438001945615,0.299652785,1.08493054,1,160x90 DepthUint16,"centre=0 min=286 max=24645 hex=0000 0000 0000 1A67 0000","centre=1921 min=1866 max=2916 hex=0773 0777 0781 07B6 0826",0,0,0,,0,,,None,Unavailable,NoWallUnderCrosshair,,,,"only 0 valid depth samples under crosshair (375 no-data, 0 out-of-range, 66 low-confidence)",0,,,None,Unavailable,NoWallInView,,,,-0.0507997647,1.06061316,0.00197218359,0.02569644,0.122273035,-0.00159388792,0.9921625,0,0,0,0,0,0,219450.759324567,219450.759324567,0.033683229994494468
10.202255627643462,bb263046,SessionTracking,Tracking,30.06514,30.1919136,1,0.031126927002333105,0.296805561,0.9904861,1,160x90 DepthUint16,"centre=0 min=286 max=24686 hex=0000 0000 0000 19BE 05CA","centre=1958 min=1920 max=2813 hex=07A0 079B 07A6 07D8 083B",0,0,0,,0,,,None,Unavailable,NoWallUnderCrosshair,,,,"only 0 valid depth samples under crosshair (382 no-data, 0 out-of-range, 59 low-confidence)",0,,,None,Unavailable,NoWallInView,,,,-0.0514151379,1.06091654,0.00160155445,0.0256331079,0.1249945,-0.00146082044,0.9918252,0,0,0,0,0,0,219450.79265165,219450.79265165,0.031071249977685511
10.241631304649781,bb263046,SessionTracking,Tracking,30.0638962,30.1919136,1,0.038774584012571722,0.293680549,1.153889,1,160x90 DepthUint16,"centre=0 min=287 max=24717 hex=0000 0000 0000 0000 05CB","centre=1974 min=1762 max=2851 hex=07B6 07B4 07B6 07F2 086E",0,0,0,,0,,,None,Unavailable,NoWallUnderCrosshair,,,,"only 0 valid depth samples under crosshair (367 no-data, 0 out-of-range, 74 low-confidence)",0,,,None,Unavailable,NoWallInView,,,,-0.0520929,1.06128144,0.0009183809,0.0253184121,0.126933,-0.0010648669,0.9915876,0,0,0,0,0,0,219450.825978734,219450.825978734,0.038698282005498186
10.271050262651551,bb263046,SessionTracking,Tracking,30.063776,30.1919136,1,0.028834635013481602,0.2948611,1.0604167,1,160x90 DepthUint16,"centre=0 min=283 max=24733 hex=0000 0000 0000 0000 05C7","centre=1985 min=1947 max=2793 hex=07BC 07B9 07C1 07F5 0863",0,0,0,,0,,,None,Unavailable,NoWallUnderCrosshair,,,,"only 0 valid depth samples under crosshair (364 no-data, 0 out-of-range, 77 low-confidence)",0,,,None,Unavailable,NoWallInView,,,,-0.053890653,1.05965579,0.00438433141,0.0249689166,0.128168985,-0.000557959138,0.991437852,0,0,0,0,0,0,219450.859252964,219450.859252964,0.02877807299955748
10.304632918655551,bb263046,SessionTracking,Tracking,30.0637817,30.1919136,1,0.0329629160114564,0.2951389,1.03229165,1,160x90 DepthUint16,"centre=0 min=284 max=24739 hex=0000 0000 0000 0000 05C8","centre=2000 min=1963 max=2819 hex=07D0 07CB 07D0 0803 0873",0,0,0,,0,,,None,Unavailable,NoWallUnderCrosshair,,,,"only 0 valid depth samples under crosshair (364 no-data, 0 out-of-range, 77 low-confidence)",0,,,None,Unavailable,NoWallInView,,,,-0.0546409227,1.06001914,0.00360530615,0.02476157,0.128442466,-0.000236213222,0.991407752,0,0,0,0,0,0,219450.89258004702,219450.89258004702,0.032908332999795675
10.346048283660929,bb263046,SessionTracking,Tracking,30.0637112,30.1919136,1,0.040678959019714966,0.295,0.9726389,1,160x90 DepthUint16,"centre=0 min=285 max=24732 hex=0000 0000 0000 0000 05CA","centre=1952 min=1904 max=2753 hex=079C 0799 07A0 07D7 0869",0,0,0,,0,,,None,Unavailable,NoWallUnderCrosshair,,,,"only 0 valid depth samples under crosshair (365 no-data, 0 out-of-range, 76 low-confidence)",0,,,None,Unavailable,NoWallInView,,,,-0.0553534478,1.060431,0.00270839781,0.0246159472,0.127823055,7.32541157E-05,0.9914915,0,0,0,0,0,0,219450.92590713102,219450.92590713102,0.0405905730149243
10.372529481662349,bb263046,SessionTracking,Tracking,30.0635071,30.1919136,1,0.025927344016963616,0.2961111,0.9723611,1,160x90 DepthUint16,"centre=0 min=282 max=24716 hex=0000 0000 0000 1026 05C8","centre=2003 min=1958 max=2918 hex=07D1 07CB 07D3 0810 08B0",0,0,0,,0,,,None,Unavailable,NoWallUnderCrosshair,,,,"only 0 valid depth samples under crosshair (383 no-data, 0 out-of-range, 58 low-confidence)",0,,,None,Unavailable,NoWallInView,,,,-0.0569928363,1.05929768,0.00504235923,0.0252539627,0.126954272,0.000402897655,0.9915869,0,0,0,0,0,0,219450.95912653502,219450.95912653502,0.025880782020976767
10.402065679642982,bb263046,SessionTracking,Tracking,30.0636177,30.1919136,1,0.028896510979393497,0.300069451,0.926180542,1,160x90 DepthUint16,"centre=0 min=282 max=24701 hex=0000 0000 0000 184C 05C8","centre=1971 min=1885 max=3258 hex=07BA 07B2 07B3 07DE 088E",0,0,0,,0,,,None,Unavailable,NoWallUnderCrosshair,,,,"only 0 valid depth samples under crosshair (372 no-data, 0 out-of-range, 69 low-confidence)",0,,,None,Unavailable,NoWallInView,,,,-0.0579795428,1.05954826,0.004209116,0.0256227367,0.125983238,0.00038549304,0.991701365,0,0,0,0,0,0,219450.992453618,219450.992453618,0.028835520992288366
10.434135939643165,bb263046,SessionTracking,Tracking,30.0663147,30.1919136,1,0.031024322990560904,0.300486118,0.89875,1,160x90 DepthUint16,"centre=0 min=283 max=24681 hex=0000 0000 0000 161F 0000","centre=2003 min=1918 max=2784 hex=07D5 07D1 07D3 07F3 083E",0,0,0,,0,,,None,Unavailable,NoWallUnderCrosshair,,,,"only 0 valid depth samples under crosshair (379 no-data, 0 out-of-range, 62 low-confidence)",0,,,None,Unavailable,NoWallInView,,,,-0.05894488,1.05961192,0.00315696,0.02490571,0.12438225,-0.000442624121,0.991921663,0,0,0,0,0,0,219451.025780702,219451.025780702,0.030966353981057182
10.468220679650694,bb263046,SessionTracking,Tracking,30.0647964,30.1919136,1,0.033429895993322134,0.299305558,0.8590278,1,160x90 DepthUint16,"centre=0 min=283 max=24662 hex=0000 0000 0000 0ECA 065D","centre=2131 min=2053 max=2997 hex=084D 0849 0853 087C 08CD",0,0,0,,0,,,None,Unavailable,NoWallUnderCrosshair,,,,"only 0 valid depth samples under crosshair (393 no-data, 0 out-of-range, 48 low-confidence)",0,,,None,Unavailable,NoWallInView,,,,-0.06047207,1.05887127,0.0034564212,0.0241811257,0.122954823,-0.00151109707,0.9921165,0,0,0,0,0,0,219451.058928,219451.058928,0.033368177013471723
10.501642345662839,bb263046,SessionTracking,Tracking,30.0636482,30.1919136,1,0.03281135400175117,0.3011111,0.7956945,1,160x90 DepthUint16,"centre=0 min=285 max=24650 hex=0000 0000 0000 049D 065E","centre=2181 min=1956 max=3113 hex=0880 087E 0885 0891 087C",0,0,0,,0,,,None,Unavailable,NoWallUnderCrosshair,,,,"only 0 valid depth samples under crosshair (389 no-data, 0 out-of-range, 52 low-confidence)",0,,,None,Unavailable,NoWallInView,,,,-0.0619867146,1.05894315,0.002633199,0.024042869,0.122029945,-0.00233703875,0.992232442,0,0,0,0,0,0,219451.092255083,219451.092255083,0.032747290999395773
10.53405286666486,bb263046,SessionTracking,Tracking,30.0644226,30.1919136,1,0.031838854018133134,0.2592361,0.6333333,1,160x90 DepthUint16,"centre=0 min=286 max=27583 hex=0000 0000 0000 0FA4 066B","centre=1909 min=1858 max=2686 hex=0767 0767 0775 07A7 083C",0,0,0,,0,,,None,Unavailable,NoWallUnderCrosshair,,,,"only 0 valid depth samples under crosshair (441 no-data, 0 out-of-range, 0 low-confidence)",0,,,None,Unavailable,NoWallInView,,,,-0.06352273,1.05898416,0.00185301155,0.0235996414,0.120769195,-0.00318393135,0.992395,0,0,0,0,0,0,219451.125582167,219451.125582167,0.031788125023012981
10.568257189655123,bb263046,SessionTracking,Tracking,30.0638466,30.1919136,1,0.033670364995487034,0.2588889,0.650972247,1,160x90 DepthUint16,"centre=0 min=287 max=27565 hex=0000 0000 0000 0FA5 0680","centre=1768 min=1717 max=2524 hex=06DA 06DA 06E8 071A 07AB",0,0,0,,0,,,None,Unavailable,NoWallUnderCrosshair,,,,"only 0 valid depth samples under crosshair (441 no-data, 0 out-of-range, 0 low-confidence)",0,,,None,Unavailable,NoWallInView,,,,-0.0649040341,1.0582788,0.00144553185,0.0233437158,0.119761743,-0.004057021,0.9925199,0,0,0,0,0,0,219451.158853072,219451.158853072,0.033616197993978858
10.602854168662015,bb263046,SessionTracking,Tracking,30.0627651,30.1919136,1,0.034034634998533875,0.259097219,0.595763862,1,160x90 DepthUint16,"centre=0 min=288 max=27537 hex=0000 0000 0000 0EDF 0682","centre=1737 min=1685 max=2518 hex=06B3 06B5 06C9 070D 07ED",0,0,0,,0,,,None,Unavailable,NoWallUnderCrosshair,,,,"only 0 valid depth samples under crosshair (441 no-data, 0 out-of-range, 0 low-confidence)",0,,,None,Unavailable,NoWallInView,,,,-0.06655291,1.0584017,0.000706829131,0.0233501736,0.118312329,-0.0048486,0.99269,0,0,0,0,0,0,219451.19218015502,219451.19218015502,0.033957031002501026
10.633972137650852,bb263046,SessionTracking,Tracking,30.0624123,30.1919136,1,0.030335990013554692,0.260208338,0.6147917,1,160x90 DepthUint16,"centre=0 min=290 max=27521 hex=0000 0000 0000 0F5B 0682","centre=1765 min=1715 max=2531 hex=06D4 06D5 06E5 0718 07B7",0,0,0,,0,,,None,Unavailable,NoWallUnderCrosshair,,,,"only 0 valid depth samples under crosshair (441 no-data, 0 out-of-range, 0 low-confidence)",0,,,None,Unavailable,NoWallInView,,,,-0.06833964,1.05849457,-0.0002680272,0.0229107719,0.116928324,-0.00534027861,0.992861748,0,0,0,0,0,0,219451.22550723903,219451.22550723903,0.030233489989768714
10.670030418646201,bb263046,SessionTracking,Tracking,30.061779,30.1919136,1,0.035575624991906807,0.261041671,0.6010417,1,160x90 DepthUint16,"centre=0 min=291 max=27500 hex=0000 0000 0000 0EE7 0684","centre=1824 min=1771 max=2609 hex=0709 070C 0720 0759 0801",0,0,0,,0,,,None,Unavailable,NoWallUnderCrosshair,,,,"only 0 valid depth samples under crosshair (441 no-data, 0 out-of-range, 0 low-confidence)",0,,,None,Unavailable,NoWallInView,,,,-0.07177444,1.05965316,0.000229254365,0.0234976374,0.115912437,-0.00569817424,0.9929651,0,0,0,0,0,0,219451.25882786603,219451.25882786603,0.0355253639863804
10.70545802266235,bb263046,SessionTracking,Tracking,30.0624962,30.1919136,1,0.034762656025122851,0.291805565,0.594583333,1,160x90 DepthUint16,"centre=0 min=292 max=29145 hex=0000 0000 0000 0F2D 0000","centre=1418 min=1198 max=2110 hex=0535 054B 058A 05DB 06C8",0,0,0,,0,,,None,Unavailable,NoWallUnderCrosshair,,,,"only 0 valid depth samples under crosshair (441 no-data, 0 out-of-range, 0 low-confidence)",0,,,None,Unavailable,NoWallInView,,,,-0.0742616057,1.05973613,-0.0006641969,0.0233779456,0.115663253,-0.00544390129,0.9929984,0,0,0,0,0,0,219451.292154949,219451.292154949,0.034687396022491157
10.735257970643142,bb263046,SessionTracking,Tracking,30.06315,30.1919136,1,0.029137968987924978,0.292291671,0.5931944,1,160x90 DepthUint16,"centre=0 min=294 max=29148 hex=0000 0000 0000 0F24 0000","centre=1490 min=1278 max=2071 hex=058B 059C 05D2 0611 06BA",0,0,0,,0,,,None,Unavailable,NoWallUnderCrosshair,,,,"only 0 valid depth samples under crosshair (441 no-data, 0 out-of-range, 0 low-confidence)",0,,,None,Unavailable,NoWallInView,,,,-0.0768865943,1.05978823,-0.001600191,0.0232508741,0.115581408,-0.004887074,0.993013859,0,0,0,0,0,0,219451.32548203302,219451.32548203302,0.029090625001117587
10.767070418639486,bb263046,SessionTracking,Tracking,30.0638943,30.1919136,1,0.031328905984992161,0.290694445,0.5843056,1,160x90 DepthUint16,"centre=0 min=296 max=29151 hex=0000 0000 0000 0F1E 0000","centre=1599 min=1380 max=2106 hex=0600 060E 063F 0674 06F0",0,0,0,,0,,,None,Unavailable,NoWallUnderCrosshair,,,,"only 0 valid depth samples under crosshair (441 no-data, 0 out-of-range, 0 low-confidence)",0,,,None,Unavailable,NoWallInView,,,,-0.079569675,1.06006455,-0.00212161243,0.0231576767,0.115618177,-0.00463077473,0.993012965,0,0,0,0,0,0,219451.35880320403,219451.35880320403,0.031284218974178657
10.806025783656077,bb263046,SessionTracking,Tracking,30.0636234,30.1919136,1,0.038444063015049323,0.2892361,0.59625,1,160x90 DepthUint16,"centre=0 min=296 max=29152 hex=0000 0000 0000 0F14 0000","centre=1455 min=1258 max=1914 hex=0574 0583 05AF 05EC 06A2",0,0,0,,0,,,None,Unavailable,NoWallUnderCrosshair,,,,"only 0 valid depth samples under crosshair (441 no-data, 0 out-of-range, 0 low-confidence)",0,,,None,Unavailable,NoWallInView,,,,-0.08214906,1.06024313,-0.003048189,0.0229624324,0.115439862,-0.00435724854,0.9930395,0,0,0,0,0,0,219451.39213028701,219451.39213028701,0.038395156996557489
10.837233960665907,bb263046,SessionTracking,Tracking,30.0639248,30.1919136,1,0.030562396015739068,0.32875,0.6240278,1,160x90 DepthUint16,"centre=0 min=298 max=30903 hex=0000 0000 0000 0F0A 0000","centre=3434 min=1881 max=3551 hex=0DA4 0D97 0D6A 0C90 081F",0,0,0,,0,,,None,Unavailable,NoWallUnderCrosshair,,,,"only 0 valid depth samples under crosshair (441 no-data, 0 out-of-range, 0 low-confidence)",0,,,None,Unavailable,NoWallInView,,,,-0.08461541,1.06056118,-0.00404330343,0.02287253,0.114811338,-0.00403401256,0.9931158,0,0,0,0,0,0,219451.42545737102,219451.42545737102,0.030473959021037444
10.868476095646765,bb263046,SessionTracking,Tracking,30.0643082,30.1919136,1,0.030728698009625077,0.3276389,0.6490972,1,160x90 DepthUint16,"centre=0 min=300 max=30889 hex=0000 0000 0000 0EFC 0000","centre=18846 min=3918 max=22017 hex=51EA 4E60 499E 4072 169B",0,0,0,,0,,,None,Unavailable,NoWallUnderCrosshair,,,,"only 0 valid depth samples under crosshair (441 no-data, 0 out-of-range, 0 low-confidence)",0,,,None,Unavailable,NoWallInView,,,,-0.0869278759,1.06119263,-0.005041808,0.0224702377,0.113947108,-0.00410130667,0.993224263,0,0,0,0,0,0,219451.45879541303,219451.45879541303,0.030681145988637581
10.900243022662034,bb263046,SessionTracking,Tracking,30.068306,30.1919136,1,0.031264896009815857,0.328333348,0.6957639,1,160x90 DepthUint16,"centre=0 min=302 max=30863 hex=0000 0000 0000 0EEA 0000","centre=18317 min=3616 max=20993 hex=4F5A 4BEC 478D 3EAF 1572",0,0,0,,0,,,None,Unavailable,NoWallUnderCrosshair,,,,"only 0 valid depth samples under crosshair (441 no-data, 0 out-of-range, 0 low-confidence)",0,,,None,Unavailable,NoWallInView,,,,-0.08926591,1.0615927,-0.00641795248,0.0216102917,0.11252702,-0.004149199,0.993405,0,0,0,0,0,0,219451.492122496,219451.492122496,0.031216458010021597
10.933533595650369,bb263046,SessionTracking,Tracking,30.06427,30.1919136,1,0.032819635001942515,0.330625,0.6201389,1,160x90 DepthUint16,"centre=0 min=304 max=30950 hex=0000 0000 0000 0EDC 06BA","centre=19076 min=3677 max=21356 hex=51D8 4EB1 4A84 41AB 162C",0,0,0,,0,,,None,Unavailable,NoWallUnderCrosshair,,,,"only 0 valid depth samples under crosshair (441 no-data, 0 out-of-range, 0 low-confidence)",0,,,None,Unavailable,NoWallInView,,,,-0.09162184,1.06204522,-0.007739395,0.0210653469,0.110838,-0.00402620435,0.993607044,0,0,0,0,0,0,219451.52544958002,219451.52544958002,0.032775677012978122
10.967656616653693,bb263046,SessionTracking,Tracking,30.0674152,30.1919136,1,0.033509792003314942,0.366875,0.5800694,1,160x90 DepthUint16,"centre=0 min=305 max=33666 hex=0000 0000 0000 0EE4 0000","centre=25476 min=12610 max=42317 hex=685D 6678 6384 63FB 595C",0,0,0,,0,,,None,Unavailable,NoWallUnderCrosshair,,,,"only 0 valid depth samples under crosshair (439 no-data, 0 out-of-range, 2 low-confidence)",0,,,None,Unavailable,NoWallInView,,,,-0.0940438956,1.06220782,-0.008323438,0.0207401421,0.10946054,-0.00384268188,0.9937673,0,0,0,0,0,0,219451.558620108,219451.558620108,0.033454582997364923
11.000084533655462,bb263046,SessionTracking,Tracking,30.068409,30.1919136,1,0.031925782008329406,0.365833342,0.604652762,1,160x90 DepthUint16,"centre=0 min=307 max=33716 hex=0000 0000 0000 0EEE 0000","centre=26087 min=16384 max=42066 hex=6AA1 6880 65E7 665E 5A0B",0,0,0,,0,,,None,Unavailable,NoWallUnderCrosshair,,,,"only 0 valid depth samples under crosshair (439 no-data, 0 out-of-range, 2 low-confidence)",0,,,None,Unavailable,NoWallInView,,,,-0.096599564,1.06260228,-0.009578228,0.0203656536,0.108272262,-0.00374731445,0.9939056,0,0,0,0,0,0,219451.59194719102,219451.59194719102,0.03187583401449956
11.032786824661452,bb263046,SessionTracking,Tracking,30.0692215,30.1561661,1,0.03219541601720266,0.374861121,0.5318056,1,160x90 DepthUint16,"centre=0 min=309 max=31440 hex=0000 0000 0000 0F0B 06C2","centre=26417 min=17685 max=42363 hex=6BBB 6A1A 6731 66AB 586E",0,0,0,,0,,,None,Unavailable,NoWallUnderCrosshair,,,,"only 0 valid depth samples under crosshair (439 no-data, 0 out-of-range, 2 low-confidence)",0,,,None,Unavailable,NoWallInView,,,,-0.0991440341,1.06292284,-0.011016883,0.0194237418,0.10668084,-0.003846079,0.99409616,0,0,0,0,0,0,219451.62527427502,219451.62527427502,0.032141927018528804
11.0714425536654,bb263046,SessionTracking,Tracking,30.0767345,30.1561661,1,0.038144114019814879,0.3686111,0.5251389,1,160x90 DepthUint16,"centre=0 min=311 max=33375 hex=0000 0000 0000 0F2B 06C3","centre=26174 min=17228 max=40496 hex=6918 6831 663E 68E2 6E87",0,0,0,,0,,,None,Unavailable,NoWallUnderCrosshair,,,,"only 0 valid depth samples under crosshair (441 no-data, 0 out-of-range, 0 low-confidence)",0,,,None,Unavailable,NoWallInView,,,,-0.101614185,1.06319821,-0.0125003979,0.0183608644,0.104983345,-0.0038728416,0.9942969,0,0,0,0,0,0,219451.658401307,219451.658401307,0.038092187023721635
11.102397762654727,bb263046,SessionTracking,Tracking,30.0632,30.1561661,1,0.029971823008963838,0.4025,0.51784724,1,160x90 DepthUint16,"centre=0 min=313 max=33529 hex=0000 0000 0000 0F45 0000","centre=25774 min=12690 max=37885 hex=6842 6723 64AE 67FA 6D90",0,0,0,,0,,,None,Unavailable,NoWallUnderCrosshair,,,,"only 0 valid depth samples under crosshair (441 no-data, 0 out-of-range, 0 low-confidence)",0,,,None,Unavailable,NoWallInView,,,,-0.104431294,1.06353986,-0.0138543546,0.0178016778,0.10404291,-0.00349751138,0.994407356,0,0,0,0,0,0,219451.69172839003,219451.69172839003,0.029843333992175758
11.143484376641135,bb263046,SessionTracking,Tracking,30.06861,30.1561661,1,0.040589896001620218,0.4015278,0.536944449,1,160x90 DepthUint16,"centre=0 min=315 max=33501 hex=0000 0000 0000 0F57 0000","centre=25150 min=11562 max=39116 hex=65C7 64AC 623E 6573 6BBE",0,0,0,,0,,,None,Unavailable,NoWallUnderCrosshair,,,,"only 0 valid depth samples under crosshair (441 no-data, 0 out-of-range, 0 low-confidence)",0,,,None,Unavailable,NoWallInView,,,,-0.107247323,1.06386673,-0.0151574314,0.0174658168,0.102927387,-0.00303998613,0.994530857,0,0,0,0,0,0,219451.725055474,219451.725055474,0.040542343980632722
11.176900887637311,bb263046,SessionTracking,Tracking,30.0737381,30.1561661,1,0.032554843986872584,0.405833334,0.535833359,1,160x90 DepthUint16,"centre=0 min=315 max=30450 hex=0000 0000 0000 0F70 0000","centre=20112 min=13380 max=41676 hex=52C4 51BA 4E90 54AF 7456",0,0,0,,0,,,None,Unavailable,NoWallUnderCrosshair,,,,"only 0 valid depth samples under crosshair (441 no-data, 0 out-of-range, 0 low-confidence)",0,,,None,Unavailable,NoWallInView,,,,-0.109870538,1.06374037,-0.014878504,0.0171401333,0.101751246,-0.0029074254,0.994657934,0,0,0,0,0,0,219451.75829731,219451.75829731,0.032443229982163757
11.205133282645983,bb263046,SessionTracking,Tracking,30.063179,30.1561661,1,0.027641927008517087,0.4045139,0.51875,1,160x90 DepthUint16,"centre=0 min=318 max=30442 hex=0000 0000 0000 0F85 0000","centre=18047 min=12484 max=40357 hex=4BA2 4A1B 467F 4CF0 6D96",0,0,0,,0,,,None,Unavailable,NoWallUnderCrosshair,,,,"only 0 valid depth samples under crosshair (441 no-data, 0 out-of-range, 0 low-confidence)",0,,,None,Unavailable,NoWallInView,,,,-0.112451173,1.06395876,-0.01604785,0.0172692575,0.09908724,-0.00283420086,0.9949249,0,0,0,0,0,0,219451.79162439302,219451.79162439302,0.027595207997364923
11.237518803661368,bb263046,SessionTracking,Tracking,30.0697327,30.1561661,1,0.0319068230164703,0.447013885,0.5343056,1,160x90 DepthUint16,"centre=0 min=321 max=36558 hex=0000 0000 0000 1D88 0000","centre=17268 min=11830 max=38286 hex=4838 462B 4374 4B16 7172",0,0,0,,0,,,None,Unavailable,NoWallUnderCrosshair,,,,"only 0 valid depth samples under crosshair (441 no-data, 0 out-of-range, 0 low-confidence)",0,,,None,Unavailable,NoWallInView,,,,-0.114720643,1.06424284,-0.017100662,0.01854738,0.094552055,-0.002725512,0.9953434,0,0,0,0,0,0,219451.824951477,219451.824951477,0.031857968016993254
11.269402605664363,bb263046,SessionTracking,Tracking,30.0653458,30.1561661,1,0.031395573023473844,0.449375,0.5740278,1,160x90 DepthUint16,"centre=0 min=323 max=36778 hex=0000 0000 0000 1DB3 0000","centre=15883 min=13133 max=40362 hex=4066 3FC6 3E0B 406E 3E12",0,0,0,,0,,,None,Unavailable,NoWallUnderCrosshair,,,,"only 0 valid depth samples under crosshair (441 no-data, 0 out-of-range, 0 low-confidence)",0,,,None,Unavailable,NoWallInView,,,,-0.11608433,1.06435466,-0.0171893239,0.0204903465,0.08937993,-0.002794266,0.9957829,0,0,0,0,0,0,219451.85897523802,219451.85897523802,0.03134718700312078
11.302743907647818,bb263046,SessionTracking,Tracking,30.06648,30.1561661,1,0.03284364499268122,0.4617361,0.566041648,1,160x90 DepthUint16,"centre=0 min=326 max=36062 hex=0000 0000 0000 1DB9 0000","centre=16753 min=11489 max=40654 hex=4342 428A 4171 42E8 3D4C",0,0,0,,0,,,None,Unavailable,NoWallUnderCrosshair,,,,"only 0 valid depth samples under crosshair (441 no-data, 0 out-of-range, 0 low-confidence)",0,,,None,Unavailable,NoWallInView,,,,-0.118112892,1.06469882,-0.0181108862,0.0227226187,0.08167784,-0.003042907,0.9963951,0,0,0,0,0,0,219451.892302321,219451.892302321,0.032797811989439651
11.333758751637214,bb263046,SessionTracking,Tracking,30.0669212,30.1561661,1,0.030431770981522277,0.459027767,0.56805557,1,160x90 DepthUint16,"centre=0 min=328 max=32745 hex=0000 0000 0000 0000 0852","centre=14967 min=10955 max=38881 hex=3B16 3AED 3A77 3CC8 3D4A",0,0,0,,0,,,None,Unavailable,NoWallUnderCrosshair,,,,"only 0 valid depth samples under crosshair (441 no-data, 0 out-of-range, 0 low-confidence)",0,,,None,Unavailable,NoWallInView,,,,-0.119811438,1.06510949,-0.0192122459,0.0246807858,0.07084743,-0.003757656,0.9971747,0,0,0,0,0,0,219451.925629405,219451.925629405,0.030383540986804292
11.365633595655817,bb263046,SessionTracking,Tracking,30.06418,30.1561661,1,0.031322499999077991,0.4473611,0.475972235,1,160x90 DepthUint16,"centre=0 min=333 max=29351 hex=0000 0000 0000 0000 07D5","centre=3455 min=1822 max=3510 hex=0D9A 0D97 0D7F 0CA9 07EF",0,0,0,,0,,,None,Unavailable,NoWallUnderCrosshair,,,,"only 0 valid depth samples under crosshair (441 no-data, 0 out-of-range, 0 low-confidence)",0,,,None,Unavailable,NoWallInView,,,,-0.125266522,1.06811142,-0.021420911,0.02666292,0.0591694079,-0.00329935551,0.9978864,0,0,0,0,0,0,219451.96078737502,219451.96078737502,0.031273386004613712
11.40956906465828,bb263046,SessionTracking,Tracking,30.0673447,30.1561661,1,0.043412447994342074,0.44979167,0.4072222,1,160x90 DepthUint16,"centre=0 min=339 max=33488 hex=22A3 0000 0000 0000 0489","centre=2793 min=1707 max=2835 hex=0B07 0B01 0AE9 0A57 073E",0,0,0,,0,,,None,Unavailable,NoWallUnderCrosshair,,,,"only 0 valid depth samples under crosshair (441 no-data, 0 out-of-range, 0 low-confidence)",0,,,None,Unavailable,NoWallInView,,,,-0.128010258,1.06853974,-0.0228572935,0.02802112,0.0474719852,-0.00228130817,0.998476863,0,0,0,0,0,0,219451.994114458,219451.994114458,0.043367239995859563
11.437114220644725,bb263046,SessionTracking,Tracking,30.0656776,30.1561661,1,0.026693594001699239,0.432361126,0.40965277,1,160x90 DepthUint16,"centre=0 min=342 max=32955 hex=1E75 0000 0000 0000 01B0","centre=3167 min=1758 max=3215 hex=0C7E 0C7C 0C5F 0BA2 0792",0,0,0,,0,,,None,Unavailable,NoWallUnderCrosshair,,,,"only 0 valid depth samples under crosshair (441 no-data, 0 out-of-range, 0 low-confidence)",0,,,None,Unavailable,NoWallInView,,,,-0.131655857,1.068916,-0.0247445628,0.02886393,0.0390334465,-0.000251591235,0.998820961,0,0,0,0,0,0,219452.027441542,219452.027441542,0.026580676989397034
11.469534272656455,bb263046,SessionTracking,Tracking,30.0650387,30.1561661,1,0.031875207991106436,0.422013879,0.4345139,1,160x90 DepthUint16,"centre=0 min=348 max=25800 hex=1D49 0000 0000 0769 01D7","centre=5247 min=2219 max=5305 hex=1434 1459 147F 139D 0AB0",0,0,0,,0,,,None,Unavailable,NoWallUnderCrosshair,,,,"only 0 valid depth samples under crosshair (441 no-data, 0 out-of-range, 0 low-confidence)",0,,,None,Unavailable,NoWallInView,,,,-0.139530778,1.07593322,-0.02976625,0.0295439288,0.03309291,0.00188159943,0.9990138,0,0,0,0,0,0,219452.06167536802,219452.06167536802,0.031827552011236548
11.50468838765766,bb263046,SessionTracking,Tracking,30.0615883,30.1561661,1,0.034555104997707531,0.453680545,0.580694437,1,160x90 DepthUint16,"centre=0 min=364 max=36442 hex=1D3E 0000 0000 076C 01FE","centre=5494 min=2105 max=5559 hex=154C 1568 1576 1457 0A91",0,0,0,,0,,,None,Unavailable,NoWallUnderCrosshair,,,,"only 0 valid depth samples under crosshair (433 no-data, 0 out-of-range, 8 low-confidence)",0,,,None,Unavailable,NoWallInView,,,,-0.144526392,1.07648814,-0.03233089,0.02917643,0.0298537519,0.003606439,0.9991219,0,0,0,0,0,0,219452.095002451,219452.095002451,0.034489479992771521
11.5364060436633,bb263046,SessionTracking,Tracking,30.0671139,30.1561661,1,0.031025781005155295,0.448819458,0.5370139,1,160x90 DepthUint16,"centre=0 min=367 max=33082 hex=1CF3 0000 0000 0772 0209","centre=5545 min=2142 max=5598 hex=157D 159A 15A9 1495 0AD4",0,0,0,,0,,,None,Unavailable,NoWallUnderCrosshair,,,,"only 0 valid depth samples under crosshair (424 no-data, 0 out-of-range, 17 low-confidence)",0,,,None,Unavailable,NoWallInView,,,,-0.14937754,1.07735658,-0.0350381956,0.0300168786,0.0277032237,0.004266411,0.999156356,0,0,0,0,0,0,219452.12832953501,219452.12832953501,0.030933021014789119
11.566924220657819,bb263046,SessionTracking,Tracking,30.0643272,30.1561661,1,0.029969010996865109,0.441180557,0.4992361,1,160x90 DepthUint16,"centre=0 min=371 max=25912 hex=1C57 0000 0000 0778 0217","centre=3548 min=1777 max=3611 hex=0E0D 0E05 0DDC 0CEC 07CC",0,0,0,,0,,,None,Unavailable,NoWallUnderCrosshair,,,,"only 0 valid depth samples under crosshair (423 no-data, 0 out-of-range, 18 low-confidence)",0,,,None,Unavailable,NoWallInView,,,,-0.15342921,1.08321416,-0.03810449,0.0311222933,0.02536435,0.00359520316,0.999187231,0,0,0,0,0,0,219452.16258534903,219452.16258534903,0.029914792015915737
11.603411772645922,bb263046,SessionTracking,Tracking,30.0650082,30.1561661,1,0.035911926999688148,0.464722216,0.5476389,1,160x90 DepthUint16,"centre=0 min=387 max=29780 hex=1C65 0000 0000 077D 0302","centre=3151 min=1674 max=3195 hex=0C76 0C71 0C4F 0B83 0735",0,0,0,,0,,,None,Unavailable,NoWallUnderCrosshair,,,,"only 0 valid depth samples under crosshair (405 no-data, 0 out-of-range, 36 low-confidence)",0,,,None,Unavailable,NoWallInView,,,,-0.157252118,1.08455014,-0.0420696922,0.029834263,0.02075835,0.00198438764,0.9993373,0,0,0,0,0,0,219452.195912432,219452.195912432,0.035864687990397215
11.631421876642998,bb263046,SessionTracking,Tracking,30.0654659,30.1561661,1,0.02747739598271437,0.4538889,0.553333342,1,160x90 DepthUint16,"centre=0 min=392 max=27360 hex=0000 0000 0000 0784 0314","centre=2941 min=1704 max=2984 hex=0BA2 0B9C 0B7D 0AD3 0744",0,0,0,,0,,,None,Unavailable,NoWallUnderCrosshair,,,,"only 0 valid depth samples under crosshair (397 no-data, 0 out-of-range, 44 low-confidence)",0,,,None,Unavailable,NoWallInView,,,,-0.160743743,1.08605027,-0.0463484153,0.02857057,0.0144116757,0.0005820692,0.999487758,0,0,0,0,0,0,219452.22923951602,219452.22923951602,0.027426197979366407
11.667806459657294,bb263046,SessionTracking,Tracking,30.06635,30.1561661,1,0.035864842997398227,0.446319431,0.5459028,1,160x90 DepthUint16,"centre=0 min=393 max=26268 hex=0000 0000 0000 08F0 031C","centre=3177 min=1715 max=3216 hex=0C89 0C89 0C69 0BA1 076D",0,0,0,,0,,,None,Unavailable,NoWallUnderCrosshair,,,,"only 0 valid depth samples under crosshair (388 no-data, 0 out-of-range, 53 low-confidence)",0,,,None,Unavailable,NoWallInView,,,,-0.158569008,1.08835185,-0.0490110181,0.0273872744,0.009062488,-0.000253051548,0.9995838,0,0,0,0,0,0,219452.262591862,219452.262591862,0.035815364011796191
11.698320991658983,bb263046,SessionTracking,Tracking,30.0655,30.1561661,1,0.029948230017907917,0.4670139,0.60152775,1,160x90 DepthUint16,"centre=0 min=398 max=31728 hex=02FB 0000 0000 0B61 0487","centre=2829 min=1444 max=2902 hex=0B53 0B44 0B0D 0A31 0639",0,0,0,,0,,,None,Unavailable,NoWallUnderCrosshair,,,,"only 0 valid depth samples under crosshair (369 no-data, 0 out-of-range, 72 low-confidence)",0,,,None,Unavailable,NoWallInView,,,,-0.1621264,1.09017682,-0.05276835,0.02661087,0.0045233923,-0.0002883077,0.999635637,0,0,0,0,0,0,219452.29591894502,219452.29591894502,0.029895000014221296
11.733296251660358,bb263046,SessionTracking,Tracking,30.0662041,30.1561661,1,0.034455156011972576,0.457222223,0.549861133,1,160x90 DepthUint16,"centre=0 min=401 max=31686 hex=02FF 0000 0000 0DFB 0C83","centre=2593 min=1391 max=2656 hex=0A5C 0A50 0A21 0961 05F6",0,0,0,,0,,,None,Unavailable,NoWallUnderCrosshair,,,,"only 0 valid depth samples under crosshair (360 no-data, 0 out-of-range, 81 low-confidence)",0,,,None,Unavailable,NoWallInView,,,,-0.165411979,1.09219742,-0.05606714,0.0272180084,-0.00132867333,-0.0005764664,0.9996285,0,0,0,0,0,0,219452.32924602902,219452.32924602902,0.034401406010147184
11.766780574639705,bb263046,SessionTracking,Tracking,30.0669079,30.1561661,1,0.032934582995949313,0.443819433,0.472638875,1,160x90 DepthUint16,"centre=0 min=405 max=31639 hex=0302 0000 0000 0E5A 0626","centre=2190 min=1357 max=2265 hex=08C3 08B6 088E 0806 05B8",0,0,0,,0,,,None,Unavailable,NoWallUnderCrosshair,,,,"only 0 valid depth samples under crosshair (327 no-data, 0 out-of-range, 114 low-confidence)",0,,,None,Unavailable,NoWallInView,,,,-0.172793016,1.09183848,-0.0591497049,0.0281995945,-0.00778326672,-0.0004273355,0.9995719,0,0,0,0,0,0,219452.362383191,219452.362383191,0.032880259997909889
11.798634376647096,bb263046,SessionTracking,Tracking,30.0668125,30.1561661,1,0.031293072999687865,0.466111124,0.426041663,1,160x90 DepthUint16,"centre=0 min=409 max=31588 hex=0000 0000 0000 0FD0 0645","centre=868 min=863 max=1324 hex=0360 035F 0364 0390 04BA",0,0,0,,0,,,None,Unavailable,NoWallUnderCrosshair,,,,"only 0 valid depth samples under crosshair (293 no-data, 0 out-of-range, 148 low-confidence)",0,,,None,Unavailable,NoWallInView,,,,-0.1764229,1.09361637,-0.06210483,0.0281708743,-0.0124337152,-0.000333756238,0.9995257,0,0,0,0,0,0,219452.39571027402,219452.39571027402,0.031246405997080728
11.830902709663059,bb263046,SessionTracking,Tracking,30.0665245,30.1561661,1,0.031621614005416632,0.463680565,0.38729167,1,160x90 DepthUint16,"centre=0 min=411 max=32791 hex=0000 0000 0000 0E58 0549","centre=868 min=862 max=1327 hex=0360 035F 0364 0392 04C9",0,0,0,,0,,,None,Unavailable,NoWallUnderCrosshair,,,,"only 0 valid depth samples under crosshair (276 no-data, 0 out-of-range, 165 low-confidence)",0,,,None,Unavailable,NoWallInView,,,,-0.180093542,1.0954541,-0.06459339,0.0292930063,-0.01610349,1.770258E-05,0.9994412,0,0,0,0,0,0,219452.429037358,219452.429037358,0.031570781022310257
11.869624011663399,bb263046,SessionTracking,Tracking,30.0678444,30.1561661,1,0.038198281021323055,0.4575,0.376805544,1,160x90 DepthUint16,"centre=0 min=414 max=31553 hex=0000 0000 0000 0EDB 052F","centre=855 min=849 max=1329 hex=0352 0352 0357 0388 04CD",0,0,0,,0,,,None,Unavailable,NoWallUnderCrosshair,,,,"only 0 valid depth samples under crosshair (269 no-data, 0 out-of-range, 172 low-confidence)",0,,,None,Unavailable,NoWallInView,,,,-0.187762186,1.09450662,-0.0673752353,0.0302549675,-0.0189092457,0.000394701958,0.999363244,0,0,0,0,0,0,219452.46227070902,219452.46227070902,0.038153802015585825
11.903316043645754,bb263046,SessionTracking,Tracking,30.0654,30.1561661,1,0.032841249980265275,0.480486125,0.377708346,1,160x90 DepthUint16,"centre=0 min=416 max=38177 hex=0000 0000 0000 0FCA 0526","centre=881 min=875 max=1366 hex=036C 036B 0371 03A4 04F5",0,0,0,,0,,,None,Unavailable,NoWallUnderCrosshair,,,,"only 0 valid depth samples under crosshair (245 no-data, 0 out-of-range, 196 low-confidence)",0,,,None,Unavailable,NoWallInView,,,,-0.191831082,1.09590781,-0.0693805,0.03031617,-0.0195663664,0.000128746047,0.9993489,0,0,0,0,0,0,219452.495597792,219452.495597792,0.032721145980758592
11.931532032650574,bb263046,SessionTracking,Tracking,30.065834,30.1561661,1,0.0277039060019888,0.485208333,0.377638876,1,160x90 DepthUint16,"centre=0 min=417 max=36169 hex=0000 0000 0000 0FF5 0527","centre=897 min=891 max=1367 hex=037C 037B 0381 03B1 04F6",0,0,0,,0,,,None,Unavailable,NoWallUnderCrosshair,,,,"only 0 valid depth samples under crosshair (245 no-data, 0 out-of-range, 196 low-confidence)",0,,,None,Unavailable,NoWallInView,,,,-0.195913643,1.097065,-0.07107916,0.0296204835,-0.0193843525,-0.0003817678,0.9993732,0,0,0,0,0,0,219452.528924876,219452.528924876,0.027658489008899778
11.9710461476435,bb263046,SessionTracking,Tracking,30.0627956,30.1561661,1,0.03894864598987624,0.489583343,0.374097228,1,160x90 DepthUint16,"centre=0 min=419 max=36126 hex=0000 0000 0000 0FC1 0528","centre=14683 min=12365 max=18778 hex=38B0 3910 395B 3A19 3B8E",0,0,0,,0,,,None,Unavailable,NoWallUnderCrosshair,,,,"only 0 valid depth samples under crosshair (245 no-data, 0 out-of-range, 196 low-confidence)",0,,,None,Unavailable,NoWallInView,,,,-0.193023741,1.094449,-0.07219952,0.0292077828,-0.0186100863,-0.0012587012,0.9993993,0,0,0,0,0,0,219452.56281350902,219452.56281350902,0.038900468993233517
12.002068438662826,bb263046,SessionTracking,Tracking,30.0666275,30.1561661,1,0.030243957997299731,0.4913889,0.381319433,1,160x90 DepthUint16,"centre=0 min=420 max=36040 hex=0000 0000 0000 0FBE 0526","centre=14690 min=11979 max=18549 hex=38CB 3922 3962 3A02 3AD1",0,0,0,,0,,,None,Unavailable,NoWallUnderCrosshair,,,,"only 0 valid depth samples under crosshair (245 no-data, 0 out-of-range, 196 low-confidence)",0,,,None,Unavailable,NoWallInView,,,,-0.196899369,1.09529519,-0.07309832,0.0295592,-0.0181882363,-0.00106593978,0.999397,0,0,0,0,0,0,219452.596140592,219452.596140592,0.030140364018734545
12.033491407645778,bb263046,SessionTracking,Tracking,30.0640926,29.978878,1,0.030834582983516157,0.524375,0.371805549,1,160x90 DepthUint16,"centre=0 min=423 max=38488 hex=0000 0000 0000 0E7E 0526","centre=14686 min=12047 max=18158 hex=38CC 391C 395E 39D2 3917",0,0,0,,0,,,None,Unavailable,NoWallUnderCrosshair,,,,"only 0 valid depth samples under crosshair (225 no-data, 0 out-of-range, 216 low-confidence)",0,,,None,Unavailable,NoWallInView,,,,-0.201036617,1.0960815,-0.0737575442,0.0301733632,-0.0170677211,-0.000518143235,0.9993988,0,0,0,0,0,0,219452.62946767602,219452.62946767602,0.030766405980102718
12.065179376638406,bb263046,SessionTracking,Tracking,30.0633049,29.978878,1,0.031141770974500105,0.5233333,0.390972227,1,160x90 DepthUint16,"centre=0 min=426 max=38452 hex=0000 0000 0000 0EC5 052C","centre=3204 min=1986 max=3290 hex=0C82 0C95 0C84 0BD7 0907",0,0,0,,0,,,None,Unavailable,NoWallUnderCrosshair,,,,"only 0 valid depth samples under crosshair (225 no-data, 0 out-of-range, 216 low-confidence)",0,,,None,Unavailable,NoWallInView,,,,-0.199277252,1.09643006,-0.07565622,0.030725887,-0.0147440592,-3.46899069E-05,0.9994191,0,0,0,0,0,0,219452.663880523,219452.663880523,0.031094270991161466
12.103197240657318,bb263046,SessionTracking,Tracking,30.06217,29.978878,1,0.037500677019124851,0.5264583,0.411597222,1,160x90 DepthUint16,"centre=0 min=426 max=38431 hex=0000 0000 0000 0E78 052C","centre=3198 min=1982 max=3285 hex=0C7C 0C8F 0C7E 0BD3 0908",0,0,0,,0,,,None,Unavailable,NoWallUnderCrosshair,,,,"only 0 valid depth samples under crosshair (225 no-data, 0 out-of-range, 216 low-confidence)",0,,,None,Unavailable,NoWallInView,,,,-0.203359246,1.09699965,-0.0762236044,0.0308289472,-0.0136861289,0.0007322729,0.9994307,0,0,0,0,0,0,219452.69720760602,219452.69720760602,0.037453905999427661
12.134068282649531,bb263046,SessionTracking,Tracking,30.0610924,29.978878,1,0.030281874991487712,0.5322222,0.4145139,1,160x90 DepthUint16,"centre=0 min=427 max=38400 hex=0000 0000 0000 0E24 052D","centre=3141 min=1969 max=3240 hex=0C36 0C4E 0C45 0BA6 08FB",0,0,0,,0,,,None,Unavailable,NoWallUnderCrosshair,,,,"only 0 valid depth samples under crosshair (225 no-data, 0 out-of-range, 216 low-confidence)",0,,,None,Unavailable,NoWallInView,,,,-0.207505777,1.09756339,-0.0767800659,0.0307883136,-0.01241096,0.00135859847,0.999447942,0,0,0,0,0,0,219452.73053469002,219452.73053469002,0.030223020992707461
12.167951095653843,bb263046,SessionTracking,Tracking,30.0607586,29.978878,1,0.033278907008934766,0.5619444,0.393263876,1,160x90 DepthUint16,"centre=0 min=429 max=38364 hex=0000 0000 0000 0DFA 052E","centre=2548 min=2528 max=3806 hex=09F4 09FF 09F4 0A0D 0C77",0,0,0,,0,,,None,Unavailable,NoWallUnderCrosshair,,,,"only 0 valid depth samples under crosshair (213 no-data, 0 out-of-range, 228 low-confidence)",0,,,None,Unavailable,NoWallInView,,,,-0.213604167,1.09866393,-0.07822497,0.0308822747,-0.01071092,0.002144665,0.9994634,0,0,0,0,0,0,219452.76515609602,219452.76515609602,0.033231406996492296
12.2055167206646,bb263046,SessionTracking,Tracking,30.0604458,29.978878,1,0.037065261014504358,0.5627083,0.364513874,1,160x90 DepthUint16,"centre=0 min=431 max=38367 hex=0B70 0000 0000 0DFB 052D","centre=2561 min=2529 max=3851 hex=09F8 0A09 0A01 0A1C 0C9F",0,0,0,,0,,,None,Unavailable,NoWallUnderCrosshair,,,,"only 0 valid depth samples under crosshair (207 no-data, 0 out-of-range, 234 low-confidence)",0,,,None,Unavailable,NoWallInView,,,,-0.217717454,1.09935164,-0.078692466,0.0310392473,-0.0106201926,0.0024352672,0.9994588,0,0,0,0,0,0,219452.798483179,219452.798483179,0.0370209900138434
12.237386147645447,bb263046,SessionTracking,Tracking,30.0540657,29.978878,1,0.03101588599383831,0.5640972,0.3578472,1,160x90 DepthUint16,"centre=0 min=432 max=38340 hex=0B72 0000 0000 0EF0 052E","centre=2556 min=2526 max=3840 hex=09F5 0A05 09FC 0A17 0C96",0,0,0,,0,,,None,Unavailable,NoWallUnderCrosshair,,,,"only 0 valid depth samples under crosshair (216 no-data, 0 out-of-range, 225 low-confidence)",0,,,None,Unavailable,NoWallInView,,,,-0.22194621,1.10006773,-0.0792209059,0.0308257658,-0.009715142,0.00264588,0.999474049,0,0,0,0,0,0,219452.83181026301,219452.83181026301,0.030892916984157637
12.268840001642383,bb263046,SessionTracking,Tracking,30.0663376,29.978878,1,0.030946510989451781,0.5671528,0.394722223,1,160x90 DepthUint16,"centre=0 min=426 max=38285 hex=0000 0000 0000 0ED0 0530","centre=8566 min=7178 max=11281 hex=2349 22D2 2176 1FDA 1FCB",0,0,0,,0,,,None,Unavailable,NoWallUnderCrosshair,,,,"only 0 valid depth samples under crosshair (214 no-data, 0 out-of-range, 227 low-confidence)",0,,,None,Unavailable,NoWallInView,,,,-0.219123587,1.09981513,-0.07424578,0.0305759143,-0.007914521,0.00247275853,0.999498069,0,0,0,0,0,0,219452.86503850302,219452.86503850302,0.030896249983925372
12.308339740652736,bb263046,SessionTracking,Tracking,30.0591736,29.978878,1,0.03888958299648948,0.595,0.398055553,1,160x90 DepthUint16,"centre=0 min=428 max=38249 hex=0B6F 0000 0000 0EE7 0532","centre=8634 min=7358 max=12111 hex=2386 2315 21BA 2067 22C8",0,0,0,,0,,,None,Unavailable,NoWallUnderCrosshair,,,,"only 0 valid depth samples under crosshair (213 no-data, 0 out-of-range, 228 low-confidence)",0,,,None,Unavailable,NoWallInView,,,,-0.2229554,1.10064793,-0.07467122,0.0301763918,-0.00683649955,0.002340168,0.999518454,0,0,0,0,0,0,219452.898365586,219452.898365586,0.038827812008094043
12.33784599064631,bb263046,SessionTracking,Tracking,30.0651665,29.978878,1,0.02868468698579818,0.593263865,0.3770139,1,160x90 DepthUint16,"centre=0 min=429 max=38216 hex=0B72 0000 0000 0F0C 0536","centre=6660 min=6026 max=12041 hex=1AC2 1A96 1A04 1A5B 21EF",0,0,0,,0,,,None,Unavailable,NoWallUnderCrosshair,,,,"only 0 valid depth samples under crosshair (213 no-data, 0 out-of-range, 228 low-confidence)",0,,,None,Unavailable,NoWallInView,,,,-0.226673529,1.10146344,-0.07517866,0.029461151,-0.00631240429,0.001997173,0.999544,0,0,0,0,0,0,219452.93169267,219452.93169267,0.028540467988932505
12.369538490639679,bb263046,SessionTracking,Tracking,30.0629711,29.978878,1,0.031163697974989191,0.601180553,0.420555562,1,160x90 DepthUint16,"centre=0 min=422 max=38172 hex=0000 0000 0000 0E9E 0547","centre=3362 min=3121 max=11929 hex=0CE6 0D10 0D22 0EA1 1802",0,0,0,,0,,,None,Unavailable,NoWallUnderCrosshair,,,,"only 0 valid depth samples under crosshair (232 no-data, 0 out-of-range, 209 low-confidence)",0,,,None,Unavailable,NoWallInView,,,,-0.2152061,1.10124278,-0.06665078,0.0291155782,-0.005208978,0.00108462584,0.9995619,0,0,0,0,0,0,219452.96510300803,219452.96510300803,0.031112707976717502
12.401205730661895,bb263046,SessionTracking,Tracking,30.0639439,29.978878,1,0.03112479200353846,0.6296528,0.470833331,1,160x90 DepthUint16,"centre=0 min=423 max=38123 hex=0000 0000 0000 0F0D 054F","centre=3649 min=3513 max=10821 hex=0E18 0E41 0E41 0F68 16FE",0,0,0,,0,,,None,Unavailable,NoWallUnderCrosshair,,,,"only 0 valid depth samples under crosshair (230 no-data, 0 out-of-range, 211 low-confidence)",0,,,None,Unavailable,NoWallInView,,,,-0.21854189,1.10211408,-0.06676133,0.0287526939,-0.00358270667,0.00110864639,0.999579549,0,0,0,0,0,0,219452.99843009101,219452.99843009101,0.030744531017262489
12.433270001646742,bb263046,SessionTracking,Tracking,30.0649166,29.978878,1,0.0315519789874088,0.6296528,0.468541652,1,160x90 DepthUint16,"centre=0 min=423 max=38074 hex=0000 0000 0000 0F08 054E","centre=3655 min=3542 max=10714 hex=0E2D 0E4C 0E47 0F57 16A3",0,0,0,,0,,,None,Unavailable,NoWallUnderCrosshair,,,,"only 0 valid depth samples under crosshair (230 no-data, 0 out-of-range, 211 low-confidence)",0,,,None,Unavailable,NoWallInView,,,,-0.221919835,1.10292506,-0.0667116642,0.0283569228,-0.00198826124,0.00115296256,0.9995952,0,0,0,0,0,0,219453.03175717502,219453.03175717502,0.031505313003435731
12.467430626661661,bb263046,SessionTracking,Tracking,30.06308,29.978878,1,0.0336093750083819,0.638125,0.460833341,1,160x90 DepthUint16,"centre=0 min=423 max=38020 hex=0000 0000 0000 0EC8 054E","centre=3708 min=3568 max=10901 hex=0E4F 0E77 0E7C 0F96 16FB",0,0,0,,0,,,None,Unavailable,NoWallUnderCrosshair,,,,"only 0 valid depth samples under crosshair (230 no-data, 0 out-of-range, 211 low-confidence)",0,,,None,Unavailable,NoWallInView,,,,-0.225414529,1.10372984,-0.06649357,0.02825903,0.000129608452,0.00140842807,0.999599636,0,0,0,0,0,0,219453.065084258,219453.065084258,0.033547813014592975
12.499884272642811,bb263046,SessionTracking,Tracking,30.06445,29.978878,1,0.031923385977279395,0.6627778,0.5575,1,160x90 DepthUint16,"centre=0 min=421 max=37971 hex=0000 0000 0000 0E68 056E","centre=4561 min=4338 max=9928 hex=116E 1174 11D1 136E 1843",0,0,0,,0,,,None,Unavailable,NoWallUnderCrosshair,,,,"only 0 valid depth samples under crosshair (218 no-data, 0 out-of-range, 223 low-confidence)",0,,,None,Unavailable,NoWallInView,,,,-0.2096914,1.10191214,-0.06296087,0.0286538936,0.00255377335,0.000785797951,0.999585867,0,0,0,0,0,0,219453.09865446202,219453.09865446202,0.03187630299362354
12.531262240642826,bb263046,SessionTracking,Tracking,30.06454,29.978878,1,0.030839842977002263,0.6725,0.6228472,1,160x90 DepthUint16,"centre=0 min=421 max=37930 hex=1C5E 0000 0000 0E4F 056E","centre=4541 min=4361 max=9716 hex=1165 1164 11BD 1350 17DB",0,0,0,,0,,,None,Unavailable,NoWallUnderCrosshair,,,,"only 0 valid depth samples under crosshair (230 no-data, 0 out-of-range, 211 low-confidence)",0,,,None,Unavailable,NoWallInView,,,,-0.212305486,1.10265076,-0.06254026,0.0287047848,0.00428647036,0.00105667126,0.9995782,0,0,0,0,0,0,219453.131981546,219453.131981546,0.030789582990109921
12.567060886657709,bb263046,SessionTracking,Tracking,30.0650311,29.978878,1,0.035276302020065486,0.667708337,0.669444442,1,160x90 DepthUint16,"centre=0 min=419 max=37872 hex=1C5E 0000 0000 0DEA 06DE","centre=5815 min=5349 max=8516 hex=1576 1592 16B7 1A3A 177F",0,0,0,,0,,,None,Unavailable,NoWallUnderCrosshair,,,,"only 0 valid depth samples under crosshair (248 no-data, 0 out-of-range, 193 low-confidence)",0,,,None,Unavailable,NoWallInView,,,,-0.198265374,1.10067666,-0.0607575476,0.0285780113,0.006380725,0.000573605357,0.999571,0,0,0,0,0,0,219453.165642034,219453.165642034,0.035229061992140487
12.597964063644321,bb263046,SessionTracking,Tracking,30.0647488,29.978878,1,0.030368540989002213,0.6963889,0.7313194,1,160x90 DepthUint16,"centre=0 min=419 max=37835 hex=1CA2 0000 0000 0DD2 0730","centre=5728 min=5223 max=7810 hex=150F 152C 1660 19D2 1708",0,0,0,,0,,,None,Unavailable,NoWallUnderCrosshair,,,,"only 0 valid depth samples under crosshair (219 no-data, 0 out-of-range, 222 low-confidence)",0,,,None,Unavailable,NoWallInView,,,,-0.200170234,1.101379,-0.0600586236,0.029097138,0.008517813,0.000846952258,0.9995399,0,0,0,0,0,0,219453.19896911702,219453.19896911702,0.030318436998641118
12.638100469638738,bb263046,SessionTracking,Tracking,30.0644226,29.978878,1,0.039619165996555239,0.704583347,0.81125,1,160x90 DepthUint16,"centre=0 min=420 max=37764 hex=1CC8 0000 0000 0D34 073D","centre=5685 min=5186 max=7837 hex=151E 152A 1635 19A5 1749",0,0,0,,0,,,None,Unavailable,NoWallUnderCrosshair,,,,"only 0 valid depth samples under crosshair (238 no-data, 0 out-of-range, 203 low-confidence)",0,,,None,Unavailable,NoWallInView,,,,-0.2021563,1.10201645,-0.0591705,0.02952094,0.0118218474,0.0008892717,0.9994939,0,0,0,0,0,0,219453.23229620102,219453.23229620102,0.039570936991367489
12.668989167644321,bb263046,SessionTracking,Tracking,30.0643654,29.978878,1,0.0302291139960289,0.7093056,0.8922222,1,160x90 DepthUint16,"centre=0 min=422 max=39791 hex=1D13 0000 0000 0C39 0745","centre=5832 min=5376 max=7368 hex=16AB 16B0 16C8 1761 17C7",0,0,0,,0,,,None,Unavailable,NoWallUnderCrosshair,,,,"only 0 valid depth samples under crosshair (251 no-data, 0 out-of-range, 190 low-confidence)",0,,,None,Unavailable,NoWallInView,,,,-0.199410751,1.10138965,-0.0603387728,0.0297262538,0.0162093025,0.000490039645,0.999426544,0,0,0,0,0,0,219453.265819763,219453.265819763,0.030145833006827161
12.703556407658761,bb263046,SessionTracking,Tracking,30.06416,29.978878,1,0.034031771006993949,0.721319437,0.9211111,1,160x90 DepthUint16,"centre=0 min=422 max=39920 hex=1D2C 0000 0000 0C7E 0746","centre=5813 min=5095 max=7283 hex=169D 1694 16B5 1780 1866",0,0,0,,0,,,None,Unavailable,NoWallUnderCrosshair,,,,"only 0 valid depth samples under crosshair (251 no-data, 0 out-of-range, 190 low-confidence)",0,,,None,Unavailable,NoWallInView,,,,-0.201104656,1.10174716,-0.05922533,0.0304901823,0.0199111886,0.000263482332,0.9993367,0,0,0,0,0,0,219453.29914684602,219453.29914684602,0.033979115018155426
12.743424636640265,bb263046,SessionTracking,Tracking,30.063839,29.978878,1,0.039198332990054041,0.7222222,0.9353472,1,160x90 DepthUint16,"centre=0 min=422 max=37559 hex=1D46 0000 0000 1173 0768","centre=5800 min=4960 max=7329 hex=167E 1676 16A8 1769 178D",0,0,0,,0,,,None,Unavailable,NoWallUnderCrosshair,,,,"only 0 valid depth samples under crosshair (267 no-data, 0 out-of-range, 174 low-confidence)",0,,,None,Unavailable,NoWallInView,,,,-0.202553585,1.10202515,-0.0578430779,0.0319531858,0.0225583427,2.706051E-05,0.9992348,0,0,0,0,0,0,219453.33247393,219453.33247393,0.039128541975514963
12.772761459645261,bb263046,SessionTracking,Tracking,30.0641022,29.978878,1,0.028716875007376075,0.7234028,0.9367361,1,160x90 DepthUint16,"centre=0 min=421 max=38346 hex=1D4F 0000 0000 121A 06C1","centre=5921 min=4965 max=7230 hex=16E2 16E8 1721 17D7 17C6",0,0,0,,0,,,None,Unavailable,NoWallUnderCrosshair,,,,"only 0 valid depth samples under crosshair (262 no-data, 0 out-of-range, 179 low-confidence)",0,,,None,Unavailable,NoWallInView,,,,-0.200633824,1.10153639,-0.05687003,0.033252012,0.02550314,-0.000339150429,0.9991215,0,0,0,0,0,0,219453.36582494102,219453.36582494102,0.028649426996707916
12.803788855651073,bb263046,SessionTracking,Tracking,30.0639572,29.978878,1,0.030515365011524409,0.730625,0.955555558,1,160x90 DepthUint16,"centre=3933 min=421 max=38366 hex=1D3E 0000 0F5D 43C9 067B","centre=5978 min=4572 max=7396 hex=16FE 1704 175A 1814 16F2",0,0,0,,0,,,None,Unavailable,NoWallUnderCrosshair,,,,"only 0 valid depth samples under crosshair (255 no-data, 0 out-of-range, 186 low-confidence)",0,,,None,Unavailable,NoWallInView,,,,-0.20183976,1.101611,-0.0552545339,0.034849517,0.0277168285,-0.000513017236,0.99900806,0,0,0,0,0,0,219453.399152024,219453.399152024,0.030464740004390478
12.835836563646007,bb263046,SessionTracking,Tracking,30.0637665,29.978878,1,0.03153541698702611,0.735625,0.9625,1,160x90 DepthUint16,"centre=3931 min=420 max=38388 hex=1D21 0000 0F5B 43BD 05EC","centre=5935 min=4687 max=7590 hex=16C6 16D3 172F 1803 1810",0,0,0,,0,,,None,Unavailable,NoWallUnderCrosshair,,,,"only 0 valid depth samples under crosshair (255 no-data, 0 out-of-range, 186 low-confidence)",0,,,None,Unavailable,NoWallInView,,,,-0.2031057,1.10161912,-0.05369857,0.03597337,0.02970177,-0.0004988313,0.998911142,0,0,0,0,0,0,219453.432479108,219453.432479108,0.03148999999393709
12.87044333466576,bb263046,SessionTracking,Tracking,30.0630512,29.978878,1,0.034090000001015142,0.7302778,0.95868057,1,160x90 DepthUint16,"centre=0 min=418 max=38428 hex=1D3F 0000 0000 5F90 04B7","centre=5930 min=3110 max=6304 hex=16C5 16DE 172A 16FA 0F50",0,0,0,,0,,,None,Unavailable,NoWallUnderCrosshair,,,,"only 0 valid depth samples under crosshair (264 no-data, 0 out-of-range, 177 low-confidence)",0,,,None,Unavailable,NoWallInView,,,,-0.1958873,1.09972489,-0.0512881,0.0367861167,0.03184498,-0.0005705059,0.9988155,0,0,0,0,0,0,219453.465534018,219453.465534018,0.0340442190063186
12.901373751644423,bb263046,SessionTracking,Tracking,30.0657425,29.978878,1,0.030278177990112454,0.735694468,0.9085417,1,160x90 DepthUint16,"centre=0 min=417 max=38450 hex=1D30 0000 0000 57F6 0508","centre=5989 min=3113 max=6476 hex=16BB 16E7 1765 1763 0F6E",0,0,0,,0,,,None,Unavailable,NoWallUnderCrosshair,,,,"only 0 valid depth samples under crosshair (261 no-data, 0 out-of-range, 180 low-confidence)",0,,,None,Unavailable,NoWallInView,,,,-0.1970626,1.09978271,-0.0498239547,0.03779905,0.03358106,-9.67681553E-05,0.998721,0,0,0,0,0,0,219453.49886110102,219453.49886110102,0.030204584007151425
12.932893126658309,bb263046,SessionTracking,Tracking,30.0630989,29.978878,1,0.030904115003068,0.753541648,1.01458335,1,160x90 DepthUint16,"centre=0 min=417 max=37390 hex=1D3A 0000 0000 5924 0612","centre=5642 min=3133 max=6280 hex=157A 1590 160A 1647 0F53",0,0,0,,0,,,None,Unavailable,NoWallUnderCrosshair,,,,"only 0 valid depth samples under crosshair (236 no-data, 0 out-of-range, 205 low-confidence)",0,,,None,Unavailable,NoWallInView,,,,-0.1982248,1.09986711,-0.0484107323,0.03859001,0.03512883,0.00023445487,0.998637438,0,0,0,0,0,0,219453.53218818503,219453.53218818503,0.030856302997563034
12.971595313641155,bb263046,SessionTracking,Tracking,30.0634422,29.978878,1,0.038180311996256933,0.75333333,0.9851389,1,160x90 DepthUint16,"centre=0 min=415 max=37378 hex=1D3B 0000 0000 5929 065C","centre=5034 min=3219 max=6988 hex=1374 136F 13AA 13D9 1015",0,0,0,,0,,,None,Unavailable,NoWallUnderCrosshair,,,,"only 0 valid depth samples under crosshair (236 no-data, 0 out-of-range, 205 low-confidence)",0,,,None,Unavailable,NoWallInView,,,,-0.195016816,1.09970319,-0.0466957465,0.0393792875,0.0362743028,0.000122964382,0.9985657,0,0,0,0,0,0,219453.56523451803,219453.56523451803,0.038133645983180031
13.002912240664154,bb263046,SessionTracking,Tracking,30.06357,29.978878,1,0.030696354020619765,0.75375,0.9534722,1,160x90 DepthUint16,"centre=0 min=414 max=37378 hex=1D29 0000 0000 592F 068E","centre=5040 min=3208 max=7347 hex=1385 1379 13B0 13F5 10C5",0,0,0,,0,,,None,Unavailable,NoWallUnderCrosshair,,,,"only 0 valid depth samples under crosshair (236 no-data, 0 out-of-range, 205 low-confidence)",0,,,None,Unavailable,NoWallInView,,,,-0.195936263,1.09988284,-0.04538407,0.0401851572,0.0370334722,8.71718E-05,0.9985058,0,0,0,0,0,0,219453.59856160101,219453.59856160101,0.030617604003055021
13.034015053658658,bb263046,SessionTracking,Tracking,30.0631161,29.9842987,1,0.030440208996878937,0.7536805,0.9685417,1,160x90 DepthUint16,"centre=0 min=414 max=37388 hex=1D0B 0000 0000 5935 06AD","centre=5005 min=3340 max=7446 hex=1372 1361 138D 13C6 10A0",0,0,0,,0,,,None,Unavailable,NoWallUnderCrosshair,,,,"only 0 valid depth samples under crosshair (236 no-data, 0 out-of-range, 205 low-confidence)",0,,,None,Unavailable,NoWallInView,,,,-0.196817234,1.10013092,-0.0442446172,0.0408964157,0.0373274758,8.70525837E-05,0.9984659,0,0,0,0,0,0,219453.63188868502,219453.63188868502,0.030377343995496631
13.066905521650478,bb263046,SessionTracking,Tracking,30.0595379,29.9842987,1,0.0323329679958988,0.743958354,0.9486806,1,160x90 DepthUint16,"centre=0 min=411 max=37408 hex=1CED 0000 0000 5939 07FA","centre=6584 min=3760 max=11172 hex=1849 187B 19B8 1BB5 1BFA",0,0,0,,0,,,None,Unavailable,NoWallUnderCrosshair,,,,"only 0 valid depth samples under crosshair (236 no-data, 0 out-of-range, 205 low-confidence)",0,,,None,Unavailable,NoWallInView,,,,-0.189690143,1.099971,-0.04121368,0.041631978,0.03727996,-0.000173121691,0.9984373,0,0,0,0,0,0,219453.664964497,219453.664964497,0.032270104013150558
13.102649219662561,bb263046,SessionTracking,Tracking,30.0649433,29.9842987,1,0.035119166015647352,0.760694444,0.9923611,1,160x90 DepthUint16,"centre=3903 min=410 max=37421 hex=1CDA 0000 0F3F 2B51 0799","centre=6207 min=3362 max=10819 hex=16CD 1706 183F 19B1 17B7",0,0,0,,0,,,None,Unavailable,NoWallUnderCrosshair,,,,"only 0 valid depth samples under crosshair (206 no-data, 0 out-of-range, 235 low-confidence)",0,,,None,Unavailable,NoWallInView,,,,-0.19023788,1.10038519,-0.0402446277,0.04227315,0.0367046669,-0.000119239092,0.9984317,0,0,0,0,0,0,219453.69829158002,219453.69829158002,0.035052187013207
13.137775886637536,bb263046,SessionTracking,Tracking,30.0627518,29.9842987,1,0.034410051972372457,0.760555565,1.003125,1,160x90 DepthUint16,"centre=3902 min=410 max=37430 hex=1CD2 0000 0F3E 2B52 079B","centre=6428 min=3102 max=10662 hex=17AF 17E8 191C 1A7D 177F",0,0,0,,0,,,None,Unavailable,NoWallUnderCrosshair,,,,"only 0 valid depth samples under crosshair (206 no-data, 0 out-of-range, 235 low-confidence)",0,,,None,Unavailable,NoWallInView,,,,-0.190933272,1.10086429,-0.03929487,0.04262463,0.03670167,-7.57277E-05,0.9984169,0,0,0,0,0,0,219453.73161866402,219453.73161866402,0.034327291999943554
13.164776928643841,bb263046,SessionTracking,Tracking,30.0628529,29.9842987,1,0.026502447988605127,0.759375,1.03701389,1,160x90 DepthUint16,"centre=0 min=407 max=37405 hex=1CD5 0000 0000 43C7 07FE","centre=4486 min=2745 max=4499 hex=1189 1192 1186 111A 0DE4",0,0,0,,0,,,None,Unavailable,NoWallUnderCrosshair,,,,"only 0 valid depth samples under crosshair (214 no-data, 0 out-of-range, 227 low-confidence)",0,,,None,Unavailable,NoWallInView,,,,-0.187180489,1.10071743,-0.0357745141,0.0430159,0.0377520956,-0.0002512336,0.9983609,0,0,0,0,0,0,219453.76477771002,219453.76477771002,0.026450260978890583
13.203270209641341,bb263046,SessionTracking,Tracking,30.06308,29.9842987,1,0.037983280984917656,0.7596528,1.0355556,1,160x90 DepthUint16,"centre=0 min=406 max=37390 hex=1CD9 0000 0000 43C6 07FA","centre=4525 min=2793 max=4543 hex=11B7 11BE 11AD 1126 0CF7",0,0,0,,0,,,None,Unavailable,NoWallUnderCrosshair,,,,"only 0 valid depth samples under crosshair (214 no-data, 0 out-of-range, 227 low-confidence)",0,,,None,Unavailable,NoWallInView,,,,-0.1877767,1.10136271,-0.0348698571,0.0430394039,0.0382342041,-0.000139772892,0.9983415,0,0,0,0,0,0,219453.798104793,219453.798104793,0.037935572996502742
13.234552865652512,bb263046,SessionTracking,Tracking,30.0638466,29.9842987,1,0.030785676994128153,0.761319458,1.0575695,1,160x90 DepthUint16,"centre=0 min=405 max=37382 hex=1CDF 0000 0000 43C4 07F4","centre=4547 min=2813 max=4565 hex=11CF 11D5 11C3 1135 0CD9",0,0,0,,0,,,None,Unavailable,NoWallUnderCrosshair,,,,"only 0 valid depth samples under crosshair (214 no-data, 0 out-of-range, 227 low-confidence)",0,,,None,Unavailable,NoWallInView,,,,-0.18817544,1.10209394,-0.0340976268,0.042832803,0.038306158,-0.000277698069,0.9983476,0,0,0,0,0,0,219453.831431877,219453.831431877,0.030733073013834655
13.266262500642478,bb263046,SessionTracking,Tracking,30.0629711,29.9842987,1,0.03117447899421677,0.761319458,1.04736114,1,160x90 DepthUint16,"centre=0 min=403 max=37359 hex=1CEC 0000 0000 43C0 07E8","centre=4895 min=3076 max=7996 hex=12A2 12CF 131F 1413 152B",0,0,0,,0,,,None,Unavailable,NoWallUnderCrosshair,,,,"only 0 valid depth samples under crosshair (220 no-data, 0 out-of-range, 221 low-confidence)",0,,,None,Unavailable,NoWallInView,,,,-0.189892545,1.10299313,-0.0326735973,0.0424457,0.0386898853,-0.0005749166,0.9983492,0,0,0,0,0,0,219453.864749875,219453.864749875,0.031104166002478451
13.303884896661765,bb263046,SessionTracking,Tracking,30.0614758,29.9842987,1,0.036993281013565138,0.763611138,1.04090273,1,160x90 DepthUint16,"centre=0 min=402 max=37369 hex=1CE8 0000 0000 43C0 07E4","centre=4916 min=2992 max=8232 hex=12B2 12E0 1334 1444 15DD",0,0,0,,0,,,None,Unavailable,NoWallUnderCrosshair,,,,"only 0 valid depth samples under crosshair (220 no-data, 0 out-of-range, 221 low-confidence)",0,,,None,Unavailable,NoWallInView,,,,-0.190067664,1.10382628,-0.03184988,0.04253008,0.038427528,-0.000951886235,0.9983555,0,0,0,0,0,0,219453.89807695802,219453.89807695802,0.0369233850215096
13.334596407637145,bb263046,SessionTracking,Tracking,30.0630932,29.9842987,1,0.030135468987282366,0.7790972,1.07625,1,160x90 DepthUint16,"centre=0 min=403 max=37370 hex=1CE6 0000 0000 3DA9 0793","centre=4974 min=3023 max=8092 hex=12EC 1324 136E 1465 15C9",0,0,0,,0,,,None,Unavailable,NoWallUnderCrosshair,,,,"only 0 valid depth samples under crosshair (202 no-data, 0 out-of-range, 239 low-confidence)",0,,,None,Unavailable,NoWallInView,,,,-0.190322056,1.10471308,-0.03098891,0.0427376181,0.03855697,-0.0010649265,0.9983415,0,0,0,0,0,0,219453.931404042,219453.931404042,0.030082656972808763
13.36757234464414,bb263046,SessionTracking,Tracking,30.0616455,29.9842987,1,0.032451249979203567,0.7772222,1.038125,1,160x90 DepthUint16,"centre=0 min=405 max=37354 hex=1CEB 0000 0000 3DAB 0796","centre=4651 min=2826 max=4679 hex=123A 1246 122B 117A 0CFF",0,0,0,,0,,,None,Unavailable,NoWallUnderCrosshair,,,,"only 0 valid depth samples under crosshair (202 no-data, 0 out-of-range, 239 low-confidence)",0,,,None,Unavailable,NoWallInView,,,,-0.1941501,1.10582924,-0.0315550342,0.0428678468,0.039186798,-0.00107896328,0.9983114,0,0,0,0,0,0,219453.96473455,219453.96473455,0.032402343989815563
13.398878698652988,bb263046,SessionTracking,Tracking,30.0600967,29.9842987,1,0.030778281012317166,0.7795139,1.04666662,1,160x90 DepthUint16,"centre=0 min=405 max=37344 hex=1CF3 0000 0000 3DA9 0783","centre=4659 min=2741 max=4688 hex=1243 124F 1233 1178 0C91",0,0,0,,0,,,None,Unavailable,NoWallUnderCrosshair,,,,"only 0 valid depth samples under crosshair (215 no-data, 0 out-of-range, 226 low-confidence)",0,,,None,Unavailable,NoWallInView,,,,-0.19443652,1.106809,-0.030776687,0.0427215062,0.03957356,-0.00138434779,0.998302042,0,0,0,0,0,0,219453.998061633,219453.998061633,0.030727759993169457
13.431885469654953,bb263046,SessionTracking,Tracking,30.0647564,29.9842987,1,0.032462344010127708,0.7806944,1.06118059,1,160x90 DepthUint16,"centre=0 min=403 max=37332 hex=1D00 0000 0000 57A6 076E","centre=4657 min=2722 max=4692 hex=124C 1253 1231 1174 0C70",0,0,0,,0,,,None,Unavailable,NoWallUnderCrosshair,,,,"only 0 valid depth samples under crosshair (218 no-data, 0 out-of-range, 223 low-confidence)",0,,,None,Unavailable,NoWallInView,,,,-0.194627926,1.10790563,-0.0300446525,0.04252544,0.03966456,-0.00154703867,0.9983066,0,0,0,0,0,0,219454.031388717,219454.031388717,0.032410781015641987
13.46665453265552,bb263046,SessionTracking,Tracking,30.0627728,29.9842987,1,0.034248125011799857,0.78125,1.05722225,1,160x90 DepthUint16,"centre=0 min=402 max=37312 hex=1D15 0000 0000 579F 06BB","centre=4678 min=2826 max=4703 hex=1255 125F 1246 119A 0D07",0,0,0,,0,,,None,Unavailable,NoWallUnderCrosshair,,,,"only 0 valid depth samples under crosshair (218 no-data, 0 out-of-range, 223 low-confidence)",0,,,None,Unavailable,NoWallInView,,,,-0.194636062,1.10883,-0.0297685266,0.0422724821,0.0399496444,-0.00148701691,0.998306036,0,0,0,0,0,0,219454.064724291,219454.064724291,0.03420093801105395
13.497282344652485,bb263046,SessionTracking,Tracking,30.0633221,29.9842987,1,0.030119792005280033,0.7815972,1.06361115,1,160x90 DepthUint16,"centre=0 min=402 max=37285 hex=1D2C 0000 0000 5797 07B4","centre=4627 min=2814 max=4655 hex=1225 122F 1213 1163 0CE7",0,0,0,,0,,,None,Unavailable,NoWallUnderCrosshair,,,,"only 0 valid depth samples under crosshair (218 no-data, 0 out-of-range, 223 low-confidence)",0,,,None,Unavailable,NoWallInView,,,,-0.194805861,1.11007178,-0.0291612,0.04191854,0.0402714834,-0.00115484011,0.9983085,0,0,0,0,0,0,219454.09805137402,219454.09805137402,0.030074479000177234
13.529387292664177,bb263046,SessionTracking,Tracking,30.0632648,29.9842987,1,0.03162291701301001,0.7798611,1.05472219,1,160x90 DepthUint16,"centre=0 min=401 max=37279 hex=1D35 0000 0000 57D3 07A0","centre=4655 min=2787 max=4683 hex=1241 124A 122F 117E 0CA1",0,0,0,,0,,,None,Unavailable,NoWallUnderCrosshair,,,,"only 0 valid depth samples under crosshair (218 no-data, 0 out-of-range, 223 low-confidence)",0,,,None,Unavailable,NoWallInView,,,,-0.194812119,1.1113714,-0.0285617784,0.0417080522,0.0401996672,-0.0009348691,0.9983204,0,0,0,0,0,0,219454.13137845803,219454.13137845803,0.0315759900258854
13.569403438662556,bb263046,SessionTracking,Tracking,30.0638237,29.9842987,1,0.039453750010579824,0.7754861,1.005625,1,160x90 DepthUint16,"centre=0 min=408 max=37282 hex=1D55 0000 0000 58A0 079C","centre=4641 min=2740 max=4678 hex=1241 1245 1221 115F 0C59",0,0,0,,0,,,None,Unavailable,NoWallUnderCrosshair,,,,"only 0 valid depth samples under crosshair (218 no-data, 0 out-of-range, 223 low-confidence)",0,,,None,Unavailable,NoWallInView,,,,-0.182162523,1.11209273,-0.03323681,0.0413154326,0.03965443,-0.00147923839,0.998357832,0,0,0,0,0,0,219454.16474203303,219454.16474203303,0.039383490016916767
13.600094167640345,bb263046,SessionTracking,Tracking,30.0639248,29.9842987,1,0.030117968999547884,0.7920833,1.13375,1,160x90 DepthUint16,"centre=0 min=409 max=37253 hex=1D5C 0000 0000 5916 0797","centre=4679 min=2339 max=4733 hex=1279 127A 1247 1141 0AB5",0,0,0,,0,,,None,Unavailable,NoWallUnderCrosshair,,,,"only 0 valid depth samples under crosshair (216 no-data, 0 out-of-range, 225 low-confidence)",0,,,None,Unavailable,NoWallInView,,,,-0.181627229,1.11331809,-0.0326812379,0.0412531123,0.0397212878,-0.00163871062,0.998357534,0,0,0,0,0,0,219454.198069116,219454.198069116,0.030064166989177465
13.631003698662534,bb263046,SessionTracking,Tracking,30.0640011,29.9842987,1,0.030336249998072162,0.79125,1.1363889,1,160x90 DepthUint16,"centre=0 min=409 max=37225 hex=1D67 0000 0000 586F 0791","centre=4686 min=2331 max=4747 hex=128A 1286 124E 1144 0AAC",0,0,0,,0,,,None,Unavailable,NoWallUnderCrosshair,,,,"only 0 valid depth samples under crosshair (216 no-data, 0 out-of-range, 225 low-confidence)",0,,,None,Unavailable,NoWallInView,,,,-0.181110531,1.11446452,-0.0320358,0.04124528,0.0402369946,-0.00192984939,0.9983367,0,0,0,0,0,0,219454.23139620002,219454.23139620002,0.030260469007771462
13.662472084638575,bb263046,SessionTracking,Tracking,30.0645638,29.9842987,1,0.030791770986979827,0.790555537,1.03604162,1,160x90 DepthUint16,"centre=0 min=396 max=37031 hex=1DB3 0000 0000 4355 074C","centre=5422 min=2855 max=27216 hex=1503 14AA 152E 183C 3906",0,0,0,,0,,,None,Unavailable,NoWallUnderCrosshair,,,,"only 0 valid depth samples under crosshair (203 no-data, 0 out-of-range, 238 low-confidence)",0,,,None,Unavailable,NoWallInView,,,,-0.179326758,1.11095119,-0.0189158022,0.0419272,0.04686149,-0.00246426486,0.9980181,0,0,0,0,0,0,219454.264987483,219454.264987483,0.030738072993699461
13.704139375660015,bb263046,SessionTracking,Tracking,30.0655327,29.9842987,1,0.041166406008414924,0.800833344,0.879722238,1,160x90 DepthUint16,"centre=0 min=399 max=37029 hex=1DAD 0000 0000 4101 0772","centre=5604 min=2814 max=27263 hex=1566 1537 15E4 18FD 3A6B",0,0,0,,0,,,None,Unavailable,NoWallUnderCrosshair,,,,"only 0 valid depth samples under crosshair (175 no-data, 0 out-of-range, 266 low-confidence)",0,,,None,Unavailable,NoWallInView,,,,-0.178560123,1.11197221,-0.0178374723,0.0421279036,0.04654755,-0.00303229736,0.998022735,0,0,0,0,0,0,219454.29831456603,219454.29831456603,0.041090415994403884
13.734850834655953,bb263046,SessionTracking,Tracking,30.06602,29.9842987,1,0.030020417005289346,0.8027083,0.909027755,1,160x90 DepthUint16,"centre=0 min=397 max=37035 hex=1DA8 0000 0000 4100 076E","centre=5634 min=2759 max=27217 hex=1585 1558 1602 1931 3A2D",0,0,0,,0,,,None,Unavailable,NoWallUnderCrosshair,,,,"only 0 valid depth samples under crosshair (175 no-data, 0 out-of-range, 266 low-confidence)",0,,,None,Unavailable,NoWallInView,,,,-0.177747279,1.11300457,-0.0167531669,0.0422146432,0.0461109839,-0.00370612741,0.9980371,0,0,0,0,0,0,219454.33164165,219454.33164165,0.0299469800083898
13.765958959652489,bb263046,SessionTracking,Tracking,30.06657,29.9842987,1,0.030575209006201476,0.802222252,0.906180561,1,160x90 DepthUint16,"centre=0 min=397 max=37023 hex=1DAE 0000 0000 40FD 0766","centre=8079 min=3388 max=31323 hex=1E98 1E1F 1F8F 26E7 54A8",0,0,0,,0,,,None,Unavailable,NoWallUnderCrosshair,,,,"only 0 valid depth samples under crosshair (184 no-data, 0 out-of-range, 257 low-confidence)",0,,,None,Unavailable,NoWallInView,,,,-0.175406858,1.11315787,-0.01491642,0.0419994928,0.0460218675,-0.004231066,0.9980482,0,0,0,0,0,0,219454.364917956,219454.364917956,0.030527291994076222
13.802718073661817,bb263046,SessionTracking,Tracking,30.07545,29.9842987,1,0.036245833005523309,0.8034028,0.912708342,1,160x90 DepthUint16,"centre=0 min=396 max=37019 hex=1DB1 0000 0000 4D25 075E","centre=7640 min=3218 max=31724 hex=1D17 1C69 1DD8 2565 550C",0,0,0,,0,,,None,Unavailable,NoWallUnderCrosshair,,,,"only 0 valid depth samples under crosshair (192 no-data, 0 out-of-range, 249 low-confidence)",0,,,None,Unavailable,NoWallInView,,,,-0.174712136,1.11420274,-0.0136570409,0.04191139,0.04610951,-0.00447157072,0.9980468,0,0,0,0,0,0,219454.39824503902,219454.39824503902,0.03619833302218467
13.835627917645178,bb263046,SessionTracking,Tracking,30.0613689,29.9842987,1,0.032356718991650268,0.8020833,0.907708347,1,160x90 DepthUint16,"centre=0 min=395 max=37021 hex=1DAD 0000 0000 40FC 075B","centre=7872 min=3289 max=31704 hex=1E0C 1D5A 1EC0 2631 5506",0,0,0,,0,,,None,Unavailable,NoWallUnderCrosshair,,,,"only 0 valid depth samples under crosshair (186 no-data, 0 out-of-range, 255 low-confidence)",0,,,None,Unavailable,NoWallInView,,,,-0.173990846,1.11532414,-0.0122395009,0.0421303846,0.04619551,-0.00465026544,0.998032749,0,0,0,0,0,0,219454.43157212302,219454.43157212302,0.032311301998561248
13.865094167654314,bb263046,SessionTracking,Tracking,30.06915,29.9842987,1,0.028917187999468297,0.801458359,0.93125,1,160x90 DepthUint16,"centre=0 min=394 max=37002 hex=1DB3 0000 0000 40FB 0727","centre=7233 min=3528 max=31185 hex=1C00 1B06 1C41 222C 511B",0,0,0,,0,,,None,Unavailable,NoWallUnderCrosshair,,,,"only 0 valid depth samples under crosshair (189 no-data, 0 out-of-range, 252 low-confidence)",0,,,None,Unavailable,NoWallInView,,,,-0.170262262,1.11491036,-0.0115326643,0.0422402769,0.0467925146,-0.00478300452,0.997999668,0,0,0,0,0,0,219454.464898676,219454.464898676,0.028869636007584631
13.904731615658529,bb263046,SessionTracking,Tracking,30.0701237,29.9842987,1,0.039031510998029262,0.811805546,1.00909722,1,160x90 DepthUint16,"centre=0 min=395 max=36936 hex=1DB5 0000 0000 3EE9 071C","centre=7963 min=3779 max=31153 hex=1EB7 1E0C 1F1B 242F 4E4E",0,0,0,,0,,,None,Unavailable,NoWallUnderCrosshair,,,,"only 0 valid depth samples under crosshair (183 no-data, 3 out-of-range, 255 low-confidence)",0,,,None,Unavailable,NoWallInView,,,,-0.169507,1.116092,-0.0100533068,0.04236007,0.0474791266,-0.004575372,0.99796313,0,0,0,0,0,0,219454.49822575902,219454.49822575902,0.038981198013061658
13.936915417646668,bb263046,SessionTracking,Tracking,30.0696583,29.9842987,1,0.031638176995329559,0.8161805,0.9854861,1,160x90 DepthUint16,"centre=0 min=395 max=36911 hex=1DC9 0000 0000 493C 070E","centre=7831 min=4260 max=30832 hex=1E2F 1D80 1E97 23E2 4DEB",0,0,0,,0,,,None,Unavailable,NoWallUnderCrosshair,,,,"only 0 valid depth samples under crosshair (184 no-data, 2 out-of-range, 255 low-confidence)",0,,,None,Unavailable,NoWallInView,,,,-0.1686714,1.11726356,-0.00862623,0.0421096124,0.0481005274,-0.004392684,0.997944832,0,0,0,0,0,0,219454.53155284302,219454.53155284302,0.031582239986164495
13.967181979657761,bb263046,SessionTracking,Tracking,30.0791111,29.9842987,1,0.029767186992103234,0.81625,0.980208337,1,160x90 DepthUint16,"centre=0 min=390 max=36915 hex=1DB8 0000 0000 4991 06FE","centre=13352 min=9173 max=29093 hex=3178 322F 3428 3691 462D",0,0,0,,0,,,None,Unavailable,NoWallUnderCrosshair,,,,"only 0 valid depth samples under crosshair (184 no-data, 2 out-of-range, 255 low-confidence)",0,,,None,Unavailable,NoWallInView,,,,-0.164337263,1.11761189,-0.003700763,0.0421506166,0.04769101,-0.00421288656,0.9979635,0,0,0,0,0,0,219454.56479560002,219454.56479560002,0.029716040997300297
14.004476771640038,bb263046,SessionTracking,Tracking,30.0672169,29.9842987,1,0.036702134995721281,0.827638865,1.12326384,1,160x90 DepthUint16,"centre=0 min=399 max=36902 hex=1DC1 0000 0000 492C 0700","centre=13509 min=8322 max=28865 hex=3248 3312 34C5 3734 45C3",0,0,0,,0,,,None,Unavailable,NoWallUnderCrosshair,,,,"only 0 valid depth samples under crosshair (175 no-data, 2 out-of-range, 264 low-confidence)",0,,,None,Unavailable,NoWallInView,,,,-0.163338333,1.11882913,-0.00208012015,0.0420992225,0.0481760725,-0.00431382656,0.997942,0,0,0,0,0,0,219454.598122683,219454.598122683,0.03663104199222289
14.037470104646781,bb263046,SessionTracking,Tracking,30.0640583,29.8967056,1,0.032490780984517187,0.8279861,1.065625,1,160x90 DepthUint16,"centre=0 min=401 max=36867 hex=1DE2 0000 0000 487C 0702","centre=13811 min=6407 max=27915 hex=3353 3444 35F3 38C0 4756",0,0,0,,0,,,None,Unavailable,NoWallUnderCrosshair,,,,"only 0 valid depth samples under crosshair (175 no-data, 2 out-of-range, 264 low-confidence)",0,,,None,Unavailable,NoWallInView,,,,-0.162372172,1.11996126,-0.00044555217,0.0417465866,0.0491148643,-0.00421619462,0.997911453,0,0,0,0,0,0,219454.631449767,219454.631449767,0.032444374985061586
14.067252448651852,bb263046,SessionTracking,Tracking,30.06766,29.8967056,1,0.029269740014569834,0.8279861,1.07118058,1,160x90 DepthUint16,"centre=0 min=403 max=36865 hex=1DD7 0000 0000 47EA 0700","centre=8362 min=5255 max=25961 hex=1F8F 1FDF 20AA 24AB 3E3B",0,0,0,,0,,,None,Unavailable,NoWallUnderCrosshair,,,,"only 0 valid depth samples under crosshair (175 no-data, 2 out-of-range, 264 low-confidence)",0,,,None,Unavailable,NoWallInView,,,,-0.160942182,1.12114966,0.00260772556,0.04192098,0.0493987836,-0.004004866,0.997890949,0,0,0,0,0,0,219454.66472450702,219454.66472450702,0.029222395998658612
14.099331979648122,bb263046,SessionTracking,Tracking,30.0687084,29.8967056,1,0.031556197995087132,0.827638865,1.08,1,160x90 DepthUint16,"centre=0 min=398 max=36867 hex=1DCE 0000 0000 4787 06FF","centre=8230 min=6250 max=25430 hex=1F11 1F3F 2026 23FF 3E14",0,0,0,,0,,,None,Unavailable,NoWallUnderCrosshair,,,,"only 0 valid depth samples under crosshair (175 no-data, 2 out-of-range, 264 low-confidence)",0,,,None,Unavailable,NoWallInView,,,,-0.159737214,1.12223959,0.00457458943,0.0421054624,0.0496372171,-0.00426623225,0.9978703,0,0,0,0,0,0,219454.69805159,219454.69805159,0.03150812498643063
14.130457344647875,bb263046,SessionTracking,Tracking,30.0648766,29.8967056,1,0.030621926998719573,0.8410417,1.19611108,1,160x90 DepthUint16,"centre=0 min=435 max=36863 hex=1DCD 0000 0000 3DBA 072B","centre=7564 min=7051 max=25317 hex=1C61 1CB6 1D8C 212E 3B1A",0,0,0,,0,,,None,Unavailable,NoWallUnderCrosshair,,,,"only 0 valid depth samples under crosshair (142 no-data, 5 out-of-range, 294 low-confidence)",0,,,None,Unavailable,NoWallInView,,,,-0.158515617,1.12325323,0.0065940693,0.0422702543,0.0501091033,-0.00460758852,0.997838259,0,0,0,0,0,0,219454.731378674,219454.731378674,0.030569271009881049
14.16652187566171,bb263046,SessionTracking,Tracking,30.0656071,29.8967056,1,0.035505417006788775,0.8411111,1.17104161,1,160x90 DepthUint16,"centre=0 min=434 max=36859 hex=1DCE 0000 0000 3DB9 072F","centre=24546 min=10178 max=28359 hex=5CB5 5E73 5FE2 5D45 49EE",0,0,0,,0,,,None,Unavailable,NoWallUnderCrosshair,,,,"only 0 valid depth samples under crosshair (142 no-data, 5 out-of-range, 294 low-confidence)",0,,,None,Unavailable,NoWallInView,,,,-0.1567469,1.12367332,0.007817224,0.0423999019,0.0505171381,-0.00469672726,0.997811735,0,0,0,0,0,0,219454.764698573,219454.764698573,0.035448177019134164
14.197720833654893,bb263046,SessionTracking,Tracking,30.0644627,29.8967056,1,0.030691040999954566,0.8411111,1.14027774,1,160x90 DepthUint16,"centre=0 min=466 max=36850 hex=1DD2 0000 0000 3DB8 0736","centre=25066 min=10441 max=28618 hex=5E78 6058 61EA 5F1D 4B15",0,0,0,,0,,,None,Unavailable,NoWallUnderCrosshair,,,,"only 0 valid depth samples under crosshair (142 no-data, 5 out-of-range, 294 low-confidence)",0,,,None,Unavailable,NoWallInView,,,,-0.155685142,1.12467623,0.00995601,0.0426209345,0.0513668321,-0.004783035,0.9977585,0,0,0,0,0,0,219454.79802565603,219454.79802565603,0.030643072997918352
14.230475052646506,bb263046,SessionTracking,Tracking,30.0636177,29.8967056,1,0.032128697988810018,0.8389583,1.11333334,1,160x90 DepthUint16,"centre=0 min=464 max=36851 hex=1DD2 0000 0000 3DB9 0738","centre=25374 min=10629 max=28420 hex=5FD5 6197 631E 5FF1 4AA9",0,0,0,,0,,,None,Unavailable,NoWallUnderCrosshair,,,,"only 0 valid depth samples under crosshair (142 no-data, 5 out-of-range, 294 low-confidence)",0,,,None,Unavailable,NoWallInView,,,,-0.154560164,1.12575948,0.012201272,0.0430391468,0.0520587824,-0.004958958,0.99770385,0,0,0,0,0,0,219454.83135274,219454.83135274,0.0320776559819933
14.268802500658348,bb263046,SessionTracking,Tracking,30.0623989,29.8967056,1,0.037831146008102223,0.8393056,1.10548615,1,160x90 DepthUint16,"centre=0 min=461 max=36861 hex=1DC9 0000 0000 3DB7 0738","centre=20594 min=10368 max=24635 hex=4DB9 4F07 5072 4F31 446A",0,0,0,,0,,,None,Unavailable,NoWallUnderCrosshair,,,,"only 0 valid depth samples under crosshair (142 no-data, 5 out-of-range, 294 low-confidence)",0,,,None,Unavailable,NoWallInView,,,,-0.149914116,1.12561715,0.0146645308,0.0432806574,0.0518839844,-0.004942656,0.997702539,0,0,0,0,0,0,219454.864690565,219454.864690565,0.037760728999273852
14.302256354662967,bb263046,SessionTracking,Tracking,30.0614262,29.8967056,1,0.032878802012419328,0.8506944,1.33569443,1,160x90 DepthUint16,"centre=0 min=498 max=36838 hex=1DDC 0000 0000 41D4 0746","centre=19663 min=9789 max=23007 hex=4AAB 4B8F 4CCF 4C6A 441C",0,0,0,,0,,,None,Unavailable,NoWallUnderCrosshair,,,,"only 0 valid depth samples under crosshair (131 no-data, 14 out-of-range, 296 low-confidence)",0,,,None,Unavailable,NoWallInView,,,,-0.148851216,1.12675369,0.0168736577,0.04304888,0.0524938628,-0.004984319,0.9976805,0,0,0,0,0,0,219454.89801764803,219454.89801764803,0.032824844005517662
14.331490677644178,bb263046,SessionTracking,Tracking,30.05059,29.8967056,1,0.028719686990370974,0.8506944,1.28743052,1,160x90 DepthUint16,"centre=0 min=510 max=36822 hex=1DE2 0000 0000 4177 074D","centre=21077 min=10496 max=23341 hex=5039 5161 5255 50BD 4490",0,0,0,,0,,,None,Unavailable,NoWallUnderCrosshair,,,,"only 0 valid depth samples under crosshair (131 no-data, 14 out-of-range, 296 low-confidence)",0,,,None,Unavailable,NoWallInView,,,,-0.147775561,1.12796724,0.0191997886,0.0430241749,0.0531067252,-0.004908979,0.9976495,0,0,0,0,0,0,219454.931344732,219454.931344732,0.028660936979576945
14.370777552664658,bb263046,SessionTracking,Tracking,30.0696831,29.8967056,1,0.038775052002165467,0.848333359,1.28465283,1,160x90 DepthUint16,"centre=0 min=491 max=36819 hex=1DD6 0000 0000 415E 074C","centre=24614 min=10848 max=26759 hex=5B17 5D4C 6026 602E 4151",0,0,0,,0,,,None,Unavailable,NoWallUnderCrosshair,,,,"only 0 valid depth samples under crosshair (131 no-data, 14 out-of-range, 296 low-confidence)",0,,,None,Unavailable,NoWallInView,,,,-0.142940074,1.12734067,0.02315364,0.0430451669,0.05305082,-0.004704148,0.9976526,0,0,0,0,0,0,219454.964687631,219454.964687631,0.038724896003259346
14.401069896653206,bb263046,SessionTracking,Tracking,30.0497322,29.8967056,1,0.029686197987757623,0.8591667,1.45194447,1,160x90 DepthUint16,"centre=0 min=529 max=36808 hex=1DD6 0000 0000 3C11 0750","centre=24366 min=9903 max=26238 hex=5A1E 5C49 5F2E 5EFD 3CA4",0,0,0,,0,,,None,Unavailable,NoWallUnderCrosshair,,,,"only 0 valid depth samples under crosshair (120 no-data, 24 out-of-range, 297 low-confidence)",0,,,None,Unavailable,NoWallInView,,,,-0.141843721,1.12855494,0.0257672518,0.04311588,0.0536210425,-0.004724741,0.9976189,0,0,0,0,0,0,219454.99801471402,219454.99801471402,0.029621719004353508
14.432607344651041,bb263046,SessionTracking,Tracking,30.0688744,29.8967056,1,0.031009063008241355,0.861180544,1.40930557,1,160x90 DepthUint16,"centre=0 min=542 max=36801 hex=1DE0 0000 0000 4067 0755","centre=24422 min=10514 max=26242 hex=5B5C 5CFD 5F66 5F28 3E53",0,0,0,,0,,,None,Unavailable,NoWallUnderCrosshair,,,,"only 0 valid depth samples under crosshair (121 no-data, 23 out-of-range, 297 low-confidence)",0,,,None,Unavailable,NoWallInView,,,,-0.140789628,1.12976241,0.0284736156,0.0430113673,0.0546477363,-0.004658163,0.997568,0,0,0,0,0,0,219455.03134179802,219455.03134179802,0.030961926997406408
14.470497396637365,bb263046,SessionTracking,Tracking,30.0532379,29.8967056,1,0.037385416973847896,0.85715276,1.430139,1,160x90 DepthUint16,"centre=0 min=545 max=36873 hex=1DF4 0000 0000 3F04 0751","centre=21236 min=10319 max=24708 hex=5205 51EB 52F4 55A4 3EF5",0,0,0,,0,,,None,Unavailable,NoWallUnderCrosshair,,,,"only 0 valid depth samples under crosshair (121 no-data, 23 out-of-range, 297 low-confidence)",0,,,None,Unavailable,NoWallInView,,,,-0.137366578,1.12964582,0.03279148,0.0430080779,0.0562759973,-0.00463852333,0.9974777,0,0,0,0,0,0,219455.064647138,219455.064647138,0.037335676985094324
14.503283333652798,bb263046,SessionTracking,Tracking,30.0673122,29.8967056,1,0.032055624993517995,0.8686111,1.59243059,1,160x90 DepthUint16,"centre=0 min=575 max=36917 hex=1DFC 0000 0000 3D8F 0754","centre=21584 min=9994 max=24836 hex=53B1 53CF 5450 562F 3D17",0,0,0,,0,,,None,Unavailable,NoWallUnderCrosshair,,,,"only 0 valid depth samples under crosshair (111 no-data, 33 out-of-range, 297 low-confidence)",0,,,None,Unavailable,NoWallInView,,,,-0.136108235,1.13087094,0.03573806,0.04298955,0.0576656125,-0.00488177,0.997397959,0,0,0,0,0,0,219455.09797422102,219455.09797422102,0.032003177009755746
14.534475729663535,bb263046,SessionTracking,Tracking,30.05655,29.8967056,1,0.030692083004396409,0.8677083,1.55236113,1,160x90 DepthUint16,"centre=0 min=578 max=36957 hex=1E22 0000 0000 3BC3 075A","centre=22096 min=12063 max=25132 hex=5483 555D 5650 57DA 4050",0,0,0,,0,,,None,Unavailable,NoWallUnderCrosshair,,,,"only 0 valid depth samples under crosshair (111 no-data, 33 out-of-range, 297 low-confidence)",0,,,None,Unavailable,NoWallInView,,,,-0.134786829,1.13209009,0.0387002081,0.04271721,0.05914332,-0.005167514,0.9973217,0,0,0,0,0,0,219455.13130130502,219455.13130130502,0.030642292025731876
14.565865000659977,bb263046,SessionTracking,Tracking,30.06368,29.8967056,1,0.030822864995570853,0.865625,1.59861112,1,160x90 DepthUint16,"centre=0 min=588 max=37360 hex=1E63 0000 0000 3732 075A","centre=20431 min=9265 max=21424 hex=5188 5119 4FCF 4E14 39E2",0,0,0,,0,,,None,Unavailable,NoWallUnderCrosshair,,,,"only 0 valid depth samples under crosshair (109 no-data, 44 out-of-range, 288 low-confidence)",0,,,None,Unavailable,NoWallInView,,,,-0.132251829,1.13263428,0.0410908461,0.0424216762,0.0614221022,-0.00531810569,0.99719584,0,0,0,0,0,0,219455.16464568002,219455.16464568002,0.030770312994718552
14.602341875645942,bb263046,SessionTracking,Tracking,30.0641727,29.8967056,1,0.035994687990751117,0.8776389,1.63090277,1,160x90 DepthUint16,"centre=0 min=623 max=37445 hex=1E83 0000 0000 2D0D 076A","centre=19721 min=8055 max=21282 hex=4F88 4EBB 4D09 4BD0 3A60",0,0,0,,0,,,None,Unavailable,NoWallUnderCrosshair,,,,"only 0 valid depth samples under crosshair (99 no-data, 55 out-of-range, 287 low-confidence)",0,,,None,Unavailable,NoWallInView,,,,-0.130997613,1.13379574,0.0443948433,0.0422366261,0.0644549057,-0.00541219162,0.9970117,0,0,0,0,0,0,219455.197972763,219455.197972763,0.0359472919953987
14.633352396639674,bb263046,SessionTracking,Tracking,30.062376,29.8967056,1,0.030471459002001211,0.8759028,1.64645839,1,160x90 DepthUint16,"centre=0 min=629 max=37715 hex=1EC7 0000 0000 233F 11EE","centre=19458 min=9290 max=20541 hex=4D90 4D34 4C02 4B60 3A32",0,0,0,,0,,,None,Unavailable,NoWallUnderCrosshair,,,,"only 0 valid depth samples under crosshair (97 no-data, 61 out-of-range, 283 low-confidence)",0,,,None,Unavailable,NoWallInView,,,,-0.129806444,1.134862,0.04793445,0.0419428162,0.06817368,-0.00558832334,0.9967758,0,0,0,0,0,0,219455.23129984702,219455.23129984702,0.030420520983170718
14.664783437657315,bb263046,SessionTracking,Tracking,30.0626545,29.8967056,1,0.030860364000545815,0.8713889,1.63090277,1,160x90 DepthUint16,"centre=0 min=631 max=37820 hex=1EFB 0000 0000 1F71 0762","centre=14481 min=9208 max=21342 hex=3624 36CB 3891 3BE6 330F",0,0,0,,0,,,None,Unavailable,NoWallUnderCrosshair,,,,"only 0 valid depth samples under crosshair (95 no-data, 66 out-of-range, 280 low-confidence)",0,,,None,Unavailable,NoWallInView,,,,-0.126999348,1.13288641,0.0516678765,0.04150318,0.07219708,-0.00554394769,0.9965111,0,0,0,0,0,0,219455.26406024702,219455.26406024702,0.030796666018432006
14.704896667660359,bb263046,SessionTracking,Tracking,30.062561,29.8967056,1,0.039639844006160274,0.8754167,1.69548607,1,160x90 DepthUint16,"centre=0 min=626 max=37941 hex=1EF4 0000 0000 1EDF 0765","centre=13905 min=8595 max=18206 hex=3286 334A 3651 3AD3 32F1",0,0,0,,0,,,None,Unavailable,NoWallUnderCrosshair,,,,"only 0 valid depth samples under crosshair (86 no-data, 71 out-of-range, 284 low-confidence)",0,,,None,Unavailable,NoWallInView,,,,-0.125967219,1.133677,0.05574423,0.0413032137,0.07642897,-0.00554809,0.9962038,0,0,0,0,0,0,219455.29738733,219455.29738733,0.039593802997842431
14.735772187655238,bb263046,SessionTracking,Tracking,30.0617161,29.8967056,1,0.025932082993676886,0.871041656,1.65673614,1,160x90 DepthUint16,"centre=0 min=621 max=38043 hex=1EFE 0000 0000 1ED0 1123","centre=14025 min=8601 max=17583 hex=3258 33A6 36C9 3B8F 308E",0,0,0,,0,,,None,Unavailable,NoWallUnderCrosshair,,,,"only 0 valid depth samples under crosshair (84 no-data, 78 out-of-range, 279 low-confidence)",0,,,None,Unavailable,NoWallInView,,,,-0.124721617,1.13443208,0.0600991324,0.04147528,0.07962483,-0.00563243032,0.9959458,0,0,0,0,0,0,219455.330714414,219455.330714414,0.025799479015404359
14.769814479638734,bb263046,SessionTracking,Tracking,30.0630932,29.8967056,1,0.033484218991361558,0.8628472,1.6959722,1,160x90 DepthUint16,"centre=0 min=614 max=38103 hex=1EE3 0000 0000 1EE3 06D1","centre=12926 min=3082 max=17518 hex=2EB1 2F3D 327E 376B 27FA",0,0,0,,0,,,None,Unavailable,NoWallUnderCrosshair,,,,"only 0 valid depth samples under crosshair (72 no-data, 78 out-of-range, 291 low-confidence)",0,,,None,Unavailable,NoWallInView,,,,-0.120854393,1.123121,0.0657856,0.04163857,0.08153758,-0.005650938,0.9957841,0,0,0,0,0,0,219455.36285265101,219455.36285265101,0.033436770987464115
14.803842969654506,bb263046,SessionTracking,Tracking,30.0614967,29.8967056,1,0.0334248440049123,0.8684722,1.7230556,1,160x90 DepthUint16,"centre=0 min=609 max=38156 hex=1EDA 0000 0000 1ED3 120C","centre=12852 min=2906 max=17465 hex=2EA9 2F12 3234 36E5 29D3",0,0,0,,0,,,None,Unavailable,NoWallUnderCrosshair,,,,"only 0 valid depth samples under crosshair (64 no-data, 85 out-of-range, 292 low-confidence)",0,,,None,Unavailable,NoWallInView,,,,-0.119608857,1.1236062,0.07037658,0.041643668,0.08342201,-0.005729825,0.995627344,0,0,0,0,0,0,219455.396179734,219455.396179734,0.033354532002704218
14.83476552164313,bb263046,SessionTracking,Tracking,30.062254,29.8967056,1,0.030325989995617419,0.8667361,1.6811111,1,160x90 DepthUint16,"centre=0 min=604 max=38212 hex=1EB4 0000 0000 1EBE 1215","centre=12584 min=3517 max=17317 hex=2DD4 2E45 3128 3595 285C",0,0,0,,0,,,None,Unavailable,NoWallUnderCrosshair,,,,"only 0 valid depth samples under crosshair (64 no-data, 84 out-of-range, 293 low-confidence)",0,,,None,Unavailable,NoWallInView,,,,-0.118387736,1.12413013,0.0750520751,0.0415522419,0.08556457,-0.00577747868,0.995449066,0,0,0,0,0,0,219455.429506818,219455.429506818,0.030262396001489833
14.867548489660402,bb263046,SessionTracking,Tracking,30.0598431,29.8967056,1,0.032118645001901314,0.85875,1.66222227,1,160x90 DepthUint16,"centre=9629 min=603 max=38260 hex=1E7A 0000 259D 1EAC 136C","centre=7674 min=4605 max=15517 hex=1CB5 1D07 1DFA 2339 2323",0,0,0,,0,,,None,Unavailable,NoWallUnderCrosshair,,,,"only 0 valid depth samples under crosshair (48 no-data, 80 out-of-range, 313 low-confidence)",0,,,None,Unavailable,NoWallInView,,,,-0.118259743,1.11685085,0.07584646,0.041359894,0.087447755,-0.00600421429,0.995292068,0,0,0,0,0,0,219455.46228912502,219455.46228912502,0.032062708021840081
14.905072031638264,bb263046,SessionTracking,Tracking,30.0636234,29.8967056,1,0.03698515598080121,0.866180539,1.72291672,1,160x90 DepthUint16,"centre=7045 min=600 max=38297 hex=1E1A 0000 1B85 1E15 1326","centre=7931 min=3927 max=15945 hex=1DBA 1E43 1EFB 23C3 21FD",0,0,0,,0,,,None,Unavailable,NoWallUnderCrosshair,,,,"only 0 valid depth samples under crosshair (41 no-data, 89 out-of-range, 311 low-confidence)",0,,,None,Unavailable,NoWallInView,,,,-0.117167018,1.117202,0.08059317,0.0408914275,0.08950456,-0.00610745046,0.9951279,0,0,0,0,0,0,219455.495616208,219455.495616208,0.03693645799648948
14.936880729664262,bb263046,SessionTracking,Tracking,30.06404,29.8967056,1,0.031150885013630614,0.8565278,1.65472221,1,160x90 DepthUint16,"centre=7040 min=595 max=38364 hex=1D6F 0000 1B80 1D85 12FD","centre=8434 min=5352 max=17840 hex=1F82 2043 20F2 2574 2333",0,0,0,,0,,,None,Unavailable,NoWallUnderCrosshair,,,,"only 0 valid depth samples under crosshair (41 no-data, 88 out-of-range, 312 low-confidence)",0,,,None,Unavailable,NoWallInView,,,,-0.116124004,1.11763322,0.0854851454,0.0408204757,0.09202936,-0.005840779,0.994902134,0,0,0,0,0,0,219455.528943292,219455.528943292,0.031101405998924747
14.969809166658814,bb263046,SessionTracking,Tracking,30.0625267,29.8967056,1,0.032353854010580108,0.852569461,1.64354169,1,160x90 DepthUint16,"centre=7030 min=587 max=38448 hex=1D55 0000 1B76 1B25 1145","centre=8348 min=5743 max=29202 hex=23B4 230D 209C 20AC 1B14",0,0,0,,0,,,None,Unavailable,NoWallUnderCrosshair,,,,"only 0 valid depth samples under crosshair (34 no-data, 95 out-of-range, 312 low-confidence)",0,,,None,Unavailable,NoWallInView,,,,-0.113668524,1.11668038,0.09535081,0.04074531,0.0954545662,-0.005464107,0.99458456,0,0,0,0,0,0,219455.561717277,219455.561717277,0.032306875014910474
14.999247812645189,bb263046,SessionTracking,Tracking,30.0616741,29.8967056,1,0.02891525998711586,0.8431944,1.64868057,1,160x90 DepthUint16,"centre=9686 min=583 max=38498 hex=1ACA 0000 25D6 17F2 0E79","centre=8151 min=5686 max=28783 hex=22E4 2280 1FD7 1FB9 1AB4",0,0,0,,0,,,None,Unavailable,NoWallUnderCrosshair,,,,"only 0 valid depth samples under crosshair (27 no-data, 103 out-of-range, 311 low-confidence)",0,,,None,Unavailable,NoWallInView,,,,-0.112603076,1.11710608,0.100218937,0.04013708,0.09830075,-0.005274624,0.994333,0,0,0,0,0,0,219455.59504436,219455.59504436,0.028864791005617008
15.031378750639414,bb263046,SessionTracking,Tracking,30.06213,29.8967056,1,0.0316101560019888,0.853333354,1.63194442,1,160x90 DepthUint16,"centre=9704 min=578 max=38540 hex=1A8A 0000 25E8 156E 0CB7","centre=9465 min=5973 max=28768 hex=2956 288B 24F9 241D 1C2D",0,0,0,,0,,,None,Unavailable,NoWallUnderCrosshair,,,,"only 0 valid depth samples under crosshair (20 no-data, 111 out-of-range, 310 low-confidence)",0,,,None,Unavailable,NoWallInView,,,,-0.111345373,1.117625,0.105091341,0.03984157,0.10036356,-0.005043,0.99414,0,0,0,0,0,0,219455.628371444,219455.628371444,0.031559947994537652
15.067764271641062,bb263046,SessionTracking,Tracking,30.0632648,30.0884933,1,0.03583999999682419,0.8459028,1.58361113,1,160x90 DepthUint16,"centre=9690 min=558 max=38581 hex=1AF2 0000 25DA 126F 0C9F","centre=15561 min=5418 max=30620 hex=4184 4055 3CC9 3AA9 1E30",0,0,0,,0,,,None,Unavailable,NoWallUnderCrosshair,,,,"only 0 valid depth samples under crosshair (20 no-data, 108 out-of-range, 313 low-confidence)",0,,,None,Unavailable,NoWallInView,,,,-0.100674286,1.12132406,0.127632543,0.0398727,0.102584057,-0.005080462,0.9939119,0,0,0,0,0,0,219455.661103479,219455.661103479,0.035785052983555943
15.098843854656588,bb263046,SessionTracking,Tracking,30.0629063,30.0884933,1,0.030534271005308256,0.8520833,1.65152776,1,160x90 DepthUint16,"centre=6987 min=553 max=37966 hex=1AFE 0000 1B4B 1173 0D66","centre=14711 min=5721 max=29673 hex=3FDC 3E60 3977 37A2 1F10",0,0,0,,0,,,None,Unavailable,NoWallUnderCrosshair,,,,"only 0 valid depth samples under crosshair (10 no-data, 111 out-of-range, 320 low-confidence)",0,,,None,Unavailable,NoWallInView,,,,-0.09868421,1.12201142,0.133010134,0.04000042,0.1038503,-0.00465384172,0.9937774,0,0,0,0,0,0,219455.69443056203,219455.69443056203,0.03048130200477317
15.130393281645519,bb263046,SessionTracking,Tracking,30.063036,30.0884933,1,0.031008541991468519,0.8522222,1.63506949,1,160x90 DepthUint16,"centre=6981 min=548 max=37983 hex=1B0B 0000 1B45 10F4 0D60","centre=14596 min=5153 max=29504 hex=3F2C 3DEC 3904 3733 1D92",0,0,0,,0,,,None,Unavailable,NoWallUnderCrosshair,,,,"only 0 valid depth samples under crosshair (10 no-data, 110 out-of-range, 321 low-confidence)",0,,,None,Unavailable,NoWallInView,,,,-0.096575506,1.12270367,0.138447642,0.04011531,0.104534917,-0.004271478,0.9937027,0,0,0,0,0,0,219455.727757646,219455.727757646,0.030956562986830249
15.181605156664881,bb263046,SessionTracking,Tracking,30.0635071,30.0884933,1,0.050705833011306822,0.8514583,1.57465279,1,160x90 DepthUint16,"centre=6966 min=535 max=38010 hex=1B40 0000 1B36 103E 0D52","centre=8709 min=5108 max=26960 hex=280C 25DB 2205 20E8 18CE",0,0,0,,0,,,None,Unavailable,NoWallUnderCrosshair,,,,"only 0 valid depth samples under crosshair (10 no-data, 103 out-of-range, 328 low-confidence)",0,,,None,Unavailable,NoWallInView,,,,-0.08874328,1.1235956,0.152174875,0.040418,0.105623767,-0.00444907,0.9935745,0,0,0,0,0,0,219455.760898225,219455.760898225,0.050659271015319973
15.199116354641882,bb263046,SessionTracking,Tracking,30.0699253,30.0884933,1,0.016696666978532448,0.858055532,1.51701391,1,160x90 DepthUint16,"centre=8596 min=530 max=38057 hex=1B6C 0000 2194 0FEA 10E1","centre=8901 min=5226 max=26681 hex=287C 2656 22C5 2199 1944",0,0,0,,0,,,None,Unavailable,NoWallUnderCrosshair,,,,"only 0 valid depth samples under crosshair (3 no-data, 99 out-of-range, 339 low-confidence)",0,,,None,Unavailable,NoWallInView,,,,-0.0861993,1.12430346,0.15807271,0.0408888645,0.106581271,-0.004080653,0.9934546,0,0,0,0,0,0,219455.79422530803,219455.79422530803,0.016631718986900523
15.230919114642456,bb263046,SessionTracking,Tracking,30.0605431,30.0884933,1,0.031310728983953595,0.858055532,1.51756942,1,160x90 DepthUint16,"centre=8590 min=525 max=38828 hex=1B9F 0000 218E 0FCB 10D0","centre=8821 min=5129 max=26765 hex=27E4 2604 2275 2158 18FC",0,0,0,,0,,,None,Unavailable,NoWallUnderCrosshair,,,,"only 0 valid depth samples under crosshair (3 no-data, 97 out-of-range, 341 low-confidence)",0,,,None,Unavailable,NoWallInView,,,,-0.08351434,1.12504137,0.164001346,0.04132195,0.106845088,-0.00395837473,0.99340874,0,0,0,0,0,0,219455.827552392,219455.827552392,0.031264530989574268
15.270332656663522,bb263046,SessionTracking,Tracking,30.07222,30.0884933,1,0.038515521009685472,0.857708335,1.4772222,1,160x90 DepthUint16,"centre=8590 min=526 max=38107 hex=1BD0 0000 218E 0FD3 0D07","centre=9476 min=4897 max=34190 hex=2BD5 2A1A 2504 2284 1868",0,0,0,,0,,,None,Unavailable,NoWallUnderCrosshair,,,,"only 0 valid depth samples under crosshair (3 no-data, 96 out-of-range, 342 low-confidence)",0,,,None,Unavailable,NoWallInView,,,,-0.0881337449,1.12251258,0.1643933,0.04155946,0.1077329,-0.00443014549,0.993301,0,0,0,0,0,0,219455.859899972,219455.859899972,0.038418228999944404
15.301097395663527,bb263046,SessionTracking,Tracking,30.0698452,30.0884933,1,0.029818489012541249,0.865625,1.70194447,1,160x90 DepthUint16,"centre=9481 min=520 max=39691 hex=15B7 182B 2509 0FB0 10AE","centre=9417 min=4836 max=33439 hex=2BE2 29E7 24C9 2273 1840",0,0,0,,0,,,None,Unavailable,NoWallUnderCrosshair,,,,"only 0 valid depth samples under crosshair (0 no-data, 107 out-of-range, 334 low-confidence)",0,,,None,Unavailable,NoWallInView,,,,-0.08548892,1.12321734,0.170182109,0.04153127,0.107998736,-0.004739285,0.9932719,0,0,0,0,0,0,219455.893227055,219455.893227055,0.029726614011451602
15.332432916658144,bb263046,SessionTracking,Tracking,30.0599,30.0884933,1,0.030777186999330297,0.866944432,1.70423615,1,160x90 DepthUint16,"centre=9472 min=515 max=39657 hex=1531 17FF 2500 0F8E 1101","centre=9297 min=4779 max=32993 hex=2B10 2931 2451 2211 180B",0,0,0,,0,,,None,Unavailable,NoWallUnderCrosshair,,,,"only 0 valid depth samples under crosshair (0 no-data, 104 out-of-range, 337 low-confidence)",0,,,None,Unavailable,NoWallInView,,,,-0.08291714,1.12394571,0.175999418,0.0413285419,0.108139344,-0.00499293255,0.9932638,0,0,0,0,0,0,219455.926554139,219455.926554139,0.030729323014384136
15.369535312646912,bb263046,SessionTracking,Tracking,30.07815,30.0884933,1,0.036536719009745866,0.8665278,1.64388883,1,160x90 DepthUint16,"centre=9469 min=521 max=39470 hex=14D4 17EA 24FD 0F7E 10AA","centre=5010 min=2897 max=18728 hex=1422 130A 1392 1890 3455",0,0,0,,0,,,None,Unavailable,NoWallUnderCrosshair,,,,"only 0 valid depth samples under crosshair (0 no-data, 101 out-of-range, 340 low-confidence)",0,,,None,Unavailable,NoWallInView,,,,-0.09245251,1.11985874,0.171643138,0.04048885,0.109805346,-0.005491674,0.9931129,0,0,0,0,0,0,219455.957802694,219455.957802694,0.036485051998170093
15.401472135658986,bb263046,SessionTracking,Tracking,30.07065,30.0884933,1,0.031368385010864586,0.865416646,1.63166666,1,160x90 DepthUint16,"centre=9463 min=516 max=39440 hex=14AF 17DE 24F7 0F63 1124","centre=4997 min=2838 max=17939 hex=1429 130C 1385 187A 3314",0,0,0,,0,,,None,Unavailable,NoWallUnderCrosshair,,,,"only 0 valid depth samples under crosshair (0 no-data, 101 out-of-range, 340 low-confidence)",0,,,None,Unavailable,NoWallInView,,,,-0.0899054259,1.12061572,0.177149281,0.0403017774,0.109977417,-0.005915612,0.9930991,0,0,0,0,0,0,219455.99112977702,219455.99112977702,0.031306562013924122
15.433651198641309,bb263046,SessionTracking,Tracking,30.0614452,30.0884933,1,0.031430624978384,0.8661111,1.63277781,1,160x90 DepthUint16,"centre=9457 min=511 max=39409 hex=1498 17D3 24F1 0F4E 112F","centre=4991 min=2746 max=17133 hex=1423 1302 137F 186F 31EC",0,0,0,,0,,,None,Unavailable,NoWallUnderCrosshair,,,,"only 0 valid depth samples under crosshair (0 no-data, 100 out-of-range, 341 low-confidence)",0,,,None,Unavailable,NoWallInView,,,,-0.08734108,1.12144339,0.182763934,0.0401324965,0.110049114,-0.006323099,0.9930955,0,0,0,0,0,0,219456.02445686102,219456.02445686102,0.0313182300014887
15.465003802653081,bb263046,SessionTracking,Tracking,30.06707,30.0884933,1,0.028138749999925494,0.861875,1.5561806,1,160x90 DepthUint16,"centre=9476 min=532 max=38003 hex=1490 17A4 2504 0F56 1130","centre=7928 min=6999 max=22754 hex=22BE 21DE 1EF8 1FFD 2076",0,0,0,,0,,,None,Unavailable,NoWallUnderCrosshair,,,,"only 0 valid depth samples under crosshair (0 no-data, 97 out-of-range, 344 low-confidence)",0,,,None,Unavailable,NoWallInView,,,,-0.09637394,1.11350727,0.161202282,0.0387922153,0.111617275,-0.00750809954,0.99296546,0,0,0,0,0,0,219456.056790644,219456.056790644,0.028080782009055838
15.496839114647736,bb263046,SessionTracking,Tracking,30.0690937,30.0884933,1,0.031333124992670491,0.8611111,1.54951394,1,160x90 DepthUint16,"centre=9470 min=528 max=38962 hex=148D 1782 24FE 0F34 113F","centre=7675 min=7066 max=22627 hex=21B2 20CC 1DFB 1F46 20AD",0,0,0,,0,,,None,Unavailable,NoWallUnderCrosshair,,,,"only 0 valid depth samples under crosshair (0 no-data, 96 out-of-range, 345 low-confidence)",0,,,None,Unavailable,NoWallInView,,,,-0.09341575,1.11434424,0.16591689,0.0384454466,0.111989461,-0.007808358,0.992934763,0,0,0,0,0,0,219456.09011772703,219456.09011772703,0.03128249998553656
15.53455802065684,bb263046,SessionTracking,Tracking,30.0672245,30.0884933,1,0.0372083330003079,0.8602778,1.574375,1,160x90 DepthUint16,"centre=9463 min=523 max=38825 hex=148A 1760 24F7 0F0F 1142","centre=7595 min=6126 max=22713 hex=2162 20B6 1DAB 1EFB 1FBE",0,0,0,,0,,,None,Unavailable,NoWallUnderCrosshair,,,,"only 0 valid depth samples under crosshair (0 no-data, 100 out-of-range, 341 low-confidence)",0,,,None,Unavailable,NoWallInView,,,,-0.09042979,1.11520171,0.170672268,0.0381174944,0.112637088,-0.008037896,0.9928723,0,0,0,0,0,0,219456.123444811,219456.123444811,0.037161406013183296
15.565446666653878,bb263046,SessionTracking,Tracking,30.0646477,30.0884933,1,0.030072916008066386,0.85270834,1.48763883,1,160x90 DepthUint16,"centre=9148 min=556 max=37989 hex=14B3 16FB 23BC 0F43 10BE","centre=7227 min=6123 max=23279 hex=1DEA 1E20 1C3B 1BDD 2118",0,0,0,,0,,,None,Unavailable,NoWallUnderCrosshair,,,,"only 0 valid depth samples under crosshair (0 no-data, 103 out-of-range, 338 low-confidence)",0,,,None,Unavailable,NoWallInView,,,,-0.103940532,1.10453379,0.139066368,0.03688364,0.113429859,-0.008270384,0.9928267,0,0,0,0,0,0,219456.156460736,219456.156460736,0.029999947990290821
15.605830312656616,bb263046,SessionTracking,Tracking,30.0674973,30.0884933,1,0.039828020991990343,0.8688889,1.59201384,1,160x90 DepthUint16,"centre=8941 min=552 max=39753 hex=14B4 1BDF 22ED 0F31 1175","centre=7525 min=6327 max=22409 hex=205B 202E 1D65 1CA2 209A",0,0,0,,0,,,None,Unavailable,NoWallUnderCrosshair,,,,"only 0 valid depth samples under crosshair (0 no-data, 114 out-of-range, 327 low-confidence)",0,,,None,Unavailable,NoWallInView,,,,-0.100918062,1.10511458,0.142829552,0.0364968553,0.113453664,-0.008578301,0.9928357,0,0,0,0,0,0,219456.18978781902,219456.18978781902,0.03977708300226368
15.636329739653883,bb263046,SessionTracking,Tracking,30.0634823,30.0884933,1,0.029866875003790483,0.864375,1.59833336,1,160x90 DepthUint16,"centre=8129 min=546 max=39764 hex=14AE 1BE0 1FC1 0F22 116F","centre=7666 min=6362 max=23001 hex=205E 20E4 1DF2 1CF5 20CC",0,0,0,,0,,,None,Unavailable,NoWallUnderCrosshair,,,,"only 0 valid depth samples under crosshair (0 no-data, 112 out-of-range, 329 low-confidence)",0,,,None,Unavailable,NoWallInView,,,,-0.09796485,1.10572,0.146799356,0.036807172,0.113870658,-0.008750976,0.992774963,0,0,0,0,0,0,219456.22311490303,219456.22311490303,0.029781198012642562
15.671614739644719,bb263046,SessionTracking,Tracking,30.0673962,30.0884933,1,0.034782083006575704,0.8597917,1.50840282,1,160x90 DepthUint16,"centre=7893 min=561 max=38385 hex=14BE 1BE7 1ED5 0F2C 105F","centre=11640 min=8896 max=24012 hex=2F32 307A 2D78 2C6D 2BD5",0,0,0,,0,,,None,Unavailable,NoWallUnderCrosshair,,,,"only 0 valid depth samples under crosshair (0 no-data, 108 out-of-range, 333 low-confidence)",0,,,None,Unavailable,NoWallInView,,,,-0.104773656,1.10188675,0.1343953,0.0364982747,0.114805713,-0.008346379,0.992682159,0,0,0,0,0,0,219456.256489288,219456.256489288,0.034733332984615117
15.699027343661436,bb263046,SessionTracking,Tracking,30.0617733,30.0884933,1,0.026914896006928757,0.8626389,1.55791664,1,160x90 DepthUint16,"centre=7760 min=557 max=39564 hex=14BC 1BE2 1E50 0F0F 116C","centre=11673 min=8584 max=24193 hex=2F33 308C 2D99 2C0D 2B4D",0,0,0,,0,,,None,Unavailable,NoWallUnderCrosshair,,,,"only 0 valid depth samples under crosshair (0 no-data, 108 out-of-range, 333 low-confidence)",0,,,None,Unavailable,NoWallInView,,,,-0.102178261,1.10239279,0.1379312,0.0363010578,0.115624517,-0.008011937,0.9925971,0,0,0,0,0,0,219456.28981637102,219456.28981637102,0.026870000001508743
15.73046234364403,bb263046,SessionTracking,Tracking,30.0545559,30.0884933,1,0.030923593993065879,0.8642361,1.52166665,1,160x90 DepthUint16,"centre=7695 min=552 max=39581 hex=14B7 1BDF 1E0F 0EFF 1172","centre=11667 min=8414 max=23890 hex=2F77 3093 2D93 2C67 2AB4",0,0,0,,0,,,None,Unavailable,NoWallUnderCrosshair,,,,"only 0 valid depth samples under crosshair (0 no-data, 108 out-of-range, 333 low-confidence)",0,,,None,Unavailable,NoWallInView,,,,-0.09947021,1.10301292,0.14158383,0.03641056,0.116130486,-0.007983298,0.9925343,0,0,0,0,0,0,219456.32314345503,219456.32314345503,0.030872707982780412
15.766950833648588,bb263046,SessionTracking,Tracking,30.0615234,30.0884933,1,0.036001405998831615,0.864097238,1.52722228,1,160x90 DepthUint16,"centre=7782 min=548 max=39455 hex=14B4 1BD9 1E66 0EFD 118A","centre=14128 min=7542 max=22441 hex=378B 37CF 3730 38AF 2C3E",0,0,0,,0,,,None,Unavailable,NoWallUnderCrosshair,,,,"only 0 valid depth samples under crosshair (0 no-data, 107 out-of-range, 334 low-confidence)",0,,,None,Unavailable,NoWallInView,,,,-0.09514234,1.10318291,0.145280123,0.0362082124,0.115197442,-0.00768408226,0.9926527,0,0,0,0,0,0,219456.356183371,219456.356183371,0.035915365006076172
15.798893385662376,bb263046,SessionTracking,Tracking,30.0680561,30.0884933,1,0.029846146004274487,0.877083361,1.67847228,1,160x90 DepthUint16,"centre=8222 min=545 max=37977 hex=14B0 1BD5 201E 0EF8 1173","centre=13610 min=6647 max=20843 hex=3555 35B3 352A 37BB 2B68",0,0,0,,0,,,None,Unavailable,NoWallUnderCrosshair,,,,"only 0 valid depth samples under crosshair (0 no-data, 110 out-of-range, 331 low-confidence)",0,,,None,Unavailable,NoWallInView,,,,-0.0925373062,1.10395765,0.148927629,0.0361312442,0.11494042,-0.007789225,0.992684543,0,0,0,0,0,0,219456.38951045403,219456.38951045403,0.029800677002640441
15.829866927649272,bb263046,SessionTracking,Tracking,30.0603886,30.0884933,1,0.030375729984370992,0.878958344,1.67916667,1,160x90 DepthUint16,"centre=8225 min=541 max=37958 hex=14AD 1BD0 2021 0EF3 116E","centre=13792 min=6102 max=20933 hex=36DE 36B0 35E0 387C 2DF7",0,0,0,,0,,,None,Unavailable,NoWallUnderCrosshair,,,,"only 0 valid depth samples under crosshair (0 no-data, 109 out-of-range, 332 low-confidence)",0,,,None,Unavailable,NoWallInView,,,,-0.09004347,1.10475254,0.152500346,0.0359601937,0.114606231,-0.007874936,0.9927287,0,0,0,0,0,0,219456.422837538,219456.422837538,0.030331146001117304
15.87227354164599,bb263046,SessionTracking,Tracking,30.05208,30.0884933,1,0.041887708008289337,0.8786805,1.685625,1,160x90 DepthUint16,"centre=8322 min=542 max=37869 hex=14B4 1BCA 2082 0EFD 116A","centre=11127 min=4562 max=23867 hex=2D29 2D4A 2B77 2EA1 330A",0,0,0,,0,,,None,Unavailable,NoWallUnderCrosshair,,,,"only 0 valid depth samples under crosshair (0 no-data, 111 out-of-range, 330 low-confidence)",0,,,None,Unavailable,NoWallInView,,,,-0.0862346,1.10245323,0.15146485,0.0350284874,0.112971619,-0.007379384,0.9929532,0,0,0,0,0,0,219456.45621338,219456.45621338,0.041839270998025313
15.903866249639686,bb263046,SessionTracking,Tracking,30.05987,30.0884933,1,0.030768957978580147,0.8925694,1.81763887,1,160x90 DepthUint16,"centre=9067 min=539 max=38104 hex=14CB 1BC4 236B 0EFC 1253","centre=9826 min=4040 max=23646 hex=2707 2722 2662 2ACE 307C",0,0,0,,0,,,None,Unavailable,NoWallUnderCrosshair,,,,"only 0 valid depth samples under crosshair (0 no-data, 109 out-of-range, 332 low-confidence)",0,,,None,Unavailable,NoWallInView,,,,-0.08438878,1.103196,0.154740244,0.0346640237,0.1123916,-0.00726267742,0.993032634,0,0,0,0,0,0,219456.48954046302,219456.48954046302,0.03066343697719276
15.933751562647666,bb263046,SessionTracking,Tracking,30.0667362,30.0884933,1,0.029334582999581471,0.893194437,1.78583336,1,160x90 DepthUint16,"centre=9095 min=536 max=38056 hex=1506 1BC0 2387 0F04 124F","centre=9403 min=4737 max=22420 hex=249D 24CE 24BB 2962 30C8",0,0,0,,0,,,None,Unavailable,NoWallUnderCrosshair,,,,"only 0 valid depth samples under crosshair (0 no-data, 110 out-of-range, 331 low-confidence)",0,,,None,Unavailable,NoWallInView,,,,-0.08265265,1.10394621,0.158011317,0.03449529,0.111406893,-0.007064909,0.9931509,0,0,0,0,0,0,219456.52286754703,219456.52286754703,0.029279426991706714
15.96525296866559,bb263046,SessionTracking,Tracking,30.05149,30.0884933,1,0.03102838501217775,0.8986111,1.8281945,1,160x90 DepthUint16,"centre=9966 min=547 max=37978 hex=19E1 1BC8 26EE 0F4D 1257","centre=11370 min=5603 max=30984 hex=31A3 3305 2C6A 2CD9 2884",0,0,0,,0,,,None,Unavailable,NoWallUnderCrosshair,,,,"only 0 valid depth samples under crosshair (0 no-data, 115 out-of-range, 326 low-confidence)",0,,,None,Unavailable,NoWallInView,,,,-0.08394666,1.100191,0.1466102,0.033960592,0.108333483,-0.00639972137,0.993513763,0,0,0,0,0,0,219456.556483522,219456.556483522,0.030984271026682109
16.003764270638495,bb263046,SessionTracking,Tracking,30.0616646,30.0884933,1,0.0379639579914528,0.9043056,1.80847228,1,160x90 DepthUint16,"centre=10131 min=544 max=37923 hex=1AD6 16B2 2793 0FA2 1236","centre=11853 min=5140 max=31616 hex=33F4 346F 2E4D 2E5F 2958",0,0,0,,0,,,None,Unavailable,NoWallUnderCrosshair,,,,"only 0 valid depth samples under crosshair (0 no-data, 110 out-of-range, 331 low-confidence)",0,,,None,Unavailable,NoWallInView,,,,-0.082657896,1.1009531,0.149650782,0.0341781452,0.105750538,-0.00651988434,0.9937838,0,0,0,0,0,0,219456.58981060502,219456.58981060502,0.037904895987596277
16.034666145665252,bb263046,SessionTracking,Tracking,30.061985,30.0884933,1,0.030331302026752383,0.9149306,1.80194449,1,160x90 DepthUint16,"centre=10321 min=541 max=37862 hex=1BBF 16BA 2851 104E 11B2","centre=12548 min=5575 max=31266 hex=36C1 35FA 3104 3183 2A58",0,0,0,,0,,,None,Unavailable,NoWallUnderCrosshair,,,,"only 0 valid depth samples under crosshair (0 no-data, 109 out-of-range, 332 low-confidence)",0,,,None,Unavailable,NoWallInView,,,,-0.08146312,1.10175228,0.152802333,0.0345316567,0.102672234,-0.006529839,0.994094253,0,0,0,0,0,0,219456.62313768902,219456.62313768902,0.030268489004811272
16.069273020643887,bb263046,SessionTracking,Tracking,30.06445,29.9548054,1,0.0340159889892675,0.9195833,1.68645835,1,160x90 DepthUint16,"centre=5668 min=574 max=37447 hex=1C3A 0000 1624 12F8 1104","centre=9439 min=4402 max=22660 hex=2341 24D3 24DF 285B 219D",0,0,0,,0,,,None,Unavailable,NoWallUnderCrosshair,,,,"only 0 valid depth samples under crosshair (0 no-data, 95 out-of-range, 346 low-confidence)",0,,,None,Unavailable,NoWallInView,,,,-0.0984277353,1.094242,0.121691316,0.0345124155,0.09800072,-0.00544163631,0.9945729,0,0,0,0,0,0,219456.657619233,219456.657619233,0.033966040995437652
16.104204843643966,bb263046,SessionTracking,Tracking,30.06051,29.9548054,1,0.034432655986165628,0.9313889,1.866875,1,160x90 DepthUint16,"centre=5979 min=572 max=37353 hex=1C9E 0000 175B 143F 11BF","centre=9619 min=5232 max=24616 hex=2412 255F 2593 2944 20F5",0,0,0,,0,,,None,Unavailable,NoWallUnderCrosshair,,,,"only 0 valid depth samples under crosshair (0 no-data, 102 out-of-range, 339 low-confidence)",0,,,None,Unavailable,NoWallInView,,,,-0.09846075,1.09501016,0.124109007,0.03431892,0.09508037,-0.0051527624,0.9948645,0,0,0,0,0,0,219456.69094631603,219456.69094631603,0.034385103994281963
16.134819374660875,bb263046,SessionTracking,Tracking,30.0603313,29.9548054,1,0.030099635012447834,0.934722245,1.7592361,1,160x90 DepthUint16,"centre=5633 min=571 max=37253 hex=1C9B 0000 1601 155C 11F3","centre=9535 min=6483 max=28276 hex=23E3 24FA 253F 292A 2052",0,0,0,,0,,,None,Unavailable,NoWallUnderCrosshair,,,,"only 0 valid depth samples under crosshair (0 no-data, 94 out-of-range, 347 low-confidence)",0,,,None,Unavailable,NoWallInView,,,,-0.09875824,1.09581506,0.126391351,0.03363456,0.09294199,-0.00471630739,0.9950921,0,0,0,0,0,0,219456.7242734,219456.7242734,0.030054791015572846
16.170920364654304,bb263046,SessionTracking,Tracking,30.058403,29.9548054,1,0.035604011005489156,0.9307639,1.79972219,1,160x90 DepthUint16,"centre=5652 min=590 max=37117 hex=1C12 0000 1614 1667 121E","centre=5617 min=5146 max=27471 hex=1562 15A0 15F1 173B 1772",0,0,0,,0,,,None,Unavailable,NoWallUnderCrosshair,,,,"only 0 valid depth samples under crosshair (0 no-data, 95 out-of-range, 346 low-confidence)",0,,,None,Unavailable,NoWallInView,,,,-0.109824292,1.09205091,0.109733634,0.0318017,0.09079324,-0.0041123936,0.9953534,0,0,0,0,0,0,219456.75788209002,219456.75788209002,0.035559375013690442
16.198196822640167,bb263046,SessionTracking,Tracking,30.063776,29.9548054,1,0.026592134992824867,0.935625,1.83354163,1,160x90 DepthUint16,"centre=5651 min=592 max=37003 hex=1C0E 0000 1613 16EA 121B","centre=5817 min=5285 max=26669 hex=1681 169D 16B9 17E6 18A9",0,0,0,,0,,,None,Unavailable,NoWallUnderCrosshair,,,,"only 0 valid depth samples under crosshair (0 no-data, 90 out-of-range, 351 low-confidence)",0,,,None,Unavailable,NoWallInView,,,,-0.110513672,1.09304845,0.111409783,0.0308617651,0.08865362,-0.003964842,0.995576441,0,0,0,0,0,0,219456.791209173,219456.791209173,0.026520415995037183
16.228873281660636,bb263046,SessionTracking,Tracking,30.061964,29.9548054,1,0.030074687994783744,0.9386111,1.83763885,1,160x90 DepthUint16,"centre=5650 min=591 max=36903 hex=1BD0 0000 1612 180D 1218","centre=5614 min=5195 max=27281 hex=154C 1583 15EE 173C 17D7",0,0,0,,0,,,None,Unavailable,NoWallUnderCrosshair,,,,"only 0 valid depth samples under crosshair (0 no-data, 92 out-of-range, 349 low-confidence)",0,,,None,Unavailable,NoWallInView,,,,-0.111152731,1.09413826,0.113208644,0.0301853679,0.08659538,-0.0039032998,0.9957785,0,0,0,0,0,0,219456.82453625702,219456.82453625702,0.030010834016138688
16.26676114565009,bb263046,SessionTracking,Tracking,30.06247,29.9548054,1,0.037388124997960404,0.9348611,1.73875,1,160x90 DepthUint16,"centre=5656 min=602 max=36775 hex=1BAA 0000 1618 18BC 1281","centre=6794 min=5460 max=25732 hex=1BAA 1BA0 1A8A 1AD9 18A4",0,0,0,,0,,,None,Unavailable,NoWallUnderCrosshair,,,,"only 0 valid depth samples under crosshair (0 no-data, 84 out-of-range, 357 low-confidence)",0,,,None,Unavailable,NoWallInView,,,,-0.116825223,1.09093118,0.104577228,0.0287400428,0.08442159,-0.003569901,0.9960092,0,0,0,0,0,0,219456.857591131,219456.857591131,0.037342811992857605
16.299513853658137,bb263046,SessionTracking,Tracking,30.0617924,29.9548054,1,0.031725833017844707,0.936180532,1.80743051,1,160x90 DepthUint16,"centre=5651 min=601 max=36658 hex=1B38 0000 1613 194B 12AF","centre=6528 min=5385 max=25375 hex=1AD7 1AC5 1980 19A2 1813",0,0,0,,0,,,None,Unavailable,NoWallUnderCrosshair,,,,"only 0 valid depth samples under crosshair (0 no-data, 86 out-of-range, 355 low-confidence)",0,,,None,Unavailable,NoWallInView,,,,-0.117662176,1.09199262,0.106055714,0.027635185,0.08257763,-0.00333550619,0.9961958,0,0,0,0,0,0,219456.89091821402,219456.89091821402,0.031607395008904859
16.33141057263958,bb263046,SessionTracking,Tracking,30.0622768,29.9548054,1,0.03133567699114792,0.93125,1.745,1,160x90 DepthUint16,"centre=5664 min=601 max=36544 hex=1B1E 0000 1620 19D4 1304","centre=6736 min=5289 max=23882 hex=1B9B 1B81 1A50 1A28 180C",0,0,0,,0,,,None,Unavailable,NoWallUnderCrosshair,,,,"only 0 valid depth samples under crosshair (0 no-data, 91 out-of-range, 350 low-confidence)",0,,,None,Unavailable,NoWallInView,,,,-0.118395612,1.09304869,0.107597627,0.0266475827,0.08048689,-0.00304019451,0.996394753,0,0,0,0,0,0,219456.92424529803,219456.92424529803,0.031284322991268709
16.367268124661788,bb263046,SessionTracking,Tracking,30.06239,29.9548054,1,0.035305937024531886,0.92625,1.74673617,1,160x90 DepthUint16,"centre=5673 min=628 max=36425 hex=1B07 0000 1629 1BA6 13D6","centre=5007 min=4058 max=19868 hex=13DD 13B8 138F 144F 14FF",0,0,0,,0,,,None,Unavailable,NoWallUnderCrosshair,,,,"only 0 valid depth samples under crosshair (0 no-data, 85 out-of-range, 356 low-confidence)",0,,,None,Unavailable,NoWallInView,,,,-0.13256231,1.08678949,0.08241648,0.0257770643,0.0773769245,-0.00249606371,0.996665537,0,0,0,0,0,0,219456.95670042702,219456.95670042702,0.035247604013420641
16.398228437648068,bb263046,SessionTracking,Tracking,30.061964,29.9548054,1,0.030383853998500854,0.928333342,1.86305559,1,160x90 DepthUint16,"centre=3864 min=639 max=36200 hex=1B27 0000 0F18 1C29 13B0","centre=4995 min=3906 max=11051 hex=1398 1393 1383 144D 1512",0,0,0,,0,,,None,Unavailable,NoWallUnderCrosshair,,,,"only 0 valid depth samples under crosshair (0 no-data, 82 out-of-range, 359 low-confidence)",0,,,None,Unavailable,NoWallInView,,,,-0.133583024,1.08760893,0.08379857,0.0250950381,0.07453138,-0.002372861,0.9969001,0,0,0,0,0,0,219456.99002751,219456.99002751,0.030338958982611075
16.429898437644734,bb263046,SessionTracking,Tracking,30.0620728,29.9548054,1,0.031187291984679177,0.9297917,1.78347218,1,160x90 DepthUint16,"centre=3865 min=638 max=36109 hex=1B3E 0000 0F19 1D2C 138B","centre=5052 min=4037 max=10822 hex=1407 13EF 13BC 144B 1453",0,0,0,,0,,,None,Unavailable,NoWallUnderCrosshair,,,,"only 0 valid depth samples under crosshair (0 no-data, 75 out-of-range, 366 low-confidence)",0,,,None,Unavailable,NoWallInView,,,,-0.134666771,1.08843052,0.08538934,0.024797976,0.07157548,-0.00185707211,0.997125149,0,0,0,0,0,0,219457.023354594,219457.023354594,0.03114364598877728
16.469777708648618,bb263046,SessionTracking,Tracking,30.0615368,29.9548054,1,0.039299010997638106,0.919305563,1.698125,1,160x90 DepthUint16,"centre=3915 min=686 max=35981 hex=1B05 0000 0F4B 1F3C 13C7","centre=5365 min=4542 max=13904 hex=150F 150A 14F5 1514 1355",0,0,0,,0,,,None,Unavailable,NoWallUnderCrosshair,,,,"only 0 valid depth samples under crosshair (0 no-data, 70 out-of-range, 371 low-confidence)",0,,,None,Unavailable,NoWallInView,,,,-0.1606034,1.07517564,0.0399083644,0.023882797,0.06882524,-0.0006077588,0.997342646,0,0,0,0,0,0,219457.05638089802,219457.05638089802,0.03925447998335585
16.502571718659166,bb263046,SessionTracking,Tracking,30.059948,29.9548054,1,0.032238020998192951,0.9270139,1.625,1,160x90 DepthUint16,"centre=3917 min=704 max=35901 hex=1B52 0000 0F4D 209D 13D9","centre=5588 min=4297 max=14002 hex=15F8 15E4 15D4 15AC 1281",0,0,0,,0,,,None,Unavailable,NoWallUnderCrosshair,,,,"only 0 valid depth samples under crosshair (0 no-data, 72 out-of-range, 369 low-confidence)",0,,,None,Unavailable,NoWallInView,,,,-0.162600264,1.0757122,0.04090538,0.02370947,0.0667224154,-0.000271052151,0.9974898,0,0,0,0,0,0,219457.089707981,219457.089707981,0.032193749997531995
16.530826197654388,bb263046,SessionTracking,Tracking,30.0625038,29.9548054,1,0.027680884988512844,0.927152753,1.68236113,1,160x90 DepthUint16,"centre=3917 min=703 max=35816 hex=1B86 0000 0F4D 237B 13ED","centre=5532 min=4045 max=9148 hex=15BD 15B8 159C 1568 1201",0,0,0,,0,,,None,Unavailable,NoWallUnderCrosshair,,,,"only 0 valid depth samples under crosshair (0 no-data, 68 out-of-range, 373 low-confidence)",0,,,None,Unavailable,NoWallInView,,,,-0.164654285,1.07620847,0.0420205072,0.0234436449,0.0645118058,-5.811454E-06,0.997641563,0,0,0,0,0,0,219457.12303506501,219457.12303506501,0.027604010014329106
16.570091562644958,bb263046,SessionTracking,Tracking,30.0600052,29.9548054,1,0.038760469004046172,0.9141667,1.59173608,1,160x90 DepthUint16,"centre=3965 min=750 max=35734 hex=1A7B 0000 0F7D 277A 1470","centre=4399 min=2799 max=8066 hex=1135 112B 112F 1177 1129",0,0,0,,0,,,None,Unavailable,NoWallUnderCrosshair,,,,"only 0 valid depth samples under crosshair (0 no-data, 76 out-of-range, 365 low-confidence)",0,,,None,Unavailable,NoWallInView,,,,-0.188431337,1.063824,-0.00102160871,0.0219200738,0.06260801,0.0004243851,0.99779737,0,0,0,0,0,0,219457.156466768,219457.156466768,0.038716042006853968
16.600875260665926,bb263046,SessionTracking,Tracking,30.060154,29.9548054,1,0.029783386009512469,0.921388865,1.58840275,1,160x90 DepthUint16,"centre=3968 min=784 max=35031 hex=1AEA 0000 0F80 2B61 1440","centre=4374 min=2457 max=7698 hex=1114 110E 1116 1142 10B3",0,0,0,,0,,,None,Unavailable,NoWallUnderCrosshair,,,,"only 0 valid depth samples under crosshair (0 no-data, 85 out-of-range, 356 low-confidence)",0,,,None,Unavailable,NoWallInView,,,,-0.1910768,1.06409907,-0.00103843957,0.0213158056,0.0603746548,0.000629514456,0.997947931,0,0,0,0,0,0,219457.18979385102,219457.18979385102,0.029649115022039041
16.632785728646123,bb263046,SessionTracking,Tracking,30.0626621,29.9548054,1,0.031399113999214023,0.9209028,1.517986,1,160x90 DepthUint16,"centre=3970 min=785 max=34948 hex=1AFB 0000 0F82 31C2 140D","centre=4347 min=2972 max=7349 hex=10FF 10F4 10FB 1125 1032",0,0,0,,0,,,None,Unavailable,NoWallUnderCrosshair,,,,"only 0 valid depth samples under crosshair (0 no-data, 81 out-of-range, 360 low-confidence)",0,,,None,Unavailable,NoWallInView,,,,-0.193845674,1.0643059,-0.00104958564,0.0206294339,0.0584044978,0.000800490438,0.998079538,0,0,0,0,0,0,219457.223120935,219457.223120935,0.031355521001387388
16.674847030642123,bb263046,SessionTracking,Tracking,30.0599613,29.9548054,1,0.041594582988182083,0.9203472,1.51791668,1,160x90 DepthUint16,"centre=3974 min=788 max=34782 hex=1B5B 0000 0F86 380E 12F5","centre=4278 min=3252 max=4280 hex=10B4 10B6 10B6 108E 0F01",0,0,0,,0,,,None,Unavailable,NoWallUnderCrosshair,,,,"only 0 valid depth samples under crosshair (0 no-data, 93 out-of-range, 348 low-confidence)",0,,,None,Unavailable,NoWallInView,,,,-0.197018251,1.06372678,-0.00325509161,0.0198096037,0.0560369566,0.000779509661,0.9982319,0,0,0,0,0,0,219457.256479984,219457.256479984,0.041550572990672663
16.702447239637987,bb263046,SessionTracking,Tracking,30.0619583,29.9548054,1,0.026505624991841614,0.9138889,1.44131947,1,160x90 DepthUint16,"centre=4001 min=788 max=34710 hex=1990 0000 0FA1 4333 11F3","centre=4242 min=3175 max=4244 hex=1093 1092 1092 106E 0F00",0,0,0,,0,,,None,Unavailable,NoWallUnderCrosshair,,,,"only 0 valid depth samples under crosshair (0 no-data, 99 out-of-range, 342 low-confidence)",0,,,None,Unavailable,NoWallInView,,,,-0.199652478,1.06380081,-0.00339024514,0.019004602,0.0526306555,0.0008323194,0.9984329,0,0,0,0,0,0,219457.28980706702,219457.28980706702,0.026347603998146951
16.733681562655985,bb263046,SessionTracking,Tracking,30.0609913,29.9548054,1,0.03059776101144962,0.917291641,1.43576384,1,160x90 DepthUint16,"centre=4367 min=811 max=32092 hex=199C 0B02 110F 4F8E 11C8","centre=4149 min=2788 max=4244 hex=1046 103F 1035 0FE0 0D88",0,0,0,,0,,,None,Unavailable,NoWallUnderCrosshair,,,,"only 0 valid depth samples under crosshair (0 no-data, 112 out-of-range, 329 low-confidence)",0,,,None,Unavailable,NoWallInView,,,,-0.202099115,1.06383049,-0.00341878086,0.0184507091,0.0478061773,0.000890255033,0.998685837,0,0,0,0,0,0,219457.32313415103,219457.32313415103,0.030540261010173708
16.765093853647269,bb263046,SessionTracking,Tracking,30.0615463,29.9548054,1,0.030871561990352347,0.9116667,1.40430558,1,160x90 DepthUint16,"centre=12191 min=810 max=32046 hex=19A5 0AE3 2F9F 45DA 1174","centre=3946 min=2730 max=3962 hex=0F79 0F6E 0F6A 0F45 0D8F",0,0,0,,0,,,None,Unavailable,NoWallUnderCrosshair,,,,"only 0 valid depth samples under crosshair (0 no-data, 127 out-of-range, 314 low-confidence)",0,,,None,Unavailable,NoWallInView,,,,-0.204501808,1.0639497,-0.00365223,0.0179794785,0.0424628668,0.00100925576,0.998935759,0,0,0,0,0,0,219457.35684991503,219457.35684991503,0.030807083006948233
16.800922707662831,bb263046,SessionTracking,Tracking,30.0659542,29.9548054,1,0.035219843004597351,0.9029861,1.37159717,1,160x90 DepthUint16,"centre=15243 min=809 max=32022 hex=19EC 0AE4 3B8B 2C73 1151","centre=3983 min=2609 max=4003 hex=0FA0 0F90 0F8F 0F80 0DF6",0,0,0,,0,,,None,Unavailable,NoWallUnderCrosshair,,,,"only 0 valid depth samples under crosshair (0 no-data, 135 out-of-range, 306 low-confidence)",0,,,None,Unavailable,NoWallInView,,,,-0.207118481,1.06394041,-0.00346508622,0.017816877,0.0377414823,0.0009985865,0.999128163,0,0,0,0,0,0,219457.39017699801,219457.39017699801,0.035168333008186892
16.834481874663762,bb263046,SessionTracking,Tracking,30.063179,29.9548054,1,0.032787500007543713,0.8834722,1.34423614,1,160x90 DepthUint16,"centre=13838 min=810 max=34091 hex=1AA9 0AEA 360E 2786 1133","centre=3872 min=2625 max=3916 hex=0F43 0F2A 0F20 0F1E 0DFD",0,0,0,,0,,,None,Unavailable,NoWallUnderCrosshair,,,,"only 0 valid depth samples under crosshair (0 no-data, 151 out-of-range, 290 low-confidence)",0,,,None,Unavailable,NoWallInView,,,,-0.209549263,1.06391311,-0.00302731246,0.0183137152,0.03211239,0.0010431112,0.9993159,0,0,0,0,0,0,219457.42350408202,219457.42350408202,0.032694010005798191
16.867265416637675,bb263046,SessionTracking,Tracking,30.0604153,29.9548054,1,0.032226510986220092,0.875277758,1.32027781,1,160x90 DepthUint16,"centre=10893 min=804 max=34259 hex=1B94 0AE6 2A8D 26EF 1117","centre=3852 min=2615 max=3868 hex=0F19 0F09 0F0C 0F0A 0DB0",0,0,0,,0,,,None,Unavailable,NoWallUnderCrosshair,,,,"only 0 valid depth samples under crosshair (0 no-data, 142 out-of-range, 299 low-confidence)",0,,,None,Unavailable,NoWallInView,,,,-0.210768223,1.06376481,-0.001787439,0.0192350633,0.0272392612,0.00126156223,0.999443054,0,0,0,0,0,0,219457.457005483,219457.457005483,0.032176353997783735
16.900790312655882,bb263046,SessionTracking,Tracking,30.0633354,29.9548054,1,0.033009063015924767,0.8847917,1.259375,1,160x90 DepthUint16,"centre=9903 min=820 max=38020 hex=1C04 0AE9 26AF 2654 1100","centre=3580 min=2596 max=3602 hex=0DFF 0DFB 0DFC 0E06 0D38",0,0,0,,0,,,None,Unavailable,NoWallUnderCrosshair,,,,"only 0 valid depth samples under crosshair (0 no-data, 148 out-of-range, 293 low-confidence)",0,,,None,Unavailable,NoWallInView,,,,-0.213489652,1.06366,-0.00119974464,0.0198938437,0.0235329419,0.0018592478,0.9995234,0,0,0,0,0,0,219457.49033256603,219457.49033256603,0.032958282012259588
16.932396353638179,bb263046,SessionTracking,Tracking,30.0637665,29.9548054,1,0.031103124987566844,0.8748611,1.18951392,1,160x90 DepthUint16,"centre=9246 min=819 max=38693 hex=1C30 0AEA 241E 21D1 10F3","centre=3750 min=2728 max=3766 hex=0EA8 0EA7 0EA6 0EA8 0DDC",0,0,0,,0,,,None,Unavailable,NoWallUnderCrosshair,,,,"only 0 valid depth samples under crosshair (0 no-data, 150 out-of-range, 291 low-confidence)",0,,,None,Unavailable,NoWallInView,,,,-0.216455087,1.06361,-0.000757508,0.0200586524,0.0212802123,0.00261557125,0.9995689,0,0,0,0,0,0,219457.52365965,219457.52365965,0.031059061991982162
16.9653164576531,bb263046,SessionTracking,Tracking,30.0658,29.9548054,1,0.032400780997704715,0.8705556,1.241736,1,160x90 DepthUint16,"centre=9252 min=819 max=38731 hex=1C19 0AEC 2424 2195 10EC","centre=3792 min=2587 max=3800 hex=0ED1 0ED1 0ED0 0ECE 0DE0",0,0,0,,0,,,None,Unavailable,NoWallUnderCrosshair,,,,"only 0 valid depth samples under crosshair (0 no-data, 153 out-of-range, 288 low-confidence)",0,,,None,Unavailable,NoWallInView,,,,-0.218403846,1.06363451,-0.000412687659,0.0196786914,0.01972084,0.00298455381,0.9996074,0,0,0,0,0,0,219457.557500796,219457.557500796,0.032352812006138265
16.998874999649271,bb263046,SessionTracking,Tracking,30.0609474,29.9548054,1,0.031445625005289912,0.8620833,1.13930559,1,160x90 DepthUint16,"centre=8515 min=818 max=38817 hex=1C20 2145 2143 1600 10E1","centre=3879 min=2624 max=3885 hex=0F1D 0F27 0F27 0F19 0DFF",0,0,0,,0,,,None,Unavailable,NoWallUnderCrosshair,,,,"only 0 valid depth samples under crosshair (0 no-data, 153 out-of-range, 288 low-confidence)",0,,,None,Unavailable,NoWallInView,,,,-0.221000448,1.0638082,-0.000195615,0.01961365,0.0178483129,0.00316304,0.9996433,0,0,0,0,0,0,219457.590827879,219457.590827879,0.031384948000777513
17.032284999652912,bb263046,SessionTracking,Tracking,30.0650654,29.9548054,1,0.032738073001382872,0.8703472,1.1519444,1,160x90 DepthUint16,"centre=8481 min=838 max=37827 hex=1C39 0F87 2121 14CC 10CF","centre=3684 min=2983 max=3816 hex=0E5B 0E5D 0E64 0E88 0E70",0,0,0,,0,,,None,Unavailable,NoWallUnderCrosshair,,,,"only 0 valid depth samples under crosshair (0 no-data, 156 out-of-range, 285 low-confidence)",0,,,None,Unavailable,NoWallInView,,,,-0.223212734,1.064064,7.134676E-05,0.0196743645,0.0149674555,0.00286224484,0.9996903,0,0,0,0,0,0,219457.624154963,219457.624154963,0.032676145987352356
17.064914478637657,bb263046,SessionTracking,Tracking,30.06252,29.9548054,1,0.032133176981005818,0.860416651,1.07673609,1,160x90 DepthUint16,"centre=8378 min=835 max=38755 hex=1C8D 0F6B 20BA 0F8A 10BA","centre=3509 min=2935 max=3764 hex=0DCC 0DBA 0DB5 0DE3 0E58",0,0,0,,0,,,None,Unavailable,NoWallUnderCrosshair,,,,"only 0 valid depth samples under crosshair (0 no-data, 160 out-of-range, 281 low-confidence)",0,,,None,Unavailable,NoWallInView,,,,-0.225470677,1.06448114,0.00140243024,0.02016807,0.0111350743,0.00255042338,0.999731362,0,0,0,0,0,0,219457.65801294902,219457.65801294902,0.032086822990095243
17.104038176658943,bb263046,SessionTracking,Tracking,30.0630283,29.9584885,1,0.038592917000642046,0.848680556,0.9595139,1,160x90 DepthUint16,"centre=8299 min=830 max=39215 hex=1D0E 5970 206B 0EE9 10C5","centre=3446 min=2944 max=3903 hex=0D8C 0D7A 0D76 0DC3 0EEA",0,0,0,,0,,,None,Unavailable,NoWallUnderCrosshair,,,,"only 0 valid depth samples under crosshair (0 no-data, 169 out-of-range, 272 low-confidence)",0,,,None,Unavailable,NoWallInView,,,,-0.227054924,1.06488311,0.00201627612,0.0215507485,0.00560984,0.00165969133,0.9997507,0,0,0,0,0,0,219457.691340032,219457.691340032,0.0384727600030601
17.1372825516529,bb263046,SessionTracking,Tracking,30.0605946,29.9584885,1,0.032459792011650279,0.8329861,0.8757639,1,160x90 DepthUint16,"centre=5779 min=825 max=39221 hex=1B10 129D 1693 0F0C 117C","centre=3468 min=2878 max=3791 hex=0DA1 0D8F 0D8C 0DC3 0E7E",0,0,0,,0,,,None,Unavailable,NoWallUnderCrosshair,,,,"only 0 valid depth samples under crosshair (0 no-data, 184 out-of-range, 257 low-confidence)",0,,,None,Unavailable,NoWallInView,,,,-0.228187367,1.065214,0.002746299,0.02320556,-0.00178004813,0.000441730052,0.999729037,0,0,0,0,0,0,219457.724667116,219457.724667116,0.03235442700679414
17.166221874657932,bb263046,SessionTracking,Tracking,30.06302,29.9584885,1,0.028434427018510178,0.815,0.7995139,1,160x90 DepthUint16,"centre=3673 min=813 max=39595 hex=0E85 1159 0E59 0F76 1236","centre=3417 min=2702 max=3794 hex=0D73 0D5C 0D59 0D98 0E8A",0,0,0,,0,,,None,Unavailable,NoWallUnderCrosshair,,,,"only 0 valid depth samples under crosshair (0 no-data, 185 out-of-range, 256 low-confidence)",0,,,None,Unavailable,NoWallInView,,,,-0.2314038,1.06545508,0.008967973,0.0248616245,-0.009166428,-0.00013878943,0.999648869,0,0,0,0,0,0,219457.758685133,219457.758685133,0.028385625017108396
17.198415416650388,bb263046,SessionTracking,Tracking,30.060358,29.9584885,1,0.031571926985634491,0.815069437,2.77875,1,160x90 DepthUint16,"centre=5103 min=820 max=39003 hex=0BCF 1097 13EF 0FD8 08B9","centre=1209 min=1186 max=1559 hex=04D9 04CE 04B9 04D0 05D9",0,0,0,,0,,,None,Unavailable,NoWallUnderCrosshair,,,,"only 0 valid depth samples under crosshair (0 no-data, 140 out-of-range, 301 low-confidence)",0,,,None,Unavailable,NoWallInView,,,,-0.233200476,1.06570148,0.009782545,0.0270577427,-0.0150740976,-0.00146868837,0.999519169,0,0,0,0,0,0,219457.792012216,219457.792012216,0.031501980003667995
17.228778957659525,bb263046,SessionTracking,Tracking,30.06103,29.9584885,1,0.02987755200592801,0.8017361,2.69263887,1,160x90 DepthUint16,"centre=7448 min=818 max=39219 hex=0C11 1054 1D18 1053 08C9","centre=1164 min=1150 max=1633 hex=04A8 049D 048C 04B3 05F5",0,0,0,,0,,,None,Unavailable,NoWallUnderCrosshair,,,,"only 0 valid depth samples under crosshair (0 no-data, 152 out-of-range, 289 low-confidence)",0,,,None,Unavailable,NoWallInView,,,,-0.235107988,1.06574011,0.0105064288,0.0284712631,-0.02056617,-0.002878994,0.9993789,0,0,0,0,0,0,219457.8253393,219457.8253393,0.029831771011231467
17.268104791649531,bb263046,SessionTracking,Tracking,30.0613174,29.9584885,1,0.038848333992064,0.7906944,2.39694452,1,160x90 DepthUint16,"centre=11391 min=811 max=39417 hex=0D19 1080 2C7F 0E6D 0902","centre=1142 min=1135 max=1487 hex=048B 0483 0476 0496 0592",0,0,0,,0,,,None,Unavailable,NoWallUnderCrosshair,,,,"only 0 valid depth samples under crosshair (0 no-data, 163 out-of-range, 278 low-confidence)",0,,,None,Unavailable,NoWallInView,,,,-0.238892362,1.06567264,0.0154978409,0.02933511,-0.026422,-0.00347238826,0.999214351,0,0,0,0,0,0,219457.859179074,219457.859179074,0.0388049480097834
17.301241874644912,bb263046,SessionTracking,Tracking,30.06181,29.9584885,1,0.032343853992642835,0.777708352,2.396389,1,160x90 DepthUint16,"centre=1069 min=806 max=39603 hex=0D87 11DA 042D 0D3A 0913","centre=1132 min=1126 max=1575 hex=0479 0472 046C 0499 05C8",0,0,0,,0,,,None,Unavailable,NoWallUnderCrosshair,,,,"only 0 valid depth samples under crosshair (0 no-data, 151 out-of-range, 290 low-confidence)",0,,,None,Unavailable,NoWallInView,,,,-0.241410539,1.06565464,0.0161613375,0.0306539163,-0.0313727148,-0.00423616171,0.9990286,0,0,0,0,0,0,219457.89250615702,219457.89250615702,0.0322566149989143
17.332890572645848,bb263046,SessionTracking,Tracking,30.0629578,29.9584885,1,0.031116405996726826,0.7870139,3.88006949,1,160x90 DepthUint16,"centre=1040 min=804 max=39745 hex=0D0D 18D7 0410 0710 080D","centre=1189 min=1185 max=1282 hex=04AB 04A9 04A5 04A8 04E9",0,0,0,,0,,,None,Unavailable,NoWallUnderCrosshair,,,,"only 0 valid depth samples under crosshair (0 no-data, 106 out-of-range, 335 low-confidence)",0,,,None,Unavailable,NoWallInView,,,,-0.24421455,1.065609,0.0168011561,0.0317178853,-0.03503378,-0.004662693,0.9988718,0,0,0,0,0,0,219457.92583324102,219457.92583324102,0.031061301997397095
17.3675663016412,bb263046,SessionTracking,Tracking,30.0589046,29.9584885,1,0.0341392709815409,0.777291656,4.37368059,1,160x90 DepthUint16,"centre=1043 min=807 max=39849 hex=0D8E 2107 0413 0AE8 07C2","centre=1198 min=1179 max=1280 hex=04B0 04AF 04AE 04AF 04E2",0,0,0,,0,,,None,Unavailable,NoWallUnderCrosshair,,,,"only 0 valid depth samples under crosshair (0 no-data, 92 out-of-range, 349 low-confidence)",0,,,None,Unavailable,NoWallInView,,,,-0.24404195,1.0659554,0.0139518306,0.0327103,-0.0373679921,-0.00568836974,0.9987499,0,0,0,0,0,0,219457.96011889802,219457.96011889802,0.034087655978510156
17.398757811644028,bb263046,SessionTracking,Tracking,30.0631084,29.9584885,1,0.030621249985415488,0.769583344,4.126111,1,160x90 DepthUint16,"centre=1059 min=805 max=39963 hex=0D6A 3422 0423 045A 0801","centre=1197 min=1183 max=1305 hex=04B0 04AF 04AD 04B1 04FA",0,0,0,,0,,,None,Unavailable,NoWallUnderCrosshair,,,,"only 0 valid depth samples under crosshair (0 no-data, 94 out-of-range, 347 low-confidence)",0,,,None,Unavailable,NoWallInView,,,,-0.246626869,1.06592476,0.0145016238,0.0335526951,-0.04046863,-0.00628200173,0.9985976,0,0,0,0,0,0,219457.993445981,219457.993445981,0.030572290997952223
17.429377395638877,bb263046,SessionTracking,Tracking,30.0599976,29.9584885,1,0.030077968986006454,0.7644445,3.744375,1,160x90 DepthUint16,"centre=1075 min=804 max=39942 hex=0C02 3E1F 0433 0481 072C","centre=1191 min=1183 max=1289 hex=04A9 04A8 04A7 04AC 04E4",0,0,0,,0,,,None,Unavailable,NoWallUnderCrosshair,,,,"only 0 valid depth samples under crosshair (0 no-data, 109 out-of-range, 332 low-confidence)",0,,,None,Unavailable,NoWallInView,,,,-0.249230176,1.06592548,0.0150507092,0.0347352661,-0.0435154922,-0.006605596,0.998426855,0,0,0,0,0,0,219458.026773065,219458.026773065,0.030027760978555307
17.471552707641532,bb263046,SessionTracking,Tracking,30.0611057,29.9584885,1,0.041668697987915948,0.7583333,3.50534725,1,160x90 DepthUint16,"centre=1115 min=805 max=39896 hex=0BC7 457B 045B 049B 0730","centre=1191 min=1185 max=1317 hex=04A9 04A7 04A7 04AE 04E2",0,0,0,,0,,,None,Unavailable,NoWallUnderCrosshair,,,,"only 0 valid depth samples under crosshair (0 no-data, 100 out-of-range, 341 low-confidence)",0,,,None,Unavailable,NoWallInView,,,,-0.252891451,1.06650567,0.0135512725,0.0363085344,-0.0460739359,-0.00670847343,0.998255432,0,0,0,0,0,0,219458.060540609,219458.060540609,0.041617759998189285
17.500851874655492,bb263046,SessionTracking,Tracking,30.0619011,29.9584885,1,0.028394530992954969,0.766875,4.10375,1,160x90 DepthUint16,"centre=1204 min=805 max=39150 hex=0B68 49F4 04B4 04C0 0C42","centre=1224 min=1182 max=1299 hex=04CF 04CB 04C8 04C0 04E0",0,0,0,,0,,,None,Unavailable,NoWallUnderCrosshair,,,,"only 0 valid depth samples under crosshair (0 no-data, 69 out-of-range, 372 low-confidence)",0,,,None,Unavailable,NoWallInView,,,,-0.25530833,1.06663287,0.0141112059,0.0377590954,-0.0495221838,-0.00714883255,0.998033464,0,0,0,0,0,0,219458.09386769202,219458.09386769202,0.028274062991840765
17.532343020641857,bb263046,SessionTracking,Tracking,30.0620079,29.9584885,1,0.03094786498695612,0.755486131,3.823125,1,160x90 DepthUint16,"centre=1233 min=805 max=39283 hex=0B62 4B11 04D1 049F 0C49","centre=1205 min=1182 max=1316 hex=04B2 04B1 04B5 04BB 04DC",0,0,0,,0,,,None,Unavailable,NoWallUnderCrosshair,,,,"only 0 valid depth samples under crosshair (0 no-data, 76 out-of-range, 365 low-confidence)",0,,,None,Unavailable,NoWallInView,,,,-0.2576431,1.06673265,0.0146546438,0.03889151,-0.05360377,-0.00761032151,0.9977756,0,0,0,0,0,0,219458.12719477603,219458.12719477603,0.030524583999067545
17.571554374656554,bb263046,SessionTracking,Tracking,30.0612335,29.9584885,1,0.038723177014617249,0.74333334,3.74048615,1,160x90 DepthUint16,"centre=9247 min=806 max=39405 hex=0B05 45B3 241F 04A2 0A86","centre=1221 min=1180 max=1290 hex=04C8 04C6 04C5 04BE 04D1",0,0,0,,0,,,None,Unavailable,NoWallUnderCrosshair,,,,"only 0 valid depth samples under crosshair (0 no-data, 73 out-of-range, 368 low-confidence)",0,,,None,Unavailable,NoWallInView,,,,-0.261463732,1.0674839,0.0133081526,0.0403513759,-0.0567315966,-0.00739485072,0.9975463,0,0,0,0,0,0,219458.16095149802,219458.16095149802,0.03867781299049966
17.601230936657085,bb263046,SessionTracking,Tracking,30.0616741,29.9584885,1,0.029062290996080264,0.740277767,3.89486122,1,160x90 DepthUint16,"centre=1500 min=805 max=39467 hex=0AE8 3F89 05DC 04AD 07D3","centre=1220 min=1177 max=1289 hex=04C6 04C4 04C4 04BE 04CC",0,0,0,,0,,,None,Unavailable,NoWallUnderCrosshair,,,,"only 0 valid depth samples under crosshair (0 no-data, 61 out-of-range, 380 low-confidence)",0,,,None,Unavailable,NoWallInView,,,,-0.264264047,1.06776142,0.0138692781,0.0412751548,-0.05819035,-0.00717443228,0.9974261,0,0,0,0,0,0,219458.194278581,219458.194278581,0.029005729011259973
17.635645311654226,bb263046,SessionTracking,Tracking,30.0619717,29.9584885,1,0.033885573007864878,0.754166663,4.02819443,1,160x90 DepthUint16,"centre=1314 min=805 max=39502 hex=09E7 32A4 0522 04A5 0868","centre=1275 min=1172 max=1307 hex=050F 050A 04FB 04D1 04C4",0,0,0,,0,,,None,Unavailable,NoWallUnderCrosshair,,,,"only 0 valid depth samples under crosshair (0 no-data, 43 out-of-range, 398 low-confidence)",0,,,None,Unavailable,NoWallInView,,,,-0.2671194,1.06797135,0.0143960193,0.0416877419,-0.0591769,-0.00740453647,0.9973492,0,0,0,0,0,0,219458.22760566502,219458.22760566502,0.033838333009043708
17.664836665652839,bb263046,SessionTracking,Tracking,30.0626545,29.9584885,1,0.0286797390144784,0.754722238,3.94902778,1,160x90 DepthUint16,"centre=1314 min=805 max=39554 hex=09E4 329E 0522 04A6 0869","centre=1295 min=1171 max=1342 hex=052F 0529 050F 04D0 04C5",0,0,0,,0,,,None,Unavailable,NoWallUnderCrosshair,,,,"only 0 valid depth samples under crosshair (0 no-data, 50 out-of-range, 391 low-confidence)",0,,,None,Unavailable,NoWallInView,,,,-0.2720811,1.0687902,0.0140295252,0.0424990542,-0.0603280328,-0.00784060452,0.9972426,0,0,0,0,0,0,219458.26102859701,219458.26102859701,0.028630520013393834
17.703246301659529,bb263046,SessionTracking,Tracking,30.0645142,29.9584885,1,0.037774688011268154,0.7536805,3.980625,1,160x90 DepthUint16,"centre=1316 min=804 max=39606 hex=09E1 3295 0524 04BD 0A11","centre=1290 min=1167 max=1334 hex=0524 051F 050A 04D6 04C4",0,0,0,,0,,,None,Unavailable,NoWallUnderCrosshair,,,,"only 0 valid depth samples under crosshair (0 no-data, 50 out-of-range, 391 low-confidence)",0,,,None,Unavailable,NoWallInView,,,,-0.274910152,1.069215,0.0148997828,0.04351998,-0.0612083822,-0.008479744,0.9971398,0,0,0,0,0,0,219458.29435568,219458.29435568,0.037702447996707633
17.733888540658082,bb263046,SessionTracking,Tracking,30.0626678,29.9584885,1,0.030057187017519027,0.7684722,3.901528,1,160x90 DepthUint16,"centre=1308 min=804 max=39662 hex=08C7 26AA 051C 04C2 0AC2","centre=1317 min=1171 max=1374 hex=0556 054F 0525 04DA 04C2",0,0,0,,0,,,None,Unavailable,NoWallUnderCrosshair,,,,"only 0 valid depth samples under crosshair (0 no-data, 30 out-of-range, 411 low-confidence)",0,,,None,Unavailable,NoWallInView,,,,-0.277882934,1.06975341,0.0157412514,0.0449545,-0.06172867,-0.008787513,0.997041345,0,0,0,0,0,0,219458.327682764,219458.327682764,0.030005573004018515
17.765533592647554,bb263046,SessionTracking,Tracking,30.0618572,29.9584885,1,0.028866979002486914,0.7695139,3.99291658,1,160x90 DepthUint16,"centre=1306 min=804 max=39680 hex=08AF 26A4 051A 04C4 0AA1","centre=1324 min=1174 max=1387 hex=0562 0559 052C 04DD 04C5",0,0,0,,0,,,None,Unavailable,NoWallUnderCrosshair,,,,"only 0 valid depth samples under crosshair (0 no-data, 30 out-of-range, 411 low-confidence)",0,,,None,Unavailable,NoWallInView,,,,-0.280874163,1.07021558,0.01591546,0.0457492545,-0.0614392981,-0.008707137,0.997023761,0,0,0,0,0,0,219458.361025115,219458.361025115,0.028698071982944384
17.796929165641924,bb263046,SessionTracking,Tracking,30.0620613,29.9584885,1,0.030800884997006506,0.778472245,3.929861,1,160x90 DepthUint16,"centre=1308 min=804 max=39631 hex=08A2 2E6F 051C 04C6 0A3A","centre=1318 min=1171 max=1377 hex=055A 0551 0526 04DA 04C3",0,0,0,,0,,,None,Unavailable,NoWallUnderCrosshair,,,,"only 0 valid depth samples under crosshair (0 no-data, 35 out-of-range, 406 low-confidence)",0,,,None,Unavailable,NoWallInView,,,,-0.284294844,1.07054663,0.0162147358,0.0453000031,-0.0599916875,-0.008404703,0.997135043,0,0,0,0,0,0,219458.39435219803,219458.39435219803,0.030755259998841211
17.832567238664634,bb263046,SessionTracking,Tracking,30.06383,29.9584885,1,0.035106146009638906,0.778819442,3.865764,1,160x90 DepthUint16,"centre=1307 min=804 max=39577 hex=0885 2E70 051B 04C4 09AF","centre=1320 min=1170 max=1379 hex=055D 0554 0528 04D8 04C3",0,0,0,,0,,,None,Unavailable,NoWallUnderCrosshair,,,,"only 0 valid depth samples under crosshair (0 no-data, 34 out-of-range, 407 low-confidence)",0,,,None,Unavailable,NoWallInView,,,,-0.2878391,1.070854,0.0165635943,0.0450997651,-0.0580102727,-0.008239091,0.9972627,0,0,0,0,0,0,219458.427679282,219458.427679282,0.035060989001067355
17.862316040650622,bb263046,SessionTracking,Tracking,30.0647316,29.9584885,1,0.029184165992774069,0.8034722,4.216597,1,160x90 DepthUint16,"centre=1391 min=826 max=39512 hex=07D3 2EDB 056F 04C2 0A8E","centre=1335 min=1179 max=1406 hex=0576 056B 0537 04DD 04CB",0,0,0,,0,,,None,Unavailable,NoWallUnderCrosshair,,,,"only 0 valid depth samples under crosshair (0 no-data, 34 out-of-range, 407 low-confidence)",0,,,None,Unavailable,NoWallInView,,,,-0.291880369,1.07089078,0.0173694268,0.0451233871,-0.0554255657,-0.008138746,0.997409463,0,0,0,0,0,0,219458.46098435402,219458.46098435402,0.029100729007041082
17.895220155661374,bb263046,SessionTracking,Tracking,30.06103,29.9584885,1,0.032271719013806432,0.813819468,4.022986,1,160x90 DepthUint16,"centre=1411 min=821 max=39410 hex=0992 4898 0583 04C1 0A53","centre=1324 min=1178 max=1391 hex=0566 055C 052C 04D3 04CE",0,0,0,,0,,,None,Unavailable,NoWallUnderCrosshair,,,,"only 0 valid depth samples under crosshair (0 no-data, 33 out-of-range, 408 low-confidence)",0,,,None,Unavailable,NoWallInView,,,,-0.295760155,1.071147,0.0176751316,0.04472923,-0.05188751,-0.007938266,0.997619152,0,0,0,0,0,0,219458.494311437,219458.494311437,0.032201198016991839
17.932794999659674,bb263046,SessionTracking,Tracking,30.06682,29.9584885,1,0.037013021006714553,0.8232639,4.09465265,1,160x90 DepthUint16,"centre=1438 min=823 max=39248 hex=0999 4A66 059E 04CB 09C9","centre=1318 min=1181 max=1380 hex=055D 0553 0526 04D3 04D6",0,0,0,,0,,,None,Unavailable,NoWallUnderCrosshair,,,,"only 0 valid depth samples under crosshair (0 no-data, 32 out-of-range, 409 low-confidence)",0,,,None,Unavailable,NoWallInView,,,,-0.300008744,1.07138717,0.0178262442,0.0438644253,-0.0467006452,-0.007410736,0.9979179,0,0,0,0,0,0,219458.52763852102,219458.52763852102,0.036959218996344134
17.963593280649658,bb263046,SessionTracking,Tracking,30.0678062,29.9584885,1,0.030264063010690734,0.861875,4.377153,1,160x90 DepthUint16,"centre=1389 min=395 max=39062 hex=0A6E 3F2D 056D 04CE 0C27","centre=1324 min=1157 max=1402 hex=0572 0566 052C 04D1 04A1",0,0,0,,0,,,None,Unavailable,NoWallUnderCrosshair,,,,"only 0 valid depth samples under crosshair (0 no-data, 21 out-of-range, 420 low-confidence)",0,,,None,Unavailable,NoWallInView,,,,-0.303659469,1.07090819,0.0179643258,0.0427064337,-0.0411824472,-0.00678074453,0.998215556,0,0,0,0,0,0,219458.560366518,219458.560366518,0.030211770994355902
17.997232342641947,bb263046,SessionTracking,Tracking,30.0602741,29.9584885,1,0.032883437001146376,0.8711111,4.379375,1,160x90 DepthUint16,"centre=1294 min=395 max=38885 hex=0B8F 2A08 050E 04CE 051C","centre=1308 min=1154 max=1377 hex=055B 0550 051C 04CB 04A0",0,0,0,,0,,,None,Unavailable,NoWallUnderCrosshair,,,,"only 0 valid depth samples under crosshair (0 no-data, 15 out-of-range, 426 low-confidence)",0,,,None,Unavailable,NoWallInView,,,,-0.308109,1.07109225,0.0179827362,0.0418717451,-0.03578463,-0.006179333,0.998462856,0,0,0,0,0,0,219458.59369360103,219458.59369360103,0.032815728976856917
18.034109478650063,bb263046,SessionTracking,Tracking,30.0705986,29.9584885,1,0.036266510986024514,0.8811111,4.474583,1,160x90 DepthUint16,"centre=1260 min=393 max=38706 hex=0D3A 1901 04EC 04CC 051B","centre=1312 min=1146 max=1379 hex=055F 0554 0520 04CC 0495",0,0,0,,0,,,None,Unavailable,NoWallUnderCrosshair,,,,"only 0 valid depth samples under crosshair (0 no-data, 15 out-of-range, 426 low-confidence)",0,,,None,Unavailable,NoWallInView,,,,-0.312547982,1.07125962,0.0180794224,0.0410217978,-0.03051302,-0.00566941546,0.9986762,0,0,0,0,0,0,219458.627020685,219458.627020685,0.036191874998621643
18.065746978661192,bb263046,SessionTracking,Tracking,30.0612736,29.9584885,1,0.031038593995617703,0.9088889,4.87597227,1,160x90 DepthUint16,"centre=1243 min=395 max=38534 hex=1A1A 1240 04DB 04B5 05CD","centre=1326 min=1121 max=1396 hex=0572 0568 052E 04D1 047B",0,0,0,,0,,,None,Unavailable,NoWallUnderCrosshair,,,,"only 0 valid depth samples under crosshair (0 no-data, 16 out-of-range, 425 low-confidence)",0,,,None,Unavailable,NoWallInView,,,,-0.312718779,1.06952846,0.01731053,0.04039744,-0.025463853,-0.00564593077,0.998843253,0,0,0,0,0,0,219458.65955416003,219458.65955416003,0.030979688017396256
18.098879165664695,bb263046,SessionTracking,Tracking,30.06638,29.9584885,1,0.032575729012023658,0.917569458,4.74465275,1,160x90 DepthUint16,"centre=1210 min=394 max=38359 hex=1B93 1097 04BA 0493 05CC","centre=1324 min=1109 max=1392 hex=056E 0563 052C 04D0 046E",0,0,0,,0,,,None,Unavailable,NoWallUnderCrosshair,,,,"only 0 valid depth samples under crosshair (0 no-data, 11 out-of-range, 430 low-confidence)",0,,,None,Unavailable,NoWallInView,,,,-0.317173034,1.06970859,0.0173693448,0.04016091,-0.02004742,-0.00566580845,0.998976,0,0,0,0,0,0,219458.692881243,219458.692881243,0.032525312009966
18.128534165655875,bb263046,SessionTracking,Tracking,30.06694,30.2587814,1,0.029131613991921768,0.925625,4.88069439,1,160x90 DepthUint16,"centre=1171 min=394 max=38184 hex=1BDD 1036 0493 0497 0802","centre=1315 min=1112 max=1380 hex=0562 0556 0523 04D1 0470",0,0,0,,0,,,None,Unavailable,NoWallUnderCrosshair,,,,"only 0 valid depth samples under crosshair (0 no-data, 8 out-of-range, 433 low-confidence)",0,,,None,Unavailable,NoWallInView,,,,-0.321639746,1.069915,0.0172838867,0.0396140441,-0.0151149342,-0.00551498,0.999085546,0,0,0,0,0,0,219458.72620832702,219458.72620832702,0.029086613998515531
18.167540571660648,bb263046,SessionTracking,Tracking,30.072937,30.2587814,1,0.038382343016564846,0.930694461,6.01506948,1,160x90 DepthUint16,"centre=1101 min=408 max=38044 hex=1BE7 1056 044D 048C 0000","centre=1331 min=1079 max=1389 hex=056C 0566 0533 04DE 0472",0,0,0,,0,,,None,Unavailable,NoWallUnderCrosshair,,,,"only 0 valid depth samples under crosshair (0 no-data, 6 out-of-range, 435 low-confidence)",0,,,None,Unavailable,NoWallInView,,,,-0.298238575,1.06482875,0.009310052,0.0387123823,-0.0114097949,-0.006642878,0.9991632,0,0,0,0,0,0,219458.75887998202,219458.75887998202,0.038329791015712544
18.198590363646073,bb263046,SessionTracking,Tracking,30.0612144,30.2587814,1,0.030536197999026626,0.9433333,6.367708,1,160x90 DepthUint16,"centre=1119 min=407 max=37750 hex=0CDB 107B 045F 0498 08C7","centre=1333 min=1142 max=1407 hex=057C 0572 0535 04D8 04A4",0,0,0,,0,,,None,Unavailable,NoWallUnderCrosshair,,,,"only 0 valid depth samples under crosshair (0 no-data, 3 out-of-range, 438 low-confidence)",0,,,None,Unavailable,NoWallInView,,,,-0.3020015,1.06481707,0.008497164,0.0381731763,-0.007582521,-0.00598174334,0.9992245,0,0,0,0,0,0,219458.792207065,219458.792207065,0.030484113987768069
18.231554426639487,bb263046,SessionTracking,Tracking,30.0661087,30.2587814,1,0.032354270981159061,0.95125,6.59118032,1,160x90 DepthUint16,"centre=1136 min=407 max=37206 hex=0CD4 10B1 0470 04AE 08CF","centre=1334 min=1144 max=1404 hex=0578 056E 0536 04D9 04A7",0,0,0,,0,,,None,Unavailable,NoWallUnderCrosshair,,,,"only 0 valid depth samples under crosshair (0 no-data, 2 out-of-range, 439 low-confidence)",0,,,None,Unavailable,NoWallInView,,,,-0.305874169,1.06484151,0.00767738372,0.0377466381,-0.003630316,-0.00528854132,0.9992668,0,0,0,0,0,0,219458.82553414901,219458.82553414901,0.032304947992088273
18.269119061654347,bb263046,SessionTracking,Tracking,30.0677433,30.2587814,1,0.037049426988232881,0.9547222,6.883333,1,160x90 DepthUint16,"centre=1201 min=415 max=36602 hex=0E0E 1129 04B1 0500 08F8","centre=1329 min=1125 max=1400 hex=0575 056C 0531 04DA 04B9",0,0,0,,0,,,None,Unavailable,NoWallUnderCrosshair,,,,"only 0 valid depth samples under crosshair (0 no-data, 3 out-of-range, 438 low-confidence)",0,,,None,Unavailable,NoWallInView,,,,-0.2916016,1.06428874,0.00146762282,0.037878897,-0.000173512861,-0.005907208,0.9992649,0,0,0,0,0,0,219458.858285555,219458.858285555,0.036997916991822422
18.299844686648722,bb263046,SessionTracking,Tracking,30.0633411,30.2587814,1,0.029824686993379146,0.964791656,6.856528,1,160x90 DepthUint16,"centre=1353 min=411 max=35782 hex=07E0 1184 0549 0501 08ED","centre=1353 min=1160 max=1482 hex=05B5 059D 0549 04DB 04C5",0,0,0,,0,,,None,Unavailable,NoWallUnderCrosshair,,,,"only 0 valid depth samples under crosshair (0 no-data, 1 out-of-range, 440 low-confidence)",0,,,None,Unavailable,NoWallInView,,,,-0.2946628,1.06431174,0.0006722957,0.0380360335,0.003448155,-0.00570693659,0.999254167,0,0,0,0,0,0,219458.89161263802,219458.89161263802,0.029696198005694896
18.331277863654687,bb263046,SessionTracking,Tracking,30.063982,30.2587814,1,0.030897604010533541,0.9673611,6.878125,1,160x90 DepthUint16,"centre=1386 min=416 max=33242 hex=07F7 1479 056A 04FF 0817","centre=1346 min=1160 max=1466 hex=05A5 0593 0542 04DB 04CE",0,0,0,,0,,,None,Unavailable,NoWallUnderCrosshair,,,,"only 0 valid depth samples under crosshair (0 no-data, 1 out-of-range, 440 low-confidence)",0,,,None,Unavailable,NoWallInView,,,,-0.2980349,1.06433,-6.918609E-05,0.0382502452,0.008285982,-0.00533238053,0.999219656,0,0,0,0,0,0,219458.92493972203,219458.92493972203,0.030850781011395156
18.37470801964184,bb263046,SessionTracking,Tracking,30.0633488,30.2587814,1,0.042912759992759675,0.9585417,6.84715271,1,160x90 DepthUint16,"centre=1374 min=416 max=32603 hex=0D11 0FCC 055E 04E8 0788","centre=1345 min=1164 max=1463 hex=05A6 0592 0541 04D9 04CA",0,0,0,,0,,,None,Unavailable,NoWallUnderCrosshair,,,,"only 0 valid depth samples under crosshair (0 no-data, 1 out-of-range, 440 low-confidence)",0,,,None,Unavailable,NoWallInView,,,,-0.297293484,1.06425524,-0.00136236846,0.0385120735,0.0137999589,-0.005077392,0.9991499,0,0,0,0,0,0,219458.95826973,219458.95826973,0.042861353984335437
18.399237967657537,bb263046,SessionTracking,Tracking,30.0652714,30.2587814,1,0.023977500008186325,0.951319456,6.883125,1,160x90 DepthUint16,"centre=1450 min=415 max=32631 hex=0C25 0774 05AA 04C7 0837","centre=1341 min=1170 max=1460 hex=05A4 058B 053D 04D7 04CD",0,0,0,,0,,,None,Unavailable,NoWallUnderCrosshair,,,,"only 0 valid depth samples under crosshair (0 no-data, 1 out-of-range, 440 low-confidence)",0,,,None,Unavailable,NoWallInView,,,,-0.300770134,1.06427348,-0.002300784,0.0385045148,0.01972636,-0.004629672,0.999053,0,0,0,0,0,0,219458.99159681302,219458.99159681302,0.023930780997034162
18.430521092647833,bb263046,SessionTracking,Tracking,30.0636482,30.2587814,1,0.030779791006352752,0.9409722,7.00354147,1,160x90 DepthUint16,"centre=1408 min=417 max=32578 hex=0AEC 074F 0580 04AE 09D1","centre=1337 min=1169 max=1468 hex=05AA 058D 0539 04D0 04C8",0,0,0,,0,,,None,Unavailable,NoWallUnderCrosshair,,,,"only 0 valid depth samples under crosshair (0 no-data, 1 out-of-range, 440 low-confidence)",0,,,None,Unavailable,NoWallInView,,,,-0.304266781,1.06437767,-0.00330618024,0.0387355,0.0258244276,-0.00447923,0.9989057,0,0,0,0,0,0,219459.02492389703,219459.02492389703,0.030727656005183235
18.464284790659004,bb263046,SessionTracking,Tracking,30.06048,30.2587814,1,0.033136614016257226,0.94083333,7.0445137,1,160x90 DepthUint16,"centre=1350 min=419 max=32446 hex=06BB 0753 0546 04AC 0960","centre=1437 min=1173 max=1703 hex=0648 061F 059D 04F5 04DA",0,0,0,,0,,,None,Unavailable,NoWallUnderCrosshair,,,,"only 0 valid depth samples under crosshair (0 no-data, 0 out-of-range, 441 low-confidence)",0,,,None,Unavailable,NoWallInView,,,,-0.306995183,1.06466174,-0.0050900653,0.0388714671,0.0308210719,-0.00463071465,0.9987581,0,0,0,0,0,0,219459.058280827,219459.058280827,0.033065521012758836
18.502568488657854,bb263046,SessionTracking,Tracking,30.06302,30.2587814,1,0.037694219005061314,0.938125,7.17465258,1,160x90 DepthUint16,"centre=1372 min=419 max=32395 hex=06B6 075F 055C 04AC 090F","centre=1451 min=1168 max=1720 hex=0654 0631 05AB 04FE 04D2",0,0,0,,0,,,None,Unavailable,NoWallUnderCrosshair,,,,"only 0 valid depth samples under crosshair (0 no-data, 0 out-of-range, 441 low-confidence)",0,,,None,Unavailable,NoWallInView,,,,-0.310117483,1.06476736,-0.006148115,0.0389270335,0.034777604,-0.004906178,0.9986246,0,0,0,0,0,0,219459.09160791003,219459.09160791003,0.037641406001057476
18.534727394647344,bb263046,SessionTracking,Tracking,30.065321,30.2587814,1,0.030132290994515643,0.9332639,7.342986,1,160x90 DepthUint16,"centre=1381 min=420 max=32351 hex=06AA 0792 0565 04BA 08D2","centre=1425 min=1165 max=1704 hex=064B 0617 0591 04F6 04DF",0,0,0,,0,,,None,Unavailable,NoWallUnderCrosshair,,,,"only 0 valid depth samples under crosshair (0 no-data, 0 out-of-range, 441 low-confidence)",0,,,None,Unavailable,NoWallInView,,,,-0.313333571,1.064935,-0.00701734424,0.039690908,0.03908242,-0.005031139,0.9984347,0,0,0,0,0,0,219459.124934994,219459.124934994,0.030062031000852585
18.566159373652336,bb263046,SessionTracking,Tracking,30.06251,30.2587814,1,0.030852291005430743,0.9280556,7.458958,1,160x90 DepthUint16,"centre=1385 min=420 max=32394 hex=06A4 0971 0569 04C1 089D","centre=1436 min=1161 max=1716 hex=0657 0621 059C 0503 04DE",0,0,0,,0,,,None,Unavailable,NoWallUnderCrosshair,,,,"only 0 valid depth samples under crosshair (0 no-data, 0 out-of-range, 441 low-confidence)",0,,,None,Unavailable,NoWallInView,,,,-0.31453,1.065228,-0.007451564,0.0408864841,0.0431261659,-0.00516316341,0.9982193,0,0,0,0,0,0,219459.15826547,219459.15826547,0.030805363989202306
18.60147140565925,bb263046,SessionTracking,Tracking,30.0608234,30.2587814,1,0.034806562995072454,0.9402083,7.9864583,1,160x90 DepthUint16,"centre=1363 min=437 max=32340 hex=06C3 0A8D 0553 04B9 0882","centre=1507 min=1175 max=1978 hex=0692 066C 05E3 0527 04FA",0,0,0,,0,,,None,Unavailable,NoWallUnderCrosshair,,,,"only 0 valid depth samples under crosshair (0 no-data, 0 out-of-range, 441 low-confidence)",0,,,None,Unavailable,NoWallInView,,,,-0.317552924,1.06537962,-0.008187108,0.0415605456,0.0466996357,-0.00528383255,0.998030066,0,0,0,0,0,0,219459.19159255302,219459.19159255302,0.034760052018100396
18.632205571638334,bb263046,SessionTracking,Tracking,30.06133,30.2587814,1,0.02985171799082309,0.93875,8.474375,1,160x90 DepthUint16,"centre=1364 min=439 max=32305 hex=06F3 2099 0554 04B2 086E","centre=1529 min=1187 max=2023 hex=06C7 069D 05F9 052D 0515",0,0,0,,0,,,None,Unavailable,NoWallUnderCrosshair,,,,"only 0 valid depth samples under crosshair (0 no-data, 0 out-of-range, 441 low-confidence)",0,,,None,Unavailable,NoWallInView,,,,-0.320519984,1.06545937,-0.008903049,0.04221042,0.04986907,-0.00547760772,0.9978484,0,0,0,0,0,0,219459.22491963702,219459.22491963702,0.029709634982282296
18.663542290663028,bb263046,SessionTracking,Tracking,30.0641861,30.2587814,1,0.030807187024038285,0.938125,8.410556,1,160x90 DepthUint16,"centre=1457 min=440 max=32280 hex=06F3 078C 05B1 04AA 0852","centre=1291 min=1113 max=10950 hex=0684 0601 050B 04E5 06C4",0,0,0,,0,,,None,Unavailable,NoWallUnderCrosshair,,,,"only 0 valid depth samples under crosshair (0 no-data, 0 out-of-range, 441 low-confidence)",0,,,None,Unavailable,NoWallInView,,,,-0.321168631,1.065295,-0.008532278,0.0433593951,0.05240974,-0.005806298,0.997667,0,0,0,0,0,0,219459.258274527,219459.258274527,0.030760052002733573
18.703524842662883,bb263046,SessionTracking,Tracking,30.0635967,30.2587814,1,0.039502187020843849,0.934375,8.443264,1,160x90 DepthUint16,"centre=1458 min=443 max=32272 hex=06F4 06AD 05B2 04A9 083D","centre=1303 min=1128 max=10858 hex=063B 05A6 0517 04F6 06BE",0,0,0,,0,,,None,Unavailable,NoWallUnderCrosshair,,,,"only 0 valid depth samples under crosshair (0 no-data, 0 out-of-range, 441 low-confidence)",0,,,None,Unavailable,NoWallInView,,,,-0.323959023,1.06530166,-0.009176135,0.04398217,0.0545275,-0.00593757676,0.9975255,0,0,0,0,0,0,219459.29160161002,219459.29160161002,0.039455208025174215
18.734636405665807,bb263046,SessionTracking,Tracking,30.0628529,30.2587814,1,0.030285677028587088,0.932916641,8.498195,1,160x90 DepthUint16,"centre=1648 min=441 max=32248 hex=0885 05D0 0670 04A3 082A","centre=1347 min=1236 max=10914 hex=0660 05E5 0543 0518 06F5",0,0,0,,0,,,None,Unavailable,NoWallUnderCrosshair,,,,"only 0 valid depth samples under crosshair (0 no-data, 0 out-of-range, 441 low-confidence)",0,,,None,Unavailable,NoWallInView,,,,-0.32683605,1.06534886,-0.009815067,0.04464176,0.0568956174,-0.00596007751,0.997363746,0,0,0,0,0,0,219459.32492869403,219459.32492869403,0.030177709006238729
18.768070675644704,bb263046,SessionTracking,Tracking,30.06356,30.2587814,1,0.032873332995222881,0.93527776,8.405209,1,160x90 DepthUint16,"centre=1639 min=439 max=32165 hex=08A1 05B3 0667 04A2 081E","centre=1461 min=1177 max=2028 hex=0664 0632 05B5 0521 0503",0,0,0,,0,,,None,Unavailable,NoWallUnderCrosshair,,,,"only 0 valid depth samples under crosshair (0 no-data, 0 out-of-range, 441 low-confidence)",0,,,None,Unavailable,NoWallInView,,,,-0.33283788,1.06576347,-0.004361354,0.04546063,0.0593805276,-0.005803317,0.997182846,0,0,0,0,0,0,219459.35829375,219459.35829375,0.032819946995005012
18.809617707659637,bb263046,SessionTracking,Tracking,30.0633278,30.2587814,1,0.040987551998114213,0.943194449,8.0825,1,160x90 DepthUint16,"centre=1499 min=454 max=31915 hex=08CC 05CC 05DB 049A 0819","centre=1413 min=1161 max=2065 hex=062E 05F9 0585 050C 0505",0,0,0,,0,,,None,Unavailable,NoWallUnderCrosshair,,,,"only 0 valid depth samples under crosshair (0 no-data, 0 out-of-range, 441 low-confidence)",0,,,None,Unavailable,NoWallInView,,,,-0.335951626,1.06589806,-0.00487356633,0.04554576,0.0621526949,-0.00592297362,0.9970093,0,0,0,0,0,0,219459.39162083302,219459.39162083302,0.040924115019151941
18.8389578636644,bb263046,SessionTracking,Tracking,30.0636616,30.2587814,1,0.028542552026920021,0.9429167,8.263403,1,160x90 DepthUint16,"centre=1534 min=453 max=31939 hex=07D9 05CD 05FE 0490 0814","centre=1407 min=1159 max=2018 hex=063B 05FE 057F 0501 0505",0,0,0,,0,,,None,Unavailable,NoWallUnderCrosshair,,,,"only 0 valid depth samples under crosshair (0 no-data, 0 out-of-range, 441 low-confidence)",0,,,None,Unavailable,NoWallInView,,,,-0.339281261,1.06603372,-0.005466342,0.04531692,0.06548518,-0.00597891258,0.9968061,0,0,0,0,0,0,219459.42494791702,219459.42494791702,0.028437917004339397
18.870781196638855,bb263046,SessionTracking,Tracking,30.0639877,30.2587814,1,0.030033228977117687,0.9525,8.19125,1,160x90 DepthUint16,"centre=1596 min=453 max=35246 hex=0832 1B1D 063C 048B 0810","centre=1393 min=1167 max=2474 hex=065F 0606 0571 04E8 0552",0,0,0,,0,,,None,Unavailable,NoWallUnderCrosshair,,,,"only 0 valid depth samples under crosshair (0 no-data, 0 out-of-range, 441 low-confidence)",0,,,None,Unavailable,NoWallInView,,,,-0.344532639,1.06672955,-0.00365844369,0.045150917,0.06869657,-0.00604051445,0.9965971,0,0,0,0,0,0,219459.458263968,219459.458263968,0.029976040998008102
18.903090884655395,bb263046,SessionTracking,Tracking,30.06388,30.2587814,1,0.031780729012098163,0.9508333,7.917986,1,160x90 DepthUint16,"centre=1579 min=454 max=35222 hex=0812 1AC1 062B 048B 080E","centre=1377 min=1170 max=2569 hex=0647 05F0 0561 04E6 054F",0,0,0,,0,,,None,Unavailable,NoWallUnderCrosshair,,,,"only 0 valid depth samples under crosshair (0 no-data, 0 out-of-range, 441 low-confidence)",0,,,None,Unavailable,NoWallInView,,,,-0.347993881,1.06686807,-0.00410605967,0.0447970852,0.07185773,-0.006282389,0.9963886,0,0,0,0,0,0,219459.49159105102,219459.49159105102,0.03173447900917381
18.934220571661282,bb263046,SessionTracking,Tracking,30.0624256,30.2587814,1,0.030581614002585411,0.949166656,8.027708,1,160x90 DepthUint16,"centre=1582 min=454 max=35166 hex=080A 17F9 062E 048A 0842","centre=1376 min=1173 max=2470 hex=064A 05EE 0560 04E8 0566",0,0,0,,0,,,None,Unavailable,NoWallUnderCrosshair,,,,"only 0 valid depth samples under crosshair (0 no-data, 0 out-of-range, 441 low-confidence)",0,,,None,Unavailable,NoWallInView,,,,-0.3517043,1.06690729,-0.00459232926,0.0438240543,0.0752771,-0.00622645,0.9961798,0,0,0,0,0,0,219459.52491813502,219459.52491813502,0.030529687006492168
18.966964477652365,bb263046,SessionTracking,Tracking,30.0623417,30.2587814,1,0.032170936989132315,0.94645834,7.812222,1,160x90 DepthUint16,"centre=1583 min=450 max=35109 hex=07FF 14BE 062F 048A 0802","centre=1402 min=1154 max=2574 hex=0661 060D 057A 04F3 051B",0,0,0,,0,,,None,Unavailable,NoWallUnderCrosshair,,,,"only 0 valid depth samples under crosshair (0 no-data, 0 out-of-range, 441 low-confidence)",0,,,None,Unavailable,NoWallInView,,,,-0.3556262,1.06652951,0.000171586871,0.04302312,0.0791010857,-0.00605303049,0.9959194,0,0,0,0,0,0,219459.55823360002,219459.55823360002,0.03212312501273118
18.997055363645924,bb263046,SessionTracking,Tracking,30.0615025,30.2587814,1,0.029581198003143072,0.9525694,8.43090248,1,160x90 DepthUint16,"centre=1578 min=452 max=34883 hex=084F 062F 062A 048F 093A","centre=1579 min=1162 max=2776 hex=079D 071D 062B 0546 055C",0,0,0,,0,,,None,Unavailable,NoWallUnderCrosshair,,,,"only 0 valid depth samples under crosshair (0 no-data, 0 out-of-range, 441 low-confidence)",0,,,None,Unavailable,NoWallInView,,,,-0.359443069,1.06662869,-3.749132E-05,0.04174158,0.08277158,-0.00633719563,0.9956739,0,0,0,0,0,0,219459.591560683,219459.591560683,0.029533228982472792
19.029470415648685,bb263046,SessionTracking,Tracking,30.0616016,30.2587814,1,0.031913073005853221,0.9457639,8.417708,1,160x90 DepthUint16,"centre=1562 min=454 max=34945 hex=0829 056F 061A 0494 08D6","centre=1569 min=1162 max=2825 hex=0784 0706 0621 0548 056C",0,0,0,,0,,,None,Unavailable,NoWallUnderCrosshair,,,,"only 0 valid depth samples under crosshair (0 no-data, 0 out-of-range, 441 low-confidence)",0,,,None,Unavailable,NoWallInView,,,,-0.363277733,1.06674218,-0.000302344561,0.0401150919,0.08588192,-0.006888926,0.995473564,0,0,0,0,0,0,219459.62488776702,219459.62488776702,0.031866301986156031
19.069005050646521,bb263046,SessionTracking,Tracking,30.0612144,30.2587814,1,0.039012082997942343,0.95090276,9.417152,1,160x90 DepthUint16,"centre=1502 min=453 max=34985 hex=082B 0525 05DE 04A6 0960","centre=1797 min=1165 max=3109 hex=0863 080D 0705 05C6 05AC",0,0,0,,0,,,None,Unavailable,NoWallUnderCrosshair,,,,"only 0 valid depth samples under crosshair (0 no-data, 0 out-of-range, 441 low-confidence)",0,,,None,Unavailable,NoWallInView,,,,-0.360415518,1.066883,-0.0005306974,0.03859217,0.08831406,-0.0076246867,0.9953156,0,0,0,0,0,0,219459.65821237,219459.65821237,0.038963280996540561
19.101285050660518,bb263046,SessionTracking,Tracking,30.06053,30.2587814,1,0.031734948017401621,0.9486806,9.300902,1,160x90 DepthUint16,"centre=1483 min=454 max=35028 hex=0835 0522 05CB 04A5 0944","centre=1830 min=1154 max=2971 hex=087F 0837 0726 05C4 0581",0,0,0,,0,,,None,Unavailable,NoWallUnderCrosshair,,,,"only 0 valid depth samples under crosshair (0 no-data, 0 out-of-range, 441 low-confidence)",0,,,None,Unavailable,NoWallInView,,,,-0.3640431,1.06707406,-0.000656724,0.03742379,0.0904450044,-0.008012355,0.9951658,0,0,0,0,0,0,219459.69153945302,219459.69153945302,0.031687708018580452
19.131273957647064,bb263046,SessionTracking,Tracking,30.0601711,29.9180317,1,0.029418385995086282,0.9444444,9.360972,1,160x90 DepthUint16,"centre=1475 min=455 max=35070 hex=083F 0524 05C3 04A5 0AAF","centre=1803 min=1156 max=3046 hex=083B 07FA 070B 05CB 058F",0,0,0,,0,,,None,Unavailable,NoWallUnderCrosshair,,,,"only 0 valid depth samples under crosshair (0 no-data, 0 out-of-range, 441 low-confidence)",0,,,None,Unavailable,NoWallInView,,,,-0.367779434,1.0672878,-0.000668458641,0.03676638,0.09249495,-0.00811365247,0.9950011,0,0,0,0,0,0,219459.72486653703,219459.72486653703,0.029369166994001716
19.162978592657165,bb263046,SessionTracking,Tracking,30.0597363,29.9180317,1,0.031218385003739968,0.9402083,9.230069,1,160x90 DepthUint16,"centre=1471 min=455 max=35122 hex=0840 0523 05BF 04A7 0AA0","centre=1718 min=1147 max=3066 hex=07D6 0796 06B6 059A 058D",0,0,0,,0,,,None,Unavailable,NoWallUnderCrosshair,,,,"only 0 valid depth samples under crosshair (0 no-data, 0 out-of-range, 441 low-confidence)",0,,,None,Unavailable,NoWallInView,,,,-0.3706567,1.06683171,0.00161071122,0.0360564627,0.09471655,-0.008031727,0.9948187,0,0,0,0,0,0,219459.758096078,219459.758096078,0.031173177005257457
19.202749113647879,bb263046,SessionTracking,Tracking,30.05953,29.9180317,1,0.03907265598536469,0.93875,9.07125,1,160x90 DepthUint16,"centre=1488 min=453 max=35183 hex=083F 0529 05D0 04AE 0A82","centre=1771 min=1152 max=3090 hex=0859 07F8 06EB 05AC 0599",0,0,0,,0,,,None,Unavailable,NoWallUnderCrosshair,,,,"only 0 valid depth samples under crosshair (0 no-data, 0 out-of-range, 441 low-confidence)",0,,,None,Unavailable,NoWallInView,,,,-0.374703556,1.0668819,0.00169258565,0.0348200873,0.09790241,-0.007945061,0.994555,0,0,0,0,0,0,219459.79142316102,219459.79142316102,0.039012291992548853
19.23481031164658,bb263046,SessionTracking,Tracking,30.05215,29.9180317,1,0.031523281999398023,0.941458344,8.756319,1,160x90 DepthUint16,"centre=1898 min=454 max=34168 hex=07E7 0531 076A 04BD 0C24","centre=1635 min=1152 max=2788 hex=07AC 0743 0663 0571 05A1",0,0,0,,0,,,None,Unavailable,NoWallUnderCrosshair,,,,"only 0 valid depth samples under crosshair (0 no-data, 0 out-of-range, 441 low-confidence)",0,,,None,Unavailable,NoWallInView,,,,-0.378893763,1.0668509,0.00180578232,0.0334359668,0.101782769,-0.008039803,0.9942121,0,0,0,0,0,0,219459.82475024502,219459.82475024502,0.031475469004362822
19.266743540655735,bb263046,SessionTracking,Tracking,30.06192,29.9180317,1,0.031247656006598845,0.9344444,8.623264,1,160x90 DepthUint16,"centre=1858 min=456 max=34129 hex=07D5 053A 0742 04C8 0DCE","centre=1600 min=1149 max=2754 hex=0766 070C 0640 055C 05A3",0,0,0,,0,,,None,Unavailable,NoWallUnderCrosshair,,,,"only 0 valid depth samples under crosshair (0 no-data, 0 out-of-range, 441 low-confidence)",0,,,None,Unavailable,NoWallInView,,,,-0.387681335,1.06624818,-0.000364035368,0.0316225663,0.106532581,-0.007826329,0.9937754,0,0,0,0,0,0,219459.858045527,219459.858045527,0.031201094010611996
19.302950988648373,bb263046,SessionTracking,Tracking,30.0588779,29.9180317,1,0.035571510990848765,0.924305558,8.59875,1,160x90 DepthUint16,"centre=3334 min=460 max=34222 hex=07B9 0560 0D06 04DF 0EAC","centre=1629 min=1129 max=3060 hex=0773 0722 065D 0570 057A",0,0,0,,0,,,None,Unavailable,NoWallUnderCrosshair,,,,"only 0 valid depth samples under crosshair (0 no-data, 0 out-of-range, 441 low-confidence)",0,,,None,Unavailable,NoWallInView,,,,-0.392578334,1.06599689,-0.000118277967,0.0302223638,0.1124553,-0.00739574432,0.993169546,0,0,0,0,0,0,219459.89137261,219459.89137261,0.035504636005498469
19.336012550637971,bb263046,SessionTracking,Tracking,30.05795,29.9180317,1,0.03252432297449559,0.91854167,8.917986,1,160x90 DepthUint16,"centre=2050 min=461 max=33254 hex=08BB 06C6 0802 04EE 0DCB","centre=1559 min=1148 max=2778 hex=06F3 06BA 0617 0562 0625",0,0,0,,0,,,None,Unavailable,NoWallUnderCrosshair,,,,"only 0 valid depth samples under crosshair (0 no-data, 0 out-of-range, 441 low-confidence)",0,,,None,Unavailable,NoWallInView,,,,-0.3977627,1.065673,0.000284053385,0.02884382,0.119490877,-0.00705120061,0.9923912,0,0,0,0,0,0,219459.924699694,219459.924699694,0.032474947976879776
19.36741697765785,bb263046,SessionTracking,Tracking,30.0580025,29.9180317,1,0.030905312014510855,0.898055553,8.280694,1,160x90 DepthUint16,"centre=1239 min=462 max=33425 hex=088D 0830 04D7 04F2 0CBE","centre=1591 min=1132 max=2973 hex=074A 0705 0637 0556 0655",0,0,0,,0,,,None,Unavailable,NoWallUnderCrosshair,,,,"only 0 valid depth samples under crosshair (0 no-data, 0 out-of-range, 441 low-confidence)",0,,,None,Unavailable,NoWallInView,,,,-0.4030625,1.06513083,0.00189204514,0.0266334061,0.127954468,-0.00670874165,0.9913997,0,0,0,0,0,0,219459.95805719603,219459.95805719603,0.030855573015287519
19.398335936662189,bb263046,SessionTracking,Tracking,30.0579758,29.9180317,1,0.030391823005629703,0.87375,8.387292,1,160x90 DepthUint16,"centre=1248 min=463 max=33596 hex=0E67 0A44 04E0 04F0 0E8D","centre=1605 min=1119 max=2832 hex=075C 070E 0645 0562 0662",0,0,0,,0,,,None,Unavailable,NoWallUnderCrosshair,,,,"only 0 valid depth samples under crosshair (0 no-data, 0 out-of-range, 441 low-confidence)",0,,,None,Unavailable,NoWallInView,,,,-0.409094721,1.06449068,0.00236195326,0.024082629,0.137070075,-0.0065245335,0.9902471,0,0,0,0,0,0,219459.991384279,219459.991384279,0.030340573022840545
19.428886352639093,bb263046,SessionTracking,Tracking,30.0572948,29.9180317,1,0.030022603983525187,0.860833347,7.997778,1,160x90 DepthUint16,"centre=1978 min=464 max=33755 hex=21D6 0A3A 07BA 04EA 0DFE","centre=1782 min=1122 max=3482 hex=07CF 07AF 06F6 05B2 06E3",0,0,0,,0,,,None,Unavailable,NoWallUnderCrosshair,,,,"only 0 valid depth samples under crosshair (0 no-data, 0 out-of-range, 441 low-confidence)",0,,,None,Unavailable,NoWallInView,,,,-0.4151137,1.06385994,0.00294055045,0.0220372416,0.145353556,-0.006480187,0.9891131,0,0,0,0,0,0,219460.02471136302,219460.02471136302,0.029970937001053244
19.47068624865744,bb263046,SessionTracking,Tracking,30.05704,29.9180317,1,0.041264375002356246,0.8425,7.802778,1,160x90 DepthUint16,"centre=3189 min=464 max=33846 hex=10DE 07F7 0C75 04E1 0CD2","centre=1867 min=1140 max=3470 hex=0844 081B 074B 05DE 071F",0,0,0,,0,,,None,Unavailable,NoWallUnderCrosshair,,,,"only 0 valid depth samples under crosshair (0 no-data, 0 out-of-range, 441 low-confidence)",0,,,None,Unavailable,NoWallInView,,,,-0.4214211,1.0638001,0.00276707858,0.0201717038,0.150998279,-0.006245107,0.9883085,0,0,0,0,0,0,219460.057998509,219460.057998509,0.041218124999431893
19.503009425659112,bb263046,SessionTracking,Tracking,30.0567474,29.9180317,1,0.031390260002808645,0.83708334,7.65354156,1,160x90 DepthUint16,"centre=2030 min=466 max=33883 hex=0CF7 0777 07EE 04DD 0B26","centre=1819 min=1153 max=3219 hex=0773 0778 071B 05F8 0792",0,0,0,,0,,,None,Unavailable,NoWallUnderCrosshair,,,,"only 0 valid depth samples under crosshair (0 no-data, 0 out-of-range, 441 low-confidence)",0,,,None,Unavailable,NoWallInView,,,,-0.42664203,1.06334567,0.00320550054,0.0189291034,0.153870836,-0.00619495,0.987890244,0,0,0,0,0,0,219460.09132559202,219460.09132559202,0.0312536460114643
19.530454373664835,bb263046,SessionTracking,Tracking,30.0509453,29.9180317,1,0.026917344017419964,0.839930534,7.944792,1,160x90 DepthUint16,"centre=3368 min=468 max=33913 hex=0ACE 07A4 0D28 04DB 0BEE","centre=2105 min=1202 max=3417 hex=0844 0890 0839 06E9 0AB1",0,0,0,,0,,,None,Unavailable,NoWallUnderCrosshair,,,,"only 0 valid depth samples under crosshair (0 no-data, 0 out-of-range, 441 low-confidence)",0,,,None,Unavailable,NoWallInView,,,,-0.431829423,1.06301355,0.00372825563,0.0180792976,0.156015232,-0.00619793,0.987569749,0,0,0,0,0,0,219460.12465267602,219460.12465267602,0.026865573017857969
19.567788071647666,bb263046,SessionTracking,Tracking,30.0566368,29.9180317,1,0.036809582990827039,0.8396528,7.629028,1,160x90 DepthUint16,"centre=3723 min=458 max=33957 hex=08D6 0767 0E8B 04D0 0BD5","centre=2034 min=1186 max=3776 hex=07E2 083E 07F2 0683 0AEB",0,0,0,,0,,,None,Unavailable,NoWallUnderCrosshair,,,,"only 0 valid depth samples under crosshair (0 no-data, 0 out-of-range, 441 low-confidence)",0,,,None,Unavailable,NoWallInView,,,,-0.0853589252,1.00393331,0.115073644,0.0182500649,0.14325799,-0.006454647,0.989496052,0,0,0,0,0,0,219460.15953262502,219460.15953262502,0.036726041988004
19.599888904639666,bb263046,SessionTracking,Tracking,30.0586987,29.9180317,1,0.031392812001286075,0.8375,7.81625,1,160x90 DepthUint16,"centre=3681 min=461 max=33994 hex=0875 076B 0E61 04D0 0CF7","centre=2060 min=1188 max=3432 hex=0808 0862 080C 06B0 0C33",0,0,0,,0,,,None,Unavailable,NoWallUnderCrosshair,,,,"only 0 valid depth samples under crosshair (0 no-data, 0 out-of-range, 441 low-confidence)",0,,,None,Unavailable,NoWallInView,,,,-0.09011311,1.00374961,0.115900539,0.017981993,0.144844517,-0.00679963874,0.989267647,0,0,0,0,0,0,219460.192859708,219460.192859708,0.031311770988395438
19.63152411365547,bb263046,SessionTracking,Tracking,30.0569515,29.9180317,1,0.030995417007943615,0.8372222,7.626806,1,160x90 DepthUint16,"centre=3638 min=461 max=34027 hex=0836 076D 0E36 04D1 0CF7","centre=1932 min=1185 max=3537 hex=0779 07BE 078C 065A 0B2E",0,0,0,,0,,,None,Unavailable,NoWallUnderCrosshair,,,,"only 0 valid depth samples under crosshair (0 no-data, 0 out-of-range, 441 low-confidence)",0,,,None,Unavailable,NoWallInView,,,,-0.0949119,1.00361824,0.116811842,0.0177955125,0.146328583,-0.00747895334,0.9890477,0,0,0,0,0,0,219460.22618679202,219460.22618679202,0.030907551990821958
19.668616925665557,bb263046,SessionTracking,Tracking,30.057827,29.9180317,1,0.036549948010360822,0.79347223,6.2675,1,160x90 DepthUint16,"centre=2964 min=439 max=34057 hex=078E 0782 0B94 0594 1756","centre=2019 min=1179 max=6193 hex=0793 07D5 07E3 06D5 0DA6",0,0,0,,0,,,None,Unavailable,NoWallUnderCrosshair,,,,"only 0 valid depth samples under crosshair (12 no-data, 0 out-of-range, 429 low-confidence)",0,,,None,Unavailable,NoWallInView,,,,-0.0874282345,1.00221479,0.1284686,0.0177391712,0.149388269,-0.0111722657,0.9885564,0,0,0,0,0,0,219460.259893942,219460.259893942,0.036500365007668734
19.700011613641546,bb263046,SessionTracking,Tracking,30.0582,29.9180317,1,0.030777395993936807,0.7885417,6.2367363,1,160x90 DepthUint16,"centre=2977 min=438 max=34096 hex=0790 0784 0BA1 0592 1675","centre=2097 min=1180 max=6315 hex=07C5 081D 0831 071E 0D85",0,0,0,,0,,,None,Unavailable,NoWallUnderCrosshair,,,,"only 0 valid depth samples under crosshair (8 no-data, 0 out-of-range, 433 low-confidence)",0,,,None,Unavailable,NoWallInView,,,,-0.08957861,1.002203,0.129346147,0.0174495522,0.1512423,-0.0123072276,0.9882661,0,0,0,0,0,0,219460.293221025,219460.293221025,0.030725885997526348
19.74225880063852,bb263046,SessionTracking,Tracking,30.058403,29.9180317,1,0.041658228990854695,0.7881944,6.14125,1,160x90 DepthUint16,"centre=2988 min=439 max=34126 hex=0790 0785 0BAC 0594 1669","centre=2055 min=1184 max=6160 hex=07B6 0808 0807 0709 0D89",0,0,0,,0,,,None,Unavailable,NoWallUnderCrosshair,,,,"only 0 valid depth samples under crosshair (6 no-data, 0 out-of-range, 435 low-confidence)",0,,,None,Unavailable,NoWallInView,,,,-0.09166139,1.0022465,0.130211323,0.0175514109,0.152270257,-0.0134489266,0.9880915,0,0,0,0,0,0,219460.326548109,219460.326548109,0.041605572972912341
19.772082029646409,bb263046,SessionTracking,Tracking,30.0581665,29.9180317,1,0.029300833004526794,0.7536805,5.45625,1,160x90 DepthUint16,"centre=3344 min=439 max=34126 hex=079E 07B0 0D10 0551 054F","centre=2345 min=1202 max=3145 hex=0874 090C 0929 07D7 08B9",0,0,0,,0,,,None,Unavailable,NoWallUnderCrosshair,,,,"only 0 valid depth samples under crosshair (25 no-data, 0 out-of-range, 416 low-confidence)",0,,,None,Unavailable,NoWallInView,,,,-0.08125704,1.00368774,0.124681331,0.0168383885,0.152424261,-0.0156182963,0.9880483,0,0,0,0,0,0,219460.36037703502,219460.36037703502,0.0292552080063615
19.80365505064503,bb263046,SessionTracking,Tracking,30.0581474,29.9180317,1,0.030969739978900179,0.8445139,5.62375,1,160x90 DepthUint16,"centre=3345 min=441 max=34106 hex=079E 07A4 0D11 0561 0553","centre=1908 min=1177 max=3042 hex=0792 07B3 0774 0677 0879",0,0,0,,0,,,None,Unavailable,NoWallUnderCrosshair,,,,"only 0 valid depth samples under crosshair (4 no-data, 39 out-of-range, 398 low-confidence)",0,,,None,Unavailable,NoWallInView,,,,-0.0820079744,1.0037607,0.124861456,0.0168768633,0.151296869,-0.0169410426,0.9881991,0,0,0,0,0,0,219460.393704118,219460.393704118,0.030916978983441368
19.835897550664523,bb263046,SessionTracking,Tracking,30.0586586,29.9180317,1,0.03166739601874724,0.84597224,5.718125,1,160x90 DepthUint16,"centre=2995 min=440 max=34087 hex=2EAC 079B 0BB3 0572 16FC","centre=1900 min=1171 max=2977 hex=07C5 07C2 076C 0678 0912",0,0,0,,0,,,None,Unavailable,NoWallUnderCrosshair,,,,"only 0 valid depth samples under crosshair (4 no-data, 43 out-of-range, 394 low-confidence)",0,,,None,Unavailable,NoWallInView,,,,-0.08277474,1.003824,0.1251394,0.017412493,0.149661914,-0.0183083732,0.988414347,0,0,0,0,0,0,219460.427031202,219460.427031202,0.03161401001852937
19.867552654651373,bb263046,SessionTracking,Tracking,30.0581818,29.9180317,1,0.031108072987990454,0.8863889,5.31451368,1,160x90 DepthUint16,"centre=3720 min=434 max=37996 hex=47B6 07A7 0E88 05D5 0550","centre=1866 min=1198 max=2919 hex=07CC 07B9 074A 065F 08A4",0,0,0,,0,,,None,Unavailable,NoWallUnderCrosshair,,,,"only 0 valid depth samples under crosshair (0 no-data, 81 out-of-range, 360 low-confidence)",0,,,None,Unavailable,NoWallInView,,,,-0.0766488761,1.00585294,0.124238268,0.0183174834,0.1479308,-0.0199475288,0.988626838,0,0,0,0,0,0,219460.46033007102,219460.46033007102,0.031060625013196841
19.899419373637212,bb263046,SessionTracking,Tracking,30.0593319,29.9180317,1,0.031136822974076495,0.8947222,5.571597,1,160x90 DepthUint16,"centre=3046 min=434 max=37992 hex=49D7 078A 0BE6 09DB 18B2","centre=1795 min=1198 max=3117 hex=0745 0749 0703 0657 0A3D",0,0,0,,0,,,None,Unavailable,NoWallUnderCrosshair,,,,"only 0 valid depth samples under crosshair (0 no-data, 87 out-of-range, 354 low-confidence)",0,,,None,Unavailable,NoWallInView,,,,-0.07673247,1.00607908,0.12467958,0.0198692866,0.14350982,-0.0206932724,0.989233,0,0,0,0,0,0,219460.493657154,219460.493657154,0.031040207977639511
19.930391925657315,bb263046,SessionTracking,Tracking,30.0596352,29.9180317,1,0.030297656019683927,0.903055549,5.603472,1,160x90 DepthUint16,"centre=3368 min=434 max=37980 hex=0B6C 077C 0D28 12C4 1A51","centre=1703 min=1208 max=3614 hex=06FB 070A 06A7 05E8 0943",0,0,0,,0,,,None,Unavailable,NoWallUnderCrosshair,,,,"only 0 valid depth samples under crosshair (0 no-data, 100 out-of-range, 341 low-confidence)",0,,,None,Unavailable,NoWallInView,,,,-0.07665399,1.00639176,0.125002414,0.02170198,0.137259126,-0.0209963918,0.9900748,0,0,0,0,0,0,219460.526984238,219460.526984238,0.030214844009606168
19.966082810665394,bb263046,SessionTracking,Tracking,30.0593262,29.9180317,1,0.035167291003745049,0.934375,5.36506939,1,160x90 DepthUint16,"centre=9443 min=435 max=36775 hex=09D2 0775 24E3 07E3 1978","centre=1610 min=1202 max=2729 hex=06A3 06BD 064A 05A9 0943",0,0,0,,0,,,None,Unavailable,NoWallUnderCrosshair,,,,"only 0 valid depth samples under crosshair (1 no-data, 115 out-of-range, 325 low-confidence)",0,,,None,Unavailable,NoWallInView,,,,-0.0705927461,1.00857413,0.123037092,0.0232471712,0.1301864,-0.0214844048,0.9909841,0,0,0,0,0,0,219460.56027446102,219460.56027446102,0.035116770013701171
19.998187706639438,bb263046,SessionTracking,Tracking,30.05953,29.9180317,1,0.03153400999144651,0.9452083,5.585625,1,160x90 DepthUint16,"centre=3081 min=436 max=36605 hex=6FA8 07E5 0C09 0590 2101","centre=1622 min=1211 max=2691 hex=0695 06AE 0656 05D9 09A1",0,0,0,,0,,,None,Unavailable,NoWallUnderCrosshair,,,,"only 0 valid depth samples under crosshair (0 no-data, 107 out-of-range, 334 low-confidence)",0,,,None,Unavailable,NoWallInView,,,,-0.06986348,1.00883794,0.122915789,0.0236863121,0.12110272,-0.0212174673,0.9921305,0,0,0,0,0,0,219460.593601544,219460.593601544,0.03148458298528567
20.030788383658656,bb263046,SessionTracking,Tracking,30.0591545,29.9180317,1,0.031987135007511824,0.953055561,5.94430542,1,160x90 DepthUint16,"centre=3310 min=437 max=36341 hex=0B66 07FC 0CEE 0555 20EE","centre=1719 min=1226 max=2474 hex=076F 074C 06B7 05E4 08AE",0,0,0,,0,,,None,Unavailable,NoWallUnderCrosshair,,,,"only 0 valid depth samples under crosshair (0 no-data, 104 out-of-range, 337 low-confidence)",0,,,None,Unavailable,NoWallInView,,,,-0.06882631,1.00907338,0.12240348,0.02299784,0.109489441,-0.02060056,0.993508339,0,0,0,0,0,0,219460.62692862801,219460.62692862801,0.03190692700445652
20.069367446653924,bb263046,SessionTracking,Tracking,30.058424,29.9180317,1,0.037928645993815735,0.94979167,5.292847,1,160x90 DepthUint16,"centre=13797 min=448 max=36639 hex=61F7 40D3 35E5 058E 1CAE","centre=1609 min=1153 max=2768 hex=070E 06E5 0649 0589 05FE",0,0,0,,0,,,None,Unavailable,NoWallUnderCrosshair,,,,"only 0 valid depth samples under crosshair (11 no-data, 157 out-of-range, 273 low-confidence)",0,,,None,Unavailable,NoWallInView,,,,-0.0611850731,1.014956,0.117348664,0.0217443947,0.09816846,-0.019763561,0.994735956,0,0,0,0,0,0,219460.66003885,219460.66003885,0.037879270996199921
20.100427862643411,bb263046,SessionTracking,Tracking,30.0535126,29.9180317,1,0.030380363983567804,0.9517361,5.59854174,1,160x90 DepthUint16,"centre=2391 min=452 max=36117 hex=3776 3210 0957 0552 1F2F","centre=1602 min=1147 max=2261 hex=06B6 06B5 0642 0594 0631",0,0,0,,0,,,None,Unavailable,NoWallUnderCrosshair,,,,"only 0 valid depth samples under crosshair (9 no-data, 160 out-of-range, 272 low-confidence)",0,,,None,Unavailable,NoWallInView,,,,-0.0601964928,1.01558673,0.116845295,0.0206303857,0.0890666544,-0.0184603035,0.9956409,0,0,0,0,0,0,219460.69336593302,219460.69336593302,0.030306509986985475
20.131564112650377,bb263046,SessionTracking,Tracking,30.058527,29.9912987,1,0.030603124992921948,0.946805537,5.9020834,1,160x90 DepthUint16,"centre=3545 min=453 max=37735 hex=2AE5 3217 0DD9 0515 1DFE","centre=1596 min=1124 max=2625 hex=06E0 06C1 063C 0584 05AF",0,0,0,,0,,,None,Unavailable,NoWallUnderCrosshair,,,,"only 0 valid depth samples under crosshair (15 no-data, 137 out-of-range, 289 low-confidence)",0,,,None,Unavailable,NoWallInView,,,,-0.0594916046,1.01630747,0.116607808,0.019724898,0.0817211941,-0.0174686015,0.9963069,0,0,0,0,0,0,219460.726693017,219460.726693017,0.030555520002963021
20.171457342637151,bb263046,SessionTracking,Tracking,30.0550575,29.9912987,1,0.039380416972562671,0.95625,5.37486124,1,160x90 DepthUint16,"centre=3744 min=456 max=37179 hex=0B22 08EB 0EA0 051C 1EBE","centre=1944 min=1118 max=5445 hex=0855 0872 0798 0650 0561",0,0,0,,0,,,None,Unavailable,NoWallUnderCrosshair,,,,"only 0 valid depth samples under crosshair (6 no-data, 150 out-of-range, 285 low-confidence)",0,,,None,Unavailable,NoWallInView,,,,-0.0596571565,1.01795554,0.115962707,0.0189863332,0.07644838,-0.016474545,0.9967566,0,0,0,0,0,0,219460.762471607,219460.762471607,0.039331666979705915
20.201742342652434,bb263046,SessionTracking,Tracking,30.057848,29.9912987,1,0.02926604199456051,0.9529861,5.941111,1,160x90 DepthUint16,"centre=6333 min=459 max=37290 hex=1276 08CF 18BD 04FD 1F9F","centre=1874 min=1113 max=4359 hex=081F 0839 0752 0608 055C",0,0,0,,0,,,None,Unavailable,NoWallUnderCrosshair,,,,"only 0 valid depth samples under crosshair (2 no-data, 150 out-of-range, 289 low-confidence)",0,,,None,Unavailable,NoWallInView,,,,-0.059430398,1.01892722,0.116241775,0.0190584715,0.07202423,-0.0161659718,0.997089744,0,0,0,0,0,0,219460.79579869,219460.79579869,0.029102447995683178
20.234173904647033,bb263046,SessionTracking,Tracking,30.056181,29.9912987,1,0.031389167008455843,0.9525694,6.70694447,1,160x90 DepthUint16,"centre=16809 min=459 max=37391 hex=1F15 08CE 41A9 04EC 2065","centre=1907 min=1144 max=4840 hex=08CD 088D 0773 0628 05E1",0,0,0,,0,,,None,Unavailable,NoWallUnderCrosshair,,,,"only 0 valid depth samples under crosshair (3 no-data, 144 out-of-range, 294 low-confidence)",0,,,None,Unavailable,NoWallInView,,,,-0.05948171,1.01988471,0.116735049,0.0193050858,0.06907218,-0.0161623079,0.9972939,0,0,0,0,0,0,219460.829125774,219460.829125774,0.0313319269916974
20.2682127066447,bb263046,SessionTracking,Tracking,30.0542068,29.9912987,1,0.033303542004432529,0.96208334,7.142014,1,160x90 DepthUint16,"centre=16794 min=458 max=38717 hex=2218 0671 419A 04DE 20D9","centre=1568 min=1106 max=2055 hex=06B7 068A 0620 057C 0505",0,0,0,,0,,,None,Unavailable,NoWallUnderCrosshair,,,,"only 0 valid depth samples under crosshair (0 no-data, 178 out-of-range, 263 low-confidence)",0,,,None,Unavailable,NoWallInView,,,,-0.06093909,1.02030075,0.117274851,0.01903144,0.06676618,-0.0160585959,0.9974579,0,0,0,0,0,0,219460.86232651502,219460.86232651502,0.033160520979436114
20.298858539646172,bb263046,SessionTracking,Tracking,30.05743,29.9912987,1,0.029801717988448218,0.9565972,7.243125,1,160x90 DepthUint16,"centre=15382 min=457 max=38943 hex=2108 05DC 3C16 04D5 2270","centre=1524 min=1120 max=2137 hex=0683 065B 05F4 0560 055F",0,0,0,,0,,,None,Unavailable,NoWallUnderCrosshair,,,,"only 0 valid depth samples under crosshair (0 no-data, 145 out-of-range, 296 low-confidence)",0,,,None,Unavailable,NoWallInView,,,,-0.0612724125,1.02107477,0.117876448,0.0189509168,0.06464284,-0.0159739573,0.9976006,0,0,0,0,0,0,219460.895653598,219460.895653598,0.029704062006203458
20.333955987655937,bb263046,SessionTracking,Tracking,30.0556965,29.9912987,1,0.034424896002747118,0.9568055,7.498889,1,160x90 DepthUint16,"centre=15396 min=457 max=38812 hex=2135 05DC 3C24 04CE 2DA8","centre=1515 min=1115 max=2005 hex=067F 0654 05EB 0555 0529",0,0,0,,0,,,None,Unavailable,NoWallUnderCrosshair,,,,"only 0 valid depth samples under crosshair (0 no-data, 168 out-of-range, 273 low-confidence)",0,,,None,Unavailable,NoWallInView,,,,-0.0617328547,1.0218066,0.1185648,0.0190344974,0.0630272254,-0.0157115459,0.997706652,0,0,0,0,0,0,219460.92898068202,219460.92898068202,0.034376613999484107
20.366287706660952,bb263046,SessionTracking,Tracking,30.05421,29.9912987,1,0.031618750013876706,0.9500694,7.31604147,1,160x90 DepthUint16,"centre=1996 min=458 max=38962 hex=0E63 05D6 07CC 04C5 086E","centre=1425 min=1136 max=2283 hex=0621 05F8 0591 0516 05A4",0,0,0,,0,,,None,Unavailable,NoWallUnderCrosshair,,,,"only 0 valid depth samples under crosshair (0 no-data, 151 out-of-range, 290 low-confidence)",0,,,None,Unavailable,NoWallInView,,,,-0.06429036,1.02155721,0.11809314,0.0189119279,0.0612653866,-0.0154640675,0.9978225,0,0,0,0,0,0,219460.962088822,219460.962088822,0.031533229019260034
20.397316456664267,bb263046,SessionTracking,Tracking,30.0587234,29.9912987,1,0.030439687019679695,0.942986131,7.622361,1,160x90 DepthUint16,"centre=2092 min=458 max=38868 hex=0E62 05D5 082C 04C2 086D","centre=1563 min=1107 max=8190 hex=067B 066A 061B 05BE 0507",0,0,0,,0,,,None,Unavailable,NoWallUnderCrosshair,,,,"only 0 valid depth samples under crosshair (0 no-data, 166 out-of-range, 275 low-confidence)",0,,,None,Unavailable,NoWallInView,,,,-0.06457642,1.02207112,0.118775353,0.0189032424,0.0585957728,-0.0154875247,0.9979827,0,0,0,0,0,0,219460.99541590502,219460.99541590502,0.030387292004888877
20.43177885266152,bb263046,SessionTracking,Tracking,30.05795,29.9912987,1,0.033963905996643007,0.943194449,7.521111,1,160x90 DepthUint16,"centre=1975 min=457 max=39000 hex=0FE1 0712 07B7 04C1 0871","centre=1430 min=1125 max=2604 hex=062E 0604 0596 0511 0544",0,0,0,,0,,,None,Unavailable,NoWallUnderCrosshair,,,,"only 0 valid depth samples under crosshair (0 no-data, 152 out-of-range, 289 low-confidence)",0,,,None,Unavailable,NoWallInView,,,,-0.06499402,1.02248728,0.119609341,0.0189447943,0.0562987737,-0.0155484388,0.9981131,0,0,0,0,0,0,219461.028742989,219461.028742989,0.033916406013304368
20.46401791464552,bb263046,SessionTracking,Tracking,30.0581951,29.9912987,1,0.031718593003461137,0.93972224,7.60048628,1,160x90 DepthUint16,"centre=2687 min=457 max=39191 hex=12E8 0AA2 0A7F 04BE 08AD","centre=1432 min=1117 max=2039 hex=0622 0604 0598 0513 04FE",0,0,0,,0,,,None,Unavailable,NoWallUnderCrosshair,,,,"only 0 valid depth samples under crosshair (0 no-data, 150 out-of-range, 291 low-confidence)",0,,,None,Unavailable,NoWallInView,,,,-0.06974104,1.02072883,0.123203307,0.02029952,0.05514701,-0.0143643022,0.9981685,0,0,0,0,0,0,219461.062512661,219461.062512661,0.031666092982050031
20.495465310647997,bb263046,SessionTracking,Tracking,30.059063,29.9912987,1,0.030907239008229226,0.938194454,7.48479176,1,160x90 DepthUint16,"centre=2832 min=456 max=36887 hex=1366 0A4A 0B10 04BF 08C5","centre=1436 min=1120 max=2446 hex=063A 060D 059C 0514 04F2",0,0,0,,0,,,None,Unavailable,NoWallUnderCrosshair,,,,"only 0 valid depth samples under crosshair (0 no-data, 157 out-of-range, 284 low-confidence)",0,,,None,Unavailable,NoWallInView,,,,-0.07075283,1.02084315,0.124501504,0.0208696518,0.0538337268,-0.0137825618,0.998236656,0,0,0,0,0,0,219461.09583974403,219461.09583974403,0.030860936996759847
20.533479946644658,bb263046,SessionTracking,Tracking,30.059473,29.9912987,1,0.037442187982378528,0.935833335,7.785972,1,160x90 DepthUint16,"centre=2844 min=456 max=39121 hex=1399 05D2 0B1C 04BD 08D2","centre=1472 min=1120 max=1981 hex=0669 063D 05C0 0526 050D",0,0,0,,0,,,None,Unavailable,NoWallUnderCrosshair,,,,"only 0 valid depth samples under crosshair (0 no-data, 146 out-of-range, 295 low-confidence)",0,,,None,Unavailable,NoWallInView,,,,-0.0717072,1.02092254,0.125778869,0.0212583859,0.05228305,-0.0134734828,0.9983151,0,0,0,0,0,0,219461.129166828,219461.129166828,0.037397187988972291
20.567099633664039,bb263046,SessionTracking,Tracking,30.0599346,29.9912987,1,0.032963646022835746,0.9330556,7.61826372,1,160x90 DepthUint16,"centre=3072 min=459 max=37867 hex=1331 05C4 0C00 04BD 0916","centre=1494 min=1130 max=2040 hex=066C 064B 05D6 0530 04F5",0,0,0,,0,,,None,Unavailable,NoWallUnderCrosshair,,,,"only 0 valid depth samples under crosshair (0 no-data, 153 out-of-range, 288 low-confidence)",0,,,None,Unavailable,NoWallInView,,,,-0.08004473,1.01672328,0.12459778,0.0216633733,0.0511329919,-0.0119444737,0.9983854,0,0,0,0,0,0,219461.16297647503,219461.16297647503,0.032898594014113769
20.609809477647214,bb263046,SessionTracking,Tracking,30.0592041,29.9912987,1,0.042147291998844594,0.937569439,7.221667,1,160x90 DepthUint16,"centre=3040 min=460 max=35684 hex=0E76 05D7 0BE0 04BC 0930","centre=1483 min=1134 max=1941 hex=067D 064E 05CB 0526 04F0",0,0,0,,0,,,None,Unavailable,NoWallUnderCrosshair,,,,"only 0 valid depth samples under crosshair (0 no-data, 121 out-of-range, 320 low-confidence)",0,,,None,Unavailable,NoWallInView,,,,-0.08154436,1.0165832,0.125555933,0.0219734758,0.04935734,-0.0113371024,0.998475134,0,0,0,0,0,0,219461.196303558,219461.196303558,0.042101302009541541
20.636819477637911,bb263046,SessionTracking,Tracking,30.0585213,29.9912987,1,0.026032551977550611,0.9363889,7.31729174,1,160x90 DepthUint16,"centre=3059 min=458 max=35672 hex=0E75 05DC 0BF3 04B9 093A","centre=1498 min=1141 max=2460 hex=06A9 066D 05DA 052B 04FC",0,0,0,,0,,,None,Unavailable,NoWallUnderCrosshair,,,,"only 0 valid depth samples under crosshair (0 no-data, 126 out-of-range, 315 low-confidence)",0,,,None,Unavailable,NoWallInView,,,,-0.08315861,1.01644886,0.126473054,0.0220479947,0.04804162,-0.0104494989,0.9985473,0,0,0,0,0,0,219461.22963064202,219461.22963064202,0.025889374985126778
20.669937550651522,bb263046,SessionTracking,Tracking,30.0581474,29.9912987,1,0.032575260993326083,0.930625,7.26909733,1,160x90 DepthUint16,"centre=3236 min=458 max=35659 hex=0ABD 05D9 0CA4 04B9 0944","centre=1462 min=1139 max=2136 hex=066E 063B 05B6 0512 04F2",0,0,0,,0,,,None,Unavailable,NoWallUnderCrosshair,,,,"only 0 valid depth samples under crosshair (0 no-data, 113 out-of-range, 328 low-confidence)",0,,,None,Unavailable,NoWallInView,,,,-0.08556063,1.01715291,0.1288755,0.022387512,0.04662882,-0.009417863,0.998617,0,0,0,0,0,0,219461.26307680403,219461.26307680403,0.032528854004340246
20.700625831647923,bb263046,SessionTracking,Tracking,30.0582237,29.9912987,1,0.029953124991152436,0.9301389,7.18083334,1,160x90 DepthUint16,"centre=3311 min=458 max=35653 hex=0ABB 05D7 0CEF 04B7 094A","centre=1464 min=1144 max=1915 hex=0671 063E 05B8 051A 0518",0,0,0,,0,,,None,Unavailable,NoWallUnderCrosshair,,,,"only 0 valid depth samples under crosshair (0 no-data, 129 out-of-range, 312 low-confidence)",0,,,None,Unavailable,NoWallInView,,,,-0.08717874,1.01715791,0.129999831,0.0223011356,0.04555758,-0.008929075,0.998672843,0,0,0,0,0,0,219461.296403887,219461.296403887,0.029853905987692997
20.730892914646684,bb263046,SessionTracking,Tracking,30.0578785,29.9912987,1,0.029671041003894061,0.9247917,7.375347,1,160x90 DepthUint16,"centre=3395 min=457 max=38816 hex=0A0E 0580 0D43 04B5 0958","centre=1469 min=1140 max=1928 hex=0679 0643 05BD 051A 0501",0,0,0,,0,,,None,Unavailable,NoWallUnderCrosshair,,,,"only 0 valid depth samples under crosshair (0 no-data, 133 out-of-range, 308 low-confidence)",0,,,None,Unavailable,NoWallInView,,,,-0.08867814,1.01719558,0.131144583,0.0222254265,0.04427396,-0.008697511,0.9987343,0,0,0,0,0,0,219461.32973097102,219461.32973097102,0.029622500005643815
20.77049166465542,bb263046,SessionTracking,Tracking,30.0573235,29.9912987,1,0.039059427013853565,0.918125,7.237986,1,160x90 DepthUint16,"centre=3396 min=458 max=38905 hex=0A0E 0576 0D44 04B3 0964","centre=1431 min=1147 max=1868 hex=0641 0612 0597 0514 0534",0,0,0,,0,,,None,Unavailable,NoWallUnderCrosshair,,,,"only 0 valid depth samples under crosshair (1 no-data, 113 out-of-range, 327 low-confidence)",0,,,None,Unavailable,NoWallInView,,,,-0.09001784,1.01789618,0.131551281,0.021995848,0.0428756773,-0.008635969,0.998800933,0,0,0,0,0,0,219461.363068687,219461.363068687,0.039009686995996162
20.801491143655877,bb263046,SessionTracking,Tracking,30.05743,29.9912987,1,0.030243332992540672,0.915833354,7.3885417,1,160x90 DepthUint16,"centre=3530 min=457 max=35685 hex=0A0E 0570 0DCA 04B1 096F","centre=1442 min=1157 max=1831 hex=0641 061C 05A2 0510 0551",0,0,0,,0,,,None,Unavailable,NoWallUnderCrosshair,,,,"only 0 valid depth samples under crosshair (0 no-data, 114 out-of-range, 327 low-confidence)",0,,,None,Unavailable,NoWallInView,,,,-0.09136528,1.0180012,0.1327389,0.0217412282,0.0412951447,-0.00842556451,0.9988749,0,0,0,0,0,0,219461.39639577002,219461.39639577002,0.030150311999022961
20.833080779652956,bb263046,SessionTracking,Tracking,30.0572014,29.9912987,1,0.031077135994564742,0.9203472,7.38625,1,160x90 DepthUint16,"centre=3701 min=456 max=35584 hex=0993 054C 0E75 04AE 0973","centre=1447 min=1161 max=1821 hex=0652 0623 05A7 0524 054E",0,0,0,,0,,,None,Unavailable,NoWallUnderCrosshair,,,,"only 0 valid depth samples under crosshair (0 no-data, 104 out-of-range, 337 low-confidence)",0,,,None,Unavailable,NoWallInView,,,,-0.0927397,1.01813447,0.13403067,0.0218464248,0.03981106,-0.008058639,0.9989359,0,0,0,0,0,0,219461.42972285402,219461.42972285402,0.031024791998788714
20.871888279661217,bb263046,SessionTracking,Tracking,30.056366,29.9912987,1,0.038294219004455954,0.920833349,7.500486,1,160x90 DepthUint16,"centre=4021 min=455 max=31303 hex=0991 0540 0FB5 04AB 0979","centre=1463 min=1153 max=1822 hex=066E 063C 05B7 0525 0534",0,0,0,,0,,,None,Unavailable,NoWallUnderCrosshair,,,,"only 0 valid depth samples under crosshair (0 no-data, 104 out-of-range, 337 low-confidence)",0,,,None,Unavailable,NoWallInView,,,,-0.09372305,1.01806235,0.133859754,0.022167189,0.03849964,-0.007382781,0.998985469,0,0,0,0,0,0,219461.46310927902,219461.46310927902,0.038250729005085304
20.898604789640668,bb263046,SessionTracking,Tracking,30.05676,29.9912987,1,0.026105572993401438,0.912291646,7.26430559,1,160x90 DepthUint16,"centre=4456 min=455 max=35559 hex=08F4 0549 1168 04C3 097C","centre=1461 min=1147 max=1774 hex=065E 062F 05B5 0523 0515",0,0,0,,0,,,None,Unavailable,NoWallUnderCrosshair,,,,"only 0 valid depth samples under crosshair (0 no-data, 96 out-of-range, 345 low-confidence)",0,,,None,Unavailable,NoWallInView,,,,-0.09501899,1.01820576,0.135244042,0.022669239,0.03727825,-0.006630779,0.999025762,0,0,0,0,0,0,219461.496436362,219461.496436362,0.026058853982249275
20.931649164654228,bb263046,SessionTracking,Tracking,30.05548,29.9912987,1,0.0324271869903896,0.909444451,7.469861,1,160x90 DepthUint16,"centre=4798 min=453 max=31265 hex=08F2 0577 12BE 04BF 096E","centre=1455 min=1156 max=1776 hex=065D 062B 05AF 052B 053C",0,0,0,,0,,,None,Unavailable,NoWallUnderCrosshair,,,,"only 0 valid depth samples under crosshair (0 no-data, 95 out-of-range, 346 low-confidence)",0,,,None,Unavailable,NoWallInView,,,,-0.09611127,1.01832068,0.136627346,0.0230222847,0.0353860036,-0.00628277753,0.999088764,0,0,0,0,0,0,219461.52976344601,219461.52976344601,0.032368957996368408
20.968397289639253,bb263046,SessionTracking,Tracking,30.0535564,29.9912987,1,0.036161249998258427,0.9047222,7.436736,1,160x90 DepthUint16,"centre=4985 min=453 max=35558 hex=06B5 062A 1379 04BB 0958","centre=1448 min=1160 max=1760 hex=065D 0624 05A8 051E 0550",0,0,0,,0,,,None,Unavailable,NoWallUnderCrosshair,,,,"only 0 valid depth samples under crosshair (0 no-data, 97 out-of-range, 344 low-confidence)",0,,,None,Unavailable,NoWallInView,,,,-0.09686888,1.01771963,0.13668263,0.0228411853,0.0334582068,-0.005947471,0.9991614,0,0,0,0,0,0,219461.56305461802,219461.56305461802,0.036112811998464167
20.999834945637414,bb263046,SessionTracking,Tracking,30.056572,29.9912987,1,0.030882551975082606,0.9008333,7.50305557,1,160x90 DepthUint16,"centre=5185 min=453 max=31270 hex=06C7 0629 1441 04B8 0944","centre=1449 min=1158 max=1778 hex=066C 062F 05A9 051D 0547",0,0,0,,0,,,None,Unavailable,NoWallUnderCrosshair,,,,"only 0 valid depth samples under crosshair (0 no-data, 79 out-of-range, 362 low-confidence)",0,,,None,Unavailable,NoWallInView,,,,-0.09793643,1.01771176,0.13792935,0.0228952821,0.0319292247,-0.005489975,0.999212861,0,0,0,0,0,0,219461.596381701,219461.596381701,0.03083239498664625
21.031438591665502,bb263046,SessionTracking,Tracking,30.057478,29.9912987,1,0.031029219011543319,0.904791653,7.507986,1,160x90 DepthUint16,"centre=5404 min=450 max=35517 hex=067B 06C3 151C 04B6 092B","centre=1420 min=1173 max=1731 hex=063C 0601 058C 0518 0586",0,0,0,,0,,,None,Unavailable,NoWallUnderCrosshair,,,,"only 0 valid depth samples under crosshair (0 no-data, 86 out-of-range, 355 low-confidence)",0,,,None,Unavailable,NoWallInView,,,,-0.09900144,1.017656,0.1392207,0.0229252279,0.0305655617,-0.00520449923,0.9992563,0,0,0,0,0,0,219461.629708785,219461.629708785,0.03098015600699
21.061862550655061,bb263046,SessionTracking,Tracking,30.0557785,29.9912987,1,0.029929270996944979,0.9056944,7.7635417,1,160x90 DepthUint16,"centre=5694 min=451 max=35506 hex=0688 069B 163E 04B1 0917","centre=1445 min=1168 max=2114 hex=0666 0622 05A5 0521 053A",0,0,0,,0,,,None,Unavailable,NoWallUnderCrosshair,,,,"only 0 valid depth samples under crosshair (0 no-data, 83 out-of-range, 358 low-confidence)",0,,,None,Unavailable,NoWallInView,,,,-0.09990357,1.01725113,0.139466718,0.02307065,0.0290320888,-0.00510630058,0.999299169,0,0,0,0,0,0,219461.66303235202,219461.66303235202,0.029888490011217073
21.099969320647798,bb263046,SessionTracking,Tracking,30.0577965,29.9912987,1,0.037680624984204769,0.8979861,7.57472229,1,160x90 DepthUint16,"centre=5451 min=449 max=31177 hex=06AB 06BA 154B 04AC 0904","centre=1428 min=1165 max=2088 hex=0676 0622 0594 0512 0547",0,0,0,,0,,,None,Unavailable,NoWallUnderCrosshair,,,,"only 0 valid depth samples under crosshair (0 no-data, 77 out-of-range, 364 low-confidence)",0,,,None,Unavailable,NoWallInView,,,,-0.100951307,1.01718616,0.140877038,0.0235774722,0.0277408045,-0.00525319576,0.999323249,0,0,0,0,0,0,219461.696359435,219461.696359435,0.037640884984284639
21.1350234876528,bb263046,SessionTracking,Tracking,30.0574074,29.8965759,1,0.034611979004694149,0.8952778,7.54458332,1,160x90 DepthUint16,"centre=3774 min=448 max=35462 hex=06C6 072B 0EBE 04A7 08EB","centre=1432 min=1201 max=2042 hex=066E 061A 0598 0525 05B0",0,0,0,,0,,,None,Unavailable,NoWallUnderCrosshair,,,,"only 0 valid depth samples under crosshair (0 no-data, 71 out-of-range, 370 low-confidence)",0,,,None,Unavailable,NoWallInView,,,,-0.102095887,1.0170759,0.1422873,0.0237513669,0.0265092216,-0.005331755,0.999352157,0,0,0,0,0,0,219461.72968651901,219461.72968651901,0.034574166988022625
21.169953904646828,bb263046,SessionTracking,Tracking,30.0608425,29.8965759,1,0.034464844007743523,0.8952778,7.84604168,1,160x90 DepthUint16,"centre=3775 min=446 max=31219 hex=06EA 0719 0EBF 04A4 08D7","centre=1434 min=1165 max=1747 hex=0649 0614 059A 0513 055F",0,0,0,,0,,,None,Unavailable,NoWallUnderCrosshair,,,,"only 0 valid depth samples under crosshair (0 no-data, 78 out-of-range, 363 low-confidence)",0,,,None,Unavailable,NoWallInView,,,,-0.104846433,1.01532745,0.140730113,0.0237480439,0.0247769728,-0.005096883,0.999397933,0,0,0,0,0,0,219461.763109746,219461.763109746,0.034423125005559996
21.20235504964614,bb263046,SessionTracking,Tracking,30.0606136,29.8965759,1,0.031779321987414733,0.8877778,7.70055532,1,160x90 DepthUint16,"centre=3773 min=446 max=35415 hex=0724 0728 0EBD 049C 08C4","centre=1410 min=1178 max=1711 hex=063A 05FB 0582 050D 05A9",0,0,0,,0,,,None,Unavailable,NoWallUnderCrosshair,,,,"only 0 valid depth samples under crosshair (0 no-data, 73 out-of-range, 368 low-confidence)",0,,,None,Unavailable,NoWallInView,,,,-0.106294781,1.015234,0.142074764,0.0241429321,0.02342645,-0.00506263971,0.9994212,0,0,0,0,0,0,219461.79643682903,219461.79643682903,0.031736926990561187
21.233329216637795,bb263046,SessionTracking,Tracking,30.0580959,29.8965759,1,0.030531249998603016,0.884583354,7.84826374,1,160x90 DepthUint16,"centre=3133 min=443 max=35385 hex=07A8 07AD 0C3D 0478 08AA","centre=1440 min=1174 max=1745 hex=0654 0618 05A0 0521 059E",0,0,0,,0,,,None,Unavailable,NoWallUnderCrosshair,,,,"only 0 valid depth samples under crosshair (0 no-data, 73 out-of-range, 368 low-confidence)",0,,,None,Unavailable,NoWallInView,,,,-0.107780769,1.01515067,0.1434015,0.0244417656,0.02176653,-0.00485116243,0.999452531,0,0,0,0,0,0,219461.829763913,219461.829763913,0.030490780976833776
21.264522810649506,bb263046,SessionTracking,Tracking,30.0663815,29.8965759,1,0.030728281009942293,0.886458337,7.9086113,1,160x90 DepthUint16,"centre=2726 min=447 max=35375 hex=079C 07EE 0AA6 0474 0899","centre=1435 min=1181 max=2007 hex=068D 0630 059B 0503 0532",0,0,0,,0,,,None,Unavailable,NoWallUnderCrosshair,,,,"only 0 valid depth samples under crosshair (0 no-data, 81 out-of-range, 360 low-confidence)",0,,,None,Unavailable,NoWallInView,,,,-0.1088789,1.01455808,0.140960723,0.0243759975,0.0199632235,-0.004639805,0.999492764,0,0,0,0,0,0,219461.86308827403,219461.86308827403,0.030686198006151244
21.306354424662569,bb263046,SessionTracking,Tracking,30.0591164,29.8965759,1,0.0412625000171829,0.886875,8.020348,1,160x90 DepthUint16,"centre=2725 min=447 max=35134 hex=07CB 0858 0AA5 0470 088A","centre=1431 min=1199 max=1993 hex=0678 0623 0597 051C 057E",0,0,0,,0,,,None,Unavailable,NoWallUnderCrosshair,,,,"only 0 valid depth samples under crosshair (0 no-data, 84 out-of-range, 357 low-confidence)",0,,,None,Unavailable,NoWallInView,,,,-0.110562131,1.01439869,0.142062843,0.0246652644,0.0184773374,-0.00434696674,0.999515533,0,0,0,0,0,0,219461.896415357,219461.896415357,0.041222135012503713
21.334056456639811,bb263046,SessionTracking,Tracking,30.06265,29.8965759,1,0.027178697986528277,0.875833333,7.9169445,1,160x90 DepthUint16,"centre=2714 min=445 max=35345 hex=0710 08CD 0A9A 046B 087E","centre=1417 min=1201 max=1946 hex=0677 061C 0589 050B 0572",0,0,0,,0,,,None,Unavailable,NoWallUnderCrosshair,,,,"only 0 valid depth samples under crosshair (0 no-data, 77 out-of-range, 364 low-confidence)",0,,,None,Unavailable,NoWallInView,,,,-0.112322092,1.01417184,0.143103063,0.02475903,0.0171595979,-0.00394952344,0.999538362,0,0,0,0,0,0,219461.92974244102,219461.92974244102,0.027122551982756704
21.364501508659597,bb263046,SessionTracking,Tracking,30.0622978,29.8965759,1,0.029943750007078052,0.875833333,7.862014,1,160x90 DepthUint16,"centre=2646 min=444 max=35116 hex=0722 0922 0A56 0468 0877","centre=1435 min=1188 max=1845 hex=0668 0617 059B 0512 059C",0,0,0,,0,,,None,Unavailable,NoWallUnderCrosshair,,,,"only 0 valid depth samples under crosshair (0 no-data, 80 out-of-range, 361 low-confidence)",0,,,None,Unavailable,NoWallInView,,,,-0.11268691,1.01335692,0.14124006,0.0248498712,0.0158088822,-0.003921181,0.999558568,0,0,0,0,0,0,219461.963069524,219461.963069524,0.02990458402200602
21.398326508650936,bb263046,SessionTracking,Tracking,30.0650082,29.8965759,1,0.033395937993191183,0.8734028,7.93729162,1,160x90 DepthUint16,"centre=2645 min=444 max=35096 hex=0580 08EE 0A55 0464 0870","centre=1442 min=1187 max=1893 hex=066E 0620 05A2 0512 0592",0,0,0,,0,,,None,Unavailable,NoWallUnderCrosshair,,,,"only 0 valid depth samples under crosshair (0 no-data, 83 out-of-range, 358 low-confidence)",0,,,None,Unavailable,NoWallInView,,,,-0.114439733,1.01307046,0.142216772,0.0251543764,0.01486234,-0.004031301,0.999564946,0,0,0,0,0,0,219461.99638384202,219461.99638384202,0.033354999992297962
21.431678331639997,bb263046,SessionTracking,Tracking,30.0596085,29.8965759,1,0.032778645982034504,0.8707639,7.946528,1,160x90 DepthUint16,"centre=2644 min=442 max=35092 hex=05B6 08EE 0A54 0460 0868","centre=1449 min=1208 max=1883 hex=067C 0628 05A9 0523 0608",0,0,0,,0,,,None,Unavailable,NoWallUnderCrosshair,,,,"only 0 valid depth samples under crosshair (0 no-data, 77 out-of-range, 364 low-confidence)",0,,,None,Unavailable,NoWallInView,,,,-0.116242915,1.01275992,0.143124521,0.0251532514,0.0141502377,-0.004121214,0.999575,0,0,0,0,0,0,219462.02971092603,219462.02971092603,0.032734895998146385
21.464612758639415,bb263046,SessionTracking,Tracking,30.0619316,29.8965759,1,0.032498853979632258,0.888611138,7.706389,1,160x90 DepthUint16,"centre=3962 min=446 max=35328 hex=0578 0975 0F7A 0460 0865","centre=1446 min=1181 max=1721 hex=05E3 05F4 05A6 0516 060D",0,0,0,,0,,,None,Unavailable,NoWallUnderCrosshair,,,,"only 0 valid depth samples under crosshair (0 no-data, 58 out-of-range, 383 low-confidence)",0,,,None,Unavailable,NoWallInView,,,,-0.116328791,1.01207554,0.14077282,0.02481777,0.0133935865,-0.00437161373,0.9995927,0,0,0,0,0,0,219462.063006162,219462.063006162,0.032458020985359326
21.506584529656831,bb263046,SessionTracking,Tracking,30.0619011,29.8965759,1,0.041426823008805513,0.8888889,7.94680548,1,160x90 DepthUint16,"centre=2373 min=446 max=29927 hex=057B 098D 0945 0461 085E","centre=1410 min=1172 max=1687 hex=05DF 05D6 0582 04F6 05C9",0,0,0,,0,,,None,Unavailable,NoWallUnderCrosshair,,,,"only 0 valid depth samples under crosshair (0 no-data, 60 out-of-range, 381 low-confidence)",0,,,None,Unavailable,NoWallInView,,,,-0.1180042,1.011842,0.1414824,0.0248744041,0.0124094952,-0.00466439174,0.9996027,0,0,0,0,0,0,219462.09633324502,219462.09633324502,0.041385521006304771
21.538938591643383,bb263046,SessionTracking,Tracking,30.06117,29.8965759,1,0.031804426980670542,0.8867361,7.83458328,1,160x90 DepthUint16,"centre=3961 min=444 max=29937 hex=057A 09B8 0F79 0476 0854","centre=1418 min=1172 max=1683 hex=05D9 05DB 058A 04FE 0619",0,0,0,,0,,,None,Unavailable,NoWallUnderCrosshair,,,,"only 0 valid depth samples under crosshair (0 no-data, 64 out-of-range, 377 low-confidence)",0,,,None,Unavailable,NoWallInView,,,,-0.119696453,1.01158953,0.142143711,0.02468833,0.0112387082,-0.004860163,0.999620259,0,0,0,0,0,0,219462.12966032902,219462.12966032902,0.031761146005010232
21.566182289659192,bb263046,SessionTracking,Tracking,30.0564919,29.8965759,1,0.02670942700933665,0.8832639,7.76375,1,160x90 DepthUint16,"centre=2604 min=448 max=35348 hex=052F 09D0 0A2C 046F 084D","centre=1391 min=1176 max=1648 hex=05E0 05D4 056F 04EA 05E0",0,0,0,,0,,,None,Unavailable,NoWallUnderCrosshair,,,,"only 0 valid depth samples under crosshair (0 no-data, 42 out-of-range, 399 low-confidence)",0,,,None,Unavailable,NoWallInView,,,,-0.12003547,1.010962,0.139202416,0.02421108,0.009871112,-0.0049909954,0.9996457,0,0,0,0,0,0,219462.162954325,219462.162954325,0.026670313003705814
21.602662445665484,bb263046,SessionTracking,Tracking,30.0583019,29.8965759,1,0.035944375005783513,0.8792361,7.972778,1,160x90 DepthUint16,"centre=3049 min=448 max=29780 hex=052F 0A0D 0BE9 0468 0847","centre=1397 min=1177 max=1632 hex=05CB 05C6 0575 04EE 05FE",0,0,0,,0,,,None,Unavailable,NoWallUnderCrosshair,,,,"only 0 valid depth samples under crosshair (0 no-data, 38 out-of-range, 403 low-confidence)",0,,,None,Unavailable,NoWallInView,,,,-0.121900775,1.01077485,0.139652729,0.0241558012,0.009113509,-0.00496617,0.999654353,0,0,0,0,0,0,219462.19628140802,219462.19628140802,0.035906250006519258
21.636597810641543,bb263046,SessionTracking,Tracking,30.0582,29.8965759,1,0.030337187985423952,0.8775,7.75090265,1,160x90 DepthUint16,"centre=3026 min=446 max=29977 hex=052E 0A9C 0BD2 0464 083E","centre=1388 min=1176 max=1633 hex=05DC 05CB 056C 04DD 05BC",0,0,0,,0,,,None,Unavailable,NoWallUnderCrosshair,,,,"only 0 valid depth samples under crosshair (0 no-data, 44 out-of-range, 397 low-confidence)",0,,,None,Unavailable,NoWallInView,,,,-0.120740414,1.01071644,0.136661291,0.0237002447,0.008170947,-0.00523895025,0.999672,0,0,0,0,0,0,219462.229578094,219462.229578094,0.030250208976212889
21.675355831664202,bb263046,SessionTracking,Tracking,30.05987,29.8965759,1,0.034804323018761352,0.887638867,8.275972,1,160x90 DepthUint16,"centre=2110 min=447 max=28633 hex=053B 0B35 083E 0470 083A","centre=1308 min=1159 max=6486 hex=05C9 057A 051C 04CE 0549",0,0,0,,0,,,None,Unavailable,NoWallUnderCrosshair,,,,"only 0 valid depth samples under crosshair (0 no-data, 28 out-of-range, 413 low-confidence)",0,,,None,Unavailable,NoWallInView,,,,-0.122591294,1.01046371,0.136842683,0.0234238729,0.00740640052,-0.005050093,0.9996854,0,0,0,0,0,0,219462.26290517702,219462.26290517702,0.034757917019305751
21.703019060639345,bb263046,SessionTracking,Tracking,30.0582657,29.8965759,1,0.027181771001778543,0.8873611,8.479792,1,160x90 DepthUint16,"centre=2113 min=446 max=28787 hex=0538 0BF4 0841 0482 0833","centre=1329 min=1161 max=6485 hex=05CD 0592 0531 04D0 0557",0,0,0,,0,,,None,Unavailable,NoWallUnderCrosshair,,,,"only 0 valid depth samples under crosshair (0 no-data, 27 out-of-range, 414 low-confidence)",0,,,None,Unavailable,NoWallInView,,,,-0.124491595,1.01018381,0.1370912,0.02338501,0.006692797,-0.004709959,0.999693036,0,0,0,0,0,0,219462.29623226,219462.29623226,0.027135728974826634
21.748053435651965,bb263046,SessionTracking,Tracking,30.0565224,29.8965759,1,0.044437031989218667,0.886875,8.706875,1,160x90 DepthUint16,"centre=2117 min=446 max=29010 hex=0533 0D37 0845 0498 0829","centre=1287 min=1127 max=6572 hex=05A5 0574 0507 04B3 0518",0,0,0,,0,,,None,Unavailable,NoWallUnderCrosshair,,,,"only 0 valid depth samples under crosshair (0 no-data, 26 out-of-range, 415 low-confidence)",0,,,None,Unavailable,NoWallInView,,,,-0.126318678,1.00983524,0.13740404,0.023329692,0.00568136526,-0.00455027865,0.9997014,0,0,0,0,0,0,219462.329559344,219462.329559344,0.04439036498661153
21.769324945643458,bb263046,SessionTracking,Tracking,30.05865,29.8965759,1,0.019493125000735745,0.88125,8.34458351,1,160x90 DepthUint16,"centre=1425 min=452 max=29284 hex=0534 0E93 0591 04A0 082B","centre=1352 min=1147 max=1606 hex=05D2 05AA 0548 04B5 0563",0,0,0,,0,,,None,Unavailable,NoWallUnderCrosshair,,,,"only 0 valid depth samples under crosshair (0 no-data, 20 out-of-range, 421 low-confidence)",0,,,None,Unavailable,NoWallInView,,,,-0.12436489,1.0095762,0.1331397,0.0235109553,0.00416742032,-0.00490176724,0.99970293,0,0,0,0,0,0,219462.362886037,219462.362886037,0.019445780984824523
21.798916508655676,bb263046,SessionTracking,Tracking,30.0593586,29.8965759,1,0.029122761014150456,0.878819466,8.545,1,160x90 DepthUint16,"centre=1444 min=454 max=28626 hex=0542 0E87 05A4 0468 0823","centre=1351 min=1164 max=1575 hex=05D8 05AE 0547 04B8 055B",0,0,0,,0,,,None,Unavailable,NoWallUnderCrosshair,,,,"only 0 valid depth samples under crosshair (0 no-data, 13 out-of-range, 428 low-confidence)",0,,,None,Unavailable,NoWallInView,,,,-0.125895336,1.00914884,0.133351743,0.0242339186,0.00252461084,-0.00487762736,0.999691248,0,0,0,0,0,0,219462.39621312002,219462.39621312002,0.029074532008962706
21.830848799648376,bb263046,SessionTracking,Tracking,30.05875,29.8965759,1,0.029850416001863778,0.8732639,8.141666,1,160x90 DepthUint16,"centre=1351 min=449 max=28937 hex=0563 0E86 0547 046D 0811","centre=1355 min=1165 max=1634 hex=05D3 05AC 054B 04B9 05C4",0,0,0,,0,,,None,Unavailable,NoWallUnderCrosshair,,,,"only 0 valid depth samples under crosshair (0 no-data, 12 out-of-range, 429 low-confidence)",0,,,None,Unavailable,NoWallInView,,,,-0.127382219,1.00861013,0.133402348,0.0244659465,0.0006084386,-0.00504380465,0.999687731,0,0,0,0,0,0,219462.429540204,219462.429540204,0.029801561991916969
21.869329841641157,bb263046,SessionTracking,Tracking,30.0602684,29.8965759,1,0.037836562987649813,0.8653472,8.262777,1,160x90 DepthUint16,"centre=1360 min=450 max=28557 hex=05A0 1DFF 0550 0474 07AC","centre=1354 min=1160 max=1594 hex=05C8 05A2 054A 04BA 0589",0,0,0,,0,,,None,Unavailable,NoWallUnderCrosshair,,,,"only 0 valid depth samples under crosshair (0 no-data, 8 out-of-range, 433 low-confidence)",0,,,None,Unavailable,NoWallInView,,,,-0.127525553,1.00891984,0.132310122,0.02453563,-0.00247252826,-0.005543351,0.9996805,0,0,0,0,0,0,219462.462839754,219462.462839754,0.037787655979627743
21.901116143658438,bb263046,SessionTracking,Tracking,30.059557,29.8965759,1,0.030980937997810543,0.877777755,9.580277,1,160x90 DepthUint16,"centre=1323 min=450 max=28026 hex=0670 2922 052B 047E 07B3","centre=1308 min=1155 max=1522 hex=05B7 0575 051C 04BF 0525",0,0,0,,0,,,None,Unavailable,NoWallUnderCrosshair,,,,"only 0 valid depth samples under crosshair (0 no-data, 2 out-of-range, 439 low-confidence)",0,,,None,Unavailable,NoWallInView,,,,-0.128807813,1.00832045,0.132471442,0.0250020809,-0.00594647042,-0.00593847129,0.9996521,0,0,0,0,0,0,219462.49616683702,219462.49616683702,0.030914844013750553
21.932795466659737,bb263046,SessionTracking,Tracking,30.0604973,29.8965759,1,0.031099843996344134,0.8667361,9.452153,1,160x90 DepthUint16,"centre=1262 min=453 max=28208 hex=097A 32F6 04EE 049C 081C","centre=1306 min=1188 max=1515 hex=05B2 0572 051A 04CB 053A",0,0,0,,0,,,None,Unavailable,NoWallUnderCrosshair,,,,"only 0 valid depth samples under crosshair (0 no-data, 3 out-of-range, 438 low-confidence)",0,,,None,Unavailable,NoWallInView,,,,-0.130182117,1.007688,0.132716745,0.0257882252,-0.00912298,-0.00620669127,0.99960655,0,0,0,0,0,0,219462.529493921,219462.529493921,0.031053020997205749
21.966014685641422,bb263046,SessionTracking,Tracking,30.0610561,29.8965759,1,0.03269630199065432,0.85875,9.154722,1,160x90 DepthUint16,"centre=1265 min=452 max=28216 hex=0E9F 32F3 04F1 04A6 0C38","centre=1314 min=1183 max=1509 hex=05B6 0579 0522 04CB 0548",0,0,0,,0,,,None,Unavailable,NoWallUnderCrosshair,,,,"only 0 valid depth samples under crosshair (0 no-data, 4 out-of-range, 437 low-confidence)",0,,,None,Unavailable,NoWallInView,,,,-0.125353873,1.00874579,0.131891638,0.0263199043,-0.0119846035,-0.00677400874,0.9995588,0,0,0,0,0,0,219462.562637525,219462.562637525,0.032653176982421428
21.99694307064885,bb263046,SessionTracking,Tracking,30.0616817,29.8965759,1,0.030387551989406347,0.852152765,9.342361,1,160x90 DepthUint16,"centre=1226 min=453 max=28105 hex=28D0 2909 04CA 0481 09E1","centre=1302 min=1192 max=1492 hex=05AC 056D 0516 04D0 054B",0,0,0,,0,,,None,Unavailable,NoWallUnderCrosshair,,,,"only 0 valid depth samples under crosshair (0 no-data, 4 out-of-range, 437 low-confidence)",0,,,None,Unavailable,NoWallInView,,,,-0.126630157,1.00800347,0.132033214,0.0265814979,-0.0144963339,-0.00675001834,0.999518752,0,0,0,0,0,0,219462.59596460802,219462.59596460802,0.030241094005759805
22.028770518642997,bb263046,SessionTracking,Tracking,30.06252,29.8965759,1,0.03116598998894915,0.8456944,8.71007,1,160x90 DepthUint16,"centre=1234 min=449 max=28080 hex=40F8 2905 04D2 0471 0C58","centre=1298 min=1181 max=1486 hex=05A7 0566 0512 04C7 059F",0,0,0,,0,,,None,Unavailable,NoWallUnderCrosshair,,,,"only 0 valid depth samples under crosshair (0 no-data, 4 out-of-range, 437 low-confidence)",0,,,None,Unavailable,NoWallInView,,,,-0.128124684,1.00724065,0.132109016,0.0271814838,-0.0161064826,-0.00664052367,0.9994787,0,0,0,0,0,0,219462.62929169202,219462.62929169202,0.03111609400366433
22.066449268642028,bb263046,SessionTracking,Tracking,30.0625267,29.8965759,1,0.037068489997182041,0.8441667,8.894931,1,160x90 DepthUint16,"centre=1233 min=452 max=28252 hex=4ED1 0F2E 04D1 0470 0C8A","centre=1304 min=1193 max=1488 hex=05AD 056D 0518 04D3 05A8",0,0,0,,0,,,None,Unavailable,NoWallUnderCrosshair,,,,"only 0 valid depth samples under crosshair (0 no-data, 5 out-of-range, 436 low-confidence)",0,,,None,Unavailable,NoWallInView,,,,-0.123124592,1.00795174,0.133792043,0.0275215842,-0.0174764972,-0.00638350938,0.999448061,0,0,0,0,0,0,219462.66271625002,219462.66271625002,0.036876250000204891
22.097690830655775,bb263046,SessionTracking,Tracking,30.0625172,29.8965759,1,0.030640729004517198,0.8422222,8.992778,1,160x90 DepthUint16,"centre=1230 min=448 max=28021 hex=4EC3 0F2F 04CE 0473 0DCC","centre=1294 min=1193 max=1501 hex=05A9 0569 050E 04C3 05BF",0,0,0,,0,,,None,Unavailable,NoWallUnderCrosshair,,,,"only 0 valid depth samples under crosshair (0 no-data, 4 out-of-range, 437 low-confidence)",0,,,None,Unavailable,NoWallInView,,,,-0.124644637,1.0072639,0.133493111,0.027478626,-0.018260207,-0.005656213,0.9994396,0,0,0,0,0,0,219462.696043333,219462.696043333,0.030575415992643684
22.128850101647114,bb263046,SessionTracking,Tracking,30.0664864,29.8965759,1,0.030611927009886131,0.8345139,9.215972,1,160x90 DepthUint16,"centre=1218 min=447 max=28392 hex=4C0C 0F31 04C2 048C 0E5D","centre=1310 min=1177 max=1497 hex=05BF 0579 051E 04C7 0567",0,0,0,,0,,,None,Unavailable,NoWallUnderCrosshair,,,,"only 0 valid depth samples under crosshair (0 no-data, 4 out-of-range, 437 low-confidence)",0,,,None,Unavailable,NoWallInView,,,,-0.12604548,1.00657129,0.132854491,0.0266022,-0.020020863,-0.005025298,0.999433,0,0,0,0,0,0,219462.72937041702,219462.72937041702,0.030562083004042506
22.167037601649209,bb263046,SessionTracking,Tracking,30.0605373,30.03835,1,0.03397463500732556,0.8310417,9.152638,1,160x90 DepthUint16,"centre=1197 min=440 max=28119 hex=4F71 0538 04AD 0473 1059","centre=1299 min=1142 max=1486 hex=05AA 056A 0513 04BB 050F",0,0,0,,0,,,None,Unavailable,NoWallUnderCrosshair,,,,"only 0 valid depth samples under crosshair (0 no-data, 7 out-of-range, 434 low-confidence)",0,,,None,Unavailable,NoWallInView,,,,-0.128525466,1.00685155,0.138147384,0.0254323855,-0.0233584065,-0.00389534282,0.999396,0,0,0,0,0,0,219462.76256180502,219462.76256180502,0.033921666006790474
22.203822757649615,bb263046,SessionTracking,Tracking,30.0625267,30.03835,1,0.03619036398595199,0.8161111,8.853194,1,160x90 DepthUint16,"centre=1191 min=444 max=28376 hex=51C2 088C 04A7 055F 064B","centre=1295 min=1184 max=1544 hex=05AD 0569 050F 04BC 0560",0,0,0,,0,,,None,Unavailable,NoWallUnderCrosshair,,,,"only 0 valid depth samples under crosshair (0 no-data, 18 out-of-range, 423 low-confidence)",0,,,None,Unavailable,NoWallInView,,,,-0.129788816,1.00620031,0.137519568,0.023559317,-0.0279807337,-0.003193677,0.9993257,0,0,0,0,0,0,219462.795888888,219462.795888888,0.03614213500986807
22.233646820656869,bb263046,SessionTracking,Tracking,30.0610218,30.03835,1,0.02927802101476118,0.7992361,8.178264,1,160x90 DepthUint16,"centre=1203 min=442 max=28225 hex=3253 1EDE 04B3 04E4 064F","centre=1300 min=1124 max=1472 hex=05A8 056E 0514 04B1 0521",0,0,0,,0,,,None,Unavailable,NoWallUnderCrosshair,,,,"only 0 valid depth samples under crosshair (0 no-data, 28 out-of-range, 413 low-confidence)",0,,,None,Unavailable,NoWallInView,,,,-0.130840182,1.00560987,0.136858374,0.0219189171,-0.0344367363,-0.00228101038,0.9991639,0,0,0,0,0,0,219462.82921597201,219462.82921597201,0.029229270992800593
22.264670934652823,bb263046,SessionTracking,Tracking,30.0616035,30.03835,1,0.030511874996591359,0.800833344,8.547986,1,160x90 DepthUint16,"centre=1273 min=434 max=27998 hex=0C61 1727 04F9 04DB 0649","centre=1288 min=1148 max=1447 hex=0583 0556 0508 04BC 04FE",0,0,0,,0,,,None,Unavailable,NoWallUnderCrosshair,,,,"only 0 valid depth samples under crosshair (0 no-data, 52 out-of-range, 389 low-confidence)",0,,,None,Unavailable,NoWallInView,,,,-0.1313222,1.00603175,0.139449045,0.0210175738,-0.0410648063,-0.00103983283,0.998934865,0,0,0,0,0,0,219462.862780302,219462.862780302,0.030465260002529249
22.298530934648735,bb263046,SessionTracking,Tracking,30.0564,30.03835,1,0.027165781008079648,0.7803472,7.632292,1,160x90 DepthUint16,"centre=2134 min=438 max=27788 hex=0BC3 128C 0856 04D9 066C","centre=1279 min=1164 max=1413 hex=056A 0542 04FF 04BE 051D",0,0,0,,0,,,None,Unavailable,NoWallUnderCrosshair,,,,"only 0 valid depth samples under crosshair (0 no-data, 63 out-of-range, 378 low-confidence)",0,,,None,Unavailable,NoWallInView,,,,-0.132157266,1.00555611,0.139010042,0.01979661,-0.04838212,-0.00072312355,0.998632431,0,0,0,0,0,0,219462.89610738502,219462.89610738502,0.027115467994008213
22.335588070659579,bb263046,SessionTracking,Tracking,30.0630989,30.03835,1,0.036512552003841847,0.766944468,7.279792,1,160x90 DepthUint16,"centre=9113 min=436 max=27879 hex=0E4B 165B 2399 04BE 05E7","centre=1309 min=1124 max=1467 hex=0595 0569 051D 04C0 04FC",0,0,0,,0,,,None,Unavailable,NoWallUnderCrosshair,,,,"only 0 valid depth samples under crosshair (0 no-data, 69 out-of-range, 372 low-confidence)",0,,,None,Unavailable,NoWallInView,,,,-0.133243859,1.00511992,0.1384009,0.0186038278,-0.0535729267,-0.0006739498,0.998390436,0,0,0,0,0,0,219462.92943446903,219462.92943446903,0.036461771000176668
22.372420622655337,bb263046,SessionTracking,Tracking,30.0572243,30.03835,1,0.036191822990076616,0.760277748,7.3479166,1,160x90 DepthUint16,"centre=14280 min=436 max=28188 hex=124B 19B5 37C8 04B7 05E7","centre=1284 min=1108 max=1445 hex=057B 054D 0504 04C0 04E2",0,0,0,,0,,,None,Unavailable,NoWallUnderCrosshair,,,,"only 0 valid depth samples under crosshair (0 no-data, 76 out-of-range, 365 low-confidence)",0,,,None,Unavailable,NoWallInView,,,,-0.133431166,1.00572455,0.1369125,0.0179311465,-0.05619613,-0.0006524027,0.998258531,0,0,0,0,0,0,219462.96260329703,219462.96260329703,0.036143228993751109
22.4126878096514,bb263046,SessionTracking,Tracking,30.0607433,30.03835,1,0.039713281003059819,0.7547917,7.007639,1,160x90 DepthUint16,"centre=15912 min=437 max=27910 hex=1424 312B 3E28 04B8 05BD","centre=1270 min=1112 max=1428 hex=056E 053D 04F6 04C1 04F1",0,0,0,,0,,,None,Unavailable,NoWallUnderCrosshair,,,,"only 0 valid depth samples under crosshair (0 no-data, 69 out-of-range, 372 low-confidence)",0,,,None,Unavailable,NoWallInView,,,,-0.134715438,1.00542009,0.136148915,0.0178168621,-0.0581633337,-0.0009431542,0.9981476,0,0,0,0,0,0,219462.99593038,219462.99593038,0.039667551987804472
22.433188018659276,bb263046,SessionTracking,Tracking,30.0575352,30.03835,1,0.019875625002896413,0.74444443,6.771389,1,160x90 DepthUint16,"centre=16861 min=437 max=28240 hex=1827 3FFE 41DD 04BC 05AB","centre=1279 min=1137 max=1417 hex=0569 0537 04FF 04C5 050D",0,0,0,,0,,,None,Unavailable,NoWallUnderCrosshair,,,,"only 0 valid depth samples under crosshair (0 no-data, 74 out-of-range, 367 low-confidence)",0,,,None,Unavailable,NoWallInView,,,,-0.135682777,1.00503254,0.135236949,0.017404113,-0.0614788868,-0.001247734,0.997955859,0,0,0,0,0,0,219463.02925746402,219463.02925746402,0.019828490010695532
22.464730414657534,bb263046,SessionTracking,Tracking,30.0578671,30.03835,1,0.030981667019659653,0.73875,6.514375,1,160x90 DepthUint16,"centre=16129 min=434 max=28001 hex=194F 45A3 3F01 04BA 05D0","centre=1263 min=1139 max=1394 hex=054A 051D 04EF 04C9 051D",0,0,0,,0,,,None,Unavailable,NoWallUnderCrosshair,,,,"only 0 valid depth samples under crosshair (0 no-data, 81 out-of-range, 360 low-confidence)",0,,,None,Unavailable,NoWallInView,,,,-0.136409372,1.0058105,0.135143489,0.0176606365,-0.0647518858,-0.0009155572,0.997744739,0,0,0,0,0,0,219463.062378731,219463.062378731,0.030932188004953787
22.496792132654374,bb263046,SessionTracking,Tracking,30.0593662,30.03835,1,0.031592499988619238,0.731180549,6.65645838,1,160x90 DepthUint16,"centre=14141 min=437 max=27782 hex=0AF0 3F1A 373D 04CE 05EC","centre=1292 min=1128 max=1446 hex=0587 0552 050C 04CB 0507",0,0,0,,0,,,None,Unavailable,NoWallUnderCrosshair,,,,"only 0 valid depth samples under crosshair (0 no-data, 76 out-of-range, 365 low-confidence)",0,,,None,Unavailable,NoWallInView,,,,-0.137282208,1.00572968,0.134273767,0.0187573973,-0.06771838,-0.000655472337,0.997527957,0,0,0,0,0,0,219463.09570581402,219463.09570581402,0.031547291000606492
22.533030309664465,bb263046,SessionTracking,Tracking,30.0604229,30.03835,1,0.035659010027302429,0.722569466,6.42722225,1,160x90 DepthUint16,"centre=14387 min=439 max=27722 hex=0A3B 3F15 3833 04D9 05EF","centre=1294 min=1148 max=1429 hex=0578 054D 050E 04D1 0501",0,0,0,,0,,,None,Unavailable,NoWallUnderCrosshair,,,,"only 0 valid depth samples under crosshair (0 no-data, 82 out-of-range, 359 low-confidence)",0,,,None,Unavailable,NoWallInView,,,,-0.143380985,1.00608957,0.133844048,0.01936243,-0.07058736,0.000155746951,0.9973177,0,0,0,0,0,0,219463.12837831103,219463.12837831103,0.035608750011306256
22.563393486642891,bb263046,SessionTracking,Tracking,30.0596447,30.03835,1,0.029707394976867363,0.7214583,7.147986,1,160x90 DepthUint16,"centre=12220 min=434 max=27627 hex=0552 252A 2FBC 04F9 05BD","centre=1298 min=1113 max=1506 hex=0574 054F 0512 04E1 053A",0,0,0,,0,,,None,Unavailable,NoWallUnderCrosshair,,,,"only 0 valid depth samples under crosshair (2 no-data, 69 out-of-range, 370 low-confidence)",0,,,None,Unavailable,NoWallInView,,,,-0.144152939,1.00619078,0.132574737,0.0198584087,-0.07565221,0.000370800553,0.9969365,0,0,0,0,0,0,219463.161705394,219463.161705394,0.029654843005118892
22.600975361660968,bb263046,SessionTracking,Tracking,30.0598564,30.03835,1,0.0370321870141197,0.709444463,7.16909742,1,160x90 DepthUint16,"centre=12052 min=436 max=27619 hex=046A 1A7F 2F14 04DE 061D","centre=1298 min=1142 max=1526 hex=0580 0554 0512 04E2 0577",0,0,0,,0,,,None,Unavailable,NoWallUnderCrosshair,,,,"only 0 valid depth samples under crosshair (0 no-data, 79 out-of-range, 362 low-confidence)",0,,,None,Unavailable,NoWallInView,,,,-0.144728646,1.00635743,0.131333292,0.0208732449,-0.0816766247,0.0006461144,0.996440053,0,0,0,0,0,0,219463.195032477,219463.195032477,0.036983541009249166
22.636024528657,bb263046,SessionTracking,Tracking,30.0600986,30.03835,1,0.034474582993425429,0.6979167,6.946875,1,160x90 DepthUint16,"centre=12203 min=439 max=27563 hex=06EF 1C2C 2FAB 04C9 064B","centre=1310 min=1184 max=1551 hex=0587 055E 051E 04EA 0579",0,0,0,,0,,,None,Unavailable,NoWallUnderCrosshair,,,,"only 0 valid depth samples under crosshair (0 no-data, 77 out-of-range, 364 low-confidence)",0,,,None,Unavailable,NoWallInView,,,,-0.145484447,1.00656641,0.130083874,0.0222105514,-0.08650253,0.0010199548,0.9960035,0,0,0,0,0,0,219463.228359561,219463.228359561,0.034419375006109476
22.666288695655677,bb263046,SessionTracking,Tracking,30.0603447,30.03835,1,0.029543698008637875,0.6823611,6.951667,1,160x90 DepthUint16,"centre=1536 min=428 max=27621 hex=0C78 0000 0600 04C4 0662","centre=1347 min=1123 max=1562 hex=05CD 0598 0543 04DD 0561",0,0,0,,0,,,None,Unavailable,NoWallUnderCrosshair,,,,"only 0 valid depth samples under crosshair (13 no-data, 65 out-of-range, 363 low-confidence)",0,,,None,Unavailable,NoWallInView,,,,-0.144621015,1.009669,0.132563576,0.0232422017,-0.08746956,0.00138801336,0.9958951,0,0,0,0,0,0,219463.26168057302,219463.26168057302,0.029479271004674956
22.697672341638391,bb263046,SessionTracking,Tracking,30.0613251,30.03835,1,0.030829218972939998,0.6830556,6.94930553,1,160x90 DepthUint16,"centre=1603 min=430 max=27623 hex=0C9D 0000 0643 04C4 0633","centre=1317 min=1122 max=1547 hex=0591 0566 0525 04DD 055F",0,0,0,,0,,,None,Unavailable,NoWallUnderCrosshair,,,,"only 0 valid depth samples under crosshair (13 no-data, 65 out-of-range, 363 low-confidence)",0,,,None,Unavailable,NoWallInView,,,,-0.145909861,1.00997615,0.131124556,0.0236003716,-0.08771875,0.00133028638,0.9958648,0,0,0,0,0,0,219463.295007656,219463.295007656,0.030780520988628268
22.729775153661759,bb263046,SessionTracking,Tracking,30.0647564,30.03835,1,0.031489426997723058,0.6823611,7.03875,1,160x90 DepthUint16,"centre=1430 min=431 max=27616 hex=0CA2 0000 0596 04C4 0682","centre=1346 min=1130 max=1559 hex=05C8 0591 0542 04E3 0567",0,0,0,,0,,,None,Unavailable,NoWallUnderCrosshair,,,,"only 0 valid depth samples under crosshair (14 no-data, 68 out-of-range, 359 low-confidence)",0,,,None,Unavailable,NoWallInView,,,,-0.147239327,1.01018846,0.129307568,0.0228735,-0.08743322,0.00136917841,0.99590683,0,0,0,0,0,0,219463.32833474,219463.32833474,0.03144057301688008
22.7640055186431,bb263046,SessionTracking,Tracking,30.0604725,30.03835,1,0.032143124990398064,0.6865278,7.11319447,1,160x90 DepthUint16,"centre=13127 min=429 max=27614 hex=0C08 0000 3347 04CB 0664","centre=1335 min=1210 max=1529 hex=05AF 057C 0537 04E0 0571",0,0,0,,0,,,None,Unavailable,NoWallUnderCrosshair,,,,"only 0 valid depth samples under crosshair (12 no-data, 73 out-of-range, 356 low-confidence)",0,,,None,Unavailable,NoWallInView,,,,-0.140067592,1.01401377,0.135427773,0.0230318364,-0.0866327062,0.00121906411,0.9959733,0,0,0,0,0,0,219463.36210184402,219463.36210184402,0.032093802001327276
22.795604580643268,bb263046,SessionTracking,Tracking,30.06213,30.03835,1,0.031049166980665177,0.7263889,7.89666653,1,160x90 DepthUint16,"centre=12897 min=430 max=27586 hex=0F33 0866 3261 04CE 0698","centre=1336 min=1215 max=1542 hex=059D 0577 0538 04EE 0573",0,0,0,,0,,,None,Unavailable,NoWallUnderCrosshair,,,,"only 0 valid depth samples under crosshair (8 no-data, 75 out-of-range, 358 low-confidence)",0,,,None,Unavailable,NoWallInView,,,,-0.1408461,1.0144335,0.1339035,0.02273632,-0.0859924853,0.0008356572,0.996036,0,0,0,0,0,0,219463.395428927,219463.395428927,0.030999999988125637
22.82778822666398,bb263046,SessionTracking,Tracking,30.06408,30.03835,1,0.031657917017582804,0.7263889,7.72652769,1,160x90 DepthUint16,"centre=12584 min=432 max=27552 hex=0F36 0868 3128 04D8 06A7","centre=1332 min=1213 max=1538 hex=059C 0574 0534 04EF 056D",0,0,0,,0,,,None,Unavailable,NoWallUnderCrosshair,,,,"only 0 valid depth samples under crosshair (8 no-data, 70 out-of-range, 363 low-confidence)",0,,,None,Unavailable,NoWallInView,,,,-0.1417222,1.0147742,0.132321954,0.0224789642,-0.0846442357,0.000367105036,0.9961576,0,0,0,0,0,0,219463.428756011,219463.428756011,0.031613333005225286
22.868192549657689,bb263046,SessionTracking,Tracking,30.0602741,30.03835,1,0.03987989600864239,0.7263889,7.56,1,160x90 DepthUint16,"centre=12444 min=434 max=27558 hex=0F37 086A 309C 04DE 069D","centre=1338 min=1215 max=1524 hex=05A8 057E 053A 04F0 0569",0,0,0,,0,,,None,Unavailable,NoWallUnderCrosshair,,,,"only 0 valid depth samples under crosshair (8 no-data, 69 out-of-range, 364 low-confidence)",0,,,None,Unavailable,NoWallInView,,,,-0.142535284,1.01510429,0.130782753,0.0225518849,-0.08363015,0.000138282776,0.9962416,0,0,0,0,0,0,219463.46208309403,219463.46208309403,0.039832708018366247
22.898567705656315,bb263046,SessionTracking,Tracking,30.0614738,30.03835,1,0.029827135003870353,0.7281944,7.42993069,1,160x90 DepthUint16,"centre=1773 min=432 max=27629 hex=0000 0000 06ED 04DA 05F5","centre=1331 min=1210 max=1524 hex=05A2 0578 0533 04ED 0563",0,0,0,,0,,,None,Unavailable,NoWallUnderCrosshair,,,,"only 0 valid depth samples under crosshair (5 no-data, 64 out-of-range, 372 low-confidence)",0,,,None,Unavailable,NoWallInView,,,,-0.144931585,1.01380789,0.13286382,0.0232769139,-0.08293366,8.141995E-05,0.9962832,0,0,0,0,0,0,219463.495738741,219463.495738741,0.029778697993606329
22.929742340647064,bb263046,SessionTracking,Tracking,30.061409,30.03835,1,0.030619947006925941,0.731597245,7.305139,1,160x90 DepthUint16,"centre=1775 min=435 max=27608 hex=0000 237B 06EF 04E6 062B","centre=1323 min=1211 max=1522 hex=0593 056C 052B 04EE 055D",0,0,0,,0,,,None,Unavailable,NoWallUnderCrosshair,,,,"only 0 valid depth samples under crosshair (4 no-data, 61 out-of-range, 376 low-confidence)",0,,,None,Unavailable,NoWallInView,,,,-0.145874456,1.01424158,0.131238222,0.0237941835,-0.08142445,-1.83582324E-05,0.996395469,0,0,0,0,0,0,219463.52906582502,219463.52906582502,0.030573177005862817
22.969337393654424,bb263046,SessionTracking,Tracking,30.0615158,30.03835,1,0.039092916995286942,0.737916648,7.38131952,1,160x90 DepthUint16,"centre=12430 min=431 max=27666 hex=0000 237C 308E 04FD 05DE","centre=1319 min=1182 max=1545 hex=0586 0563 0527 04F1 0564",0,0,0,,0,,,None,Unavailable,NoWallUnderCrosshair,,,,"only 0 valid depth samples under crosshair (4 no-data, 63 out-of-range, 374 low-confidence)",0,,,None,Unavailable,NoWallInView,,,,-0.148093164,1.01431179,0.129600346,0.0238014981,-0.07799665,0.000141501427,0.9966695,0,0,0,0,0,0,219463.56243334102,219463.56243334102,0.0390471360005904
22.9982286436508,bb263046,SessionTracking,Tracking,30.0631161,30.03835,1,0.028344010992441326,0.742569447,7.259722,1,160x90 DepthUint16,"centre=12382 min=434 max=27649 hex=0000 237F 305E 04F6 05EE","centre=1316 min=1168 max=1520 hex=0589 0562 0524 04F4 0553",0,0,0,,0,,,None,Unavailable,NoWallUnderCrosshair,,,,"only 0 valid depth samples under crosshair (4 no-data, 59 out-of-range, 378 low-confidence)",0,,,None,Unavailable,NoWallInView,,,,-0.149560243,1.01470113,0.127374142,0.023608502,-0.07422608,0.0007600188,0.996961653,0,0,0,0,0,0,219463.595760424,219463.595760424,0.028298333985731006
23.029653695653106,bb263046,SessionTracking,Tracking,30.0613384,30.03835,1,0.030891302012605593,0.7852778,8.407222,1,160x90 DepthUint16,"centre=14294 min=438 max=27640 hex=1357 2380 37D6 04F3 0602","centre=1281 min=1189 max=1504 hex=053B 052A 0501 04EC 0540",0,0,0,,0,,,None,Unavailable,NoWallUnderCrosshair,,,,"only 0 valid depth samples under crosshair (2 no-data, 45 out-of-range, 394 low-confidence)",0,,,None,Unavailable,NoWallInView,,,,-0.151079461,1.0150944,0.1250261,0.02364334,-0.0698622,0.00165590656,0.997275054,0,0,0,0,0,0,219463.62908750802,219463.62908750802,0.030846042005578056
23.062770361642034,bb263046,SessionTracking,Tracking,30.0612278,30.03835,1,0.032562863983912393,0.7945139,8.622986,1,160x90 DepthUint16,"centre=14501 min=443 max=27677 hex=1362 2380 38A5 04FA 060C","centre=1287 min=1201 max=1518 hex=0544 0530 0507 04ED 0548",0,0,0,,0,,,None,Unavailable,NoWallUnderCrosshair,,,,"only 0 valid depth samples under crosshair (2 no-data, 42 out-of-range, 397 low-confidence)",0,,,None,Unavailable,NoWallInView,,,,-0.152540788,1.01550114,0.122782931,0.0240983013,-0.0652120858,0.00201106071,0.9975784,0,0,0,0,0,0,219463.662414591,219463.662414591,0.032518801977857947
23.096236038641219,bb263046,SessionTracking,Tracking,30.0616646,30.03835,1,0.032773332990473136,0.804097235,8.855416,1,160x90 DepthUint16,"centre=15768 min=443 max=27688 hex=1360 29E9 3D98 04F9 065C","centre=1285 min=1200 max=1501 hex=0549 0533 0505 04EB 0545",0,0,0,,0,,,None,Unavailable,NoWallUnderCrosshair,,,,"only 0 valid depth samples under crosshair (2 no-data, 40 out-of-range, 399 low-confidence)",0,,,None,Unavailable,NoWallInView,,,,-0.156344324,1.015909,0.122519746,0.024294015,-0.0600128137,0.002411425,0.997899,0,0,0,0,0,0,219463.69571166803,219463.69571166803,0.032724269985919818
23.128290830654006,bb263046,SessionTracking,Tracking,30.0610867,30.03835,1,0.031488645996432751,0.8122917,9.844653,1,160x90 DepthUint16,"centre=16970 min=448 max=27600 hex=1360 1B58 424A 04F5 1365","centre=1290 min=1200 max=1510 hex=0551 053A 050A 04EA 0549",0,0,0,,0,,,None,Unavailable,NoWallUnderCrosshair,,,,"only 0 valid depth samples under crosshair (3 no-data, 37 out-of-range, 401 low-confidence)",0,,,None,Unavailable,NoWallInView,,,,-0.157942355,1.01642382,0.120309427,0.0248790011,-0.05476639,0.002554387,0.998186,0,0,0,0,0,0,219463.729038752,219463.729038752,0.031443437008420005
23.165888017662947,bb263046,SessionTracking,Tracking,30.0608,30.03835,1,0.036950989015167579,0.854027748,10.4172916,1,160x90 DepthUint16,"centre=2849 min=447 max=27664 hex=154E 1A4F 0B21 04EF 102B","centre=1285 min=1202 max=1479 hex=054E 0537 0505 04EE 053C",0,0,0,,0,,,None,Unavailable,NoWallUnderCrosshair,,,,"only 0 valid depth samples under crosshair (0 no-data, 33 out-of-range, 408 low-confidence)",0,,,None,Unavailable,NoWallInView,,,,-0.159346133,1.01701224,0.118106268,0.026060788,-0.0499624535,0.00243490981,0.9984081,0,0,0,0,0,0,219463.762373947,219463.762373947,0.036888020025799051
23.197160830642243,bb263046,SessionTracking,Tracking,30.06037,30.0934868,1,0.028438905981602147,0.8577778,10.665,1,160x90 DepthUint16,"centre=2677 min=451 max=27672 hex=1568 1A55 0A75 04F4 101C","centre=1297 min=1208 max=1493 hex=0558 0540 0511 04EE 0538",0,0,0,,0,,,None,Unavailable,NoWallUnderCrosshair,,,,"only 0 valid depth samples under crosshair (0 no-data, 31 out-of-range, 410 low-confidence)",0,,,None,Unavailable,NoWallInView,,,,-0.160455033,1.01747167,0.11563839,0.0262791924,-0.0467885919,0.001979858,0.99855715,0,0,0,0,0,0,219463.79570103,219463.79570103,0.028372707980452105
23.22901859065416,bb263046,SessionTracking,Tracking,30.0600262,30.0934868,1,0.031276093010092154,0.8654861,10.5722218,1,160x90 DepthUint16,"centre=2256 min=455 max=27720 hex=1587 1CE8 08D0 04FB 0F09","centre=1286 min=1207 max=1480 hex=0549 0531 0506 04F0 0545",0,0,0,,0,,,None,Unavailable,NoWallUnderCrosshair,,,,"only 0 valid depth samples under crosshair (0 no-data, 28 out-of-range, 413 low-confidence)",0,,,None,Unavailable,NoWallInView,,,,-0.161464512,1.017831,0.112898819,0.0259937719,-0.0441319421,0.00139993429,0.9986865,0,0,0,0,0,0,219463.829028114,219463.829028114,0.031218437012284994
23.268936038665853,bb263046,SessionTracking,Tracking,30.05704,30.0934868,1,0.039359791000606492,0.872569442,10.8017359,1,160x90 DepthUint16,"centre=1807 min=448 max=27710 hex=1561 1CE3 070F 04F7 104B","centre=1286 min=1204 max=1477 hex=0548 0531 0506 04E8 0550",0,0,0,,0,,,None,Unavailable,NoWallUnderCrosshair,,,,"only 0 valid depth samples under crosshair (0 no-data, 24 out-of-range, 417 low-confidence)",0,,,None,Unavailable,NoWallInView,,,,-0.166836873,1.01732755,0.116639689,0.0262426268,-0.0406811051,0.00134694588,0.9988266,0,0,0,0,0,0,219463.86213325802,219463.86213325802,0.03931494802236557
23.298865726662481,bb263046,SessionTracking,Tracking,30.0602875,30.0934868,1,0.029312969010788947,0.8832639,11.04132,1,160x90 DepthUint16,"centre=1622 min=452 max=27761 hex=1963 17E3 0656 04F8 0F43","centre=1294 min=1206 max=1478 hex=0554 053C 050E 04E7 0548",0,0,0,,0,,,None,Unavailable,NoWallUnderCrosshair,,,,"only 0 valid depth samples under crosshair (0 no-data, 15 out-of-range, 426 low-confidence)",0,,,None,Unavailable,NoWallInView,,,,-0.168623358,1.01758826,0.114021949,0.0260501336,-0.0358111449,0.00123915088,0.999018252,0,0,0,0,0,0,219463.895460341,219463.895460341,0.029256563022499904
23.33059437265285,bb263046,SessionTracking,Tracking,30.0555763,30.0934868,1,0.031176718999631703,0.919375,12.2466669,1,160x90 DepthUint16,"centre=1545 min=456 max=27742 hex=4327 17C1 0609 04EF 0D44","centre=1344 min=1217 max=1535 hex=05AB 058A 0540 04E8 055A",0,0,0,,0,,,None,Unavailable,NoWallUnderCrosshair,,,,"only 0 valid depth samples under crosshair (0 no-data, 7 out-of-range, 434 low-confidence)",0,,,None,Unavailable,NoWallInView,,,,-0.17062287,1.01775336,0.111350007,0.0257426761,-0.0303540416,0.00141525269,0.999206662,0,0,0,0,0,0,219463.92878742501,219463.92878742501,0.031079843989573419
23.36796041366426,bb263046,SessionTracking,Tracking,30.0591831,30.0934868,1,0.036782291019335389,0.928194463,12.606389,1,160x90 DepthUint16,"centre=1460 min=461 max=27781 hex=4CF2 0D44 05B4 04FB 0D27","centre=1355 min=1222 max=1560 hex=05C2 059D 054B 04ED 0564",0,0,0,,0,,,None,Unavailable,NoWallUnderCrosshair,,,,"only 0 valid depth samples under crosshair (0 no-data, 3 out-of-range, 438 low-confidence)",0,,,None,Unavailable,NoWallInView,,,,-0.17131649,1.01865792,0.10899362,0.0262986626,-0.0242445339,0.00139963639,0.999359131,0,0,0,0,0,0,219463.96219832601,219463.96219832601,0.036726875026943162
23.397594267656242,bb263046,SessionTracking,Tracking,30.0595169,30.0934868,1,0.029057448002276942,0.935486138,12.9135418,1,160x90 DepthUint16,"centre=1362 min=461 max=27594 hex=4DBC 07BE 0552 0552 0955","centre=1356 min=1225 max=1587 hex=05CB 059F 054C 04EE 055B",0,0,0,,0,,,None,Unavailable,NoWallUnderCrosshair,,,,"only 0 valid depth samples under crosshair (0 no-data, 0 out-of-range, 441 low-confidence)",0,,,None,Unavailable,NoWallInView,,,,-0.173499182,1.01879549,0.106462844,0.0272165146,-0.0174286012,0.0012676121,0.9994768,0,0,0,0,0,0,219463.995525409,219463.995525409,0.029008801997406408
23.428785361648917,bb263046,SessionTracking,Tracking,30.058424,30.0934868,1,0.0306591670087073,0.9298611,13.0667362,1,160x90 DepthUint16,"centre=1335 min=468 max=27514 hex=0AF4 05EB 0537 0501 084C","centre=1361 min=1226 max=1645 hex=05D4 05AB 0551 04EE 0549",0,0,0,,0,,,None,Unavailable,NoWallUnderCrosshair,,,,"only 0 valid depth samples under crosshair (0 no-data, 0 out-of-range, 441 low-confidence)",0,,,None,Unavailable,NoWallInView,,,,-0.175642446,1.01879346,0.103875004,0.0280028526,-0.0108189862,0.0009565652,0.999548852,0,0,0,0,0,0,219464.028852493,219464.028852493,0.030611613998189569
23.460585882662709,bb263046,SessionTracking,Tracking,30.0574646,30.0934868,1,0.031272188003640622,0.94090277,14.5935421,1,160x90 DepthUint16,"centre=1304 min=469 max=27410 hex=073B 0582 0518 04D7 0A1F","centre=1363 min=1223 max=1628 hex=05D4 05AE 0553 04E7 0572",0,0,0,,0,,,None,Unavailable,NoWallUnderCrosshair,,,,"only 1 valid depth samples under crosshair (0 no-data, 0 out-of-range, 440 low-confidence)",0,,,None,Unavailable,NoWallInView,,,,-0.17779018,1.01879478,0.10146147,0.0293579139,-0.00390525372,0.00041475895,0.99956125,0,0,0,0,0,0,219464.06224183302,219464.06224183302,0.031227813014993444
23.506842965646793,bb263046,SessionTracking,Tracking,30.0607529,30.0934868,1,0.045644739002455026,0.9302083,14.7379866,1,160x90 DepthUint16,"centre=1251 min=478 max=27366 hex=05B2 0578 04E3 04CC 0A30","centre=1365 min=1226 max=1659 hex=05D1 05B0 0555 04E9 0555",0,0,0,,0,,,None,Unavailable,NoWallUnderCrosshair,,,,"only 5 valid depth samples under crosshair (0 no-data, 0 out-of-range, 436 low-confidence)",0,,,None,Unavailable,NoWallInView,,,,-0.179854542,1.01866627,0.09889003,0.0311343633,0.002502736,-0.0004393459,0.999512,0,0,0,0,0,0,219464.095568916,219464.095568916,0.045598801982123405
23.530329059643119,bb263046,SessionTracking,Tracking,30.059288,30.0934868,1,0.022915259993169457,0.923541665,15.0818052,1,160x90 DepthUint16,"centre=1223 min=479 max=27271 hex=0592 0581 04C7 04D3 0A1B","centre=1390 min=1231 max=1744 hex=05F5 05D8 056E 04F0 0578",0,0,0,,0,,,None,Unavailable,NoWallUnderCrosshair,,,,"only 4 valid depth samples under crosshair (0 no-data, 0 out-of-range, 437 low-confidence)",0,,,None,Unavailable,NoWallInView,,,,-0.1817261,1.01834369,0.09619684,0.03239424,0.007581983,-0.00149899733,0.9994453,0,0,0,0,0,0,219464.128896,219464.128896,0.022871405992191285
23.561325986645098,bb263046,SessionTracking,Tracking,30.0597229,30.0934868,1,0.0305344789812807,0.916805565,15.18743,1,160x90 DepthUint16,"centre=1235 min=480 max=27224 hex=057F 05B9 04D3 04F1 0991","centre=1377 min=1227 max=1683 hex=05DD 05C3 0561 04ED 055E",0,0,0,,0,,,None,Unavailable,NoWallUnderCrosshair,,,,"only 2 valid depth samples under crosshair (0 no-data, 0 out-of-range, 439 low-confidence)",0,,,None,Unavailable,NoWallInView,,,,-0.183685839,1.01801908,0.0933395848,0.03362263,0.012267448,-0.00236433768,0.9993565,0,0,0,0,0,0,219464.162247388,219464.162247388,0.030489739001495764
23.599368590666128,bb263046,SessionTracking,Tracking,30.0587826,30.0934868,1,0.037427396018756554,0.918888867,15.1951389,1,160x90 DepthUint16,"centre=1254 min=488 max=27088 hex=0557 05CD 04E6 050A 0702","centre=1379 min=1232 max=1648 hex=05D8 05C2 0563 04F3 055B",0,0,0,,0,,,None,Unavailable,NoWallUnderCrosshair,,,,"only 5 valid depth samples under crosshair (0 no-data, 0 out-of-range, 436 low-confidence)",0,,,None,Unavailable,NoWallInView,,,,-0.1857178,1.01766217,0.0904301852,0.0351000056,0.01734883,-0.00312688947,0.999228358,0,0,0,0,0,0,219464.195574471,219464.195574471,0.037382448004791513
23.631256351663179,bb263046,SessionTracking,Tracking,30.0597286,30.0934868,1,0.031352448015240952,0.909375,15.3465281,1,160x90 DepthUint16,"centre=1267 min=491 max=26796 hex=0546 08F0 04F3 050B 06D2","centre=1384 min=1236 max=1647 hex=05D8 05C7 0568 04F3 0559",0,0,0,,0,,,None,Unavailable,NoWallUnderCrosshair,,,,"only 3 valid depth samples under crosshair (0 no-data, 0 out-of-range, 438 low-confidence)",0,,,None,Unavailable,NoWallInView,,,,-0.18762897,1.01732481,0.08746458,0.03682156,0.0215821378,-0.00402003527,0.9990807,0,0,0,0,0,0,219464.228901555,219464.228901555,0.031304063013521954
23.667629059645261,bb263046,SessionTracking,Tracking,30.0589542,30.0934868,1,0.035784167004749179,0.898194432,15.3768053,1,160x90 DepthUint16,"centre=1176 min=496 max=26168 hex=054E 09BC 0498 0509 06A0","centre=1387 min=1237 max=1651 hex=05D4 05C5 056B 04FD 057D",0,0,0,,0,,,None,Unavailable,NoWallUnderCrosshair,,,,"only 2 valid depth samples under crosshair (0 no-data, 0 out-of-range, 439 low-confidence)",0,,,None,Unavailable,NoWallInView,,,,-0.190455243,1.01868129,0.08199985,0.0392489843,0.0258280151,-0.00487032533,0.9988837,0,0,0,0,0,0,219464.262437336,219464.262437336,0.035701718996278942
23.699173590642314,bb263046,SessionTracking,Tracking,30.05821,30.0934868,1,0.030950624990509823,0.9089583,16.1438885,1,160x90 DepthUint16,"centre=1295 min=501 max=24080 hex=0554 053A 050F 0529 0659","centre=1377 min=1244 max=1577 hex=05CD 05B6 0561 04FF 0531",0,0,0,,0,,,None,Unavailable,NoWallUnderCrosshair,,,,"only 2 valid depth samples under crosshair (0 no-data, 0 out-of-range, 439 low-confidence)",0,,,None,Unavailable,NoWallInView,,,,-0.192193463,1.01840663,0.07879949,0.0421628244,0.0284075625,-0.00518584251,0.998693347,0,0,0,0,0,0,219464.29576441902,219464.29576441902,0.030904062004992738
23.730556090661704,bb263046,SessionTracking,Tracking,30.0576859,30.0934868,1,0.030851510004140437,0.899444461,15.6969442,1,160x90 DepthUint16,"centre=1314 min=504 max=20092 hex=054F 062D 0522 0579 0629","centre=1378 min=1248 max=1594 hex=05CF 05BA 0562 0505 0538",0,0,0,,0,,,None,Unavailable,NoWallUnderCrosshair,,,,"only 1 valid depth samples under crosshair (0 no-data, 0 out-of-range, 440 low-confidence)",0,,,None,Unavailable,NoWallInView,,,,-0.19399637,1.017988,0.075537324,0.0452896431,0.0307327062,-0.00529462146,0.998487055,0,0,0,0,0,0,219464.32909150302,219464.32909150302,0.030805573012912646
23.763998694638868,bb263046,SessionTracking,Tracking,30.0577641,30.0934868,1,0.032777186977909878,0.885347247,15.6025,1,160x90 DepthUint16,"centre=1616 min=513 max=20072 hex=0644 06A7 0650 064B 05ED","centre=1395 min=1255 max=1661 hex=05E6 05D2 0573 0519 055E",0,0,0,,0,,,None,Unavailable,NoWallUnderCrosshair,,,,"only 1 valid depth samples under crosshair (0 no-data, 0 out-of-range, 440 low-confidence)",0,,,None,Unavailable,NoWallInView,,,,-0.190555468,1.0201509,0.0663137957,0.04872429,0.0343304835,-0.006233156,0.9982027,0,0,0,0,0,0,219464.362212828,219464.362212828,0.0327303119993303
23.795067757638318,bb263046,SessionTracking,Tracking,30.057478,30.0934868,1,0.030596405995311216,0.8973611,16.4854164,1,160x90 DepthUint16,"centre=1538 min=519 max=19972 hex=0664 05AC 0602 0665 06DF","centre=1383 min=1257 max=1606 hex=05C8 05B5 0567 050C 055C",0,0,0,,0,,,None,Unavailable,NoWallUnderCrosshair,,,,"only 2 valid depth samples under crosshair (0 no-data, 0 out-of-range, 439 low-confidence)",0,,,None,Unavailable,NoWallInView,,,,-0.192113549,1.01937258,0.0626255944,0.0517511666,0.03644575,-0.00653427839,0.9979734,0,0,0,0,0,0,219464.39553991103,219464.39553991103,0.030488333984976634
23.831474528656255,bb263046,SessionTracking,Tracking,30.0550957,30.0934868,1,0.03580046899151057,0.8907639,16.18868,1,160x90 DepthUint16,"centre=1499 min=524 max=19821 hex=064C 05B8 05DB 0686 0B8E","centre=1384 min=1258 max=1633 hex=05D2 05BC 0568 0519 0566",0,0,0,,0,,,None,Unavailable,NoWallUnderCrosshair,,,,"only 1 valid depth samples under crosshair (0 no-data, 0 out-of-range, 440 low-confidence)",0,,,None,Unavailable,NoWallInView,,,,-0.193821013,1.01843131,0.0588292927,0.0552453734,0.0388877653,-0.00668007135,0.9976929,0,0,0,0,0,0,219464.428866995,219464.428866995,0.035755157005041838
23.862818173665,bb263046,SessionTracking,Tracking,30.059927,30.0934868,1,0.030800572014413774,0.8815972,16.4057636,1,160x90 DepthUint16,"centre=1439 min=505 max=19678 hex=076F 060D 059F 06B3 063D","centre=1356 min=1242 max=1610 hex=05BF 05A2 054C 0511 0567",0,0,0,,0,,,None,Unavailable,NoWallUnderCrosshair,,,,"only 0 valid depth samples under crosshair (0 no-data, 0 out-of-range, 441 low-confidence)",0,,,None,Unavailable,NoWallInView,,,,-0.1867954,1.00948036,0.07448613,0.05964696,0.042470023,-0.007394345,0.9972883,0,0,0,0,0,0,219464.461856437,219464.461856437,0.030753177008591592
23.89398635165082,bb263046,SessionTracking,Tracking,30.0532951,30.0934868,1,0.030626146006397903,0.8909722,17.0952778,1,160x90 DepthUint16,"centre=1416 min=512 max=19469 hex=0783 0599 0588 05BE 0564","centre=1340 min=1039 max=1615 hex=05C0 059A 053C 04BA 055D",0,0,0,,0,,,None,Unavailable,NoWallUnderCrosshair,,,,"only 0 valid depth samples under crosshair (0 no-data, 2 out-of-range, 439 low-confidence)",0,,,None,Unavailable,NoWallInView,,,,-0.187889874,1.00792229,0.070928365,0.0638303459,0.0443907566,-0.008087368,0.9969402,0,0,0,0,0,0,219464.49518352002,219464.49518352002,0.030579584010411054
23.93451661166284,bb263046,SessionTracking,Tracking,30.05868,30.0934868,1,0.040005521004786715,0.8840278,17.2097912,1,160x90 DepthUint16,"centre=1391 min=515 max=19328 hex=077B 058B 056F 05AD 0562","centre=1340 min=1043 max=1629 hex=05BD 0599 053C 04C8 0577",0,0,0,,0,,,None,Unavailable,NoWallUnderCrosshair,,,,"only 0 valid depth samples under crosshair (0 no-data, 1 out-of-range, 440 low-confidence)",0,,,None,Unavailable,NoWallInView,,,,-0.188907385,1.00628185,0.0671708956,0.06837511,0.045606453,-0.009006501,0.996576,0,0,0,0,0,0,219464.52851060402,219464.52851060402,0.039959635003469884
23.963469580639067,bb263046,SessionTracking,Tracking,30.05672,30.0934868,1,0.028392084001097828,0.873541653,17.2172222,1,160x90 DepthUint16,"centre=1323 min=502 max=19238 hex=06F5 04BD 052B 058E 05BD","centre=1327 min=1045 max=1624 hex=05B9 0591 052F 04D9 057F",0,0,0,,0,,,None,Unavailable,NoWallUnderCrosshair,,,,"only 1 valid depth samples under crosshair (0 no-data, 0 out-of-range, 440 low-confidence)",0,,,None,Unavailable,NoWallInView,,,,-0.182304844,1.00074637,0.07819192,0.07281174,0.0480964743,-0.0101381261,0.996133745,0,0,0,0,0,0,219464.561775451,219464.561775451,0.028339374985080212
23.994646819665942,bb263046,SessionTracking,Tracking,30.0567913,30.0934868,1,0.030625573010183871,0.8776389,17.9181252,1,160x90 DepthUint16,"centre=1320 min=508 max=25585 hex=06A7 04B1 0528 05A0 060D","centre=1313 min=921 max=1648 hex=05AC 0585 0521 0494 0584",0,0,0,,0,,,None,Unavailable,NoWallUnderCrosshair,,,,"only 5 valid depth samples under crosshair (1 no-data, 0 out-of-range, 435 low-confidence)",0,,,None,Unavailable,NoWallInView,,,,-0.1832088,0.9988887,0.0741847157,0.07597317,0.0504249558,-0.0106373439,0.995777249,0,0,0,0,0,0,219464.59510253402,219464.59510253402,0.03057968700886704
24.032845569637285,bb263046,SessionTracking,Tracking,30.0566063,30.0934868,1,0.037571665976429358,0.8753472,17.1247215,1,160x90 DepthUint16,"centre=1364 min=511 max=25681 hex=0689 04B1 0554 05B7 0639","centre=1312 min=930 max=1682 hex=059A 057D 0520 04AC 0590",0,0,0,,0,,,None,Unavailable,NoWallUnderCrosshair,,,,"only 7 valid depth samples under crosshair (1 no-data, 0 out-of-range, 433 low-confidence)",0,,,None,Unavailable,NoWallInView,,,,-0.184174553,0.997161746,0.07002932,0.078072615,0.05239836,-0.0110377371,0.995508552,0,0,0,0,0,0,219464.62842961802,219464.62842961802,0.037520988989854231
24.064161455645372,bb263046,SessionTracking,Tracking,30.05728,30.0934868,1,0.030729271005839109,0.867777765,17.2302074,1,160x90 DepthUint16,"centre=1354 min=501 max=25794 hex=062C 04F8 054A 05CE 0658","centre=1302 min=922 max=1660 hex=0582 056B 0516 04B9 0588",0,0,0,,0,,,None,Unavailable,NoWallUnderCrosshair,,,,"only 6 valid depth samples under crosshair (2 no-data, 0 out-of-range, 433 low-confidence)",0,,,None,Unavailable,NoWallInView,,,,-0.181685925,0.99510026,0.0784606,0.08051289,0.05550291,-0.0111269066,0.9951449,0,0,0,0,0,0,219464.661632305,219464.661632305,0.030685885983984917
24.096266090645369,bb263046,SessionTracking,Tracking,30.0585079,30.0934868,1,0.031561874988256022,0.86270833,17.3825,1,160x90 DepthUint16,"centre=1350 min=504 max=25881 hex=0623 0586 0546 05EA 06A8","centre=1305 min=930 max=1719 hex=059B 057B 0519 04AE 058F",0,0,0,,0,,,None,Unavailable,NoWallUnderCrosshair,,,,"only 7 valid depth samples under crosshair (1 no-data, 0 out-of-range, 433 low-confidence)",0,,,None,Unavailable,NoWallInView,,,,-0.1824061,0.994053066,0.07487363,0.0827691555,0.05680442,-0.0108124623,0.9948898,0,0,0,0,0,0,219464.69495938803,219464.69495938803,0.031517030991381034
24.152453225638165,bb263046,SessionTracking,Tracking,30.0601463,30.0934868,1,0.0556535929790698,0.85875,16.7909718,1,160x90 DepthUint16,"centre=1342 min=508 max=25949 hex=0623 05D0 053E 059E 06A2","centre=1302 min=944 max=1695 hex=058D 0573 0516 04C2 059D",0,0,0,,0,,,None,Unavailable,NoWallUnderCrosshair,,,,"only 3 valid depth samples under crosshair (3 no-data, 0 out-of-range, 435 low-confidence)",0,,,None,Unavailable,NoWallInView,,,,-0.18308574,0.993304968,0.07130763,0.08500831,0.05706061,-0.0103915343,0.9946908,0,0,0,0,0,0,219464.728286472,219464.728286472,0.055608019989449531
