# WallDistance benchmark log; measurement revision=raw-confidence-v2
# device=OnePlus CPH2691 os=Android OS 16 / API-36 (UKQ1.231108.001/V.R4T3.3237bb8-cff9dc-d57a61) unity=6000.3.5f1
# condition=
# config: {"minTestedRangeMeters":0.5,"maxTestedRangeMeters":3.0,"depthMaxAgeSeconds":0.5,"depthMinConfidence":128,"depthInlierThresholdMeters":0.05000000074505806,"depthMinInlierFraction":0.6000000238418579,"depthMinValidSamples":12,"depthDisagreementThresholdMeters":0.10000000149011612,"depthSampleGridSize":12,"depthMinValidMeters":0.10000000149011612,"depthMaxValidMeters":8.0,"depthOnlyPatchRadiusPixels":10,"depthOnlyMinInliers":60,"depthOnlyRefitRounds":2,"depthOnlyMaxRmsMeters":0.019999999552965165,"depthOnlyMaxTiltFromVerticalDeg":20.0,"filterTimeConstantSeconds":0.25,"minCandidateAreaSquareMeters":0.20000000298023225}
t,session,arState,trackingState,fps,updRate,depthSupported,depthAgeS,depthValidFrac,depthMeanConf,denseValidFrac,depthFormat,rawValues,denseValues,planesTotal,planesVerticalTracked,largestVerticalArea_m2,reference_m,aimed_valid,aimed_raw_m,aimed_filtered_m,aimed_source,aimed_quality,aimed_failure,aimed_candidate,aimed_depthResidual_m,aimed_depthInlier,aimed_reason,nearest_valid,nearest_raw_m,nearest_filtered_m,nearest_source,nearest_quality,nearest_failure,nearest_candidate,nearest_depthResidual_m,nearest_depthInlier,cam_x,cam_y,cam_z,cam_qx,cam_qy,cam_qz,cam_qw,aimed_pt_x,aimed_pt_y,aimed_pt_z,aimed_n_x,aimed_n_y,aimed_n_z,rawProviderTimestampS,denseProviderTimestampS,denseAgeS
2.8413348438543382,ac3ae122,SessionInitializing,Initializing,0.462445557,0.351947248,1,,,,,,"","",0,0,0,,0,,,None,Unavailable,TrackingLost,,,,"TrackingLost",0,,,None,Unavailable,TrackingLost,,,,0,0,0,0,0,0,1,0,0,0,0,0,0,,,
3.5660486978803876,ac3ae122,SessionInitializing,Initializing,0.740903139,0.351947248,1,,,,,,"","",0,0,0,,0,,,None,Unavailable,TrackingLost,,,,"TrackingLost",0,,,None,Unavailable,TrackingLost,,,,0,1.1176,0,0,5.820766E-11,0,1,0,0,0,0,0,0,,,
3.5901981248670838,ac3ae122,SessionInitializing,Initializing,20.0458241,0.351947248,1,,,,,,"","",0,0,0,,0,,,None,Unavailable,TrackingLost,,,,"TrackingLost",0,,,None,Unavailable,TrackingLost,,,,0,1.1176,0,0,5.820766E-11,0,1,0,0,0,0,0,0,,,
3.6283940108759909,ac3ae122,SessionInitializing,Initializing,30.06792,0.351947248,1,,,,,,"","",0,0,0,,0,,,None,Unavailable,TrackingLost,,,,"TrackingLost",0,,,None,Unavailable,TrackingLost,,,,0,1.1176,0,0,5.820766E-11,0,1,0,0,0,0,0,0,,,
3.6692931248607694,ac3ae122,SessionInitializing,Initializing,30.0673523,0.351947248,1,,,,,,"","",0,0,0,,0,,,None,Unavailable,TrackingLost,,,,"TrackingLost",0,,,None,Unavailable,TrackingLost,,,,0,1.1176,0,0,5.820766E-11,0,1,0,0,0,0,0,0,,,
3.7039895318657274,ac3ae122,SessionInitializing,Initializing,20.0460358,0.351947248,1,,,,,,"","",0,0,0,,0,,,None,Unavailable,TrackingLost,,,,"TrackingLost",0,,,None,Unavailable,TrackingLost,,,,0,1.1176,0,0,5.820766E-11,0,1,0,0,0,0,0,0,,,
3.73433984387425,ac3ae122,SessionInitializing,Initializing,30.06876,0.351947248,1,,,,,,"","",0,0,0,,0,,,None,Unavailable,TrackingLost,,,,"TrackingLost",0,,,None,Unavailable,TrackingLost,,,,0,1.1176,0,0,5.820766E-11,0,1,0,0,0,0,0,0,,,
3.7664182288780923,ac3ae122,SessionInitializing,Initializing,30.06873,0.351947248,1,,,,,,"","",0,0,0,,0,,,None,Unavailable,TrackingLost,,,,"TrackingLost",0,,,None,Unavailable,TrackingLost,,,,0,1.1176,0,0,5.820766E-11,0,1,0,0,0,0,0,0,,,
3.7995080728641826,ac3ae122,SessionInitializing,Initializing,30.06878,0.351947248,1,,,,,,"","",0,0,0,,0,,,None,Unavailable,TrackingLost,,,,"TrackingLost",0,,,None,Unavailable,TrackingLost,,,,0,1.1176,0,0,5.820766E-11,0,1,0,0,0,0,0,0,,,
3.8159065108547567,ac3ae122,SessionInitializing,Initializing,30.0696583,0.351947248,1,,,,,,"","",0,0,0,,0,,,None,Unavailable,TrackingLost,,,,"TrackingLost",0,,,None,Unavailable,TrackingLost,,,,0,1.1176,0,0,5.820766E-11,0,1,0,0,0,0,0,0,,,
3.8480251558566581,ac3ae122,SessionInitializing,Initializing,30.0700436,9.933541,1,,,,,,"","",0,0,0,,0,,,None,Unavailable,TrackingLost,,,,"TrackingLost",0,,,None,Unavailable,TrackingLost,,,,0,1.1176,0,0,5.820766E-11,0,1,0,0,0,0,0,0,,,
3.8821706248772445,ac3ae122,SessionInitializing,Initializing,30.0686245,9.933541,1,,,,,,"","",0,0,0,,0,,,None,Unavailable,TrackingLost,,,,"TrackingLost",0,,,None,Unavailable,TrackingLost,,,,0,1.1176,0,0,5.820766E-11,0,1,0,0,0,0,0,0,,,
3.9166589058795127,ac3ae122,SessionInitializing,Initializing,30.0689983,9.933541,1,,,,,,"","",0,0,0,,0,,,None,Unavailable,TrackingLost,,,,"TrackingLost",0,,,None,Unavailable,TrackingLost,,,,0,1.1176,0,0,5.820766E-11,0,1,0,0,0,0,0,0,,,
3.9485479168569784,ac3ae122,SessionInitializing,Initializing,30.0693,9.933541,1,,,,,,"","",0,0,0,,0,,,None,Unavailable,TrackingLost,,,,"TrackingLost",0,,,None,Unavailable,TrackingLost,,,,0,1.1176,0,0,5.820766E-11,0,1,0,0,0,0,0,0,,,
3.9823569788631632,ac3ae122,SessionInitializing,Initializing,30.06898,9.933541,1,,,,,,"","",0,0,0,,0,,,None,Unavailable,TrackingLost,,,,"TrackingLost",0,,,None,Unavailable,TrackingLost,,,,0,1.1176,0,0,5.820766E-11,0,1,0,0,0,0,0,0,,,
4.0141863538801319,ac3ae122,SessionInitializing,Initializing,30.0686455,9.933541,1,,,,,,"","",0,0,0,,0,,,None,Unavailable,TrackingLost,,,,"TrackingLost",0,,,None,Unavailable,TrackingLost,,,,0,1.1176,0,0,5.820766E-11,0,1,0,0,0,0,0,0,,,
4.049727603872225,ac3ae122,SessionTracking,Tracking,30.06858,9.933541,1,,,,,,"","",0,0,0,,0,,,None,Unavailable,NoWallUnderCrosshair,,,,"NoWallUnderCrosshair",0,,,None,Unavailable,NoWallInView,,,,0,1.1176,0,0,5.820766E-11,0,1,0,0,0,0,0,0,,,
4.0846032288599874,ac3ae122,SessionTracking,Tracking,30.069313,9.933541,1,0.01816375000635162,0,0,0,160x90 DepthUint16,"centre=0 min=0 max=0 hex=0000 0000 0000 0000 0000","centre=0 min=0 max=0 hex=0000 0000 0000 0000 0000",0,0,0,,0,,,None,Unavailable,NoWallUnderCrosshair,,,,"only 0 valid depth samples under crosshair (441 no-data, 0 out-of-range, 0 low-confidence)",0,,,None,Unavailable,NoWallInView,,,,0.00813576952,1.14312124,-0.0871462449,0.1627329,0.006493993,0.008451462,0.9866126,0,0,0,0,0,0,284767.555300074,284767.555300074,0.01803999999538064
4.1158856248575377,ac3ae122,SessionTracking,Tracking,30.0686512,9.933541,1,0.029427603993099183,0,0,0,160x90 DepthUint16,"centre=0 min=0 max=0 hex=0000 0000 0000 0000 0000","centre=0 min=0 max=0 hex=0000 0000 0000 0000 0000",0,0,0,,0,,,None,Unavailable,NoWallUnderCrosshair,,,,"only 0 valid depth samples under crosshair (441 no-data, 0 out-of-range, 0 low-confidence)",0,,,None,Unavailable,NoWallInView,,,,0.008454874,1.14201677,-0.08770119,0.162914991,0.00563775,0.008908391,0.9865838,0,0,0,0,0,0,284767.58862715703,284767.58862715703,0.029374061996350065
4.14846546886015,ac3ae122,SessionTracking,Tracking,30.0703564,9.933541,1,0.031819530995562673,0,0,0,160x90 DepthUint16,"centre=0 min=0 max=0 hex=0000 0000 0000 0000 0000","centre=0 min=0 max=0 hex=0000 0000 0000 0000 0000",0,0,0,,0,,,None,Unavailable,NoWallUnderCrosshair,,,,"only 0 valid depth samples under crosshair (441 no-data, 0 out-of-range, 0 low-confidence)",0,,,None,Unavailable,NoWallInView,,,,0.009256566,1.141389,-0.09148688,0.176925972,0.004336678,0.003509373,0.984208345,0,0,0,0,0,0,284767.618220209,284767.618220209,0.03176598998834379
4.1822405208576585,ac3ae122,SessionTracking,Tracking,30.069767,9.933541,1,0.032838072977028787,0,0,0,160x90 DepthUint16,"centre=0 min=0 max=0 hex=0000 0000 0000 0000 0000","centre=0 min=0 max=0 hex=0000 0000 0000 0000 0000",0,0,0,,0,,,None,Unavailable,NoWallUnderCrosshair,,,,"only 0 valid depth samples under crosshair (441 no-data, 0 out-of-range, 0 low-confidence)",0,,,None,Unavailable,NoWallInView,,,,0.01061555,1.140329,-0.0898288637,0.178252459,0.00385925919,0.004096329,0.9839687,0,0,0,0,0,0,284767.651547293,284767.651547293,0.032780937995994464
4.2154202608716789,ac3ae122,SessionTracking,Tracking,30.0689354,9.933541,1,0.032414792018244043,0,0,0,160x90 DepthUint16,"centre=0 min=0 max=0 hex=0000 0000 0000 0000 0000","centre=0 min=0 max=0 hex=0000 0000 0000 0000 0000",0,0,0,,0,,,None,Unavailable,NoWallUnderCrosshair,,,,"only 0 valid depth samples under crosshair (441 no-data, 0 out-of-range, 0 low-confidence)",0,,,None,Unavailable,NoWallInView,,,,0.0120716412,1.13936043,-0.08814342,0.179192767,0.00360284769,0.00470033335,0.9837962,0,0,0,0,0,0,284767.684874376,284767.684874376,0.032286875008139759
4.2463707288761272,ac3ae122,SessionTracking,Tracking,30.06949,9.933541,1,0.024396354012424126,0,0,0,160x90 DepthUint16,"centre=0 min=0 max=0 hex=0000 0000 0000 0000 0000","centre=0 min=0 max=0 hex=0000 0000 0000 0000 0000",0,0,0,,0,,,None,Unavailable,NoWallUnderCrosshair,,,,"only 0 valid depth samples under crosshair (441 no-data, 0 out-of-range, 0 low-confidence)",0,,,None,Unavailable,NoWallInView,,,,0.0105078286,1.14066708,-0.09106197,0.173912659,0.00354836159,0.00505748438,0.984741747,0,0,0,0,0,0,284767.714293103,284767.714293103,0.024341509997611865
4.280234791854082,ac3ae122,SessionTracking,Tracking,30.06999,9.933541,1,0.0320222919981461,0,0,0,160x90 DepthUint16,"centre=0 min=0 max=0 hex=0000 0000 0000 0000 0000","centre=0 min=0 max=0 hex=0000 0000 0000 0000 0000",0,0,0,,0,,,None,Unavailable,NoWallUnderCrosshair,,,,"only 0 valid depth samples under crosshair (441 no-data, 0 out-of-range, 0 low-confidence)",0,,,None,Unavailable,NoWallInView,,,,0.0123050269,1.1397922,-0.0906872749,0.1742119,0.002249986,0.004771203,0.9846941,0,0,0,0,0,0,284767.747620187,284767.747620187,0.031962187989847735
4.3190987498591769,ac3ae122,SessionTracking,Tracking,30.0703,9.933541,1,0.037629792001098394,0,0,0,160x90 DepthUint16,"centre=0 min=0 max=0 hex=0000 0000 0000 0000 0000","centre=0 min=0 max=0 hex=0000 0000 0000 0000 0000",0,0,0,,0,,,None,Unavailable,NoWallUnderCrosshair,,,,"only 0 valid depth samples under crosshair (441 no-data, 0 out-of-range, 0 low-confidence)",0,,,None,Unavailable,NoWallInView,,,,0.0140773673,1.13901174,-0.09012595,0.174870878,0.0009960533,0.00481790351,0.9845791,0,0,0,0,0,0,284767.78094727005,284767.78094727005,0.037562343990430236
4.3494619268667067,ac3ae122,SessionTracking,Tracking,30.0708542,9.933541,1,0.029522917000576854,0,0,0,160x90 DepthUint16,"centre=0 min=0 max=0 hex=0000 0000 0000 0000 0000","centre=0 min=0 max=0 hex=0000 0000 0000 0000 0000",0,0,0,,0,,,None,Unavailable,NoWallUnderCrosshair,,,,"only 0 valid depth samples under crosshair (441 no-data, 0 out-of-range, 0 low-confidence)",0,,,None,Unavailable,NoWallInView,,,,0.0159614161,1.13832879,-0.0895382762,0.17518951,-0.000693447946,0.004703522,0.984523237,0,0,0,0,0,0,284767.81427435303,284767.81427435303,0.029468021006323397
4.3799658848647143,ac3ae122,SessionTracking,Tracking,30.07096,9.933541,1,0.029786405997583643,0,0,0,160x90 DepthUint16,"centre=0 min=0 max=0 hex=0000 0000 0000 0000 0000","centre=0 min=0 max=0 hex=0000 0000 0000 0000 0000",0,0,0,,0,,,None,Unavailable,NoWallUnderCrosshair,,,,"only 0 valid depth samples under crosshair (441 no-data, 0 out-of-range, 0 low-confidence)",0,,,None,Unavailable,NoWallInView,,,,0.01566557,1.13938284,-0.09110677,0.1739938,-0.00143413257,0.00513953,0.98473233,0,0,0,0,0,0,284767.84807999,284767.84807999,0.029723644984187558
4.4134123958564944,ac3ae122,SessionTracking,Tracking,30.0708179,9.933541,1,0.0326302079774905,0,0,0,160x90 DepthUint16,"centre=0 min=0 max=0 hex=0000 0000 0000 0000 0000","centre=0 min=0 max=0 hex=0000 0000 0000 0000 0000",0,0,0,,0,,,None,Unavailable,NoWallUnderCrosshair,,,,"only 0 valid depth samples under crosshair (441 no-data, 0 out-of-range, 0 low-confidence)",0,,,None,Unavailable,NoWallInView,,,,0.0171684176,1.13912284,-0.09101838,0.173525348,-0.00163790584,0.00511389971,0.984814763,0,0,0,0,0,0,284767.881407073,284767.881407073,0.032558957987930626
4.44616624985697,ac3ae122,SessionTracking,Tracking,30.071125,9.933541,1,0.028158125001937151,0,0,0,160x90 DepthUint16,"centre=0 min=0 max=0 hex=0000 0000 0000 0000 0000","centre=0 min=0 max=0 hex=0000 0000 0000 0000 0000",0,0,0,,0,,,None,Unavailable,NoWallUnderCrosshair,,,,"only 0 valid depth samples under crosshair (441 no-data, 0 out-of-range, 0 low-confidence)",0,,,None,Unavailable,NoWallInView,,,,0.019163508,1.1387502,-0.09072873,0.173657581,-0.00283759064,0.00416162563,0.9847932,0,0,0,0,0,0,284767.91473415605,284767.91473415605,0.028094374982174486
4.4882579688773605,ac3ae122,SessionTracking,Tracking,30.0722656,9.933541,1,0.040450365020660684,0,0,0,160x90 DepthUint16,"centre=0 min=0 max=0 hex=0000 0000 0000 0000 0000","centre=0 min=0 max=0 hex=0000 0000 0000 0000 0000",0,0,0,,0,,,None,Unavailable,NoWallUnderCrosshair,,,,"only 0 valid depth samples under crosshair (441 no-data, 0 out-of-range, 0 low-confidence)",0,,,None,Unavailable,NoWallInView,,,,0.0184964314,1.1413641,-0.09090726,0.173225924,-0.004262835,0.0049982965,0.9848602,0,0,0,0,0,0,284767.944052295,284767.944052295,0.040369584021391347
4.5126556768581851,ac3ae122,SessionTracking,Tracking,30.069973,9.933541,1,0.020039583003381267,0,0,0,160x90 DepthUint16,"centre=0 min=0 max=0 hex=0000 0000 0000 0000 0000","centre=0 min=0 max=0 hex=0000 0000 0000 0000 0000",0,0,0,,0,,,None,Unavailable,NoWallUnderCrosshair,,,,"only 0 valid depth samples under crosshair (441 no-data, 0 out-of-range, 0 low-confidence)",0,,,None,Unavailable,NoWallInView,,,,0.0198557,1.141035,-0.09094368,0.173580885,-0.005459897,0.004112035,0.9847959,0,0,0,0,0,0,284767.977379378,284767.977379378,0.019963384984293953
4.5479935938701148,ac3ae122,SessionTracking,Tracking,30.0696964,9.933541,1,0.033988386014243588,0,0,0,160x90 DepthUint16,"centre=0 min=0 max=0 hex=0000 0000 0000 0000 0000","centre=0 min=0 max=0 hex=0000 0000 0000 0000 0000",0,0,0,,0,,,None,Unavailable,NoWallUnderCrosshair,,,,"only 0 valid depth samples under crosshair (441 no-data, 0 out-of-range, 0 low-confidence)",0,,,None,Unavailable,NoWallInView,,,,0.0210410934,1.14066887,-0.09103886,0.173750028,-0.00597339869,0.00390061736,0.984764,0,0,0,0,0,0,284768.01070646103,284768.01070646103,0.03390520901302807
4.5805365618643465,ac3ae122,SessionTracking,Tracking,30.07008,9.933541,1,0.031598228990333155,0,0,0,160x90 DepthUint16,"centre=0 min=0 max=0 hex=0000 0000 0000 0000 0000","centre=0 min=0 max=0 hex=0000 0000 0000 0000 0000",0,0,0,,0,,,None,Unavailable,NoWallUnderCrosshair,,,,"only 0 valid depth samples under crosshair (441 no-data, 0 out-of-range, 0 low-confidence)",0,,,None,Unavailable,NoWallInView,,,,0.0171507616,1.14203942,-0.09266415,0.1736601,-0.005526841,0.005729944,0.984773457,0,0,0,0,0,0,284768.043672094,284768.043672094,0.031508540996583179
4.6145143228558938,ac3ae122,SessionTracking,Tracking,30.0700035,9.933541,1,0.032854582997970283,0,0,0,160x90 DepthUint16,"centre=0 min=0 max=0 hex=0000 0000 0000 0000 0000","centre=0 min=0 max=0 hex=0000 0000 0000 0000 0000",0,0,0,,0,,,None,Unavailable,NoWallUnderCrosshair,,,,"only 0 valid depth samples under crosshair (441 no-data, 0 out-of-range, 0 low-confidence)",0,,,None,Unavailable,NoWallInView,,,,0.0177309345,1.14196789,-0.09293391,0.17344743,-0.00573878735,0.00605270267,0.984807849,0,0,0,0,0,0,284768.076999177,284768.076999177,0.0327870829787571
4.6458086458651,ac3ae122,SessionTracking,Tracking,30.06986,9.933541,1,0.030443333991570398,0,0,0,160x90 DepthUint16,"centre=0 min=0 max=0 hex=0000 0000 0000 0000 0000","centre=0 min=0 max=0 hex=0000 0000 0000 0000 0000",0,0,0,,0,,,None,Unavailable,NoWallUnderCrosshair,,,,"only 0 valid depth samples under crosshair (441 no-data, 0 out-of-range, 0 low-confidence)",0,,,None,Unavailable,NoWallInView,,,,0.0184577685,1.14194393,-0.0932201445,0.172945678,-0.005945475,0.006500573,0.984892,0,0,0,0,0,0,284768.11032626004,284768.11032626004,0.030380417010746896
4.6780005728569,ac3ae122,SessionTracking,Tracking,30.0690289,9.933541,1,0.031129062990657985,0,0,0,160x90 DepthUint16,"centre=0 min=0 max=0 hex=0000 0000 0000 0000 0000","centre=0 min=0 max=0 hex=0000 0000 0000 0000 0000",0,0,0,,0,,,None,Unavailable,NoWallUnderCrosshair,,,,"only 0 valid depth samples under crosshair (441 no-data, 0 out-of-range, 0 low-confidence)",0,,,None,Unavailable,NoWallInView,,,,0.0123859094,1.14669538,-0.091861926,0.1725486,-0.006183275,0.009307534,0.984937668,0,0,0,0,0,0,284768.139784427,284768.139784427,0.031031614984385669
4.7121215618598855,ac3ae122,SessionTracking,Tracking,30.0685482,9.933541,1,0.033559946983587,0,0,0,160x90 DepthUint16,"centre=0 min=0 max=0 hex=0000 0000 0000 0000 0000","centre=0 min=0 max=0 hex=0000 0000 0000 0000 0000",0,0,0,,0,,,None,Unavailable,NoWallUnderCrosshair,,,,"only 0 valid depth samples under crosshair (441 no-data, 0 out-of-range, 0 low-confidence)",0,,,None,Unavailable,NoWallInView,,,,0.0123117585,1.14718807,-0.09189902,0.1725907,-0.00625320524,0.009765327,0.9849254,0,0,0,0,0,0,284768.17311151,284768.17311151,0.033514999988256022
4.7446788538572493,ac3ae122,SessionTracking,Tracking,30.0678,9.933541,1,0.031807655992452055,0,0,0,160x90 DepthUint16,"centre=0 min=0 max=0 hex=0000 0000 0000 0000 0000","centre=0 min=0 max=0 hex=0000 0000 0000 0000 0000",0,0,0,,0,,,None,Unavailable,NoWallUnderCrosshair,,,,"only 0 valid depth samples under crosshair (441 no-data, 0 out-of-range, 0 low-confidence)",0,,,None,Unavailable,NoWallInView,,,,0.0122564193,1.14773381,-0.091996856,0.172124073,-0.00605648058,0.010203422,0.9850038,0,0,0,0,0,0,284768.20643859304,284768.20643859304,0.031752082984894514
4.7779834888560346,ac3ae122,SessionTracking,Tracking,30.0594368,9.933541,1,0.0324724999954924,0,0,0,160x90 DepthUint16,"centre=0 min=0 max=0 hex=0000 0000 0000 0000 0000","centre=0 min=0 max=0 hex=0000 0000 0000 0000 0000",0,0,0,,0,,,None,Unavailable,NoWallUnderCrosshair,,,,"only 0 valid depth samples under crosshair (441 no-data, 0 out-of-range, 0 low-confidence)",0,,,None,Unavailable,NoWallInView,,,,0.009613647,1.14761364,-0.09363932,0.171251565,-0.0066876635,0.0108071268,0.98514545,0,0,0,0,0,0,284768.238819486,284768.238819486,0.032420000003185123
4.8112159368674385,ac3ae122,SessionTracking,Tracking,30.0716877,9.933541,1,0.030079843010753393,0,0,0,160x90 DepthUint16,"centre=0 min=0 max=0 hex=0000 0000 0000 0000 0000","centre=0 min=0 max=0 hex=0000 0000 0000 0000 0000",0,0,0,,0,,,None,Unavailable,NoWallUnderCrosshair,,,,"only 0 valid depth samples under crosshair (441 no-data, 0 out-of-range, 0 low-confidence)",0,,,None,Unavailable,NoWallInView,,,,0.009773539,1.148232,-0.09358363,0.1709781,-0.00770253,0.0102654109,0.9851913,0,0,0,0,0,0,284768.27214656904,284768.27214656904,0.030009270005393773
4.84554150987874,ac3ae122,SessionTracking,Tracking,30.0664425,9.933541,1,0.033741146005922928,0,0,0,160x90 DepthUint16,"centre=0 min=0 max=0 hex=0000 0000 0000 0000 0000","centre=0 min=0 max=0 hex=0000 0000 0000 0000 0000",0,0,0,,0,,,None,Unavailable,NoWallUnderCrosshair,,,,"only 0 valid depth samples under crosshair (441 no-data, 0 out-of-range, 0 low-confidence)",0,,,None,Unavailable,NoWallInView,,,,0.009792893,1.14878035,-0.09352386,0.170456961,-0.00770040648,0.00969061349,0.985287368,0,0,0,0,0,0,284768.305473652,284768.305473652,0.033688750001601875
4.878106353854446,ac3ae122,SessionTracking,Tracking,30.0657558,30.0947151,1,0.031811093998840079,0,0,0,160x90 DepthUint16,"centre=0 min=0 max=0 hex=0000 0000 0000 0000 0000","centre=0 min=0 max=0 hex=0000 0000 0000 0000 0000",0,0,0,,0,,,None,Unavailable,NoWallUnderCrosshair,,,,"only 0 valid depth samples under crosshair (441 no-data, 0 out-of-range, 0 low-confidence)",0,,,None,Unavailable,NoWallInView,,,,0.01295153,1.14735687,-0.0932180062,0.170234263,-0.00675009936,0.009182543,0.985337734,0,0,0,0,0,0,284768.338694251,284768.338694251,0.031753749994095415
4.9117293228545806,ac3ae122,SessionTracking,Tracking,30.0653152,30.0947151,1,0.032879323000088334,0,0,0,160x90 DepthUint16,"centre=0 min=0 max=0 hex=0000 0000 0000 0000 0000","centre=0 min=0 max=0 hex=0000 0000 0000 0000 0000",0,0,0,,0,,,None,Unavailable,NoWallUnderCrosshair,,,,"only 0 valid depth samples under crosshair (441 no-data, 0 out-of-range, 0 low-confidence)",0,,,None,Unavailable,NoWallInView,,,,0.0126540083,1.14780247,-0.09310227,0.169714957,-0.00478880852,0.009478807,0.985435963,0,0,0,0,0,0,284768.372021334,284768.372021334,0.032815104001201689
4.9447292188624035,ac3ae122,SessionTracking,Tracking,30.06582,30.0947151,1,0.032384322985308245,0,0,0,160x90 DepthUint16,"centre=0 min=0 max=0 hex=0000 0000 0000 0000 0000","centre=0 min=0 max=0 hex=0000 0000 0000 0000 0000",0,0,0,,0,,,None,Unavailable,NoWallUnderCrosshair,,,,"only 0 valid depth samples under crosshair (441 no-data, 0 out-of-range, 0 low-confidence)",0,,,None,Unavailable,NoWallInView,,,,0.0124431215,1.14828479,-0.092997916,0.169046164,-0.002836943,0.009368272,0.9855595,0,0,0,0,0,0,284768.405348417,284768.405348417,0.032330729998648167
4.9778412498626041,ac3ae122,SessionTracking,Tracking,30.0662174,30.0947151,1,0.032507552008610219,0,0,0,160x90 DepthUint16,"centre=0 min=0 max=0 hex=0000 0000 0000 0000 0000","centre=0 min=0 max=0 hex=0000 0000 0000 0000 0000",0,0,0,,0,,,None,Unavailable,NoWallUnderCrosshair,,,,"only 0 valid depth samples under crosshair (441 no-data, 0 out-of-range, 0 low-confidence)",0,,,None,Unavailable,NoWallInView,,,,0.0146254525,1.14741111,-0.09372449,0.168239847,-0.00232263678,0.00916496,0.9857008,0,0,0,0,0,0,284768.437630067,284768.437630067,0.032275000005029142
5.0126588538614216,ac3ae122,SessionTracking,Tracking,30.0640526,30.0947151,1,0.034263437992194667,0,0,0,160x90 DepthUint16,"centre=0 min=0 max=0 hex=0000 0000 0000 0000 0000","centre=0 min=0 max=0 hex=0000 0000 0000 0000 0000",0,0,0,,0,,,None,Unavailable,NoWallUnderCrosshair,,,,"only 0 valid depth samples under crosshair (441 no-data, 0 out-of-range, 0 low-confidence)",0,,,None,Unavailable,NoWallInView,,,,0.0144767137,1.14782393,-0.0935264,0.167953566,-0.001278162,0.008975029,0.985753238,0,0,0,0,0,0,284768.47095715004,284768.47095715004,0.034216353989904746
5.0466271868708192,ac3ae122,SessionTracking,Tracking,30.06792,30.0947151,1,0.032735624990891665,0,0,0,160x90 DepthUint16,"centre=0 min=0 max=0 hex=0000 0000 0000 0000 0000","centre=0 min=0 max=0 hex=0000 0000 0000 0000 0000",0,0,0,,0,,,None,Unavailable,NoWallUnderCrosshair,,,,"only 0 valid depth samples under crosshair (441 no-data, 0 out-of-range, 0 low-confidence)",0,,,None,Unavailable,NoWallInView,,,,0.01437505,1.14814115,-0.09322714,0.167922944,-0.00116436929,0.008923054,0.985759,0,0,0,0,0,0,284768.50428423303,284768.50428423303,0.032691510015865788
5.0776829158630337,ac3ae122,SessionTracking,Tracking,30.06814,30.0947151,1,0.030306875007227063,0,0,0,160x90 DepthUint16,"centre=0 min=0 max=0 hex=0000 0000 0000 0000 0000","centre=0 min=0 max=0 hex=0000 0000 0000 0000 0000",0,0,0,,0,,,None,Unavailable,NoWallUnderCrosshair,,,,"only 0 valid depth samples under crosshair (441 no-data, 0 out-of-range, 0 low-confidence)",0,,,None,Unavailable,NoWallInView,,,,0.01593462,1.14742577,-0.0935461745,0.167457819,-0.00292770565,0.009381086,0.9858303,0,0,0,0,0,0,284768.53742336005,284768.53742336005,0.030255988996941596
5.1121310938533044,ac3ae122,SessionTracking,Tracking,30.0706329,30.0947151,1,0.033874583983561024,0,0,0,160x90 DepthUint16,"centre=0 min=0 max=0 hex=0000 0000 0000 0000 0000","centre=0 min=0 max=0 hex=0000 0000 0000 0000 0000",0,0,0,,0,,,None,Unavailable,NoWallUnderCrosshair,,,,"only 0 valid depth samples under crosshair (441 no-data, 0 out-of-range, 0 low-confidence)",0,,,None,Unavailable,NoWallInView,,,,0.0159027539,1.14768851,-0.09321416,0.16730465,-0.00404184358,0.009880007,0.9858475,0,0,0,0,0,0,284768.57075044303,284768.57075044303,0.033824374986579642
5.1447943228622082,ac3ae122,SessionTracking,Tracking,30.0716629,30.0947151,1,0.031697031983640045,0,0,0,160x90 DepthUint16,"centre=0 min=0 max=0 hex=0000 0000 0000 0000 0000","centre=0 min=0 max=0 hex=0000 0000 0000 0000 0000",0,0,0,,0,,,None,Unavailable,NoWallUnderCrosshair,,,,"only 0 valid depth samples under crosshair (441 no-data, 0 out-of-range, 0 low-confidence)",0,,,None,Unavailable,NoWallInView,,,,0.0157984979,1.14799607,-0.09285649,0.1670589,-0.004890621,0.01037252,0.985880256,0,0,0,0,0,0,284768.604077526,284768.604077526,0.031649584008846432
5.1772686978719777,ac3ae122,SessionTracking,Tracking,30.0735874,30.0947151,1,0.031916770996758714,0,0,0,160x90 DepthUint16,"centre=0 min=0 max=0 hex=0000 0000 0000 0000 0000","centre=0 min=0 max=0 hex=0000 0000 0000 0000 0000",0,0,0,,0,,,None,Unavailable,NoWallUnderCrosshair,,,,"only 0 valid depth samples under crosshair (441 no-data, 0 out-of-range, 0 low-confidence)",0,,,None,Unavailable,NoWallInView,,,,0.0203095581,1.148304,-0.0933183953,0.1667761,-0.00645778375,0.00996998,0.985923231,0,0,0,0,0,0,284768.636481472,284768.636481472,0.031871459010289982
5.2156486978555678,ac3ae122,SessionTracking,Tracking,30.0746422,30.0947151,1,0.037790781992953271,0,0,0,160x90 DepthUint16,"centre=0 min=0 max=0 hex=0000 0000 0000 0000 0000","centre=0 min=0 max=0 hex=0000 0000 0000 0000 0000",0,0,0,,0,,,None,Unavailable,NoWallUnderCrosshair,,,,"only 0 valid depth samples under crosshair (441 no-data, 0 out-of-range, 0 low-confidence)",0,,,None,Unavailable,NoWallInView,,,,0.0205606725,1.148809,-0.0928743258,0.166458666,-0.00761392759,0.009813906,0.9859702,0,0,0,0,0,0,284768.66980855505,284768.66980855505,0.037741301988717169
5.2442885928530361,ac3ae122,SessionTracking,Tracking,30.06949,30.0947151,1,0.027717811986804008,0,0,0,160x90 DepthUint16,"centre=0 min=0 max=0 hex=0000 0000 0000 0000 0000","centre=0 min=0 max=0 hex=0000 0000 0000 0000 0000",0,0,0,,0,,,None,Unavailable,NoWallUnderCrosshair,,,,"only 0 valid depth samples under crosshair (441 no-data, 0 out-of-range, 0 low-confidence)",0,,,None,Unavailable,NoWallInView,,,,0.0207315944,1.14928257,-0.0923220962,0.16594097,-0.008430071,0.00991088152,0.986049831,0,0,0,0,0,0,284768.70313563803,284768.70313563803,0.027669894974678755
5.2779922388644538,ac3ae122,SessionTracking,Tracking,30.06861,30.0947151,1,0.033157603989820927,0,0,0,160x90 DepthUint16,"centre=0 min=0 max=0 hex=0000 0000 0000 0000 0000","centre=0 min=0 max=0 hex=0000 0000 0000 0000 0000",0,0,0,,0,,,None,Unavailable,NoWallUnderCrosshair,,,,"only 0 valid depth samples under crosshair (441 no-data, 0 out-of-range, 0 low-confidence)",0,,,None,Unavailable,NoWallInView,,,,0.02556033,1.15011251,-0.09316065,0.1657418,-0.009424232,0.009363323,0.9860797,0,0,0,0,0,0,284768.735969597,284768.735969597,0.033112603996414691
5.3103288538613471,ac3ae122,SessionTracking,Tracking,30.07229,30.0947151,1,0.031758124998304993,0,0,0,160x90 DepthUint16,"centre=0 min=0 max=0 hex=0000 0000 0000 0000 0000","centre=0 min=0 max=0 hex=0000 0000 0000 0000 0000",0,0,0,,0,,,None,Unavailable,NoWallUnderCrosshair,,,,"only 0 valid depth samples under crosshair (441 no-data, 0 out-of-range, 0 low-confidence)",0,,,None,Unavailable,NoWallInView,,,,0.02605699,1.15072787,-0.09255917,0.16556637,-0.0104326988,0.009214909,0.986100435,0,0,0,0,0,0,284768.76929668,284768.76929668,0.0317077609943226
5.3437347388744,ac3ae122,SessionTracking,Tracking,30.0714912,30.0947151,1,0.032780156005173922,0,0,0,160x90 DepthUint16,"centre=0 min=0 max=0 hex=0000 0000 0000 0000 0000","centre=0 min=0 max=0 hex=0000 0000 0000 0000 0000",0,0,0,,0,,,None,Unavailable,NoWallUnderCrosshair,,,,"only 0 valid depth samples under crosshair (441 no-data, 0 out-of-range, 0 low-confidence)",0,,,None,Unavailable,NoWallInView,,,,0.0264134854,1.15134275,-0.0919849,0.165139809,-0.010832035,0.009490938,0.986165047,0,0,0,0,0,0,284768.80298242404,284768.80298242404,0.032736249995650724
5.3775359368800766,ac3ae122,SessionTracking,Tracking,30.0715656,30.0947151,1,0.033205260027898476,0,0,0,160x90 DepthUint16,"centre=0 min=0 max=0 hex=0000 0000 0000 0000 0000","centre=0 min=0 max=0 hex=0000 0000 0000 0000 0000",0,0,0,,0,,,None,Unavailable,NoWallUnderCrosshair,,,,"only 0 valid depth samples under crosshair (441 no-data, 0 out-of-range, 0 low-confidence)",0,,,None,Unavailable,NoWallInView,,,,0.0290346034,1.15201616,-0.09191577,0.164551914,-0.0110419318,0.009630263,0.986259639,0,0,0,0,0,0,284768.83628226304,284768.83628226304,0.0331594790040981
5.4113795308721366,ac3ae122,SessionTracking,Tracking,30.0715351,30.0947151,1,0.033249063009861857,0,0,0,160x90 DepthUint16,"centre=0 min=0 max=0 hex=0000 0000 0000 0000 0000","centre=0 min=0 max=0 hex=0000 0000 0000 0000 0000",0,0,0,,0,,,None,Unavailable,NoWallUnderCrosshair,,,,"only 0 valid depth samples under crosshair (441 no-data, 0 out-of-range, 0 low-confidence)",0,,,None,Unavailable,NoWallInView,,,,0.0297848154,1.152691,-0.0912550539,0.164313853,-0.0116476575,0.009423823,0.9862943,0,0,0,0,0,0,284768.86960934603,284768.86960934603,0.033191719005117193
5.4438737498630418,ac3ae122,SessionTracking,Tracking,30.07037,30.0947151,1,0.030968854989623651,0,0,0,160x90 DepthUint16,"centre=0 min=0 max=0 hex=0000 0000 0000 0000 0000","centre=0 min=0 max=0 hex=0000 0000 0000 0000 0000",0,0,0,,0,,,None,Unavailable,NoWallUnderCrosshair,,,,"only 0 valid depth samples under crosshair (441 no-data, 0 out-of-range, 0 low-confidence)",0,,,None,Unavailable,NoWallInView,,,,0.0306871571,1.153334,-0.0905674547,0.164025411,-0.0124358917,0.008977325,0.9863369,0,0,0,0,0,0,284768.902936429,284768.902936429,0.030915937997633591
5.4818190098657853,ac3ae122,SessionTracking,Tracking,30.07113,30.0947151,1,0.037072865001391619,0,0,0,160x90 DepthUint16,"centre=0 min=0 max=0 hex=0000 0000 0000 0000 0000","centre=0 min=0 max=0 hex=0000 0000 0000 0000 0000",0,0,0,,0,,,None,Unavailable,NoWallUnderCrosshair,,,,"only 0 valid depth samples under crosshair (441 no-data, 0 out-of-range, 0 low-confidence)",0,,,None,Unavailable,NoWallInView,,,,0.02763024,1.15382588,-0.09136355,0.1630586,-0.0129713425,0.009250642,0.986487746,0,0,0,0,0,0,284768.93585441203,284768.93585441203,0.036975625000195578
5.5122876038576125,ac3ae122,SessionTracking,Tracking,30.0724087,30.0947151,1,0.028980728995520622,0,0,0,160x90 DepthUint16,"centre=0 min=0 max=0 hex=0000 0000 0000 0000 0000","centre=0 min=0 max=0 hex=0000 0000 0000 0000 0000",0,0,0,,0,,,None,Unavailable,NoWallUnderCrosshair,,,,"only 0 valid depth samples under crosshair (441 no-data, 0 out-of-range, 0 low-confidence)",0,,,None,Unavailable,NoWallInView,,,,0.02843192,1.15455842,-0.09064253,0.162640452,-0.0141851157,0.009286642,0.9865398,0,0,0,0,0,0,284768.969181495,284768.969181495,0.028902395977638662
5.5429510408639091,ac3ae122,SessionTracking,Tracking,30.07136,30.0947151,1,0.030134790984448045,0,0,0,160x90 DepthUint16,"centre=0 min=0 max=0 hex=0000 0000 0000 0000 0000","centre=0 min=0 max=0 hex=0000 0000 0000 0000 0000",0,0,0,,0,,,None,Unavailable,NoWallUnderCrosshair,,,,"only 0 valid depth samples under crosshair (441 no-data, 0 out-of-range, 0 low-confidence)",0,,,None,Unavailable,NoWallInView,,,,0.029457543,1.15524375,-0.0898679346,0.162074476,-0.0159679428,0.009142101,0.986607,0,0,0,0,0,0,284769.002508578,284769.002508578,0.030089478997979313
5.5771838018762994,ac3ae122,SessionTracking,Tracking,30.0733185,30.0947151,1,0.033668854011921212,0,0,0,160x90 DepthUint16,"centre=0 min=0 max=0 hex=0000 0000 0000 0000 0000","centre=0 min=0 max=0 hex=0000 0000 0000 0000 0000",0,0,0,,0,,,None,Unavailable,NoWallUnderCrosshair,,,,"only 0 valid depth samples under crosshair (441 no-data, 0 out-of-range, 0 low-confidence)",0,,,None,Unavailable,NoWallInView,,,,0.0300206877,1.1538198,-0.09357687,0.160080269,-0.01986213,0.009293705,0.9868604,0,0,0,0,0,0,284769.03676856804,284769.03676856804,0.033623854018514976
5.6103313538687418,ac3ae122,SessionTracking,Tracking,30.0723743,30.0947151,1,0.032372968998970464,0,0,0,160x90 DepthUint16,"centre=0 min=0 max=0 hex=0000 0000 0000 0000 0000","centre=0 min=0 max=0 hex=0000 0000 0000 0000 0000",0,0,0,,0,,,None,Unavailable,NoWallUnderCrosshair,,,,"only 0 valid depth samples under crosshair (441 no-data, 0 out-of-range, 0 low-confidence)",0,,,None,Unavailable,NoWallInView,,,,0.0311390217,1.15440059,-0.0929698646,0.159216315,-0.0229833,0.009045393,0.9869347,0,0,0,0,0,0,284769.070095651,284769.070095651,0.032278386002872139
5.6427256768719873,ac3ae122,SessionTracking,Tracking,30.07072,30.0947151,1,0.031869219004875049,0,0,0,160x90 DepthUint16,"centre=0 min=0 max=0 hex=0000 0000 0000 0000 0000","centre=0 min=0 max=0 hex=0000 0000 0000 0000 0000",0,0,0,,0,,,None,Unavailable,NoWallUnderCrosshair,,,,"only 0 valid depth samples under crosshair (441 no-data, 0 out-of-range, 0 low-confidence)",0,,,None,Unavailable,NoWallInView,,,,0.033400204,1.15323889,-0.0943058953,0.158230975,-0.02524353,0.008965136,0.9870387,0,0,0,0,0,0,284769.103146772,284769.103146772,0.03182291699340567
5.67621369685271,ac3ae122,SessionTracking,Tracking,30.0708313,30.0947151,1,0.032890571979805827,0,0,0,160x90 DepthUint16,"centre=0 min=0 max=0 hex=0000 0000 0000 0000 0000","centre=0 min=0 max=0 hex=0000 0000 0000 0000 0000",0,0,0,,0,,,None,Unavailable,NoWallUnderCrosshair,,,,"only 0 valid depth samples under crosshair (441 no-data, 0 out-of-range, 0 low-confidence)",0,,,None,Unavailable,NoWallInView,,,,0.0344392173,1.1538775,-0.0938414,0.157185733,-0.0273174867,0.008952707,0.98715055,0,0,0,0,0,0,284769.136473856,284769.136473856,0.032834321988048032
5.712151821869111,ac3ae122,SessionTracking,Tracking,30.0715427,30.0947151,1,0.035443489003228024,0,0,0,160x90 DepthUint16,"centre=0 min=0 max=0 hex=0000 0000 0000 0000 0000","centre=0 min=0 max=0 hex=0000 0000 0000 0000 0000",0,0,0,,0,,,None,Unavailable,NoWallUnderCrosshair,,,,"only 0 valid depth samples under crosshair (441 no-data, 0 out-of-range, 0 low-confidence)",0,,,None,Unavailable,NoWallInView,,,,0.03543338,1.1545496,-0.0932835042,0.156277224,-0.0289625619,0.008971245,0.987247765,0,0,0,0,0,0,284769.16980093904,284769.16980093904,0.035400572000071406
5.7429817178553551,ac3ae122,SessionTracking,Tracking,30.0742416,30.0947151,1,0.030234426987590268,0,0,0,160x90 DepthUint16,"centre=0 min=0 max=0 hex=0000 0000 0000 0000 0000","centre=0 min=0 max=0 hex=0000 0000 0000 0000 0000",0,0,0,,0,,,None,Unavailable,NoWallUnderCrosshair,,,,"only 0 valid depth samples under crosshair (441 no-data, 0 out-of-range, 0 low-confidence)",0,,,None,Unavailable,NoWallInView,,,,0.03624256,1.15526116,-0.09255598,0.155719087,-0.0296747182,0.009433956,0.987310469,0,0,0,0,0,0,284769.20347340003,284769.20347340003,0.030186509975465015
5.7759207288535892,ac3ae122,SessionTracking,Tracking,30.0752373,30.0947151,1,0.032348020991776139,0,0,0,160x90 DepthUint16,"centre=0 min=0 max=0 hex=0000 0000 0000 0000 0000","centre=0 min=0 max=0 hex=0000 0000 0000 0000 0000",0,0,0,,0,,,None,Unavailable,NoWallUnderCrosshair,,,,"only 0 valid depth samples under crosshair (441 no-data, 0 out-of-range, 0 low-confidence)",0,,,None,Unavailable,NoWallInView,,,,0.0363338366,1.15307486,-0.09588632,0.155113786,-0.0294419229,0.009805232,0.9874091,0,0,0,0,0,0,284769.23664545204,284769.23664545204,0.032285572990076616
5.8102542178739442,ac3ae122,SessionTracking,Tracking,30.0754642,30.0947151,1,0.033798125019529834,0,0,0,160x90 DepthUint16,"centre=0 min=0 max=0 hex=0000 0000 0000 0000 0000","centre=0 min=0 max=0 hex=0000 0000 0000 0000 0000",0,0,0,,0,,,None,Unavailable,NoWallUnderCrosshair,,,,"only 0 valid depth samples under crosshair (441 no-data, 0 out-of-range, 0 low-confidence)",0,,,None,Unavailable,NoWallInView,,,,0.0372265764,1.15372825,-0.0952576846,0.154763088,-0.02914978,0.009875805,0.9874721,0,0,0,0,0,0,284769.269972535,284769.269972535,0.033754686999600381
5.8423672388807519,ac3ae122,SessionTracking,Tracking,30.0776672,30.0947151,1,0.0313084370282013,0,0,0,160x90 DepthUint16,"centre=0 min=0 max=0 hex=0000 0000 0000 0000 0000","centre=0 min=0 max=0 hex=0000 0000 0000 0000 0000",0,0,0,,0,,,None,Unavailable,NoWallUnderCrosshair,,,,"only 0 valid depth samples under crosshair (441 no-data, 0 out-of-range, 0 low-confidence)",0,,,None,Unavailable,NoWallInView,,,,0.0383693948,1.1543988,-0.09454059,0.1544927,-0.0296849273,0.009580165,0.9875014,0,0,0,0,0,0,284769.303299618,284769.303299618,0.031223385012708604
5.8753239058632518,ac3ae122,SessionTracking,Tracking,30.0785713,30.0947151,1,0.032325990003300831,0,0,0,160x90 DepthUint16,"centre=0 min=0 max=0 hex=0000 0000 0000 0000 0000","centre=0 min=0 max=0 hex=0000 0000 0000 0000 0000",0,0,0,,0,,,None,Unavailable,NoWallUnderCrosshair,,,,"only 0 valid depth samples under crosshair (441 no-data, 0 out-of-range, 0 low-confidence)",0,,,None,Unavailable,NoWallInView,,,,0.0333051868,1.15343416,-0.097391434,0.1532586,-0.0298141316,0.0103937974,0.987681568,0,0,0,0,0,0,284769.33392841404,284769.33392841404,0.032279167004162446
5.90901869685963,ac3ae122,SessionTracking,Tracking,30.0786762,30.0704517,1,0.033073176979087293,0,0,0,160x90 DepthUint16,"centre=0 min=0 max=0 hex=0000 0000 0000 0000 0000","centre=0 min=0 max=0 hex=0000 0000 0000 0000 0000",0,0,0,,0,,,None,Unavailable,NoWallUnderCrosshair,,,,"only 0 valid depth samples under crosshair (441 no-data, 0 out-of-range, 0 low-confidence)",0,,,None,Unavailable,NoWallInView,,,,0.03427463,1.15405762,-0.0967243537,0.1527362,-0.0310574174,0.0102974176,0.9877252,0,0,0,0,0,0,284769.367255497,284769.367255497,0.032999426999595016
5.9420700518739524,ac3ae122,SessionTracking,Tracking,30.07233,30.0704517,1,0.032500052999239415,0,0,0,160x90 DepthUint16,"centre=0 min=0 max=0 hex=0000 0000 0000 0000 0000","centre=0 min=0 max=0 hex=0000 0000 0000 0000 0000",0,0,0,,0,,,None,Unavailable,NoWallUnderCrosshair,,,,"only 0 valid depth samples under crosshair (441 no-data, 0 out-of-range, 0 low-confidence)",0,,,None,Unavailable,NoWallInView,,,,0.0352007672,1.154732,-0.095944725,0.1525237,-0.03224278,0.0104172239,0.9877188,0,0,0,0,0,0,284769.40058258,284769.40058258,0.032450105005409569
5.9752921348762813,ac3ae122,SessionTracking,Tracking,30.0767918,30.0704517,1,0.032615572999930009,0,0,0,160x90 DepthUint16,"centre=0 min=0 max=0 hex=0000 0000 0000 0000 0000","centre=0 min=0 max=0 hex=0000 0000 0000 0000 0000",0,0,0,,0,,,None,Unavailable,NoWallUnderCrosshair,,,,"only 0 valid depth samples under crosshair (441 no-data, 0 out-of-range, 0 low-confidence)",0,,,None,Unavailable,NoWallInView,,,,0.0321873464,1.15437579,-0.09797264,0.151418537,-0.0334011652,0.0110310623,0.9878437,0,0,0,0,0,0,284769.434255685,284769.434255685,0.029055417020572349
6.008345467874233,ac3ae122,SessionTracking,Tracking,30.0769844,30.0704517,1,0.032459478999953717,0,0,0,160x90 DepthUint16,"centre=0 min=0 max=0 hex=0000 0000 0000 0000 0000","centre=0 min=0 max=0 hex=0000 0000 0000 0000 0000",0,0,0,,0,,,None,Unavailable,NoWallUnderCrosshair,,,,"only 0 valid depth samples under crosshair (441 no-data, 0 out-of-range, 0 low-confidence)",0,,,None,Unavailable,NoWallInView,,,,0.0332013965,1.15492475,-0.0971499458,0.151161253,-0.0353175066,0.0106727779,0.9878204,0,0,0,0,0,0,284769.467582768,284769.467582768,0.032409323001047596
6.0451311968708525,ac3ae122,SessionTracking,Tracking,30.076046,30.0704517,1,0.036288853996666148,0,0,0,160x90 DepthUint16,"centre=0 min=0 max=0 hex=0000 0000 0000 0000 0000","centre=0 min=0 max=0 hex=0000 0000 0000 0000 0000",0,0,0,,0,,,None,Unavailable,NoWallUnderCrosshair,,,,"only 0 valid depth samples under crosshair (441 no-data, 0 out-of-range, 0 low-confidence)",0,,,None,Unavailable,NoWallInView,,,,0.0341043174,1.15537977,-0.09623623,0.151102871,-0.03654959,0.0106719444,0.987784445,0,0,0,0,0,0,284769.500909851,284769.500909851,0.036242135014617816
6.0751574988743871,ac3ae122,SessionTracking,Tracking,30.0746422,30.0704517,1,0.0292149480083026,0,0,0,160x90 DepthUint16,"centre=0 min=0 max=0 hex=0000 0000 0000 0000 0000","centre=0 min=0 max=0 hex=0000 0000 0000 0000 0000",0,0,0,,0,,,None,Unavailable,NoWallUnderCrosshair,,,,"only 0 valid depth samples under crosshair (441 no-data, 0 out-of-range, 0 low-confidence)",0,,,None,Unavailable,NoWallInView,,,,0.03195943,1.1539346,-0.09961749,0.151011333,-0.0377819836,0.01083234,0.987750351,0,0,0,0,0,0,284769.534415554,284769.534415554,0.029123750020517036
6.1085304678626473,ac3ae122,SessionTracking,Tracking,30.0735874,30.0704517,1,0.032731874991441146,0,0,0,160x90 DepthUint16,"centre=0 min=0 max=0 hex=0000 0000 0000 0000 0000","centre=0 min=0 max=0 hex=0000 0000 0000 0000 0000",0,0,0,,0,,,None,Unavailable,NoWallUnderCrosshair,,,,"only 0 valid depth samples under crosshair (441 no-data, 0 out-of-range, 0 low-confidence)",0,,,None,Unavailable,NoWallInView,,,,0.0328616947,1.1540904,-0.09846897,0.151972458,-0.03976257,0.01073891,0.987526238,0,0,0,0,0,0,284769.567742637,284769.567742637,0.032658541982527822
6.1416525508602264,ac3ae122,SessionTracking,Tracking,30.0724888,30.0704517,1,0.031993957993108779,0,0,0,160x90 DepthUint16,"centre=0 min=0 max=0 hex=0000 0000 0000 0000 0000","centre=0 min=0 max=0 hex=0000 0000 0000 0000 0000",0,0,0,,0,,,None,Unavailable,NoWallUnderCrosshair,,,,"only 0 valid depth samples under crosshair (441 no-data, 0 out-of-range, 0 low-confidence)",0,,,None,Unavailable,NoWallInView,,,,0.033638306,1.15423512,-0.09732471,0.1527273,-0.0413283631,0.0110532343,0.987342,0,0,0,0,0,0,284769.60106972,284769.60106972,0.031923957983963192
6.1752303118618785,ac3ae122,SessionTracking,Tracking,30.0722961,30.0704517,1,0.032895937998546287,0,0,0,160x90 DepthUint16,"centre=0 min=0 max=0 hex=0000 0000 0000 0000 0000","centre=0 min=0 max=0 hex=0000 0000 0000 0000 0000",0,0,0,,0,,,None,Unavailable,NoWallUnderCrosshair,,,,"only 0 valid depth samples under crosshair (441 no-data, 0 out-of-range, 0 low-confidence)",0,,,None,Unavailable,NoWallInView,,,,0.0312160365,1.15301216,-0.1007499,0.152688518,-0.0425903462,0.0116809309,0.987287164,0,0,0,0,0,0,284769.63454418903,284769.63454418903,0.032806667004479095
6.209299842876999,ac3ae122,SessionTracking,Tracking,30.0724583,30.0704517,1,0.033274792018346488,0,0,0,160x90 DepthUint16,"centre=0 min=0 max=0 hex=0000 0000 0000 0000 0000","centre=0 min=0 max=0 hex=0000 0000 0000 0000 0000",0,0,0,,0,,,None,Unavailable,NoWallUnderCrosshair,,,,"only 0 valid depth samples under crosshair (441 no-data, 0 out-of-range, 0 low-confidence)",0,,,None,Unavailable,NoWallInView,,,,0.0316660553,1.1532836,-0.0999245,0.152963936,-0.04321941,0.0120548308,0.987212658,0,0,0,0,0,0,284769.667871272,284769.667871272,0.033177864010212943
6.2419601558567139,ac3ae122,SessionTracking,Tracking,30.0723228,30.0704517,1,0.031960208987584338,0,0,0,160x90 DepthUint16,"centre=0 min=0 max=0 hex=0000 0000 0000 0000 0000","centre=0 min=0 max=0 hex=0000 0000 0000 0000 0000",0,0,0,,0,,,None,Unavailable,NoWallUnderCrosshair,,,,"only 0 valid depth samples under crosshair (441 no-data, 0 out-of-range, 0 low-confidence)",0,,,None,Unavailable,NoWallInView,,,,0.0324225836,1.15369022,-0.09909077,0.15309456,-0.04461466,0.01188463,0.9871324,0,0,0,0,0,0,284769.701198355,284769.701198355,0.031871041981503367
6.2755379158688358,ac3ae122,SessionTracking,Tracking,30.0720215,30.0704517,1,0.033055052015697584,0,0,0,160x90 DepthUint16,"centre=0 min=0 max=0 hex=0000 0000 0000 0000 0000","centre=0 min=0 max=0 hex=0000 0000 0000 0000 0000",0,0,0,,0,,,None,Unavailable,NoWallUnderCrosshair,,,,"only 0 valid depth samples under crosshair (441 no-data, 0 out-of-range, 0 low-confidence)",0,,,None,Unavailable,NoWallInView,,,,0.0271229669,1.15227342,-0.104820028,0.1518248,-0.0469679721,0.0120108137,0.987217844,0,0,0,0,0,0,284769.734327399,284769.734327399,0.033005364995915443
6.3086690098779856,ac3ae122,SessionTracking,Tracking,30.0671062,30.0704517,1,0.032472865015733987,0,0,0,160x90 DepthUint16,"centre=0 min=0 max=0 hex=0000 0000 0000 0000 0000","centre=0 min=0 max=0 hex=0000 0000 0000 0000 0000",0,0,0,,0,,,None,Unavailable,NoWallUnderCrosshair,,,,"only 0 valid depth samples under crosshair (441 no-data, 0 out-of-range, 0 low-confidence)",0,,,None,Unavailable,NoWallInView,,,,0.0278337784,1.15278041,-0.104150593,0.151778489,-0.04916724,0.0114507079,0.9871245,0,0,0,0,0,0,284769.76765448204,284769.76765448204,0.032402761018602178
6.3417757278575211,ac3ae122,SessionTracking,Tracking,30.0760269,30.0704517,1,0.032357967982534319,0,0,0,160x90 DepthUint16,"centre=0 min=0 max=0 hex=0000 0000 0000 0000 0000","centre=0 min=0 max=0 hex=0000 0000 0000 0000 0000",0,0,0,,0,,,None,Unavailable,NoWallUnderCrosshair,,,,"only 0 valid depth samples under crosshair (441 no-data, 0 out-of-range, 0 low-confidence)",0,,,None,Unavailable,NoWallInView,,,,0.0284910351,1.15329766,-0.103435218,0.15165621,-0.0513029657,0.0109723806,0.987040043,0,0,0,0,0,0,284769.80098156503,284769.80098156503,0.032261457992717624
6.3744128638563327,ac3ae122,SessionTracking,Tracking,30.0718765,30.0704517,1,0.03207536498666741,0,0,0,160x90 DepthUint16,"centre=0 min=0 max=0 hex=0000 0000 0000 0000 0000","centre=0 min=0 max=0 hex=0000 0000 0000 0000 0000",0,0,0,,0,,,None,Unavailable,NoWallUnderCrosshair,,,,"only 0 valid depth samples under crosshair (441 no-data, 0 out-of-range, 0 low-confidence)",0,,,None,Unavailable,NoWallInView,,,,0.0265976489,1.15182281,-0.107895195,0.151126087,-0.0530130975,0.0107381642,0.9870336,0,0,0,0,0,0,284769.834301005,284769.834301005,0.032025989989051595
6.4077736968674346,ac3ae122,SessionTracking,Tracking,30.0720272,30.0704517,1,0.032642448000842705,0,0,0,160x90 DepthUint16,"centre=0 min=0 max=0 hex=0000 0000 0000 0000 0000","centre=0 min=0 max=0 hex=0000 0000 0000 0000 0000",0,0,0,,0,,,None,Unavailable,NoWallUnderCrosshair,,,,"only 0 valid depth samples under crosshair (441 no-data, 0 out-of-range, 0 low-confidence)",0,,,None,Unavailable,NoWallInView,,,,0.0269632638,1.15226161,-0.107402742,0.150778815,-0.05448341,0.0110545456,0.9870031,0,0,0,0,0,0,284769.86762808805,284769.86762808805,0.0325884890044108
6.4416845308650865,ac3ae122,SessionTracking,Tracking,30.0685749,30.0704517,1,0.033389271004125476,0,0,0,160x90 DepthUint16,"centre=0 min=0 max=0 hex=0000 0000 0000 0000 0000","centre=0 min=0 max=0 hex=0000 0000 0000 0000 0000",0,0,0,,0,,,None,Unavailable,NoWallUnderCrosshair,,,,"only 0 valid depth samples under crosshair (441 no-data, 0 out-of-range, 0 low-confidence)",0,,,None,Unavailable,NoWallInView,,,,0.0276250914,1.152764,-0.106652342,0.151317611,-0.0571346246,0.0111619234,0.9867695,0,0,0,0,0,0,284769.90095517103,284769.90095517103,0.0333390109881293
6.4746163528679519,ac3ae122,SessionTracking,Tracking,30.0741634,30.0704517,1,0.032232500001555309,0,0,0,160x90 DepthUint16,"centre=0 min=0 max=0 hex=0000 0000 0000 0000 0000","centre=0 min=0 max=0 hex=0000 0000 0000 0000 0000",0,0,0,,0,,,None,Unavailable,NoWallUnderCrosshair,,,,"only 0 valid depth samples under crosshair (441 no-data, 0 out-of-range, 0 low-confidence)",0,,,None,Unavailable,NoWallInView,,,,0.0240285583,1.15113068,-0.112045616,0.151446551,-0.06146718,0.0110738277,0.9864903,0,0,0,0,0,0,284769.934176004,284769.934176004,0.032147811987670138
6.5082681238627176,ac3ae122,SessionTracking,Tracking,30.0718918,30.0704517,1,0.032730051985709,0,0,0,160x90 DepthUint16,"centre=0 min=0 max=0 hex=0000 0000 0000 0000 0000","centre=0 min=0 max=0 hex=0000 0000 0000 0000 0000",0,0,0,,0,,,None,Unavailable,NoWallUnderCrosshair,,,,"only 0 valid depth samples under crosshair (441 no-data, 0 out-of-range, 0 low-confidence)",0,,,None,Unavailable,NoWallInView,,,,0.0251215845,1.15139806,-0.111349642,0.152096346,-0.06692188,0.0107033243,0.98603934,0,0,0,0,0,0,284769.967503087,284769.967503087,0.032632551999995485
6.5402411448803379,ac3ae122,SessionTracking,Tracking,30.0714855,30.0704517,1,0.031380521017126739,0,0,0,160x90 DepthUint16,"centre=0 min=0 max=0 hex=0000 0000 0000 0000 0000","centre=0 min=0 max=0 hex=0000 0000 0000 0000 0000",0,0,0,,0,,,None,Unavailable,NoWallUnderCrosshair,,,,"only 0 valid depth samples under crosshair (441 no-data, 0 out-of-range, 0 low-confidence)",0,,,None,Unavailable,NoWallInView,,,,0.02627535,1.15168762,-0.1108161,0.152233988,-0.07228315,0.009952515,0.98564744,0,0,0,0,0,0,284770.00083017,284770.00083017,0.030961094016674906
6.5749005718598257,ac3ae122,SessionTracking,Tracking,30.071373,30.0704517,1,0.034123332996387035,0,0,0,160x90 DepthUint16,"centre=0 min=0 max=0 hex=0000 0000 0000 0000 0000","centre=0 min=0 max=0 hex=0000 0000 0000 0000 0000",0,0,0,,0,,,None,Unavailable,NoWallUnderCrosshair,,,,"only 0 valid depth samples under crosshair (441 no-data, 0 out-of-range, 0 low-confidence)",0,,,None,Unavailable,NoWallInView,,,,0.0276195668,1.14970863,-0.112106487,0.152433738,-0.07775992,0.009701104,0.985202134,0,0,0,0,0,0,284770.03496942704,284770.03496942704,0.034080676996381953
6.6078268738555836,ac3ae122,SessionTracking,Tracking,30.0712662,30.0704517,1,0.032409374980488792,0,0,0,160x90 DepthUint16,"centre=0 min=0 max=0 hex=0000 0000 0000 0000 0000","centre=0 min=0 max=0 hex=0000 0000 0000 0000 0000",0,0,0,,0,,,None,Unavailable,NoWallUnderCrosshair,,,,"only 0 valid depth samples under crosshair (441 no-data, 0 out-of-range, 0 low-confidence)",0,,,None,Unavailable,NoWallInView,,,,0.02841928,1.1502192,-0.111964554,0.152622208,-0.0814102441,0.009835899,0.984876752,0,0,0,0,0,0,284770.06829651,284770.06829651,0.032366978994105011
6.6404504158626425,ac3ae122,SessionTracking,Tracking,30.071228,30.0704517,1,0.032090364984469488,0,0,0,160x90 DepthUint16,"centre=0 min=0 max=0 hex=0000 0000 0000 0000 0000","centre=0 min=0 max=0 hex=0000 0000 0000 0000 0000",0,0,0,,0,,,None,Unavailable,NoWallUnderCrosshair,,,,"only 0 valid depth samples under crosshair (441 no-data, 0 out-of-range, 0 low-confidence)",0,,,None,Unavailable,NoWallInView,,,,0.0290315486,1.15067565,-0.11203818,0.152158871,-0.08407383,0.00979346,0.984725,0,0,0,0,0,0,284770.101623593,284770.101623593,0.0320471879967954
6.6735090618521555,ac3ae122,SessionTracking,Tracking,30.0711117,30.0704517,1,0.032462968985782936,0,0,0,160x90 DepthUint16,"centre=0 min=0 max=0 hex=0000 0000 0000 0000 0000","centre=0 min=0 max=0 hex=0000 0000 0000 0000 0000",0,0,0,,0,,,None,Unavailable,NoWallUnderCrosshair,,,,"only 0 valid depth samples under crosshair (441 no-data, 0 out-of-range, 0 low-confidence)",0,,,None,Unavailable,NoWallInView,,,,0.03213147,1.15094745,-0.110339254,0.152185366,-0.0865386352,0.009528727,0.98451,0,0,0,0,0,0,284770.135211538,284770.135211538,0.032414999994216487
6.7067693738708387,ac3ae122,SessionTracking,Tracking,30.071228,30.0704517,1,0.032785624993266538,0,0,0,160x90 DepthUint16,"centre=0 min=0 max=0 hex=0000 0000 0000 0000 0000","centre=0 min=0 max=0 hex=0000 0000 0000 0000 0000",0,0,0,,0,,,None,Unavailable,NoWallUnderCrosshair,,,,"only 0 valid depth samples under crosshair (441 no-data, 0 out-of-range, 0 low-confidence)",0,,,None,Unavailable,NoWallInView,,,,0.0326203443,1.15126884,-0.110116795,0.152183309,-0.08798882,0.009508193,0.984382,0,0,0,0,0,0,284770.16853862104,284770.16853862104,0.032741666014771909
6.7406726548715143,ac3ae122,SessionTracking,Tracking,30.0708618,30.0704517,1,0.0333851560135372,0,0,0,160x90 DepthUint16,"centre=0 min=0 max=0 hex=0000 0000 0000 0000 0000","centre=0 min=0 max=0 hex=0000 0000 0000 0000 0000",0,0,0,,0,,,None,Unavailable,NoWallUnderCrosshair,,,,"only 0 valid depth samples under crosshair (441 no-data, 0 out-of-range, 0 low-confidence)",0,,,None,Unavailable,NoWallInView,,,,0.03321261,1.15148675,-0.1097425,0.152131259,-0.09035858,0.009597033,0.9841745,0,0,0,0,0,0,284770.20186570403,284770.20186570403,0.03333583299536258
6.77484874886336,ac3ae122,SessionTracking,Tracking,30.0727272,30.0704517,1,0.033555103989783674,0,0,0,160x90 DepthUint16,"centre=0 min=0 max=0 hex=0000 0000 0000 0000 0000","centre=0 min=0 max=0 hex=0000 0000 0000 0000 0000",0,0,0,,0,,,None,Unavailable,NoWallUnderCrosshair,,,,"only 0 valid depth samples under crosshair (441 no-data, 0 out-of-range, 0 low-confidence)",0,,,None,Unavailable,NoWallInView,,,,0.0296766143,1.15073979,-0.112795986,0.1512441,-0.0931183845,0.0104573369,0.984045148,0,0,0,0,0,0,284770.23435668304,284770.23435668304,0.0334796870010905
6.8061839048668391,ac3ae122,SessionTracking,Tracking,30.0725288,30.0704517,1,0.030174531013472006,0,0,0,160x90 DepthUint16,"centre=0 min=0 max=0 hex=0000 0000 0000 0000 0000","centre=0 min=0 max=0 hex=0000 0000 0000 0000 0000",0,0,0,,0,,,None,Unavailable,NoWallUnderCrosshair,,,,"only 0 valid depth samples under crosshair (441 no-data, 0 out-of-range, 0 low-confidence)",0,,,None,Unavailable,NoWallInView,,,,0.0302281585,1.15076351,-0.11238277,0.151132777,-0.0964734852,0.0110492706,0.9837325,0,0,0,0,0,0,284770.267683766,284770.267683766,0.030045780993532389
6.84010786387712,ac3ae122,SessionTracking,Tracking,30.0730076,30.0704517,1,0.033454999997047707,0,0,0,160x90 DepthUint16,"centre=0 min=0 max=0 hex=0000 0000 0000 0000 0000","centre=0 min=0 max=0 hex=0000 0000 0000 0000 0000",0,0,0,,0,,,None,Unavailable,NoWallUnderCrosshair,,,,"only 0 valid depth samples under crosshair (441 no-data, 0 out-of-range, 0 low-confidence)",0,,,None,Unavailable,NoWallInView,,,,0.0279481784,1.14958441,-0.115370341,0.150271848,-0.0994909853,0.0113835633,0.9835601,0,0,0,0,0,0,284770.301010849,284770.301010849,0.033410834003007039
6.87356843687935,ac3ae122,SessionTracking,Tracking,30.0736942,30.0704517,1,0.032816563005326316,0,0,0,160x90 DepthUint16,"centre=0 min=0 max=0 hex=0000 0000 0000 0000 0000","centre=0 min=0 max=0 hex=0000 0000 0000 0000 0000",0,0,0,,0,,,None,Unavailable,NoWallUnderCrosshair,,,,"only 0 valid depth samples under crosshair (441 no-data, 0 out-of-range, 0 low-confidence)",0,,,None,Unavailable,NoWallInView,,,,0.0283607468,1.14957309,-0.114999436,0.150672525,-0.102396823,0.0113061965,0.9832014,0,0,0,0,0,0,284770.334063005,284770.334063005,0.03273395900032483
6.907523592867574,ac3ae122,SessionTracking,Tracking,30.0737457,30.0704517,1,0.033420677005779,0,0,0,160x90 DepthUint16,"centre=0 min=0 max=0 hex=0000 0000 0000 0000 0000","centre=0 min=0 max=0 hex=0000 0000 0000 0000 0000",0,0,0,,0,,,None,Unavailable,NoWallUnderCrosshair,,,,"only 0 valid depth samples under crosshair (441 no-data, 0 out-of-range, 0 low-confidence)",0,,,None,Unavailable,NoWallInView,,,,0.02889204,1.14952648,-0.114565358,0.151006669,-0.10555163,0.0109470477,0.9828204,0,0,0,0,0,0,284770.36739008804,284770.36739008804,0.033366979012498632
6.9401249468709922,ac3ae122,SessionTracking,Tracking,30.073719,30.0647964,1,0.031917813001200557,0,0,0,160x90 DepthUint16,"centre=0 min=0 max=0 hex=0000 0000 0000 0000 0000","centre=0 min=0 max=0 hex=0000 0000 0000 0000 0000",0,0,0,,0,,,None,Unavailable,NoWallUnderCrosshair,,,,"only 0 valid depth samples under crosshair (441 no-data, 0 out-of-range, 0 low-confidence)",0,,,None,Unavailable,NoWallInView,,,,0.0293421168,1.14946473,-0.114204481,0.1509804,-0.1081024,0.0107096434,0.9825498,0,0,0,0,0,0,284770.400717171,284770.400717171,0.0318302079977002
6.9726733838533166,ac3ae122,SessionTracking,Tracking,30.0738525,30.0647964,1,0.031878436973784119,0,0,0,160x90 DepthUint16,"centre=0 min=0 max=0 hex=0000 0000 0000 0000 0000","centre=0 min=0 max=0 hex=0000 0000 0000 0000 0000",0,0,0,,0,,,None,Unavailable,NoWallUnderCrosshair,,,,"only 0 valid depth samples under crosshair (441 no-data, 0 out-of-range, 0 low-confidence)",0,,,None,Unavailable,NoWallInView,,,,0.0279616546,1.14920616,-0.11670389,0.149351686,-0.1107474,0.01051262,0.9825063,0,0,0,0,0,0,284770.433850963,284770.433850963,0.031787811982212588
7.0059090618660322,ac3ae122,SessionTracking,Tracking,30.0738811,30.0647964,1,0.0327593749971129,0,0,0,160x90 DepthUint16,"centre=0 min=0 max=0 hex=0000 0000 0000 0000 0000","centre=0 min=0 max=0 hex=0000 0000 0000 0000 0000",0,0,0,,0,,,None,Unavailable,NoWallUnderCrosshair,,,,"only 0 valid depth samples under crosshair (441 no-data, 0 out-of-range, 0 low-confidence)",0,,,None,Unavailable,NoWallInView,,,,0.0284030456,1.14912462,-0.1164463,0.148682952,-0.113389693,0.0100047,0.9823116,0,0,0,0,0,0,284770.467178046,284770.467178046,0.032715053006540984
7.03890958185998,ac3ae122,SessionTracking,Tracking,30.0798359,30.0647964,1,0.032471613987581804,0,0,0,160x90 DepthUint16,"centre=0 min=0 max=0 hex=0000 0000 0000 0000 0000","centre=0 min=0 max=0 hex=0000 0000 0000 0000 0000",0,0,0,,0,,,None,Unavailable,NoWallUnderCrosshair,,,,"only 0 valid depth samples under crosshair (441 no-data, 0 out-of-range, 0 low-confidence)",0,,,None,Unavailable,NoWallInView,,,,0.028746916,1.1489656,-0.1161506,0.14779745,-0.115291782,0.009523065,0.9822286,0,0,0,0,0,0,284770.500505129,284770.500505129,0.032428801991045475
7.0727373428735065,ac3ae122,SessionTracking,Tracking,30.0713234,30.0647964,1,0.033291146013652906,0,0,0,160x90 DepthUint16,"centre=0 min=0 max=0 hex=0000 0000 0000 0000 0000","centre=0 min=0 max=0 hex=0000 0000 0000 0000 0000",0,0,0,,0,,,None,Unavailable,NoWallUnderCrosshair,,,,"only 0 valid depth samples under crosshair (441 no-data, 0 out-of-range, 0 low-confidence)",0,,,None,Unavailable,NoWallInView,,,,0.0277387071,1.14794266,-0.120109878,0.146856591,-0.116508521,0.007934332,0.98224026,0,0,0,0,0,0,284770.533643028,284770.533643028,0.033238698000786826
7.1076934888760208,ac3ae122,SessionTracking,Tracking,30.0752087,30.0647964,1,0.034372448018984869,0,0,0,160x90 DepthUint16,"centre=0 min=0 max=0 hex=0000 0000 0000 0000 0000","centre=0 min=0 max=0 hex=0000 0000 0000 0000 0000",0,0,0,,0,,,None,Unavailable,NoWallUnderCrosshair,,,,"only 0 valid depth samples under crosshair (441 no-data, 0 out-of-range, 0 low-confidence)",0,,,None,Unavailable,NoWallInView,,,,0.0282202475,1.14771926,-0.119961083,0.14625448,-0.118532084,0.00638485,0.9820993,0,0,0,0,0,0,284770.56697011105,284770.56697011105,0.034305364999454468
7.1388080198584705,ac3ae122,SessionTracking,Tracking,30.0754642,30.0647964,1,0.030529270996339619,0,0,0,160x90 DepthUint16,"centre=0 min=0 max=0 hex=0000 0000 0000 0000 0000","centre=0 min=0 max=0 hex=0000 0000 0000 0000 0000",0,0,0,,0,,,None,Unavailable,NoWallUnderCrosshair,,,,"only 0 valid depth samples under crosshair (441 no-data, 0 out-of-range, 0 low-confidence)",0,,,None,Unavailable,NoWallInView,,,,0.0288014766,1.147452,-0.1199478,0.14496775,-0.121006906,0.00506109046,0.981996,0,0,0,0,0,0,284770.60029719403,284770.60029719403,0.030470416997559369
7.1727306238526127,ac3ae122,SessionTracking,Tracking,30.07582,30.0647964,1,0.033427812973968685,0,0,0,160x90 DepthUint16,"centre=0 min=0 max=0 hex=0000 0000 0000 0000 0000","centre=0 min=0 max=0 hex=0000 0000 0000 0000 0000",0,0,0,,0,,,None,Unavailable,NoWallUnderCrosshair,,,,"only 0 valid depth samples under crosshair (441 no-data, 0 out-of-range, 0 low-confidence)",0,,,None,Unavailable,NoWallInView,,,,0.0240107141,1.14882314,-0.127656236,0.140366435,-0.123112,0.00242036581,0.9824128,0,0,0,0,0,0,284770.633417952,284770.633417952,0.0333812499884516
7.2071439568744156,ac3ae122,SessionTracking,Tracking,30.0756931,30.0647964,1,0.033839896001154557,0,0,0,160x90 DepthUint16,"centre=0 min=0 max=0 hex=0000 0000 0000 0000 0000","centre=0 min=0 max=0 hex=0000 0000 0000 0000 0000",0,0,0,,0,,,None,Unavailable,NoWallUnderCrosshair,,,,"only 0 valid depth samples under crosshair (441 no-data, 0 out-of-range, 0 low-confidence)",0,,,None,Unavailable,NoWallInView,,,,0.0244591385,1.1485703,-0.128283754,0.137925014,-0.127081886,0.001437843,0.982255,0,0,0,0,0,0,284770.66674503504,284770.66674503504,0.033774323004763573
7.2383881238556116,ac3ae122,SessionTracking,Tracking,30.0762253,30.0647964,1,0.030501041997922584,0,0,0,160x90 DepthUint16,"centre=0 min=0 max=0 hex=0000 0000 0000 0000 0000","centre=0 min=0 max=0 hex=0000 0000 0000 0000 0000",0,0,0,,0,,,None,Unavailable,NoWallUnderCrosshair,,,,"only 0 valid depth samples under crosshair (441 no-data, 0 out-of-range, 0 low-confidence)",0,,,None,Unavailable,NoWallInView,,,,0.0245771129,1.14846933,-0.128836527,0.136299774,-0.129185781,0.000415682822,0.9822084,0,0,0,0,0,0,284770.700072118,284770.700072118,0.030407655984163284
7.2725618218746151,ac3ae122,SessionTracking,Tracking,30.0733471,30.0647964,1,0.033663750014966354,0,0,0,160x90 DepthUint16,"centre=0 min=0 max=0 hex=0000 0000 0000 0000 0000","centre=0 min=0 max=0 hex=0000 0000 0000 0000 0000",0,0,0,,0,,,None,Unavailable,NoWallUnderCrosshair,,,,"only 0 valid depth samples under crosshair (441 no-data, 0 out-of-range, 0 low-confidence)",0,,,None,Unavailable,NoWallInView,,,,0.0248087142,1.14803565,-0.129467726,0.135209158,-0.13193579,-0.00101608038,0.9819931,0,0,0,0,0,0,284770.73300483404,284770.73300483404,0.033620417001657188
7.3075803638702839,ac3ae122,SessionTracking,Tracking,30.0757771,30.0647964,1,0.034486823016777635,0,0,0,160x90 DepthUint16,"centre=0 min=0 max=0 hex=0000 0000 0000 0000 0000","centre=0 min=0 max=0 hex=0000 0000 0000 0000 0000",0,0,0,,0,,,None,Unavailable,NoWallUnderCrosshair,,,,"only 0 valid depth samples under crosshair (441 no-data, 0 out-of-range, 0 low-confidence)",0,,,None,Unavailable,NoWallInView,,,,0.0251045674,1.14785147,-0.129783779,0.134022668,-0.135338739,-0.002057791,0.981690943,0,0,0,0,0,0,284770.766331917,284770.766331917,0.03444260501419194
7.3419253108649629,ac3ae122,SessionTracking,Tracking,30.0764236,30.0647964,1,0.033727759990142658,0,0,0,160x90 DepthUint16,"centre=0 min=0 max=0 hex=0000 0000 0000 0000 0000","centre=0 min=0 max=0 hex=0000 0000 0000 0000 0000",0,0,0,,0,,,None,Unavailable,NoWallUnderCrosshair,,,,"only 0 valid depth samples under crosshair (441 no-data, 0 out-of-range, 0 low-confidence)",0,,,None,Unavailable,NoWallInView,,,,0.0253318567,1.14765167,-0.130094647,0.132886678,-0.138871372,-0.00294548273,0.981349647,0,0,0,0,0,0,284770.799659,284770.799659,0.033668905991362408
7.3727046858611631,ac3ae122,SessionTracking,Tracking,30.0736618,30.0647964,1,0.030169531004503369,0,0,0,160x90 DepthUint16,"centre=0 min=0 max=0 hex=0000 0000 0000 0000 0000","centre=0 min=0 max=0 hex=0000 0000 0000 0000 0000",0,0,0,,0,,,None,Unavailable,NoWallUnderCrosshair,,,,"only 0 valid depth samples under crosshair (441 no-data, 0 out-of-range, 0 low-confidence)",0,,,None,Unavailable,NoWallInView,,,,0.0258041173,1.14809978,-0.131040543,0.13243559,-0.142656028,-0.00396847725,0.9808641,0,0,0,0,0,0,284770.83300492703,284770.83300492703,0.03010463499231264
7.4106021338584016,ac3ae122,SessionTracking,Tracking,30.0795422,30.0647964,1,0.037153332988964394,0,0,0,160x90 DepthUint16,"centre=0 min=0 max=0 hex=0000 0000 0000 0000 0000","centre=0 min=0 max=0 hex=0000 0000 0000 0000 0000",0,0,0,,0,,,None,Unavailable,NoWallUnderCrosshair,,,,"only 0 valid depth samples under crosshair (441 no-data, 0 out-of-range, 0 low-confidence)",0,,,None,Unavailable,NoWallInView,,,,0.0258936137,1.14789188,-0.131234109,0.131892473,-0.146409243,-0.00430083275,0.98038274,0,0,0,0,0,0,284770.86633201,284770.86633201,0.037031510000815615
7.4411423948685753,ac3ae122,SessionTracking,Tracking,30.0734768,30.0647964,1,0.029889478988479823,0,0,0,160x90 DepthUint16,"centre=0 min=0 max=0 hex=0000 0000 0000 0000 0000","centre=0 min=0 max=0 hex=0000 0000 0000 0000 0000",0,0,0,,0,,,None,Unavailable,NoWallUnderCrosshair,,,,"only 0 valid depth samples under crosshair (441 no-data, 0 out-of-range, 0 low-confidence)",0,,,None,Unavailable,NoWallInView,,,,0.0257150233,1.14775848,-0.131591752,0.131394744,-0.149186492,-0.00404030131,0.9800319,0,0,0,0,0,0,284770.899659093,284770.899659093,0.029835624998668209
7.4733568738656233,ac3ae122,SessionTracking,Tracking,30.0761185,30.0647964,1,0.031657968997024,0,0,0,160x90 DepthUint16,"centre=0 min=0 max=0 hex=0000 0000 0000 0000 0000","centre=0 min=0 max=0 hex=0000 0000 0000 0000 0000",0,0,0,,0,,,None,Unavailable,NoWallUnderCrosshair,,,,"only 0 valid depth samples under crosshair (441 no-data, 0 out-of-range, 0 low-confidence)",0,,,None,Unavailable,NoWallInView,,,,0.0263620466,1.14964139,-0.131473273,0.131685942,-0.152029425,-0.004076988,0.979555666,0,0,0,0,0,0,284770.93277595704,284770.93277595704,0.031608438002876937
7.5048214568732421,ac3ae122,SessionTracking,Tracking,30.0763168,30.0647964,1,0.030655259994091466,0,0,0,160x90 DepthUint16,"centre=0 min=0 max=0 hex=0000 0000 0000 0000 0000","centre=0 min=0 max=0 hex=0000 0000 0000 0000 0000",0,0,0,,0,,,None,Unavailable,NoWallUnderCrosshair,,,,"only 0 valid depth samples under crosshair (441 no-data, 0 out-of-range, 0 low-confidence)",0,,,None,Unavailable,NoWallInView,,,,0.0263754055,1.1496067,-0.13171941,0.131504714,-0.155310631,-0.004631996,0.9790627,0,0,0,0,0,0,284770.96610304003,284770.96610304003,0.030568854010198265
7.5418234358575775,ac3ae122,SessionTracking,Tracking,30.0766239,30.0647964,1,0.036401666002348065,0,0,0,160x90 DepthUint16,"centre=0 min=0 max=0 hex=0000 0000 0000 0000 0000","centre=0 min=0 max=0 hex=0000 0000 0000 0000 0000",0,0,0,,0,,,None,Unavailable,NoWallUnderCrosshair,,,,"only 0 valid depth samples under crosshair (441 no-data, 0 out-of-range, 0 low-confidence)",0,,,None,Unavailable,NoWallInView,,,,0.0262279473,1.14957273,-0.13208127,0.1308701,-0.1584109,-0.00460585952,0.978651047,0,0,0,0,0,0,284770.999430123,284770.999430123,0.036324426997452974
7.5728078628807909,ac3ae122,SessionTracking,Tracking,30.0770988,30.0647964,1,0.02995875000488013,0,0,0,160x90 DepthUint16,"centre=0 min=0 max=0 hex=0000 0000 0000 0000 0000","centre=0 min=0 max=0 hex=0000 0000 0000 0000 0000",0,0,0,,0,,,None,Unavailable,NoWallUnderCrosshair,,,,"only 0 valid depth samples under crosshair (441 no-data, 0 out-of-range, 0 low-confidence)",0,,,None,Unavailable,NoWallInView,,,,0.0267433673,1.15146661,-0.133383036,0.131540567,-0.1606668,-0.004829735,0.9781922,0,0,0,0,0,0,284771.03260733,284771.03260733,0.029835104010999203
7.6049416648665558,ac3ae122,SessionTracking,Tracking,30.0768356,30.0647964,1,0.031591562001267448,0,0,0,160x90 DepthUint16,"centre=0 min=0 max=0 hex=0000 0000 0000 0000 0000","centre=0 min=0 max=0 hex=0000 0000 0000 0000 0000",0,0,0,,0,,,None,Unavailable,NoWallUnderCrosshair,,,,"only 0 valid depth samples under crosshair (441 no-data, 0 out-of-range, 0 low-confidence)",0,,,None,Unavailable,NoWallInView,,,,0.0264849849,1.15155244,-0.133605942,0.1317113,-0.163018286,-0.004799992,0.9777802,0,0,0,0,0,0,284771.065934413,284771.065934413,0.031539165996946394
7.6431489568703457,ac3ae122,SessionTracking,Tracking,30.07756,30.0647964,1,0.037542864010902122,0,0,0,160x90 DepthUint16,"centre=0 min=0 max=0 hex=0000 0000 0000 0000 0000","centre=0 min=0 max=0 hex=0000 0000 0000 0000 0000",0,0,0,,0,,,None,Unavailable,NoWallUnderCrosshair,,,,"only 0 valid depth samples under crosshair (441 no-data, 0 out-of-range, 0 low-confidence)",0,,,None,Unavailable,NoWallInView,,,,0.0261203237,1.15166092,-0.133915573,0.131791949,-0.164508164,-0.00464874553,0.9775205,0,0,0,0,0,0,284771.09926149604,284771.09926149604,0.037464113993337378
7.6732287488620843,ac3ae122,SessionTracking,Tracking,30.07481,30.0647964,1,0.02916744799586013,0,0,0,160x90 DepthUint16,"centre=0 min=0 max=0 hex=0000 0000 0000 0000 0000","centre=0 min=0 max=0 hex=0000 0000 0000 0000 0000",0,0,0,,0,,,None,Unavailable,NoWallUnderCrosshair,,,,"only 0 valid depth samples under crosshair (441 no-data, 0 out-of-range, 0 low-confidence)",0,,,None,Unavailable,NoWallInView,,,,0.0260264836,1.15452111,-0.138389468,0.133126333,-0.16531752,-0.004244685,0.9772049,0,0,0,0,0,0,284771.131528933,284771.131528933,0.029068281000945717
7.70556072788072,ac3ae122,SessionTracking,Tracking,30.0749817,30.0647964,1,0.031587292003678158,0,0,0,160x90 DepthUint16,"centre=0 min=0 max=0 hex=0000 0000 0000 0000 0000","centre=0 min=0 max=0 hex=0000 0000 0000 0000 0000",0,0,0,,0,,,None,Unavailable,NoWallUnderCrosshair,,,,"only 0 valid depth samples under crosshair (441 no-data, 0 out-of-range, 0 low-confidence)",0,,,None,Unavailable,NoWallInView,,,,0.02576333,1.154755,-0.13885653,0.133449182,-0.166626409,-0.004464448,0.9769376,0,0,0,0,0,0,284771.164856016,284771.164856016,0.031526771024800837
7.7416855718683566,ac3ae122,SessionTracking,Tracking,30.0738525,30.0647964,1,0.035455834004096687,0,0,0,160x90 DepthUint16,"centre=0 min=0 max=0 hex=0000 0000 0000 0000 0000","centre=0 min=0 max=0 hex=0000 0000 0000 0000 0000",0,0,0,,0,,,None,Unavailable,NoWallUnderCrosshair,,,,"only 0 valid depth samples under crosshair (441 no-data, 0 out-of-range, 0 low-confidence)",0,,,None,Unavailable,NoWallInView,,,,0.0256169587,1.154969,-0.139345825,0.133661121,-0.168150991,-0.00475648046,0.976645947,0,0,0,0,0,0,284771.19818309904,284771.19818309904,0.03537411498837173
7.7734651548589229,ac3ae122,SessionTracking,Tracking,30.0734253,30.0647964,1,0.031155417003901675,0,0,0,160x90 DepthUint16,"centre=0 min=0 max=0 hex=0000 0000 0000 0000 0000","centre=0 min=0 max=0 hex=0000 0000 0000 0000 0000",0,0,0,,0,,,None,Unavailable,NoWallUnderCrosshair,,,,"only 0 valid depth samples under crosshair (441 no-data, 0 out-of-range, 0 low-confidence)",0,,,None,Unavailable,NoWallInView,,,,0.0284342282,1.15383053,-0.1390903,0.132770658,-0.17107895,-0.00355660939,0.976264,0,0,0,0,0,0,284771.23076896,284771.23076896,0.031080259999725968
7.8048001028573255,ac3ae122,SessionTracking,Tracking,30.07313,30.0647964,1,0.030806562979705632,0,0,0,160x90 DepthUint16,"centre=0 min=0 max=0 hex=0000 0000 0000 0000 0000","centre=0 min=0 max=0 hex=0000 0000 0000 0000 0000",0,0,0,,0,,,None,Unavailable,NoWallUnderCrosshair,,,,"only 0 valid depth samples under crosshair (441 no-data, 0 out-of-range, 0 low-confidence)",0,,,None,Unavailable,NoWallInView,,,,0.02835527,1.15409863,-0.1395312,0.132889748,-0.173280954,-0.00368076563,0.975858867,0,0,0,0,0,0,284771.264096043,284771.264096043,0.030743073002668098
7.8429846338612608,ac3ae122,SessionTracking,Tracking,30.07354,30.0647964,1,0.037350884987972677,0,0,0,160x90 DepthUint16,"centre=0 min=0 max=0 hex=0000 0000 0000 0000 0000","centre=0 min=0 max=0 hex=0000 0000 0000 0000 0000",0,0,0,,0,,,None,Unavailable,NoWallUnderCrosshair,,,,"only 0 valid depth samples under crosshair (441 no-data, 0 out-of-range, 0 low-confidence)",0,,,None,Unavailable,NoWallInView,,,,0.0285294969,1.15428257,-0.139907658,0.132879227,-0.176370621,-0.0043149,0.975304067,0,0,0,0,0,0,284771.297423126,284771.297423126,0.03727359400363639
7.8742504668688982,ac3ae122,SessionTracking,Tracking,30.0742989,30.0647964,1,0.030494583013933152,0,0,0,160x90 DepthUint16,"centre=0 min=0 max=0 hex=0000 0000 0000 0000 0000","centre=0 min=0 max=0 hex=0000 0000 0000 0000 0000",0,0,0,,0,,,None,Unavailable,NoWallUnderCrosshair,,,,"only 0 valid depth samples under crosshair (441 no-data, 0 out-of-range, 0 low-confidence)",0,,,None,Unavailable,NoWallInView,,,,0.0300728381,1.15253711,-0.136645332,0.130718037,-0.180397913,-0.003911883,0.9748611,0,0,0,0,0,0,284771.331281731,284771.331281731,0.030391665990464389
7.9062546858539919,ac3ae122,SessionTracking,Tracking,30.07469,30.0647964,1,0.031366874987725168,0,0,0,160x90 DepthUint16,"centre=0 min=0 max=0 hex=0000 0000 0000 0000 0000","centre=0 min=0 max=0 hex=0000 0000 0000 0000 0000",0,0,0,,0,,,None,Unavailable,NoWallUnderCrosshair,,,,"only 0 valid depth samples under crosshair (441 no-data, 0 out-of-range, 0 low-confidence)",0,,,None,Unavailable,NoWallInView,,,,0.0302270167,1.15257883,-0.136756375,0.130581543,-0.184592023,-0.0048472886,0.974089742,0,0,0,0,0,0,284771.364608814,284771.364608814,0.031299582973588258
7.94317781086188,ac3ae122,SessionTracking,Tracking,30.0746422,29.9086933,1,0.036347290995763615,0,0,0,160x90 DepthUint16,"centre=0 min=0 max=0 hex=0000 0000 0000 0000 0000","centre=0 min=0 max=0 hex=0000 0000 0000 0000 0000",0,0,0,,0,,,None,Unavailable,NoWallUnderCrosshair,,,,"only 0 valid depth samples under crosshair (441 no-data, 0 out-of-range, 0 low-confidence)",0,,,None,Unavailable,NoWallInView,,,,0.0301862061,1.1526854,-0.136940092,0.130511329,-0.188060835,-0.005318105,0.973432958,0,0,0,0,0,0,284771.397935897,284771.397935897,0.036301198008004576
7.9770152068731024,ac3ae122,SessionTracking,Tracking,30.0750465,29.9086933,1,0.033330677018966526,0,0,0,160x90 DepthUint16,"centre=0 min=0 max=0 hex=0000 0000 0000 0000 0000","centre=0 min=0 max=0 hex=0000 0000 0000 0000 0000",0,0,0,,0,,,None,Unavailable,NoWallUnderCrosshair,,,,"only 0 valid depth samples under crosshair (441 no-data, 0 out-of-range, 0 low-confidence)",0,,,None,Unavailable,NoWallInView,,,,0.02785172,1.15243757,-0.13655138,0.132014468,-0.189648166,-0.00438115047,0.9729268,0,0,0,0,0,0,284771.430713315,284771.430713315,0.033284427016042173
8.0085242688573537,ac3ae122,SessionTracking,Tracking,30.0754375,29.9086933,1,0.030689113977131477,0,0,0,160x90 DepthUint16,"centre=0 min=0 max=0 hex=0000 0000 0000 0000 0000","centre=0 min=0 max=0 hex=0000 0000 0000 0000 0000",0,0,0,,0,,,None,Unavailable,NoWallUnderCrosshair,,,,"only 0 valid depth samples under crosshair (441 no-data, 0 out-of-range, 0 low-confidence)",0,,,None,Unavailable,NoWallInView,,,,0.0273769069,1.15264785,-0.136949018,0.131865382,-0.190680251,-0.0042967503,0.972745657,0,0,0,0,0,0,284771.464040398,284771.464040398,0.029655936989001042
8.0371679668523477,ac3ae122,SessionTracking,Tracking,30.0764751,29.9086933,1,0.027866613992955536,0,0,0,160x90 DepthUint16,"centre=0 min=0 max=0 hex=0000 0000 0000 0000 0000","centre=0 min=0 max=0 hex=0000 0000 0000 0000 0000",0,0,0,,0,,,None,Unavailable,NoWallUnderCrosshair,,,,"only 0 valid depth samples under crosshair (441 no-data, 0 out-of-range, 0 low-confidence)",0,,,None,Unavailable,NoWallInView,,,,0.02679333,1.15293145,-0.137627155,0.131386369,-0.190800875,-0.00440177368,0.972786367,0,0,0,0,0,0,284771.497367481,284771.497367481,0.02779223897960037
8.0742861438693119,ac3ae122,SessionTracking,Tracking,30.0809517,29.9086933,1,0.036548750009387732,0,0,0,160x90 DepthUint16,"centre=0 min=0 max=0 hex=0000 0000 0000 0000 0000","centre=0 min=0 max=0 hex=0000 0000 0000 0000 0000",0,0,0,,0,,,None,Unavailable,NoWallUnderCrosshair,,,,"only 0 valid depth samples under crosshair (441 no-data, 0 out-of-range, 0 low-confidence)",0,,,None,Unavailable,NoWallInView,,,,0.0230332166,1.15339589,-0.137272447,0.133393943,-0.188622952,-0.004400403,0.9729379,0,0,0,0,0,0,284771.532507669,284771.532507669,0.036494947009487078
8.10837296686709,ac3ae122,SessionTracking,Tracking,30.0733051,29.9086933,1,0.033540625008754432,0,0,0,160x90 DepthUint16,"centre=0 min=0 max=0 hex=0000 0000 0000 0000 0000","centre=0 min=0 max=0 hex=0000 0000 0000 0000 0000",0,0,0,,0,,,None,Unavailable,NoWallUnderCrosshair,,,,"only 0 valid depth samples under crosshair (441 no-data, 0 out-of-range, 0 low-confidence)",0,,,None,Unavailable,NoWallInView,,,,0.02280043,1.15345049,-0.137703091,0.133137017,-0.189082384,-0.004733682,0.97288233,0,0,0,0,0,0,284771.565834752,284771.565834752,0.033491509995656088
8.13981640486504,ac3ae122,SessionTracking,Tracking,30.0771618,29.9086933,1,0.0306946880009491,0,0,0,160x90 DepthUint16,"centre=0 min=0 max=0 hex=0000 0000 0000 0000 0000","centre=0 min=0 max=0 hex=0000 0000 0000 0000 0000",0,0,0,,0,,,None,Unavailable,NoWallUnderCrosshair,,,,"only 0 valid depth samples under crosshair (441 no-data, 0 out-of-range, 0 low-confidence)",0,,,None,Unavailable,NoWallInView,,,,0.02271997,1.15346122,-0.138216764,0.132412985,-0.190378949,-0.00505563663,0.972726643,0,0,0,0,0,0,284771.59916183504,284771.59916183504,0.030590417009079829
8.1707968738546235,ac3ae122,SessionTracking,Tracking,30.0766945,29.9086933,1,0.030218697997042909,0,0,0,160x90 DepthUint16,"centre=0 min=0 max=0 hex=0000 0000 0000 0000 0000","centre=0 min=0 max=0 hex=0000 0000 0000 0000 0000",0,0,0,,0,,,None,Unavailable,NoWallUnderCrosshair,,,,"only 0 valid depth samples under crosshair (441 no-data, 0 out-of-range, 0 low-confidence)",0,,,None,Unavailable,NoWallInView,,,,0.0238313843,1.15329313,-0.1388814,0.1311728,-0.192270577,-0.00520235347,0.9725218,0,0,0,0,0,0,284771.632141454,284771.632141454,0.030119479983113706
8.2090531758648915,ac3ae122,SessionTracking,Tracking,30.07575,29.9086933,1,0.03728229200351052,0,0,0,160x90 DepthUint16,"centre=0 min=0 max=0 hex=0000 0000 0000 0000 0000","centre=0 min=0 max=0 hex=0000 0000 0000 0000 0000",0,0,0,,0,,,None,Unavailable,NoWallUnderCrosshair,,,,"only 0 valid depth samples under crosshair (441 no-data, 0 out-of-range, 0 low-confidence)",0,,,None,Unavailable,NoWallInView,,,,0.0237790514,1.15329182,-0.139455736,0.130419165,-0.193916842,-0.005443812,0.972295,0,0,0,0,0,0,284771.665468537,284771.665468537,0.037209895992418751
8.23955520686918,ac3ae122,SessionTracking,Tracking,30.0741234,29.9086933,1,0.029820521012879908,0,0,0,160x90 DepthUint16,"centre=0 min=0 max=0 hex=0000 0000 0000 0000 0000","centre=0 min=0 max=0 hex=0000 0000 0000 0000 0000",0,0,0,,0,,,None,Unavailable,NoWallUnderCrosshair,,,,"only 0 valid depth samples under crosshair (441 no-data, 0 out-of-range, 0 low-confidence)",0,,,None,Unavailable,NoWallInView,,,,0.02377769,1.15323877,-0.139976591,0.129723683,-0.1955514,-0.0058641443,0.9720582,0,0,0,0,0,0,284771.69879562,284771.69879562,0.029738229000940919
8.271214529863709,ac3ae122,SessionTracking,Tracking,30.0758114,29.9086933,1,0.031142552004894242,0,0,0,160x90 DepthUint16,"centre=0 min=0 max=0 hex=0000 0000 0000 0000 0000","centre=0 min=0 max=0 hex=0000 0000 0000 0000 0000",0,0,0,,0,,,None,Unavailable,NoWallUnderCrosshair,,,,"only 0 valid depth samples under crosshair (441 no-data, 0 out-of-range, 0 low-confidence)",0,,,None,Unavailable,NoWallInView,,,,0.0238328949,1.15214717,-0.136569113,0.130796656,-0.195561573,-0.00529712439,0.971915543,0,0,0,0,0,0,284771.733462185,284771.733462185,0.031091198005015031
8.304068331860389,ac3ae122,SessionTracking,Tracking,30.0736046,29.9086933,1,0.032201875001192093,0,0,0,160x90 DepthUint16,"centre=0 min=0 max=0 hex=0000 0000 0000 0000 0000","centre=0 min=0 max=0 hex=0000 0000 0000 0000 0000",0,0,0,,0,,,None,Unavailable,NoWallUnderCrosshair,,,,"only 0 valid depth samples under crosshair (441 no-data, 0 out-of-range, 0 low-confidence)",0,,,None,Unavailable,NoWallInView,,,,0.0239547845,1.15191758,-0.136672944,0.1303137,-0.1972351,-0.00567951845,0.97164005,0,0,0,0,0,0,284771.766789268,284771.766789268,0.032128385995747522
8.3382940088549269,ac3ae122,SessionTracking,Tracking,30.0757141,29.9086933,1,0.033521823002956808,0,0,0,160x90 DepthUint16,"centre=0 min=0 max=0 hex=0000 0000 0000 0000 0000","centre=0 min=0 max=0 hex=0000 0000 0000 0000 0000",0,0,0,,0,,,None,Unavailable,NoWallUnderCrosshair,,,,"only 0 valid depth samples under crosshair (441 no-data, 0 out-of-range, 0 low-confidence)",0,,,None,Unavailable,NoWallInView,,,,0.0238804743,1.15170646,-0.136823684,0.1301378,-0.198123664,-0.005731613,0.9714826,0,0,0,0,0,0,284771.800116351,284771.800116351,0.0334240099764429
8.37159833186065,ac3ae122,SessionTracking,Tracking,30.0742569,29.9086933,1,0.032757968991063535,0,0,0,160x90 DepthUint16,"centre=0 min=0 max=0 hex=0000 0000 0000 0000 0000","centre=0 min=0 max=0 hex=0000 0000 0000 0000 0000",0,0,0,,0,,,None,Unavailable,NoWallUnderCrosshair,,,,"only 0 valid depth samples under crosshair (441 no-data, 0 out-of-range, 0 low-confidence)",0,,,None,Unavailable,NoWallInView,,,,0.0239929054,1.15233338,-0.137820154,0.12984471,-0.1986856,-0.0060544014,0.971405,0,0,0,0,0,0,284771.83350091503,284771.83350091503,0.032704582990845665
8.4026143738801231,ac3ae122,SessionTracking,Tracking,30.07422,29.9086933,1,0.030375469010323286,0,0,0,160x90 DepthUint16,"centre=0 min=0 max=0 hex=0000 0000 0000 0000 0000","centre=0 min=0 max=0 hex=0000 0000 0000 0000 0000",0,0,0,,0,,,None,Unavailable,NoWallUnderCrosshair,,,,"only 0 valid depth samples under crosshair (441 no-data, 0 out-of-range, 0 low-confidence)",0,,,None,Unavailable,NoWallInView,,,,0.023929162,1.15216112,-0.138024658,0.129641861,-0.199735641,-0.00596150756,0.9712174,0,0,0,0,0,0,284771.866827998,284771.866827998,0.030294167023384944
8.4423245818679327,ac3ae122,SessionTracking,Tracking,30.07408,29.9086933,1,0.039021770993713289,0,0,0,160x90 DepthUint16,"centre=0 min=0 max=0 hex=0000 0000 0000 0000 0000","centre=0 min=0 max=0 hex=0000 0000 0000 0000 0000",0,0,0,,0,,,None,Unavailable,NoWallUnderCrosshair,,,,"only 0 valid depth samples under crosshair (441 no-data, 0 out-of-range, 0 low-confidence)",0,,,None,Unavailable,NoWallInView,,,,0.02408083,1.15201843,-0.138247937,0.129050612,-0.201572776,-0.00610190677,0.9709156,0,0,0,0,0,0,284771.900155081,284771.900155081,0.038931615010369569
8.4733891648565525,ac3ae122,SessionTracking,Tracking,30.07182,29.9086933,1,0.030387238977709785,0,0,0,160x90 DepthUint16,"centre=0 min=0 max=0 hex=0000 0000 0000 0000 0000","centre=0 min=0 max=0 hex=0000 0000 0000 0000 0000",0,0,0,,0,,,None,Unavailable,NoWallUnderCrosshair,,,,"only 0 valid depth samples under crosshair (441 no-data, 0 out-of-range, 0 low-confidence)",0,,,None,Unavailable,NoWallInView,,,,0.0252109282,1.15300643,-0.138831034,0.127314508,-0.204999685,-0.00657925,0.970424056,0,0,0,0,0,0,284771.93400259904,284771.93400259904,0.03032275999430567
8.5047924458549,ac3ae122,SessionTracking,Tracking,30.0751228,29.9086933,1,0.030787083000177518,0,0,0,160x90 DepthUint16,"centre=0 min=0 max=0 hex=0000 0000 0000 0000 0000","centre=0 min=0 max=0 hex=0000 0000 0000 0000 0000",0,0,0,,0,,,None,Unavailable,NoWallUnderCrosshair,,,,"only 0 valid depth samples under crosshair (441 no-data, 0 out-of-range, 0 low-confidence)",0,,,None,Unavailable,NoWallInView,,,,0.0252011828,1.15301955,-0.1390319,0.1266937,-0.207249746,-0.006910146,0.970025063,0,0,0,0,0,0,284771.967661776,284771.967661776,0.03071828099200502
8.53619109186452,ac3ae122,SessionTracking,Tracking,30.0735035,29.9086933,1,0.030738228990230709,0,0,0,160x90 DepthUint16,"centre=0 min=0 max=0 hex=0000 0000 0000 0000 0000","centre=0 min=0 max=0 hex=0000 0000 0000 0000 0000",0,0,0,,0,,,None,Unavailable,NoWallUnderCrosshair,,,,"only 0 valid depth samples under crosshair (441 no-data, 0 out-of-range, 0 low-confidence)",0,,,None,Unavailable,NoWallInView,,,,0.0249027722,1.15306664,-0.1391767,0.126445457,-0.208607122,-0.006564707,0.9697688,0,0,0,0,0,0,284772.001312096,284772.001312096,0.030660832999274135
8.57719947786877,ac3ae122,SessionTracking,Tracking,30.0729332,29.9086933,1,0.040368437999859452,0,0,0,160x90 DepthUint16,"centre=0 min=0 max=0 hex=0000 0000 0000 0000 0000","centre=0 min=0 max=0 hex=0000 0000 0000 0000 0000",0,0,0,,0,,,None,Unavailable,NoWallUnderCrosshair,,,,"only 0 valid depth samples under crosshair (441 no-data, 0 out-of-range, 0 low-confidence)",0,,,None,Unavailable,NoWallInView,,,,0.02430268,1.153305,-0.13926965,0.126609221,-0.209039,-0.005898713,0.9696587,0,0,0,0,0,0,284772.03506494605,284772.03506494605,0.040302136010723189
8.6093684878641845,ac3ae122,SessionTracking,Tracking,30.0718117,29.9086933,1,0.031482240010518581,0,0,0,160x90 DepthUint16,"centre=0 min=0 max=0 hex=0000 0000 0000 0000 0000","centre=0 min=0 max=0 hex=0000 0000 0000 0000 0000",0,0,0,,0,,,None,Unavailable,NoWallUnderCrosshair,,,,"only 0 valid depth samples under crosshair (441 no-data, 0 out-of-range, 0 low-confidence)",0,,,None,Unavailable,NoWallInView,,,,0.0239881817,1.15338922,-0.139411584,0.126524791,-0.210032329,-0.005583883,0.969457,0,0,0,0,0,0,284772.06839202903,284772.06839202903,0.031421874999068677
8.6406377068696649,ac3ae122,SessionTracking,Tracking,30.0714073,29.9086933,1,0.0307768750062678,0,0,0,160x90 DepthUint16,"centre=0 min=0 max=0 hex=0000 0000 0000 0000 0000","centre=0 min=0 max=0 hex=0000 0000 0000 0000 0000",0,0,0,,0,,,None,Unavailable,NoWallUnderCrosshair,,,,"only 0 valid depth samples under crosshair (441 no-data, 0 out-of-range, 0 low-confidence)",0,,,None,Unavailable,NoWallInView,,,,0.0238537155,1.15342665,-0.13967821,0.125927523,-0.211521879,-0.00543502,0.969211638,0,0,0,0,0,0,284772.101719112,284772.101719112,0.030732500017620623
8.672210674870211,ac3ae122,SessionTracking,Tracking,30.0709267,29.9086933,1,0.03097473899833858,0,0,0,160x90 DepthUint16,"centre=0 min=0 max=0 hex=0000 0000 0000 0000 0000","centre=0 min=0 max=0 hex=0000 0000 0000 0000 0000",0,0,0,,0,,,None,Unavailable,NoWallUnderCrosshair,,,,"only 0 valid depth samples under crosshair (441 no-data, 0 out-of-range, 0 low-confidence)",0,,,None,Unavailable,NoWallInView,,,,0.023566097,1.15364027,-0.1384609,0.124655411,-0.213006034,-0.004440546,0.9690561,0,0,0,0,0,0,284772.134796189,284772.134796189,0.030912707996321842
8.7060803628618935,ac3ae122,SessionTracking,Tracking,30.0699387,29.9086933,1,0.033116145990788937,0,0,0,160x90 DepthUint16,"centre=0 min=0 max=0 hex=0000 0000 0000 0000 0000","centre=0 min=0 max=0 hex=0000 0000 0000 0000 0000",0,0,0,,0,,,None,Unavailable,NoWallUnderCrosshair,,,,"only 0 valid depth samples under crosshair (441 no-data, 0 out-of-range, 0 low-confidence)",0,,,None,Unavailable,NoWallInView,,,,0.0235906411,1.15354443,-0.1383271,0.1245532,-0.215180486,-0.004205227,0.9685898,0,0,0,0,0,0,284772.168123272,284772.168123272,0.033015103981597349
8.737002602857455,ac3ae122,SessionTracking,Tracking,30.0696049,29.9086933,1,0.03026458399835974,0,0,0,160x90 DepthUint16,"centre=0 min=0 max=0 hex=0000 0000 0000 0000 0000","centre=0 min=0 max=0 hex=0000 0000 0000 0000 0000",0,0,0,,0,,,None,Unavailable,NoWallUnderCrosshair,,,,"only 0 valid depth samples under crosshair (441 no-data, 0 out-of-range, 0 low-confidence)",0,,,None,Unavailable,NoWallInView,,,,0.0234606732,1.15333271,-0.138210431,0.124591962,-0.216569439,-0.00372558832,0.9682772,0,0,0,0,0,0,284772.201450355,284772.201450355,0.030142136005451903
8.7709563528687333,ac3ae122,SessionTracking,Tracking,30.06861,29.9086933,1,0.033368542004609481,0,0,0,160x90 DepthUint16,"centre=0 min=0 max=0 hex=0000 0000 0000 0000 0000","centre=0 min=0 max=0 hex=0000 0000 0000 0000 0000",0,0,0,,0,,,None,Unavailable,NoWallUnderCrosshair,,,,"only 0 valid depth samples under crosshair (441 no-data, 0 out-of-range, 0 low-confidence)",0,,,None,Unavailable,NoWallInView,,,,0.0229536928,1.1530863,-0.137897372,0.125405133,-0.216259,-0.00277733826,0.9682448,0,0,0,0,0,0,284772.234698667,284772.234698667,0.033302396012004465
8.805033487870741,ac3ae122,SessionTracking,Tracking,30.0675583,29.9086933,1,0.033341927017318085,0,0,0,160x90 DepthUint16,"centre=0 min=0 max=0 hex=0000 0000 0000 0000 0000","centre=0 min=0 max=0 hex=0000 0000 0000 0000 0000",0,0,0,,0,,,None,Unavailable,NoWallUnderCrosshair,,,,"only 0 valid depth samples under crosshair (441 no-data, 0 out-of-range, 0 low-confidence)",0,,,None,Unavailable,NoWallInView,,,,0.0226636138,1.1528728,-0.137748122,0.125785038,-0.216561392,-0.00182887923,0.9681302,0,0,0,0,0,0,284772.26802575,284772.26802575,0.0332573440100532
8.83668249786474,ac3ae122,SessionTracking,Tracking,30.059454,29.9086933,1,0.031040781002957374,0,0,0,160x90 DepthUint16,"centre=0 min=0 max=0 hex=0000 0000 0000 0000 0000","centre=0 min=0 max=0 hex=0000 0000 0000 0000 0000",0,0,0,,0,,,None,Unavailable,NoWallUnderCrosshair,,,,"only 0 valid depth samples under crosshair (441 no-data, 0 out-of-range, 0 low-confidence)",0,,,None,Unavailable,NoWallInView,,,,0.0225890968,1.15266907,-0.137711525,0.125591218,-0.217475116,-0.00116702914,0.967951536,0,0,0,0,0,0,284772.301352833,284772.301352833,0.03097473899833858
8.8689035918714119,ac3ae122,SessionTracking,Tracking,30.07447,29.9086933,1,0.030176719010341913,0,0,0,160x90 DepthUint16,"centre=0 min=0 max=0 hex=0000 0000 0000 0000 0000","centre=0 min=0 max=0 hex=0000 0000 0000 0000 0000",0,0,0,,0,,,None,Unavailable,NoWallUnderCrosshair,,,,"only 0 valid depth samples under crosshair (441 no-data, 0 out-of-range, 0 low-confidence)",0,,,None,Unavailable,NoWallInView,,,,0.02285299,1.15284991,-0.137378156,0.1251805,-0.219097,-0.0008857549,0.967639148,0,0,0,0,0,0,284772.334395805,284772.334395805,0.030074479000177234
8.9068772378586338,ac3ae122,SessionTracking,Tracking,30.06821,29.9086933,1,0.037247083004331216,0,0,0,160x90 DepthUint16,"centre=0 min=0 max=0 hex=0000 0000 0000 0000 0000","centre=0 min=0 max=0 hex=0000 0000 0000 0000 0000",0,0,0,,0,,,None,Unavailable,NoWallUnderCrosshair,,,,"only 0 valid depth samples under crosshair (441 no-data, 0 out-of-range, 0 low-confidence)",0,,,None,Unavailable,NoWallInView,,,,0.0227187,1.15281641,-0.13750422,0.124849327,-0.219409347,-0.0006031692,0.967611432,0,0,0,0,0,0,284772.367722888,284772.367722888,0.037164323002798483
8.9379060398704944,ac3ae122,SessionTracking,Tracking,30.067934,29.9086933,1,0.02966135399765335,0,0,0,160x90 DepthUint16,"centre=0 min=0 max=0 hex=0000 0000 0000 0000 0000","centre=0 min=0 max=0 hex=0000 0000 0000 0000 0000",0,0,0,,0,,,None,Unavailable,NoWallUnderCrosshair,,,,"only 0 valid depth samples under crosshair (441 no-data, 0 out-of-range, 0 low-confidence)",0,,,None,Unavailable,NoWallInView,,,,0.0226588473,1.15282464,-0.137568951,0.124714412,-0.220121145,-0.0005585551,0.9674672,0,0,0,0,0,0,284772.401049971,284772.401049971,0.029602708003949374
8.9692393728682411,ac3ae122,SessionTracking,Tracking,30.0672741,30.2126122,1,0.030796041013672948,0,0,0,160x90 DepthUint16,"centre=0 min=0 max=0 hex=0000 0000 0000 0000 0000","centre=0 min=0 max=0 hex=0000 0000 0000 0000 0000",0,0,0,,0,,,None,Unavailable,NoWallUnderCrosshair,,,,"only 0 valid depth samples under crosshair (441 no-data, 0 out-of-range, 0 low-confidence)",0,,,None,Unavailable,NoWallInView,,,,0.0225600116,1.15309179,-0.13733913,0.124443814,-0.22071825,-0.0002360642,0.9673661,0,0,0,0,0,0,284772.43438420503,284772.43438420503,0.030749375000596046
9.0068353108571948,ac3ae122,SessionTracking,Tracking,30.067358,30.2126122,1,0.0370800519885961,0,0,0,160x90 DepthUint16,"centre=0 min=0 max=0 hex=0000 0000 0000 0000 0000","centre=0 min=0 max=0 hex=0000 0000 0000 0000 0000",0,0,0,,0,,,None,Unavailable,NoWallUnderCrosshair,,,,"only 0 valid depth samples under crosshair (441 no-data, 0 out-of-range, 0 low-confidence)",0,,,None,Unavailable,NoWallInView,,,,0.0224840716,1.15299964,-0.13740553,0.123925135,-0.221725032,0.000302881,0.9672024,0,0,0,0,0,0,284772.467711288,284772.467711288,0.037030364997917786
9.0396615608687618,ac3ae122,SessionTracking,Tracking,30.0675449,30.2126122,1,0.032212291989708319,0,0,0,160x90 DepthUint16,"centre=0 min=0 max=0 hex=0000 0000 0000 0000 0000","centre=0 min=0 max=0 hex=0000 0000 0000 0000 0000",0,0,0,,0,,,None,Unavailable,NoWallUnderCrosshair,,,,"only 0 valid depth samples under crosshair (441 no-data, 0 out-of-range, 0 low-confidence)",0,,,None,Unavailable,NoWallInView,,,,0.022543624,1.15289772,-0.137234733,0.124136336,-0.2234162,0.000540942,0.966785967,0,0,0,0,0,0,284772.501038371,284772.501038371,0.032166979013709351
9.0699651018575871,ac3ae122,SessionTracking,Tracking,30.0676517,30.2126122,1,0.029816561989719048,0,0,0,160x90 DepthUint16,"centre=0 min=0 max=0 hex=0000 0000 0000 0000 0000","centre=0 min=0 max=0 hex=0000 0000 0000 0000 0000",0,0,0,,0,,,None,Unavailable,NoWallUnderCrosshair,,,,"only 0 valid depth samples under crosshair (441 no-data, 0 out-of-range, 0 low-confidence)",0,,,None,Unavailable,NoWallInView,,,,0.0226076767,1.1528312,-0.1371184,0.124218389,-0.224980578,0.0008125007,0.9664124,0,0,0,0,0,0,284772.53437561204,284772.53437561204,0.029770624998491257
9.108608591856818,ac3ae122,SessionTracking,Tracking,30.068325,30.2126122,1,0.038106614985736087,0,0,0,160x90 DepthUint16,"centre=0 min=0 max=0 hex=0000 0000 0000 0000 0000","centre=0 min=0 max=0 hex=0000 0000 0000 0000 0000",0,0,0,,0,,,None,Unavailable,NoWallUnderCrosshair,,,,"only 0 valid depth samples under crosshair (441 no-data, 0 out-of-range, 0 low-confidence)",0,,,None,Unavailable,NoWallInView,,,,0.0226617418,1.15263033,-0.136883438,0.12471,-0.226503029,0.00116807234,0.965993,0,0,0,0,0,0,284772.567702695,284772.567702695,0.038061457977164537
9.1396540608756816,ac3ae122,SessionTracking,Tracking,30.0650826,30.2126122,1,0.030564323009457439,0,0,0,160x90 DepthUint16,"centre=0 min=0 max=0 hex=0000 0000 0000 0000 0000","centre=0 min=0 max=0 hex=0000 0000 0000 0000 0000",0,0,0,,0,,,None,Unavailable,NoWallUnderCrosshair,,,,"only 0 valid depth samples under crosshair (441 no-data, 0 out-of-range, 0 low-confidence)",0,,,None,Unavailable,NoWallInView,,,,0.0227370691,1.15241969,-0.136677563,0.125206649,-0.228271157,0.00137132406,0.965512156,0,0,0,0,0,0,284772.601330876,284772.601330876,0.030518437997670844
9.1710995818638814,ac3ae122,SessionTracking,Tracking,30.0712318,30.2126122,1,0.030946407001465559,0,0,0,160x90 DepthUint16,"centre=0 min=0 max=0 hex=0000 0000 0000 0000 0000","centre=0 min=0 max=0 hex=0000 0000 0000 0000 0000",0,0,0,,0,,,None,Unavailable,NoWallUnderCrosshair,,,,"only 0 valid depth samples under crosshair (441 no-data, 0 out-of-range, 0 low-confidence)",0,,,None,Unavailable,NoWallInView,,,,0.0231205262,1.15236473,-0.135782838,0.1254523,-0.229709655,0.00145807874,0.9651389,0,0,0,0,0,0,284772.63460276404,284772.63460276404,0.030900782003300264
9.2020975498807722,ac3ae122,SessionTracking,Tracking,30.0695171,30.2126122,1,0.030497916013700888,0,0,0,160x90 DepthUint16,"centre=0 min=0 max=0 hex=0000 0000 0000 0000 0000","centre=0 min=0 max=0 hex=0000 0000 0000 0000 0000",0,0,0,,0,,,None,Unavailable,NoWallUnderCrosshair,,,,"only 0 valid depth samples under crosshair (441 no-data, 0 out-of-range, 0 low-confidence)",0,,,None,Unavailable,NoWallInView,,,,0.0230123829,1.15219212,-0.1356947,0.125904754,-0.23003453,0.00173771358,0.96500206,0,0,0,0,0,0,284772.667929847,284772.667929847,0.03045401000417769
9.24307093588045,ac3ae122,SessionTracking,Tracking,30.0699654,30.2126122,1,0.040475313027855009,0,0,0,160x90 DepthUint16,"centre=0 min=0 max=0 hex=0000 0000 0000 0000 0000","centre=0 min=0 max=0 hex=0000 0000 0000 0000 0000",0,0,0,,0,,,None,Unavailable,NoWallUnderCrosshair,,,,"only 0 valid depth samples under crosshair (441 no-data, 0 out-of-range, 0 low-confidence)",0,,,None,Unavailable,NoWallInView,,,,0.0230862424,1.1519953,-0.1357332,0.125655308,-0.230763927,0.00178858638,0.964860439,0,0,0,0,0,0,284772.70125693,284772.70125693,0.040428750013234094
9.2704897378780053,ac3ae122,SessionTracking,Tracking,30.0701771,30.2126122,1,0.026666719000786543,0,0,0,160x90 DepthUint16,"centre=0 min=0 max=0 hex=0000 0000 0000 0000 0000","centre=0 min=0 max=0 hex=0000 0000 0000 0000 0000",0,0,0,,0,,,None,Unavailable,NoWallUnderCrosshair,,,,"only 0 valid depth samples under crosshair (441 no-data, 0 out-of-range, 0 low-confidence)",0,,,None,Unavailable,NoWallInView,,,,0.02287852,1.15238941,-0.135128945,0.124350682,-0.2322116,0.0019133985,0.964681864,0,0,0,0,0,0,284772.734573838,284772.734573838,0.026607136009261012
9.3035328628529435,ac3ae122,SessionTracking,Tracking,30.0702782,30.2126122,1,0.032437968999147415,0,0,0,160x90 DepthUint16,"centre=0 min=0 max=0 hex=0000 0000 0000 0000 0000","centre=0 min=0 max=0 hex=0000 0000 0000 0000 0000",0,0,0,,0,,,None,Unavailable,NoWallUnderCrosshair,,,,"only 0 valid depth samples under crosshair (441 no-data, 0 out-of-range, 0 low-confidence)",0,,,None,Unavailable,NoWallInView,,,,0.023103483,1.15212131,-0.1351389,0.123644307,-0.234038487,0.001978487,0.964331,0,0,0,0,0,0,284772.767900921,284772.767900921,0.032371510984376073
9.3412244768614521,ac3ae122,SessionTracking,Tracking,30.0715656,30.2126122,1,0.03722468699561432,0,0,0,160x90 DepthUint16,"centre=0 min=0 max=0 hex=0000 0000 0000 0000 0000","centre=0 min=0 max=0 hex=0000 0000 0000 0000 0000",0,0,0,,0,,,None,Unavailable,NoWallUnderCrosshair,,,,"only 0 valid depth samples under crosshair (441 no-data, 0 out-of-range, 0 low-confidence)",0,,,None,Unavailable,NoWallInView,,,,0.02311908,1.151861,-0.135172248,0.1233205,-0.235092431,0.00247997046,0.964114845,0,0,0,0,0,0,284772.80122800404,284772.80122800404,0.037180312006967142
9.37280520586405,ac3ae122,SessionTracking,Tracking,30.06971,30.2126122,1,0.030685000005178154,0,0,0,160x90 DepthUint16,"centre=0 min=0 max=0 hex=0000 0000 0000 0000 0000","centre=0 min=0 max=0 hex=0000 0000 0000 0000 0000",0,0,0,,0,,,None,Unavailable,NoWallUnderCrosshair,,,,"only 0 valid depth samples under crosshair (441 no-data, 0 out-of-range, 0 low-confidence)",0,,,None,Unavailable,NoWallInView,,,,0.0232834667,1.15166306,-0.135528356,0.1224441,-0.236488461,0.00299984217,0.963883638,0,0,0,0,0,0,284772.834537697,284772.834537697,0.030586926994146779
9.4043348418699217,ac3ae122,SessionTracking,Tracking,30.0709267,30.2126122,1,0.030983698001364246,0,0,0,160x90 DepthUint16,"centre=0 min=0 max=0 hex=0000 0000 0000 0000 0000","centre=0 min=0 max=0 hex=0000 0000 0000 0000 0000",0,0,0,,0,,,None,Unavailable,NoWallUnderCrosshair,,,,"only 0 valid depth samples under crosshair (441 no-data, 0 out-of-range, 0 low-confidence)",0,,,None,Unavailable,NoWallInView,,,,0.0236422084,1.15142894,-0.135558352,0.121794164,-0.238638729,0.00314408541,0.9634355,0,0,0,0,0,0,284772.86786478,284772.86786478,0.030929114989703521
9.4355859358538048,ac3ae122,SessionTracking,Tracking,30.07417,30.2126122,1,0.03076223999960348,0,0,0,160x90 DepthUint16,"centre=0 min=0 max=0 hex=0000 0000 0000 0000 0000","centre=0 min=0 max=0 hex=0000 0000 0000 0000 0000",0,0,0,,0,,,None,Unavailable,NoWallUnderCrosshair,,,,"only 0 valid depth samples under crosshair (441 no-data, 0 out-of-range, 0 low-confidence)",0,,,None,Unavailable,NoWallInView,,,,0.0241917018,1.15118492,-0.135482818,0.121247664,-0.2414459,0.00299400138,0.9628053,0,0,0,0,0,0,284772.901191863,284772.901191863,0.030716615001438186
9.4769992168794026,ac3ae122,SessionTracking,Tracking,30.0695686,30.2126122,1,0.0407644790248014,0,0,0,160x90 DepthUint16,"centre=0 min=0 max=0 hex=0000 0000 0000 0000 0000","centre=0 min=0 max=0 hex=0000 0000 0000 0000 0000",0,0,0,,0,,,None,Unavailable,NoWallUnderCrosshair,,,,"only 0 valid depth samples under crosshair (441 no-data, 0 out-of-range, 0 low-confidence)",0,,,None,Unavailable,NoWallInView,,,,0.0238141231,1.1508472,-0.13547948,0.120872766,-0.243887,0.0029848516,0.962237,0,0,0,0,0,0,284772.934500442,284772.934500442,0.0406976560188923
9.50830458086325,ac3ae122,SessionTracking,Tracking,30.0726948,30.2126122,1,0.030500260007102042,0,0,0,160x90 DepthUint16,"centre=0 min=0 max=0 hex=0000 0000 0000 0000 0000","centre=0 min=0 max=0 hex=0000 0000 0000 0000 0000",0,0,0,,0,,,None,Unavailable,NoWallUnderCrosshair,,,,"only 0 valid depth samples under crosshair (441 no-data, 0 out-of-range, 0 low-confidence)",0,,,None,Unavailable,NoWallInView,,,,0.0241684485,1.150523,-0.135390341,0.120507255,-0.246082529,0.00327461958,0.9617228,0,0,0,0,0,0,284772.967827525,284772.967827525,0.030273957992903888
9.5398807268565626,ac3ae122,SessionTracking,Tracking,30.072752,30.2126122,1,0.031019842979731038,0,0,0,160x90 DepthUint16,"centre=0 min=0 max=0 hex=0000 0000 0000 0000 0000","centre=0 min=0 max=0 hex=0000 0000 0000 0000 0000",0,0,0,,0,,,None,Unavailable,NoWallUnderCrosshair,,,,"only 0 valid depth samples under crosshair (441 no-data, 0 out-of-range, 0 low-confidence)",0,,,None,Unavailable,NoWallInView,,,,0.0245866124,1.15018618,-0.135257244,0.120208263,-0.248412758,0.003560692,0.961159945,0,0,0,0,0,0,284773.00115460803,284773.00115460803,0.030967238999437541
9.5709678628690646,ac3ae122,SessionTracking,Tracking,30.07567,30.2126122,1,0.030353593989275396,0,0,0,160x90 DepthUint16,"centre=0 min=0 max=0 hex=0000 0000 0000 0000 0000","centre=0 min=0 max=0 hex=0000 0000 0000 0000 0000",0,0,0,,0,,,None,Unavailable,NoWallUnderCrosshair,,,,"only 0 valid depth samples under crosshair (441 no-data, 0 out-of-range, 0 low-confidence)",0,,,None,Unavailable,NoWallInView,,,,0.0242255162,1.15037143,-0.134838223,0.118854158,-0.2504778,0.00363349915,0.960792065,0,0,0,0,0,0,284773.034669527,284773.034669527,0.030257709004217759
9.6071121858758026,ac3ae122,SessionTracking,Tracking,30.0696526,30.2126122,1,0.035522292018868029,0,0,0,160x90 DepthUint16,"centre=0 min=0 max=0 hex=0000 0000 0000 0000 0000","centre=0 min=0 max=0 hex=0000 0000 0000 0000 0000",0,0,0,,0,,,None,Unavailable,NoWallUnderCrosshair,,,,"only 0 valid depth samples under crosshair (441 no-data, 0 out-of-range, 0 low-confidence)",0,,,None,Unavailable,NoWallInView,,,,0.0246040653,1.15025151,-0.1349937,0.118094221,-0.251864225,0.00355756329,0.9605236,0,0,0,0,0,0,284773.06799661,284773.06799661,0.035441094019915909
9.63771603986147,ac3ae122,SessionTracking,Tracking,30.07261,30.2126122,1,0.029769843997200951,0,0,0,160x90 DepthUint16,"centre=0 min=0 max=0 hex=0000 0000 0000 0000 0000","centre=0 min=0 max=0 hex=0000 0000 0000 0000 0000",0,0,0,,0,,,None,Unavailable,NoWallUnderCrosshair,,,,"only 0 valid depth samples under crosshair (441 no-data, 0 out-of-range, 0 low-confidence)",0,,,None,Unavailable,NoWallInView,,,,0.0248876289,1.15019107,-0.135215566,0.117416725,-0.252888441,0.00350615382,0.960337758,0,0,0,0,0,0,284773.101323693,284773.101323693,0.029643593996297568
9.6692421328543325,ac3ae122,SessionTracking,Tracking,30.0726814,30.2126122,1,0.031012967985589057,0,0,0,160x90 DepthUint16,"centre=0 min=0 max=0 hex=0000 0000 0000 0000 0000","centre=0 min=0 max=0 hex=0000 0000 0000 0000 0000",0,0,0,,0,,,None,Unavailable,NoWallUnderCrosshair,,,,"only 0 valid depth samples under crosshair (441 no-data, 0 out-of-range, 0 low-confidence)",0,,,None,Unavailable,NoWallInView,,,,0.0248258449,1.15061569,-0.135961592,0.116487548,-0.2534523,0.0033159852,0.9603029,0,0,0,0,0,0,284773.134660307,284773.134660307,0.030960051983129233
9.7103107268548676,ac3ae122,SessionTracking,Tracking,30.0749321,30.2126122,1,0.04038671898888424,0,0,0,160x90 DepthUint16,"centre=0 min=0 max=0 hex=0000 0000 0000 0000 0000","centre=0 min=0 max=0 hex=0000 0000 0000 0000 0000",0,0,0,,0,,,None,Unavailable,NoWallUnderCrosshair,,,,"only 0 valid depth samples under crosshair (441 no-data, 0 out-of-range, 0 low-confidence)",0,,,None,Unavailable,NoWallInView,,,,0.02512674,1.15054107,-0.136226714,0.1158678,-0.254187,0.00327721261,0.9601838,0,0,0,0,0,0,284773.16798739,284773.16798739,0.0402939060004428
9.7394453628721287,ac3ae122,SessionTracking,Tracking,30.0696449,30.2126122,1,0.028364010999212041,0,0,0,160x90 DepthUint16,"centre=0 min=0 max=0 hex=0000 0000 0000 0000 0000","centre=0 min=0 max=0 hex=0000 0000 0000 0000 0000",0,0,0,,0,,,None,Unavailable,NoWallUnderCrosshair,,,,"only 0 valid depth samples under crosshair (441 no-data, 0 out-of-range, 0 low-confidence)",0,,,None,Unavailable,NoWallInView,,,,0.0253570285,1.15041959,-0.136406541,0.115673184,-0.254885226,0.00346881174,0.9600215,0,0,0,0,0,0,284773.201314473,284773.201314473,0.028261355007998645
9.7731680188653165,ac3ae122,SessionTracking,Tracking,30.0715351,30.2126122,1,0.033218489988939837,0,0,0,160x90 DepthUint16,"centre=0 min=0 max=0 hex=0000 0000 0000 0000 0000","centre=0 min=0 max=0 hex=0000 0000 0000 0000 0000",0,0,0,,0,,,None,Unavailable,NoWallUnderCrosshair,,,,"only 0 valid depth samples under crosshair (441 no-data, 0 out-of-range, 0 low-confidence)",0,,,None,Unavailable,NoWallInView,,,,0.02523268,1.150894,-0.13776657,0.115455277,-0.2551608,0.00400972366,0.9599724,0,0,0,0,0,0,284773.234544951,284773.234544951,0.033169063011882827
9.8029056748700434,ac3ae122,SessionTracking,Tracking,30.07005,30.2126122,1,0.029096718993969262,0,0,0,160x90 DepthUint16,"centre=0 min=0 max=0 hex=0000 0000 0000 0000 0000","centre=0 min=0 max=0 hex=0000 0000 0000 0000 0000",0,0,0,,0,,,None,Unavailable,NoWallUnderCrosshair,,,,"only 0 valid depth samples under crosshair (441 no-data, 0 out-of-range, 0 low-confidence)",0,,,None,Unavailable,NoWallInView,,,,0.0255653486,1.15072155,-0.13791886,0.115533754,-0.256566554,0.00424704,0.959587157,0,0,0,0,0,0,284773.268159848,284773.268159848,0.029007759992964566
9.84210077887742,ac3ae122,SessionTracking,Tracking,30.0712662,30.2126122,1,0.038639635022263974,0,0,0,160x90 DepthUint16,"centre=0 min=0 max=0 hex=0000 0000 0000 0000 0000","centre=0 min=0 max=0 hex=0000 0000 0000 0000 0000",0,0,0,,0,,,None,Unavailable,NoWallUnderCrosshair,,,,"only 0 valid depth samples under crosshair (441 no-data, 0 out-of-range, 0 low-confidence)",0,,,None,Unavailable,NoWallInView,,,,0.02609741,1.15050662,-0.1381112,0.1152788,-0.258631051,0.004368067,0.959062934,0,0,0,0,0,0,284773.30148693104,284773.30148693104,0.038585936999879777
9.8722613518684277,ac3ae122,SessionTracking,Tracking,30.0704918,30.2126122,1,0.02927875000750646,0,0,0,160x90 DepthUint16,"centre=0 min=0 max=0 hex=0000 0000 0000 0000 0000","centre=0 min=0 max=0 hex=0000 0000 0000 0000 0000",0,0,0,,0,,,None,Unavailable,NoWallUnderCrosshair,,,,"only 0 valid depth samples under crosshair (441 no-data, 0 out-of-range, 0 low-confidence)",0,,,None,Unavailable,NoWallInView,,,,0.0261363275,1.150909,-0.139218822,0.114687659,-0.26063934,0.0049058795,0.9585874,0,0,0,0,0,0,284773.33463948104,284773.33463948104,0.029148021014407277
9.90674661285352,ac3ae122,SessionTracking,Tracking,30.07035,30.2126122,1,0.033988854993367568,0,0,0,160x90 DepthUint16,"centre=0 min=0 max=0 hex=0000 0000 0000 0000 0000","centre=0 min=0 max=0 hex=0000 0000 0000 0000 0000",0,0,0,,0,,,None,Unavailable,NoWallUnderCrosshair,,,,"only 0 valid depth samples under crosshair (441 no-data, 0 out-of-range, 0 low-confidence)",0,,,None,Unavailable,NoWallInView,,,,0.0266912226,1.15068507,-0.139428884,0.114780784,-0.262640119,0.004982382,0.9580296,0,0,0,0,0,0,284773.367966564,284773.367966564,0.033945156988920644
9.9352519768789982,ac3ae122,SessionTracking,Tracking,30.06846,30.2126122,1,0.027950260002398863,0,0,0,160x90 DepthUint16,"centre=0 min=0 max=0 hex=0000 0000 0000 0000 0000","centre=0 min=0 max=0 hex=0000 0000 0000 0000 0000",0,0,0,,0,,,None,Unavailable,NoWallUnderCrosshair,,,,"only 0 valid depth samples under crosshair (441 no-data, 0 out-of-range, 0 low-confidence)",0,,,None,Unavailable,NoWallInView,,,,0.0272925887,1.15037775,-0.139650851,0.114745237,-0.264822155,0.00502953,0.957432747,0,0,0,0,0,0,284773.401293647,284773.401293647,0.027893906022654846
9.9722552578522929,ac3ae122,SessionTracking,Tracking,30.0704842,29.9097958,1,0.036458749993471429,0,0,0,160x90 DepthUint16,"centre=0 min=0 max=0 hex=0000 0000 0000 0000 0000","centre=0 min=0 max=0 hex=0000 0000 0000 0000 0000",0,0,0,,0,,,None,Unavailable,NoWallUnderCrosshair,,,,"only 0 valid depth samples under crosshair (441 no-data, 0 out-of-range, 0 low-confidence)",0,,,None,Unavailable,NoWallInView,,,,0.028206002,1.15036833,-0.14083907,0.114376105,-0.2661181,0.00517392159,0.9571168,0,0,0,0,0,0,284773.434580122,284773.434580122,0.036404530983418226
10.002547028873732,ac3ae122,SessionTracking,Tracking,30.0716362,29.9097958,1,0.029691302013816312,0,0,0,160x90 DepthUint16,"centre=0 min=0 max=0 hex=0000 0000 0000 0000 0000","centre=0 min=0 max=0 hex=0000 0000 0000 0000 0000",0,0,0,,0,,,None,Unavailable,NoWallUnderCrosshair,,,,"only 0 valid depth samples under crosshair (441 no-data, 0 out-of-range, 0 low-confidence)",0,,,None,Unavailable,NoWallInView,,,,0.0286649317,1.1502254,-0.141265243,0.114607364,-0.2672734,0.00523597049,0.956766844,0,0,0,0,0,0,284773.467907205,284773.467907205,0.029623384994920343
10.035577184861676,ac3ae122,SessionTracking,Tracking,30.07067,29.9097958,1,0.032488124998053536,0,0,0,160x90 DepthUint16,"centre=0 min=0 max=0 hex=0000 0000 0000 0000 0000","centre=0 min=0 max=0 hex=0000 0000 0000 0000 0000",0,0,0,,0,,,None,Unavailable,NoWallUnderCrosshair,,,,"only 0 valid depth samples under crosshair (441 no-data, 0 out-of-range, 0 low-confidence)",0,,,None,Unavailable,NoWallInView,,,,0.0291539114,1.15013039,-0.141664192,0.114805974,-0.268570065,0.005573631,0.9563779,0,0,0,0,0,0,284773.50123428804,284773.50123428804,0.032432551990495995
10.0750866118678,ac3ae122,SessionTracking,Tracking,30.0705757,29.9097958,1,0.038981354009592906,0,0,0,160x90 DepthUint16,"centre=0 min=0 max=0 hex=0000 0000 0000 0000 0000","centre=0 min=0 max=0 hex=0000 0000 0000 0000 0000",0,0,0,,0,,,None,Unavailable,NoWallUnderCrosshair,,,,"only 0 valid depth samples under crosshair (441 no-data, 0 out-of-range, 0 low-confidence)",0,,,None,Unavailable,NoWallInView,,,,0.0301451441,1.15026569,-0.142898709,0.114767112,-0.269875467,0.00576442527,0.9560139,0,0,0,0,0,0,284773.534480168,284773.534480168,0.038935988995945081
10.10602109185761,ac3ae122,SessionTracking,Tracking,30.0711517,29.9097958,1,0.030384896002942696,0,0,0,160x90 DepthUint16,"centre=0 min=0 max=0 hex=0000 0000 0000 0000 0000","centre=0 min=0 max=0 hex=0000 0000 0000 0000 0000",0,0,0,,0,,,None,Unavailable,NoWallUnderCrosshair,,,,"only 0 valid depth samples under crosshair (441 no-data, 0 out-of-range, 0 low-confidence)",0,,,None,Unavailable,NoWallInView,,,,0.0306755565,1.15017354,-0.143135935,0.115428738,-0.271058768,0.005835861,0.95559895,0,0,0,0,0,0,284773.567807251,284773.567807251,0.030328020977322012
10.136978851855883,ac3ae122,SessionTracking,Tracking,30.0717335,29.9097958,1,0.030439166992437094,0,0,0,160x90 DepthUint16,"centre=0 min=0 max=0 hex=0000 0000 0000 0000 0000","centre=0 min=0 max=0 hex=0000 0000 0000 0000 0000",0,0,0,,0,,,None,Unavailable,NoWallUnderCrosshair,,,,"only 0 valid depth samples under crosshair (441 no-data, 0 out-of-range, 0 low-confidence)",0,,,None,Unavailable,NoWallInView,,,,0.03115,1.15001225,-0.143510371,0.115714237,-0.271570385,0.00632169843,0.9554161,0,0,0,0,0,0,284773.601134334,284773.601134334,0.030387343984330073
10.171011091871105,ac3ae122,SessionTracking,Tracking,30.0751438,29.9097958,1,0.033531771012349054,0,0,1,160x90 DepthUint16,"centre=0 min=0 max=0 hex=0000 0000 0000 0000 0000","centre=36134 min=36119 max=36167 hex=8D1D 8D1E 8D26 8D33 8D3A",0,0,0,,0,,,None,Unavailable,NoWallUnderCrosshair,,,,"only 0 valid depth samples under crosshair (441 no-data, 0 out-of-range, 0 low-confidence)",0,,,None,Unavailable,NoWallInView,,,,0.032652624,1.14988446,-0.144701421,0.115797937,-0.272575319,0.006442696,0.9551189,0,0,0,0,0,0,284773.634343672,284773.634343672,0.033480938000138849
10.207636716854676,ac3ae122,SessionTracking,Tracking,30.0708961,29.9097958,1,0.036114114976953715,0,0,1,160x90 DepthUint16,"centre=0 min=0 max=0 hex=0000 0000 0000 0000 0000","centre=36022 min=35988 max=36071 hex=8C95 8C9A 8CB6 8CCF 8CDA",0,0,0,,0,,,None,Unavailable,NoWallUnderCrosshair,,,,"only 0 valid depth samples under crosshair (441 no-data, 0 out-of-range, 0 low-confidence)",0,,,None,Unavailable,NoWallInView,,,,0.0338671133,1.14958775,-0.1450373,0.115361415,-0.2756809,0.00573837757,0.9542845,0,0,0,0,0,0,284773.667670755,284773.667670755,0.036063072999240831
10.238443122877424,ac3ae122,SessionTracking,Tracking,30.0738087,29.9097958,1,0.030222500005038455,0,0,1,160x90 DepthUint16,"centre=0 min=0 max=0 hex=0000 0000 0000 0000 0000","centre=35893 min=35849 max=35945 hex=8C15 8C1A 8C35 8C4E 8C59",0,0,0,,0,,,None,Unavailable,NoWallUnderCrosshair,,,,"only 0 valid depth samples under crosshair (441 no-data, 0 out-of-range, 0 low-confidence)",0,,,None,Unavailable,NoWallInView,,,,0.0352239162,1.14931619,-0.145462111,0.1142856,-0.279517233,0.00556123257,0.9532985,0,0,0,0,0,0,284773.700997838,284773.700997838,0.030135573004372418
10.269263955872656,ac3ae122,SessionTracking,Tracking,30.08469,29.9097958,1,0.030309687019325793,0,0,1,160x90 DepthUint16,"centre=0 min=0 max=0 hex=0000 0000 0000 0000 0000","centre=35790 min=35781 max=35812 hex=8BD1 8BD0 8BCE 8BD5 8BDA",0,0,0,,0,,,None,Unavailable,NoWallUnderCrosshair,,,,"only 0 valid depth samples under crosshair (441 no-data, 0 out-of-range, 0 low-confidence)",0,,,None,Unavailable,NoWallInView,,,,0.0356580168,1.14882755,-0.144966781,0.113227487,-0.2806098,0.006105304,0.953100443,0,0,0,0,0,0,284773.734254446,284773.734254446,0.030264792003436014
10.308343226867645,ac3ae122,SessionTracking,Tracking,30.074234,29.9097958,1,0.038511302002007142,0,0,1,160x90 DepthUint16,"centre=0 min=0 max=0 hex=0000 0000 0000 0000 0000","centre=35715 min=35649 max=35780 hex=8B42 8B4B 8B83 8BA5 8BB3",0,0,0,,0,,,None,Unavailable,NoWallUnderCrosshair,,,,"only 0 valid depth samples under crosshair (441 no-data, 0 out-of-range, 0 low-confidence)",0,,,None,Unavailable,NoWallInView,,,,0.0363035426,1.14884317,-0.145629331,0.112747446,-0.28123194,0.00675606728,0.952969551,0,0,0,0,0,0,284773.76758152904,284773.76758152904,0.038458958006231114
10.339324684863595,ac3ae122,SessionTracking,Tracking,30.07244,29.9097958,1,0.030404374992940575,0,0,1,160x90 DepthUint16,"centre=0 min=0 max=0 hex=0000 0000 0000 0000 0000","centre=35725 min=35690 max=35765 hex=8B75 8B78 8B8D 8B9E 8BA6",0,0,0,,0,,,None,Unavailable,NoWallUnderCrosshair,,,,"only 0 valid depth samples under crosshair (441 no-data, 0 out-of-range, 0 low-confidence)",0,,,None,Unavailable,NoWallInView,,,,0.0368988141,1.14888108,-0.146415561,0.112145714,-0.281390637,0.00706735253,0.9529915,0,0,0,0,0,0,284773.80090861203,284773.80090861203,0.02856796799460426
10.370808903876377,ac3ae122,SessionTracking,Tracking,30.0708752,29.9097958,1,0.030972448003012687,0,0,1,160x90 DepthUint16,"centre=0 min=0 max=0 hex=0000 0000 0000 0000 0000","centre=33334 min=33036 max=34947 hex=81EC 81F7 8236 83C7 8648",0,0,0,,0,,,None,Unavailable,NoWallUnderCrosshair,,,,"only 0 valid depth samples under crosshair (441 no-data, 0 out-of-range, 0 low-confidence)",0,,,None,Unavailable,NoWallInView,,,,0.0378208235,1.14881647,-0.147333533,0.111936018,-0.281305254,0.00722622871,0.9530401,0,0,0,0,0,0,284773.834253725,284773.834253725,0.030919948010705411
10.4092784868762,ac3ae122,SessionTracking,Tracking,30.0754948,29.9097958,1,0.037956458021653816,0,0,1,160x90 DepthUint16,"centre=0 min=0 max=0 hex=0000 0000 0000 0000 0000","centre=33343 min=33043 max=34926 hex=821B 821E 823F 83F2 8656",0,0,0,,0,,,None,Unavailable,NoWallUnderCrosshair,,,,"only 0 valid depth samples under crosshair (441 no-data, 0 out-of-range, 0 low-confidence)",0,,,None,Unavailable,NoWallInView,,,,0.0384930149,1.14878738,-0.1480309,0.111965694,-0.2817596,0.00758335,0.9528997,0,0,0,0,0,0,284773.867580808,284773.867580808,0.037903281016042456
10.438634059878449,ac3ae122,SessionTracking,Tracking,30.0681057,29.9097958,1,0.028666354017332196,0,0,1,160x90 DepthUint16,"centre=0 min=0 max=0 hex=0000 0000 0000 0000 0000","centre=33332 min=33009 max=34914 hex=8218 821A 8234 83E3 8650",0,0,0,,0,,,None,Unavailable,NoWallUnderCrosshair,,,,"only 0 valid depth samples under crosshair (441 no-data, 0 out-of-range, 0 low-confidence)",0,,,None,Unavailable,NoWallInView,,,,0.03941889,1.14863789,-0.148680747,0.111948535,-0.282967627,0.007599592,0.952543557,0,0,0,0,0,0,284773.90090789105,284773.90090789105,0.02857359399786219
10.470801559879828,ac3ae122,SessionTracking,Tracking,30.0735474,29.9097958,1,0.03162692702608183,0,0,0,160x90 DepthUint16,"centre=0 min=0 max=0 hex=0000 0000 0000 0000 0000","centre=0 min=0 max=0 hex=0000 0000 0000 0000 0000",0,0,0,,0,,,None,Unavailable,NoWallUnderCrosshair,,,,"only 0 valid depth samples under crosshair (441 no-data, 0 out-of-range, 0 low-confidence)",0,,,None,Unavailable,NoWallInView,,,,0.0398123935,1.147378,-0.148947388,0.112651512,-0.284913182,0.00721886847,0.951883435,0,0,0,0,0,0,284773.93387044803,284773.93387044803,0.031580000009853393
10.507015518865,ac3ae122,SessionTracking,Tracking,30.0661964,29.9097958,1,0.035603333992185071,0,0,0,160x90 DepthUint16,"centre=0 min=0 max=0 hex=0000 0000 0000 0000 0000","centre=0 min=0 max=0 hex=0000 0000 0000 0000 0000",0,0,0,,0,,,None,Unavailable,NoWallUnderCrosshair,,,,"only 0 valid depth samples under crosshair (441 no-data, 0 out-of-range, 0 low-confidence)",0,,,None,Unavailable,NoWallInView,,,,0.0406286679,1.14694118,-0.149356082,0.113715217,-0.285627335,0.007434876,0.951541245,0,0,0,0,0,0,284773.967197531,284773.967197531,0.035531406989321113
10.537136611869709,ac3ae122,SessionTracking,Tracking,30.0732136,29.9097958,1,0.029522083001211286,0,0,0,160x90 DepthUint16,"centre=0 min=0 max=0 hex=0000 0000 0000 0000 0000","centre=0 min=0 max=0 hex=0000 0000 0000 0000 0000",0,0,0,,0,,,None,Unavailable,NoWallUnderCrosshair,,,,"only 0 valid depth samples under crosshair (441 no-data, 0 out-of-range, 0 low-confidence)",0,,,None,Unavailable,NoWallInView,,,,0.04146413,1.1464504,-0.149905622,0.114559196,-0.2862884,0.007931263,0.951237261,0,0,0,0,0,0,284774.000794716,284774.000794716,0.02946583300945349
10.568716715867549,ac3ae122,SessionTracking,Tracking,30.0689278,29.9097958,1,0.031106665992410854,0,0,1,160x90 DepthUint16,"centre=0 min=0 max=0 hex=0000 0000 0000 0000 0000","centre=47243 min=47220 max=47270 hex=B8A5 B8A1 B88B B880 B87C",0,0,0,,0,,,None,Unavailable,NoWallUnderCrosshair,,,,"only 0 valid depth samples under crosshair (441 no-data, 0 out-of-range, 0 low-confidence)",0,,,None,Unavailable,NoWallInView,,,,0.0466543846,1.14459574,-0.15347068,0.113646016,-0.289076358,0.007361919,0.950507939,0,0,0,0,0,0,284774.034556425,284774.034556425,0.031061457993928343
10.609539215852191,ac3ae122,SessionTracking,Tracking,30.0688438,29.9097958,1,0.040288749994942918,0,0,1,160x90 DepthUint16,"centre=0 min=0 max=0 hex=0000 0000 0000 0000 0000","centre=47114 min=47075 max=47125 hex=B801 B802 B80A B808 B806",0,0,0,,0,,,None,Unavailable,NoWallUnderCrosshair,,,,"only 0 valid depth samples under crosshair (441 no-data, 0 out-of-range, 0 low-confidence)",0,,,None,Unavailable,NoWallInView,,,,0.04818809,1.1441,-0.15459609,0.11267785,-0.291015834,0.007213354,0.950032353,0,0,0,0,0,0,284774.067883508,284774.067883508,0.040241926995804533
10.640544424872996,ac3ae122,SessionTracking,Tracking,30.062645,29.9097958,1,0.030381771008251235,0,0,1,160x90 DepthUint16,"centre=0 min=0 max=0 hex=0000 0000 0000 0000 0000","centre=46999 min=46941 max=47030 hex=B766 B76E B797 B7A3 B7A5",0,0,0,,0,,,None,Unavailable,NoWallUnderCrosshair,,,,"only 0 valid depth samples under crosshair (441 no-data, 0 out-of-range, 0 low-confidence)",0,,,None,Unavailable,NoWallInView,,,,0.0496249236,1.143762,-0.15583685,0.11166779,-0.29247722,0.007587523,0.9496999,0,0,0,0,0,0,284774.10121059103,284774.10121059103,0.030283906002296135
10.671716142874129,ac3ae122,SessionTracking,Tracking,30.07415,29.9097958,1,0.030616927018854767,0,0,1,160x90 DepthUint16,"centre=0 min=0 max=0 hex=0000 0000 0000 0000 0000","centre=44882 min=39971 max=45417 hex=B150 B126 AF52 A750 A2A4",0,0,0,,0,,,None,Unavailable,NoWallUnderCrosshair,,,,"only 0 valid depth samples under crosshair (441 no-data, 0 out-of-range, 0 low-confidence)",0,,,None,Unavailable,NoWallInView,,,,0.05269185,1.143983,-0.157909662,0.110269085,-0.294343472,0.007824064,0.949284732,0,0,0,0,0,0,284774.134667746,284774.134667746,0.030563906009774655
10.703156247872311,ac3ae122,SessionTracking,Tracking,30.063179,29.9097958,1,0.030954062996897846,0,0,1,160x90 DepthUint16,"centre=0 min=0 max=0 hex=0000 0000 0000 0000 0000","centre=44470 min=39766 max=45016 hex=AFBE AF97 ADB6 A526 A00B",0,0,0,,0,,,None,Unavailable,NoWallUnderCrosshair,,,,"only 0 valid depth samples under crosshair (441 no-data, 0 out-of-range, 0 low-confidence)",0,,,None,Unavailable,NoWallInView,,,,0.0542979,1.14383149,-0.159254685,0.108954094,-0.295900851,0.00849402,0.9489466,0,0,0,0,0,0,284774.167994829,284774.167994829,0.0309085939952638
10.740102757866179,ac3ae122,SessionTracking,Tracking,30.0746555,29.9097958,1,0.03637739599798806,0,0,1,160x90 DepthUint16,"centre=0 min=0 max=0 hex=0000 0000 0000 0000 0000","centre=44157 min=39560 max=44740 hex=AEA7 AE7B AC7D A40F 9F0B",0,0,0,,0,,,None,Unavailable,NoWallUnderCrosshair,,,,"only 0 valid depth samples under crosshair (441 no-data, 0 out-of-range, 0 low-confidence)",0,,,None,Unavailable,NoWallInView,,,,0.0559369326,1.1437161,-0.160607159,0.108135,-0.297044873,0.0088422,0.948679566,0,0,0,0,0,0,284774.201321912,284774.201321912,0.036325677006971091
10.770780257872456,ac3ae122,SessionTracking,Tracking,30.0696182,29.9097958,1,0.030094271001871675,0,0,1,160x90 DepthUint16,"centre=0 min=0 max=0 hex=0000 0000 0000 0000 0000","centre=42578 min=41673 max=44247 hex=A2D8 A358 A652 AA1A AABD",0,0,0,,0,,,None,Unavailable,NoWallUnderCrosshair,,,,"only 0 valid depth samples under crosshair (441 no-data, 0 out-of-range, 0 low-confidence)",0,,,None,Unavailable,NoWallInView,,,,0.058219187,1.14280939,-0.1603403,0.107138872,-0.29831624,0.008885771,0.9483932,0,0,0,0,0,0,284774.234896535,284774.234896535,0.03002932301023975
10.80256614286095,ac3ae122,SessionTracking,Tracking,30.0702782,29.9097958,1,0.031230103981215507,0,0,1,160x90 DepthUint16,"centre=0 min=0 max=0 hex=0000 0000 0000 0000 0000","centre=42019 min=41269 max=44510 hex=A146 A1A3 A423 A911 AA36",0,0,0,,0,,,None,Unavailable,NoWallUnderCrosshair,,,,"only 0 valid depth samples under crosshair (441 no-data, 0 out-of-range, 0 low-confidence)",0,,,None,Unavailable,NoWallInView,,,,0.06020799,1.1425724,-0.161493748,0.106996723,-0.300041765,0.00896063447,0.9478642,0,0,0,0,0,0,284774.268489293,284774.268489293,0.031178645003819838
10.840485413870692,ac3ae122,SessionTracking,Tracking,30.0739136,29.9097958,1,0.037261093006236479,0,0,1,160x90 DepthUint16,"centre=0 min=0 max=0 hex=0000 0000 0000 0000 0000","centre=42717 min=42194 max=44886 hex=A550 A57F A6DD AA39 AB05",0,0,0,,0,,,None,Unavailable,NoWallUnderCrosshair,,,,"only 0 valid depth samples under crosshair (441 no-data, 0 out-of-range, 0 low-confidence)",0,,,None,Unavailable,NoWallInView,,,,0.0624456741,1.14230084,-0.162700355,0.106491312,-0.302732825,0.008909375,0.947065532,0,0,0,0,0,0,284774.30181637604,284774.30181637604,0.0371826560003683
10.873047184860251,ac3ae122,SessionTracking,Tracking,30.0711575,29.9097958,1,0.032027604000177234,0,0,1,160x90 DepthUint16,"centre=0 min=0 max=0 hex=0000 0000 0000 0000 0000","centre=32949 min=27482 max=46113 hex=81FC 81C4 80B5 8DE5 984E",0,0,0,,0,,,None,Unavailable,NoWallUnderCrosshair,,,,"only 0 valid depth samples under crosshair (441 no-data, 0 out-of-range, 0 low-confidence)",0,,,None,Unavailable,NoWallInView,,,,0.06286088,1.14084125,-0.160066411,0.105896667,-0.3035164,0.009501755,0.946875632,0,0,0,0,0,0,284774.335359118,284774.335359118,0.031971874996088445
10.906581767855595,ac3ae122,SessionTracking,Tracking,30.0740929,29.9097958,1,0.032973488996503875,0,0,1,160x90 DepthUint16,"centre=0 min=0 max=0 hex=0000 0000 0000 0000 0000","centre=32994 min=27091 max=46849 hex=825C 8206 80E2 8E38 9875",0,0,0,,0,,,None,Unavailable,NoWallUnderCrosshair,,,,"only 0 valid depth samples under crosshair (441 no-data, 0 out-of-range, 0 low-confidence)",0,,,None,Unavailable,NoWallInView,,,,0.06522881,1.14048421,-0.161318034,0.105270356,-0.30586046,0.009398253,0.946191967,0,0,0,0,0,0,284774.368686201,284774.368686201,0.032908019988099113
10.934454684865113,ac3ae122,SessionTracking,Tracking,30.0831966,29.9097958,1,0.027279375004582107,0,0,1,160x90 DepthUint16,"centre=0 min=0 max=0 hex=0000 0000 0000 0000 0000","centre=32725 min=27179 max=46077 hex=81E0 8171 7FD5 8D82 96EE",0,0,0,,0,,,None,Unavailable,NoWallUnderCrosshair,,,,"only 0 valid depth samples under crosshair (441 no-data, 0 out-of-range, 0 low-confidence)",0,,,None,Unavailable,NoWallInView,,,,0.0677653849,1.14003491,-0.162480012,0.104866274,-0.3086607,0.008867025,0.9453322,0,0,0,0,0,0,284774.40201328404,284774.40201328404,0.027228332997765392
10.973525465865304,ac3ae122,SessionTracking,Tracking,30.0693417,29.9619427,1,0.038466561993118376,0,0,1,160x90 DepthUint16,"centre=0 min=0 max=0 hex=0000 0000 0000 0000 0000","centre=30599 min=28946 max=48342 hex=77AB 7773 7787 8B7F 97C9",0,0,0,,0,,,None,Unavailable,NoWallUnderCrosshair,,,,"only 0 valid depth samples under crosshair (441 no-data, 0 out-of-range, 0 low-confidence)",0,,,None,Unavailable,NoWallInView,,,,0.06749602,1.13949049,-0.1600568,0.104872271,-0.310559869,0.008852214,0.944709539,0,0,0,0,0,0,284774.435525235,284774.435525235,0.038418854004703462
11.005992549870779,ac3ae122,SessionTracking,Tracking,30.0769978,29.9619427,1,0.031795990013051778,0,0,1,160x90 DepthUint16,"centre=0 min=0 max=0 hex=0000 0000 0000 0000 0000","centre=30905 min=29257 max=49191 hex=7977 792A 78B9 8D9A 9A2C",0,0,0,,0,,,None,Unavailable,NoWallUnderCrosshair,,,,"only 0 valid depth samples under crosshair (441 no-data, 0 out-of-range, 0 low-confidence)",0,,,None,Unavailable,NoWallInView,,,,0.06987329,1.13903248,-0.161055446,0.104949191,-0.3128034,0.009036839,0.943958759,0,0,0,0,0,0,284774.468852318,284774.468852318,0.031712916999822482
11.036663226862355,ac3ae122,SessionTracking,Tracking,30.0782642,29.9619427,1,0.030118697992293164,0,0,1,160x90 DepthUint16,"centre=0 min=0 max=0 hex=0000 0000 0000 0000 0000","centre=30934 min=29211 max=49457 hex=79E2 7995 78D6 8CD6 982F",0,0,0,,0,,,None,Unavailable,NoWallUnderCrosshair,,,,"only 0 valid depth samples under crosshair (441 no-data, 0 out-of-range, 0 low-confidence)",0,,,None,Unavailable,NoWallInView,,,,0.07209232,1.13859761,-0.16222401,0.105093427,-0.314186,0.00942722,0.943479538,0,0,0,0,0,0,284774.502179401,284774.502179401,0.030070312990574166
11.07316874685689,ac3ae122,SessionTracking,Tracking,30.09104,29.9619427,1,0.036011561984196305,0,0,1,160x90 DepthUint16,"centre=0 min=0 max=0 hex=0000 0000 0000 0000 0000","centre=25412 min=19041 max=43700 hex=6453 6433 6344 7656 7C6D",0,0,0,,0,,,None,Unavailable,NoWallUnderCrosshair,,,,"only 0 valid depth samples under crosshair (441 no-data, 0 out-of-range, 0 low-confidence)",0,,,None,Unavailable,NoWallInView,,,,0.0718058944,1.137992,-0.161161691,0.104926758,-0.314967424,0.009863527,0.943233132,0,0,0,0,0,0,284774.53515352204,284774.53515352204,0.035966458002803847
11.105675101854057,ac3ae122,SessionTracking,Tracking,30.0674152,29.9619427,1,0.031919791974360123,0,0,1,160x90 DepthUint16,"centre=0 min=0 max=0 hex=0000 0000 0000 0000 0000","centre=25704 min=19525 max=44458 hex=64C2 64BC 6468 7824 7C67",0,0,0,,0,,,None,Unavailable,NoWallUnderCrosshair,,,,"only 0 valid depth samples under crosshair (441 no-data, 0 out-of-range, 0 low-confidence)",0,,,None,Unavailable,NoWallInView,,,,0.07417188,1.13749063,-0.162293211,0.105054848,-0.316209167,0.009591282,0.942806065,0,0,0,0,0,0,284774.568480605,284774.568480605,0.031856093992246315
11.136702288865262,ac3ae122,SessionTracking,Tracking,30.0794315,29.9619427,1,0.030363280995516106,0,0,1,160x90 DepthUint16,"centre=0 min=0 max=0 hex=0000 0000 0000 0000 0000","centre=25845 min=20293 max=44116 hex=64E8 64E2 64F5 78FB 7DFB",0,0,0,,0,,,None,Unavailable,NoWallUnderCrosshair,,,,"only 0 valid depth samples under crosshair (441 no-data, 0 out-of-range, 0 low-confidence)",0,,,None,Unavailable,NoWallInView,,,,0.07670131,1.13695335,-0.163468748,0.104907438,-0.318056673,0.00911072,0.9422056,0,0,0,0,0,0,284774.601807688,284774.601807688,0.030276458011940122
11.168354424872586,ac3ae122,SessionTracking,Tracking,30.0885582,29.9619427,1,0.031127657013712451,0,0,1,160x90 DepthUint16,"centre=0 min=0 max=0 hex=0000 0000 0000 0000 0000","centre=30534 min=22469 max=48265 hex=7ABF 7A66 7746 84B1 89AD",0,0,0,,0,,,None,Unavailable,NoWallUnderCrosshair,,,,"only 0 valid depth samples under crosshair (441 no-data, 0 out-of-range, 0 low-confidence)",0,,,None,Unavailable,NoWallInView,,,,0.0758170038,1.13580644,-0.162644356,0.104746446,-0.3191478,0.009249122,0.941853166,0,0,0,0,0,0,284774.63498466,284774.63498466,0.031075520993908867
11.206687549877596,ac3ae122,SessionTracking,Tracking,30.0686111,29.9619427,1,0.037698073021601886,0,0,1,160x90 DepthUint16,"centre=0 min=0 max=0 hex=0000 0000 0000 0000 0000","centre=32313 min=22630 max=48627 hex=8471 83B7 7E39 87A9 8F3D",0,0,0,,0,,,None,Unavailable,NoWallUnderCrosshair,,,,"only 0 valid depth samples under crosshair (441 no-data, 0 out-of-range, 0 low-confidence)",0,,,None,Unavailable,NoWallInView,,,,0.0781652853,1.13535249,-0.164062619,0.104455806,-0.3203091,0.009321094,0.9414904,0,0,0,0,0,0,284774.66842686903,284774.66842686903,0.037615730019751936
11.237821142879465,ac3ae122,SessionTracking,Tracking,30.0776539,29.9619427,1,0.030480156012345105,0,0,1,160x90 DepthUint16,"centre=0 min=0 max=0 hex=0000 0000 0000 0000 0000","centre=32020 min=22402 max=49127 hex=8200 817B 7D14 894F 9305",0,0,0,,0,,,None,Unavailable,NoWallUnderCrosshair,,,,"only 0 valid depth samples under crosshair (441 no-data, 0 out-of-range, 0 low-confidence)",0,,,None,Unavailable,NoWallInView,,,,0.08046353,1.13495851,-0.16555579,0.104290821,-0.321484774,0.009529025,0.941105843,0,0,0,0,0,0,284774.701753952,284774.701753952,0.030407083017053083
11.269712028871208,ac3ae122,SessionTracking,Tracking,30.07688,29.9619427,1,0.031361458997707814,0,0,1,160x90 DepthUint16,"centre=0 min=0 max=0 hex=0000 0000 0000 0000 0000","centre=29739 min=21520 max=45540 hex=7540 752A 742B 83F8 92DC",0,0,0,,0,,,None,Unavailable,NoWallUnderCrosshair,,,,"only 0 valid depth samples under crosshair (441 no-data, 0 out-of-range, 0 low-confidence)",0,,,None,Unavailable,NoWallInView,,,,0.08000363,1.13418639,-0.163905889,0.104516245,-0.3226879,0.0104652354,0.940659046,0,0,0,0,0,0,284774.734837695,284774.734837695,0.031316459004301578
11.306365413874072,ac3ae122,SessionTracking,Tracking,30.0784264,29.9619427,1,0.036073905997909606,0,0,1,160x90 DepthUint16,"centre=0 min=0 max=0 hex=0000 0000 0000 0000 0000","centre=29896 min=21533 max=45781 hex=75C8 75A9 74C8 84EF 9419",0,0,0,,0,,,None,Unavailable,NoWallUnderCrosshair,,,,"only 0 valid depth samples under crosshair (441 no-data, 0 out-of-range, 0 low-confidence)",0,,,None,Unavailable,NoWallInView,,,,0.08235307,1.13379431,-0.165234357,0.104401857,-0.324259162,0.010930866,0.940125942,0,0,0,0,0,0,284774.768164778,284774.768164778,0.03599927100003697
11.338699059872805,ac3ae122,SessionTracking,Tracking,30.0731125,29.9619427,1,0.031820364994928241,0,0,1,160x90 DepthUint16,"centre=0 min=0 max=0 hex=0000 0000 0000 0000 0000","centre=29498 min=21639 max=45835 hex=73C8 73B6 733A 842E 93AD",0,0,0,,0,,,None,Unavailable,NoWallUnderCrosshair,,,,"only 0 valid depth samples under crosshair (441 no-data, 0 out-of-range, 0 low-confidence)",0,,,None,Unavailable,NoWallInView,,,,0.0847509652,1.13339686,-0.166609392,0.104384512,-0.32569012,0.0112152407,0.939629734,0,0,0,0,0,0,284774.801491861,284774.801491861,0.031772136018844321
11.369771298856858,ac3ae122,SessionTracking,Tracking,30.0746555,29.9619427,1,0.030548957991413772,0,0,1,160x90 DepthUint16,"centre=0 min=0 max=0 hex=0000 0000 0000 0000 0000","centre=26432 min=22633 max=30566 hex=66D3 66ED 6740 6D7C 73B5",0,0,0,,0,,,None,Unavailable,NoWallUnderCrosshair,,,,"only 0 valid depth samples under crosshair (441 no-data, 0 out-of-range, 0 low-confidence)",0,,,None,Unavailable,NoWallInView,,,,0.08620028,1.13275933,-0.164936051,0.10456153,-0.3278933,0.0114320219,0.938840866,0,0,0,0,0,0,284774.834538704,284774.834538704,0.030507342977216467
11.408061246874194,ac3ae122,SessionTracking,Tracking,30.0698814,29.9619427,1,0.0377253640035633,0,0,1,160x90 DepthUint16,"centre=0 min=0 max=0 hex=0000 0000 0000 0000 0000","centre=26266 min=22036 max=30419 hex=6627 6643 669A 6C78 72CB",0,0,0,,0,,,None,Unavailable,NoWallUnderCrosshair,,,,"only 0 valid depth samples under crosshair (441 no-data, 0 out-of-range, 0 low-confidence)",0,,,None,Unavailable,NoWallInView,,,,0.08851691,1.13231707,-0.166426718,0.104072087,-0.3291913,0.0117712319,0.938436747,0,0,0,0,0,0,284774.867865787,284774.867865787,0.037667552009224892
11.438977444856345,ac3ae122,SessionTracking,Tracking,30.075079,29.9619427,1,0.030155415995977819,0.04534722,0.146527782,1,160x90 DepthUint16,"centre=3983 min=720 max=13363 hex=0000 0000 0F8F 0000 0000","centre=24282 min=21268 max=30355 hex=5B07 5BB1 5EDA 6923 713D",0,0,0,,0,,,None,Unavailable,NoWallUnderCrosshair,,,,"only 0 valid depth samples under crosshair (117 no-data, 33 out-of-range, 291 low-confidence)",0,,,None,Unavailable,NoWallInView,,,,0.09091426,1.13190258,-0.16803956,0.103593364,-0.330096781,0.0118679106,0.938170433,0,0,0,0,0,0,284774.90119287,284774.90119287,0.030069009982980788
11.472397705851971,ac3ae122,SessionTracking,Tracking,30.0714378,29.9619427,1,0.032868385984329507,0.0459027775,0.177222222,1,160x90 DepthUint16,"centre=4390 min=720 max=13346 hex=0000 0000 1126 0000 0000","centre=32379 min=26378 max=41228 hex=7BB0 7C0A 7E7B 8DE4 9924",0,0,0,,0,,,None,Unavailable,NoWallUnderCrosshair,,,,"only 0 valid depth samples under crosshair (113 no-data, 38 out-of-range, 290 low-confidence)",0,,,None,Unavailable,NoWallInView,,,,0.09178477,1.13064539,-0.16692555,0.103745386,-0.331637979,0.0118495524,0.937610149,0,0,0,0,0,0,284774.934506019,284774.934506019,0.032820833992445841
11.503603903859538,ac3ae122,SessionTracking,Tracking,30.0639439,29.9619427,1,0.030595364980399609,0.04534722,0.209375,1,160x90 DepthUint16,"centre=3985 min=723 max=13332 hex=0000 0000 0F91 0000 0000","centre=32067 min=27263 max=41514 hex=7A93 7AE6 7D43 8CE9 983B",0,0,0,,0,,,None,Unavailable,NoWallUnderCrosshair,,,,"only 0 valid depth samples under crosshair (117 no-data, 37 out-of-range, 287 low-confidence)",0,,,None,Unavailable,NoWallInView,,,,0.0944054648,1.13026643,-0.168474317,0.103355147,-0.332966357,0.0116849542,0.9371844,0,0,0,0,0,0,284774.96783310204,284774.96783310204,0.030531719006830826
11.540537757878109,ac3ae122,SessionTracking,Tracking,30.0729,29.9619427,1,0.0361603650089819,0.0455555543,0.178402781,1,160x90 DepthUint16,"centre=3989 min=726 max=13316 hex=0000 0000 0F95 0000 0000","centre=31123 min=28074 max=40868 hex=7449 74F1 7993 8C06 9813",0,0,0,,0,,,None,Unavailable,NoWallUnderCrosshair,,,,"only 0 valid depth samples under crosshair (129 no-data, 26 out-of-range, 286 low-confidence)",0,,,None,Unavailable,NoWallInView,,,,0.09720349,1.12974846,-0.170180053,0.102114953,-0.334204346,0.0115880081,0.9368809,0,0,0,0,0,0,284775.001160185,284775.001160185,0.036060676997294649
11.574421923861291,ac3ae122,SessionTracking,Tracking,30.0720215,29.9619427,1,0.033302499999990687,0.0458333343,0.209513888,1,160x90 DepthUint16,"centre=3986 min=723 max=13314 hex=0000 0000 0F92 0000 0000","centre=32372 min=29816 max=50332 hex=75A0 76DF 7E74 A65B BB6D",0,0,0,,0,,,None,Unavailable,NoWallUnderCrosshair,,,,"only 0 valid depth samples under crosshair (124 no-data, 32 out-of-range, 285 low-confidence)",0,,,None,Unavailable,NoWallInView,,,,0.09640554,1.129297,-0.1675503,0.102202132,-0.334206879,0.0116671622,0.9368695,0,0,0,0,0,0,284775.03444662504,284775.03444662504,0.033171040995512158
11.603133850868243,ac3ae122,SessionTracking,Tracking,30.0766,29.9619427,1,0.02813244701246731,0.04548611,0.210486114,1,160x90 DepthUint16,"centre=3989 min=726 max=13318 hex=0000 0000 0F95 0000 0000","centre=34418 min=31727 max=52152 hex=809A 8170 8672 AB91 BFDC",0,0,0,,0,,,None,Unavailable,NoWallUnderCrosshair,,,,"only 0 valid depth samples under crosshair (117 no-data, 34 out-of-range, 290 low-confidence)",0,,,None,Unavailable,NoWallInView,,,,0.0989171,1.12872338,-0.169185311,0.101852559,-0.33391872,0.0116410861,0.9370106,0,0,0,0,0,0,284775.067773708,284775.067773708,0.028080156014766544
11.634700673856923,ac3ae122,SessionTracking,Tracking,30.0721188,29.9619427,1,0.031067395000718534,0.06722222,0.133194447,1,160x90 DepthUint16,"centre=4007 min=729 max=15122 hex=0000 0000 0FA7 0000 0000","centre=33673 min=31147 max=51992 hex=7AF7 7C44 8389 AA7E BF07",0,0,0,,0,,,None,Unavailable,NoWallUnderCrosshair,,,,"only 0 valid depth samples under crosshair (66 no-data, 36 out-of-range, 339 low-confidence)",0,,,None,Unavailable,NoWallInView,,,,0.101683311,1.12814152,-0.170944154,0.101083912,-0.3343583,0.0115021477,0.9369388,0,0,0,0,0,0,284775.101100791,284775.101100791,0.031022187002236024
11.673453434856992,ac3ae122,SessionTracking,Tracking,30.06697,29.9619427,1,0.038212813000427559,0.0674305558,0.236319438,1,160x90 DepthUint16,"centre=4005 min=727 max=15135 hex=0000 0000 0FA5 0000 0000","centre=32228 min=29327 max=41536 hex=7368 74FF 7DE4 9154 989E",0,0,0,,0,,,None,Unavailable,NoWallUnderCrosshair,,,,"only 0 valid depth samples under crosshair (55 no-data, 43 out-of-range, 343 low-confidence)",0,,,None,Unavailable,NoWallInView,,,,0.100727737,1.12682521,-0.168988883,0.100689173,-0.333162755,0.0119234333,0.937401831,0,0,0,0,0,0,284775.134662551,284775.134662551,0.038161510979989544
11.705349944872932,ac3ae122,SessionTracking,Tracking,30.0688572,29.9619427,1,0.031167915993137285,0.0674305558,0.202708334,1,160x90 DepthUint16,"centre=4009 min=730 max=15147 hex=0000 0000 0FA9 0000 0000","centre=32632 min=29510 max=41874 hex=77AA 78C3 7F78 9187 97EC",0,0,0,,0,,,None,Unavailable,NoWallUnderCrosshair,,,,"only 0 valid depth samples under crosshair (55 no-data, 38 out-of-range, 348 low-confidence)",0,,,None,Unavailable,NoWallInView,,,,0.103295334,1.12617373,-0.17089121,0.1003887,-0.332388848,0.0119237024,0.937708735,0,0,0,0,0,0,284775.16798963404,284775.16798963404,0.031084948015632108
11.736948746859479,ac3ae122,SessionTracking,Tracking,30.074791,29.9619427,1,0.03108650998910889,0.0674305558,0.1825,1,160x90 DepthUint16,"centre=4011 min=733 max=15160 hex=0000 0000 0FAB 0000 0000","centre=32747 min=28420 max=41893 hex=77F0 791F 7FEB 9228 9873",0,0,0,,0,,,None,Unavailable,NoWallUnderCrosshair,,,,"only 0 valid depth samples under crosshair (55 no-data, 40 out-of-range, 346 low-confidence)",0,,,None,Unavailable,NoWallInView,,,,0.10595201,1.12552285,-0.17270121,0.100617908,-0.3317184,0.0120290518,0.9379202,0,0,0,0,0,0,284775.201316717,284775.201316717,0.031041457987157628
11.768701507876312,ac3ae122,SessionTracking,Tracking,30.0663452,29.9619427,1,0.031276719004381448,0.06722222,0.200555563,1,160x90 DepthUint16,"centre=4009 min=731 max=15150 hex=0000 0000 0FA9 0000 0000","centre=34612 min=30686 max=44882 hex=7F1E 804C 8734 96B4 9878",0,0,0,,0,,,None,Unavailable,NoWallUnderCrosshair,,,,"only 0 valid depth samples under crosshair (55 no-data, 42 out-of-range, 344 low-confidence)",0,,,None,Unavailable,NoWallInView,,,,0.105710685,1.124227,-0.170870513,0.10051246,-0.3323235,0.0120497346,0.937717,0,0,0,0,0,0,284775.233323656,284775.233323656,0.031232917011948302
11.805726923855172,ac3ae122,SessionTracking,Tracking,30.0745983,29.9619427,1,0.03647036399343051,0.06756944,0.203472227,1,160x90 DepthUint16,"centre=4011 min=734 max=15151 hex=0000 0000 0FAB 0000 0000","centre=34544 min=30556 max=45139 hex=7E1D 7F5E 86F0 974A 9936",0,0,0,,0,,,None,Unavailable,NoWallUnderCrosshair,,,,"only 0 valid depth samples under crosshair (55 no-data, 42 out-of-range, 344 low-confidence)",0,,,None,Unavailable,NoWallInView,,,,0.108511612,1.123458,-0.172545612,0.100594595,-0.3324481,0.0118682394,0.937666357,0,0,0,0,0,0,284775.266650739,284775.266650739,0.036426717997528613
11.837777548868825,ac3ae122,SessionTracking,Tracking,30.0707836,29.9619427,1,0.031560728995827958,0.08597222,0.165486112,1,160x90 DepthUint16,"centre=5351 min=737 max=16788 hex=0000 0000 14E7 0000 0000","centre=34036 min=28764 max=43336 hex=7995 7B37 84F4 95B0 9832",0,0,0,,0,,,None,Unavailable,NoWallUnderCrosshair,,,,"only 0 valid depth samples under crosshair (37 no-data, 46 out-of-range, 358 low-confidence)",0,,,None,Unavailable,NoWallInView,,,,0.11103949,1.12278664,-0.174653143,0.100536957,-0.330733359,0.012238265,0.938273966,0,0,0,0,0,0,284775.299977822,284775.299977822,0.031516406015725806
11.868851559868698,ac3ae122,SessionTracking,Tracking,30.0708179,29.9619427,1,0.030517187988152727,0.086388886,0.134583339,1,160x90 DepthUint16,"centre=5350 min=735 max=16625 hex=0000 0000 14E6 0000 0000","centre=33422 min=16029 max=42344 hex=7D95 7E6A 828E 8B76 855D",0,0,0,,0,,,None,Unavailable,NoWallUnderCrosshair,,,,"only 0 valid depth samples under crosshair (37 no-data, 42 out-of-range, 362 low-confidence)",0,,,None,Unavailable,NoWallInView,,,,0.111189373,1.12165284,-0.172773287,0.100483045,-0.329408824,0.012591213,0.938740969,0,0,0,0,0,0,284775.33290211303,284775.33290211303,0.03047260400489904
11.901154632875613,ac3ae122,SessionTracking,Tracking,30.06861,29.9619427,1,0.031804427009774372,0.086666666,0.197361112,1,160x90 DepthUint16,"centre=4726 min=738 max=16651 hex=0000 0707 1276 0000 0000","centre=32920 min=16273 max=42869 hex=7B99 7C6E 8098 8BCC 87E1",0,0,0,,0,,,None,Unavailable,NoWallUnderCrosshair,,,,"only 0 valid depth samples under crosshair (34 no-data, 60 out-of-range, 347 low-confidence)",0,,,None,Unavailable,NoWallInView,,,,0.113906756,1.12091732,-0.174660563,0.10080868,-0.327904969,0.0126315663,0.9392318,0,0,0,0,0,0,284775.366229196,284775.366229196,0.031758698023622856
11.9374031218676,ac3ae122,SessionTracking,Tracking,30.0730915,29.9619427,1,0.035660416004247963,0.08673611,0.1870139,1,160x90 DepthUint16,"centre=4729 min=741 max=16661 hex=0000 070A 1279 0000 0000","centre=33539 min=16388 max=42808 hex=806D 80E4 8303 8C90 88B6",0,0,0,,0,,,None,Unavailable,NoWallUnderCrosshair,,,,"only 0 valid depth samples under crosshair (34 no-data, 57 out-of-range, 350 low-confidence)",0,,,None,Unavailable,NoWallInView,,,,0.116966076,1.12013185,-0.176467881,0.101070575,-0.32747528,0.0123210857,0.9393577,0,0,0,0,0,0,284775.399556279,284775.399556279,0.035614427004475147
11.968464996861211,ac3ae122,SessionTracking,Tracking,30.0708961,29.9619427,1,0.030468646000372246,0.08618055,0.128611118,1,160x90 DepthUint16,"centre=5356 min=741 max=16634 hex=0000 0000 14EC 0000 0000","centre=22381 min=20869 max=42837 hex=5705 5728 576D 6A5B 7AF9",0,0,0,,0,,,None,Unavailable,NoWallUnderCrosshair,,,,"only 0 valid depth samples under crosshair (37 no-data, 41 out-of-range, 363 low-confidence)",0,,,None,Unavailable,NoWallInView,,,,0.115855068,1.12068892,-0.177389383,0.100423254,-0.329039,0.0118822763,0.9388862,0,0,0,0,0,0,284775.432552355,284775.432552355,0.030423488991800696
12.000309319867437,ac3ae122,SessionTracking,Tracking,30.0702782,30.1913586,1,0.031298646004870534,0.08576389,0.134652779,1,160x90 DepthUint16,"centre=5359 min=745 max=17006 hex=0000 070E 14EF 0000 0000","centre=22118 min=20430 max=43473 hex=55C6 55F1 5666 68F6 76F8",0,0,0,,0,,,None,Unavailable,NoWallUnderCrosshair,,,,"only 0 valid depth samples under crosshair (36 no-data, 39 out-of-range, 366 low-confidence)",0,,,None,Unavailable,NoWallInView,,,,0.118956253,1.11991072,-0.179401636,0.100310273,-0.328647822,0.011784316,0.939036548,0,0,0,0,0,0,284775.46587943804,284775.46587943804,0.031247292004991323
12.038396767856238,ac3ae122,SessionTracking,Tracking,30.0697174,30.1913586,1,0.03756749999593012,0.135486111,0.4467361,1,160x90 DepthUint16,"centre=6147 min=748 max=19212 hex=0000 0711 1803 0000 0000","centre=16611 min=13709 max=43323 hex=35FD 3798 40E3 6392 788F",0,0,0,,0,,,None,Unavailable,NoWallUnderCrosshair,,,,"only 0 valid depth samples under crosshair (15 no-data, 49 out-of-range, 377 low-confidence)",0,,,None,Unavailable,NoWallInView,,,,0.121913776,1.11920047,-0.181509271,0.100721456,-0.327204466,0.01165846,0.939498067,0,0,0,0,0,0,284775.499206521,284775.499206521,0.037522759987041354
12.069974059871083,ac3ae122,SessionTracking,Tracking,30.0691433,30.1913586,1,0.031002136005554348,0.137916669,0.402083337,1,160x90 DepthUint16,"centre=5288 min=753 max=19252 hex=0000 0717 14A8 0000 0000","centre=13431 min=10291 max=32206 hex=295B 2B0A 3477 4492 41B7",0,0,0,,0,,,None,Unavailable,NoWallUnderCrosshair,,,,"only 0 valid depth samples under crosshair (14 no-data, 49 out-of-range, 378 low-confidence)",0,,,None,Unavailable,NoWallInView,,,,0.130806357,1.11621511,-0.1828591,0.10103038,-0.3248513,0.0109041044,0.9402902,0,0,0,0,0,0,284775.53196108504,284775.53196108504,0.030948021012591198
12.101771507869625,ac3ae122,SessionTracking,Tracking,30.0696316,30.1913586,1,0.031220990000292659,0.137916669,0.437430561,1,160x90 DepthUint16,"centre=5113 min=757 max=19279 hex=0000 071B 13F9 0000 0000","centre=14765 min=10310 max=33401 hex=338F 3475 39AD 46DB 423C",0,0,0,,0,,,None,Unavailable,NoWallUnderCrosshair,,,,"only 0 valid depth samples under crosshair (13 no-data, 65 out-of-range, 363 low-confidence)",0,,,None,Unavailable,NoWallInView,,,,0.1343691,1.11544335,-0.185048074,0.101008065,-0.323126256,0.0104941726,0.9408915,0,0,0,0,0,0,284775.565288168,284775.565288168,0.031161198014160618
12.133231975857552,ac3ae122,SessionTracking,Tracking,30.0671272,30.1913586,1,0.030953645997215062,0.167708337,0.5465278,1,160x90 DepthUint16,"centre=5007 min=760 max=21700 hex=0000 071F 138F 0000 0000","centre=13854 min=10182 max=33011 hex=2EB7 2FC4 361E 4516 425C",0,0,0,,0,,,None,Unavailable,NoWallUnderCrosshair,,,,"only 0 valid depth samples under crosshair (7 no-data, 121 out-of-range, 313 low-confidence)",0,,,None,Unavailable,NoWallInView,,,,0.138084725,1.11461258,-0.187196746,0.101077363,-0.321711421,0.00995943,0.9413745,0,0,0,0,0,0,284775.598615251,284775.598615251,0.030905728985089809
12.169684163868578,ac3ae122,SessionTracking,Tracking,30.07361,30.1913586,1,0.036010261013871059,0.171041667,0.397708327,1,160x90 DepthUint16,"centre=5223 min=768 max=21731 hex=0000 0728 1467 0000 0000","centre=14253 min=10011 max=28043 hex=2AFB 2D05 37AD 4BCE 44C5",0,0,0,,0,,,None,Unavailable,NoWallUnderCrosshair,,,,"only 0 valid depth samples under crosshair (8 no-data, 103 out-of-range, 330 low-confidence)",0,,,None,Unavailable,NoWallInView,,,,0.152390629,1.11199594,-0.187128648,0.101489946,-0.320269,0.008921653,0.9418323,0,0,0,0,0,0,284775.63161827804,284775.63161827804,0.035967083997093141
12.202540725868811,ac3ae122,SessionTracking,Tracking,30.0714073,30.1913586,1,0.03235562500776723,0.171458334,0.5422222,1,160x90 DepthUint16,"centre=6967 min=772 max=21800 hex=0000 072C 1B37 0000 0000","centre=14674 min=9626 max=28253 hex=2F1F 309B 3952 4B6C 446D",0,0,0,,0,,,None,Unavailable,NoWallUnderCrosshair,,,,"only 0 valid depth samples under crosshair (8 no-data, 127 out-of-range, 306 low-confidence)",0,,,None,Unavailable,NoWallInView,,,,0.156731933,1.11114514,-0.18919751,0.101660535,-0.3186211,0.008524598,0.9423763,0,0,0,0,0,0,284775.66494536103,284775.66494536103,0.032239738997304812
12.236175725868588,ac3ae122,SessionTracking,Tracking,30.0717583,30.1913586,1,0.033113540994236246,0.201111108,0.608125,1,160x90 DepthUint16,"centre=7176 min=776 max=26184 hex=0000 0730 1C08 0000 0000","centre=13854 min=9815 max=28640 hex=2B9B 2D1A 361E 4AEB 4392",0,0,0,,0,,,None,Unavailable,NoWallUnderCrosshair,,,,"only 0 valid depth samples under crosshair (4 no-data, 187 out-of-range, 250 low-confidence)",0,,,None,Unavailable,NoWallInView,,,,0.161113769,1.11034942,-0.191408515,0.101885684,-0.316553116,0.008220942,0.9430514,0,0,0,0,0,0,284775.698272444,284775.698272444,0.033062708011129871
12.271337340868694,ac3ae122,SessionTracking,Tracking,30.0716133,30.1913586,1,0.034528854012023658,0.2054861,0.74444443,1,160x90 DepthUint16,"centre=7332 min=756 max=26292 hex=0000 0000 1CA4 0000 0000","centre=11707 min=7171 max=33858 hex=219E 2302 2DBB 4BF5 673B",0,0,0,,0,,,None,Unavailable,NoWallUnderCrosshair,,,,"only 0 valid depth samples under crosshair (2 no-data, 207 out-of-range, 232 low-confidence)",0,,,None,Unavailable,NoWallInView,,,,0.152916461,1.1102612,-0.172838688,0.1021941,-0.314226061,0.008077413,0.943797231,0,0,0,0,0,0,284775.73151875,284775.73151875,0.034475572989322245
12.3120127568754,ac3ae122,SessionTracking,Tracking,30.07331,30.1913586,1,0.040157604002160951,0.205347225,0.529375,1,160x90 DepthUint16,"centre=6974 min=759 max=26362 hex=0000 0000 1B3E 0000 0000","centre=11917 min=7367 max=35031 hex=2342 2489 2E8D 4B3B 64CA",0,0,0,,0,,,None,Unavailable,NoWallUnderCrosshair,,,,"only 0 valid depth samples under crosshair (4 no-data, 196 out-of-range, 241 low-confidence)",0,,,None,Unavailable,NoWallInView,,,,0.1572478,1.10950863,-0.174618229,0.102257319,-0.3114354,0.007962406,0.944715858,0,0,0,0,0,0,284775.764845833,284775.764845833,0.040103958017425612
12.333375777866376,ac3ae122,SessionTracking,Tracking,30.0706558,30.1913586,1,0.020948073011823,0.6855556,2.52729177,1,160x90 DepthUint16,"centre=6839 min=534 max=20929 hex=0000 1D9B 1AB7 1AF7 14B1","centre=11301 min=6237 max=36274 hex=18D9 1BA7 2C25 4A41 68B9",0,0,0,,0,,,None,Unavailable,NoWallUnderCrosshair,,,,"only 0 valid depth samples under crosshair (0 no-data, 169 out-of-range, 272 low-confidence)",0,,,None,Unavailable,NoWallInView,,,,0.161523655,1.10881674,-0.176524147,0.102768369,-0.307664037,0.007960589,0.945895433,0,0,0,0,0,0,284775.798172916,284775.798172916,0.02090817698626779
12.374959371859358,ac3ae122,SessionTracking,Tracking,30.0716133,30.1913586,1,0.041118541994364932,0.694722235,3.4475,1,160x90 DepthUint16,"centre=6477 min=483 max=21045 hex=0000 0000 194D 1AB9 15E0","centre=10276 min=5596 max=36989 hex=1FE1 210E 2824 37B4 6BE1",0,0,0,,0,,,None,Unavailable,NoWallUnderCrosshair,,,,"only 0 valid depth samples under crosshair (0 no-data, 199 out-of-range, 242 low-confidence)",0,,,None,Unavailable,NoWallInView,,,,0.132386714,1.107526,-0.134934992,0.10440401,-0.30544427,0.008384467,0.946431935,0,0,0,0,0,0,284775.832626499,284775.832626499,0.041078384994762018
12.40234468387548,ac3ae122,SessionTracking,Tracking,30.0759315,30.1913586,1,0.026880624995101243,0.6932639,2.80680561,1,160x90 DepthUint16,"centre=6479 min=485 max=20912 hex=0000 0000 194F 1AE2 1616","centre=10049 min=5530 max=34849 hex=1E9C 1FB9 2741 3762 6C1E",0,0,0,,0,,,None,Unavailable,NoWallUnderCrosshair,,,,"only 0 valid depth samples under crosshair (0 no-data, 198 out-of-range, 243 low-confidence)",0,,,None,Unavailable,NoWallInView,,,,0.1362324,1.10661948,-0.1352861,0.104816481,-0.3033765,0.00823846553,0.9470525,0,0,0,0,0,0,284775.865953582,284775.865953582,0.026834687014343217
12.435211246854077,ac3ae122,SessionTracking,Tracking,30.0697536,30.1913586,1,0.032288385002175346,0.784791648,3.370278,1,160x90 DepthUint16,"centre=7639 min=487 max=13893 hex=2D79 0000 1DD7 1CFE 14CC","centre=8737 min=5142 max=38459 hex=1B60 1C13 2221 3812 6145",0,0,0,,0,,,None,Unavailable,NoWallUnderCrosshair,,,,"only 0 valid depth samples under crosshair (0 no-data, 193 out-of-range, 248 low-confidence)",0,,,None,Unavailable,NoWallInView,,,,0.12754643,1.10890627,-0.130820364,0.105236426,-0.300176084,0.00860452652,0.948021948,0,0,0,0,0,0,284775.899422875,284775.899422875,0.032225676986854523
12.472886871858417,ac3ae122,SessionTracking,Tracking,30.07739,30.1913586,1,0.037165416986681521,0.7872222,4.294653,1,160x90 DepthUint16,"centre=7766 min=478 max=13884 hex=26ED 1209 1E56 1A67 16B0","centre=6581 min=5229 max=14308 hex=1740 1764 19B5 2183 1621",0,0,0,,0,,,None,Unavailable,NoWallUnderCrosshair,,,,"only 0 valid depth samples under crosshair (0 no-data, 219 out-of-range, 222 low-confidence)",0,,,None,Unavailable,NoWallInView,,,,0.131292954,1.10804987,-0.130964965,0.106018946,-0.29759416,0.008450032,0.9487499,0,0,0,0,0,0,284775.932749959,284775.932749959,0.037106509989826009
12.50573525687555,ac3ae122,SessionTracking,Tracking,30.0704346,30.1913586,1,0.032245467999018729,0.7873611,3.71631956,1,160x90 DepthUint16,"centre=7775 min=480 max=13847 hex=26EF 120B 1E5F 1B3A 1610","centre=6764 min=5179 max=15643 hex=1782 17B1 1A6C 2115 161F",0,0,0,,0,,,None,Unavailable,NoWallUnderCrosshair,,,,"only 0 valid depth samples under crosshair (0 no-data, 194 out-of-range, 247 low-confidence)",0,,,None,Unavailable,NoWallInView,,,,0.135183558,1.10722756,-0.1313139,0.106349789,-0.2947901,0.00794568751,0.949592233,0,0,0,0,0,0,284775.96607704205,284775.96607704205,0.032192395010497421
12.536963173878529,ac3ae122,SessionTracking,Tracking,30.07449,30.1913586,1,0.030701719020726159,0.7835417,3.94993067,1,160x90 DepthUint16,"centre=7611 min=482 max=18542 hex=26F0 120D 1DBB 19F4 1504","centre=6675 min=5086 max=14628 hex=1781 179C 1A13 22BB 15DF",0,0,0,,0,,,None,Unavailable,NoWallUnderCrosshair,,,,"only 0 valid depth samples under crosshair (0 no-data, 220 out-of-range, 221 low-confidence)",0,,,None,Unavailable,NoWallInView,,,,0.1391696,1.10647225,-0.1317671,0.106589995,-0.291682124,0.007581681,0.950527549,0,0,0,0,0,0,284775.99940412503,284775.99940412503,0.030648125015432015
12.572550829870078,ac3ae122,SessionTracking,Tracking,30.07833,30.1913586,1,0.035049322992563248,0.785625,4.284375,1,160x90 DepthUint16,"centre=7324 min=462 max=14000 hex=0000 11F9 1C9C 17A7 11C0","centre=5824 min=5189 max=24850 hex=1624 1647 16C0 1617 2540",0,0,0,,0,,,None,Unavailable,NoWallUnderCrosshair,,,,"only 0 valid depth samples under crosshair (0 no-data, 231 out-of-range, 210 low-confidence)",0,,,None,Unavailable,NoWallInView,,,,0.122941576,1.11013174,-0.117754661,0.107120544,-0.287592143,0.00770747662,0.9517124,0,0,0,0,0,0,284776.03278422804,284776.03278422804,0.034997448005015031
12.608760360852965,ac3ae122,SessionTracking,Tracking,30.0741863,30.1913586,1,0.035270519991172478,0.8477778,3.76402783,1,160x90 DepthUint16,"centre=8227 min=463 max=15249 hex=0000 1C70 2023 18C2 12FB","centre=6413 min=5292 max=27523 hex=1A31 1A31 190D 170B 331B",0,0,0,,0,,,None,Unavailable,NoWallUnderCrosshair,,,,"only 0 valid depth samples under crosshair (0 no-data, 132 out-of-range, 309 low-confidence)",0,,,None,Unavailable,NoWallInView,,,,0.126874462,1.10955143,-0.117695108,0.107436344,-0.2854556,0.00748068141,0.9523217,0,0,0,0,0,0,284776.066111311,284776.066111311,0.0352029679925181
12.636717548876685,ac3ae122,SessionTracking,Tracking,30.0722828,30.1913586,1,0.027336510014720261,0.841875,3.58909726,1,160x90 DepthUint16,"centre=8134 min=466 max=21615 hex=0000 2173 1FC6 18C3 12BA","centre=6484 min=5388 max=29867 hex=1B48 1B22 1954 17C7 319A",0,0,0,,0,,,None,Unavailable,NoWallUnderCrosshair,,,,"only 0 valid depth samples under crosshair (0 no-data, 132 out-of-range, 309 low-confidence)",0,,,None,Unavailable,NoWallInView,,,,0.131181732,1.10891771,-0.117552884,0.107222743,-0.284507424,0.007269144,0.9526311,0,0,0,0,0,0,284776.099438394,284776.099438394,0.027259844006039202
12.675562965879134,ac3ae122,SessionTracking,Tracking,30.075367,30.1913586,1,0.038397813012124971,0.8404861,4.67104149,1,160x90 DepthUint16,"centre=8103 min=467 max=15217 hex=0000 1BC4 1FA7 11E0 127E","centre=7476 min=5290 max=29210 hex=220D 2147 1D34 189E 23F5",0,0,0,,0,,,None,Unavailable,NoWallUnderCrosshair,,,,"only 0 valid depth samples under crosshair (0 no-data, 145 out-of-range, 296 low-confidence)",0,,,None,Unavailable,NoWallInView,,,,0.1342586,1.1075151,-0.117191516,0.107151568,-0.283270448,0.007256509,0.953007758,0,0,0,0,0,0,284776.13284393103,284776.13284393103,0.038356980017852038
12.704804423868108,ac3ae122,SessionTracking,Tracking,30.07037,30.1913586,1,0.028313021000940353,0.8852083,3.57854176,1,160x90 DepthUint16,"centre=7543 min=469 max=17309 hex=02CA 1E2C 1D77 119C 1280","centre=6220 min=5434 max=29387 hex=169F 16D5 184C 1895 2C63",0,0,0,,0,,,None,Unavailable,NoWallUnderCrosshair,,,,"only 0 valid depth samples under crosshair (0 no-data, 97 out-of-range, 344 low-confidence)",0,,,None,Unavailable,NoWallInView,,,,0.139220864,1.10673487,-0.116656318,0.107260972,-0.284439027,0.006455362,0.95265305,0,0,0,0,0,0,284776.166171014,284776.166171014,0.028211302007548511
12.736172496856806,ac3ae122,SessionTracking,Tracking,30.0749588,30.1913586,1,0.030859322985634208,0.8888889,4.779375,1,160x90 DepthUint16,"centre=7488 min=472 max=17338 hex=02CC 1DA8 1D40 1262 12EA","centre=6086 min=4976 max=24134 hex=16E3 1703 17C6 189B 2322",0,0,0,,0,,,None,Unavailable,NoWallUnderCrosshair,,,,"only 0 valid depth samples under crosshair (0 no-data, 105 out-of-range, 336 low-confidence)",0,,,None,Unavailable,NoWallInView,,,,0.144391343,1.10592222,-0.116272472,0.106789611,-0.285975665,0.005571038,0.9522515,0,0,0,0,0,0,284776.199498097,284776.199498097,0.030801718996372074
12.767913850860122,ac3ae122,SessionTracking,Tracking,30.07131,30.1913586,1,0.031204270984744653,0.8896528,4.446875,1,160x90 DepthUint16,"centre=7385 min=447 max=17306 hex=0000 1CFD 1CD9 13F1 1442","centre=5034 min=4209 max=11076 hex=13E9 13D3 13AA 1764 14C3",0,0,0,,0,,,None,Unavailable,NoWallUnderCrosshair,,,,"only 0 valid depth samples under crosshair (0 no-data, 93 out-of-range, 348 low-confidence)",0,,,None,Unavailable,NoWallInView,,,,0.126167461,1.11367357,-0.103343166,0.106684476,-0.285390824,0.00575816631,0.9524376,0,0,0,0,0,0,284776.23277541803,284776.23277541803,0.031150155991781503
12.8054804128687,ac3ae122,SessionTracking,Tracking,30.0782852,30.1913586,1,0.0370447910099756,0.9159028,3.979861,1,160x90 DepthUint16,"centre=5804 min=454 max=17290 hex=02BB 1C06 16AC 156B 127E","centre=4666 min=2806 max=11260 hex=0B1E 0C30 123A 1AD9 15E4",0,0,0,,0,,,None,Unavailable,NoWallUnderCrosshair,,,,"only 0 valid depth samples under crosshair (0 no-data, 55 out-of-range, 386 low-confidence)",0,,,None,Unavailable,NoWallInView,,,,0.1306123,1.11304867,-0.102483913,0.107358783,-0.2851661,0.00570631027,0.9524295,0,0,0,0,0,0,284776.266102501,284776.266102501,0.03684328100644052
12.836444058854749,ac3ae122,SessionTracking,Tracking,30.071516,30.1913586,1,0.030305936990771443,0.9135417,3.66631937,1,160x90 DepthUint16,"centre=5805 min=456 max=17213 hex=02BC 1C65 16AD 158D 133C","centre=4541 min=2673 max=11679 hex=0AA2 0BBA 11BD 1B3D 176D",0,0,0,,0,,,None,Unavailable,NoWallUnderCrosshair,,,,"only 0 valid depth samples under crosshair (0 no-data, 51 out-of-range, 390 low-confidence)",0,,,None,Unavailable,NoWallInView,,,,0.135100156,1.11247075,-0.1017719,0.107933268,-0.284092635,0.00562557625,0.9526858,0,0,0,0,0,0,284776.299429584,284776.299429584,0.030240052001317963
12.868277235879713,ac3ae122,SessionTracking,Tracking,30.074028,30.1913586,1,0.031122552027227357,0.9167361,3.61777782,1,160x90 DepthUint16,"centre=5787 min=425 max=17222 hex=02AA 1C1D 169B 155B 12D6","centre=3648 min=2579 max=7636 hex=0A60 0B29 0E40 1172 1028",0,0,0,,0,,,None,Unavailable,NoWallUnderCrosshair,,,,"only 0 valid depth samples under crosshair (0 no-data, 45 out-of-range, 396 low-confidence)",0,,,None,Unavailable,NoWallInView,,,,0.1145231,1.122821,-0.09118672,0.108209766,-0.280711144,0.0055411756,0.9536568,0,0,0,0,0,0,284776.333985359,284776.333985359,0.031083489011507481
12.905137756860267,ac3ae122,SessionTracking,Tracking,30.0741119,30.1913586,1,0.036277290986618027,0.9290278,2.96145844,1,160x90 DepthUint16,"centre=6310 min=438 max=16743 hex=02AC 1797 18A6 16E8 12E4","centre=3507 min=2455 max=8372 hex=09DC 0A8D 0DB3 10E2 0FF3",0,0,0,,0,,,None,Unavailable,NoWallUnderCrosshair,,,,"only 0 valid depth samples under crosshair (0 no-data, 47 out-of-range, 394 low-confidence)",0,,,None,Unavailable,NoWallInView,,,,0.118264541,1.12271976,-0.09054682,0.108892307,-0.276994973,0.005148024,0.9546674,0,0,0,0,0,0,284776.36731244205,284776.36731244205,0.036205468990374357
12.936293225872713,ac3ae122,SessionTracking,Tracking,30.0726643,30.1913586,1,0.030664323014207184,0.9257639,3.16972232,1,160x90 DepthUint16,"centre=6083 min=439 max=20416 hex=1E6B 17A5 17C3 1621 12CE","centre=3467 min=2172 max=9336 hex=08CC 09B2 0D8B 1146 10DB",0,0,0,,0,,,None,Unavailable,NoWallUnderCrosshair,,,,"only 0 valid depth samples under crosshair (0 no-data, 51 out-of-range, 390 low-confidence)",0,,,None,Unavailable,NoWallInView,,,,0.122349449,1.12260234,-0.08993434,0.10892278,-0.274907976,0.00470975041,0.9552692,0,0,0,0,0,0,284776.40063952503,284776.40063952503,0.030624427017755806
12.968714892855996,ac3ae122,SessionTracking,Tracking,30.0733185,30.1913586,1,0.031953072990290821,0.9270833,3.42319441,1,160x90 DepthUint16,"centre=6141 min=440 max=20397 hex=1E68 1770 17FD 1695 12E8","centre=4423 min=2599 max=7005 hex=0A4F 0B6D 1147 1536 1296",0,0,0,,0,,,None,Unavailable,NoWallUnderCrosshair,,,,"only 0 valid depth samples under crosshair (0 no-data, 57 out-of-range, 384 low-confidence)",0,,,None,Unavailable,NoWallInView,,,,0.121578746,1.1248225,-0.0902693,0.109264627,-0.275945425,0.00466775941,0.9549312,0,0,0,0,0,0,284776.431060698,284776.431060698,0.031913385988445953
13.006409892862347,ac3ae122,SessionTracking,Tracking,30.0726814,29.8180923,1,0.037200157006736845,0.929097235,3.31229162,1,160x90 DepthUint16,"centre=7377 min=442 max=17258 hex=0318 19D1 1CD1 1704 12E7","centre=4202 min=2420 max=7356 hex=0999 0AA1 106A 13DC 12A4",0,0,0,,0,,,None,Unavailable,NoWallUnderCrosshair,,,,"only 0 valid depth samples under crosshair (0 no-data, 58 out-of-range, 383 low-confidence)",0,,,None,Unavailable,NoWallInView,,,,0.126478,1.12470818,-0.0889845043,0.109434627,-0.2799438,0.00428283261,0.953749061,0,0,0,0,0,0,284776.464272655,284776.464272655,0.037161093991016969
13.037924423863796,ac3ae122,SessionTracking,Tracking,30.0734558,29.8180923,1,0.030949792009778321,0.947430551,3.389861,1,160x90 DepthUint16,"centre=7289 min=445 max=16949 hex=0320 1C76 1C79 1585 131B","centre=4166 min=2755 max=7906 hex=0ADF 0BA3 1046 13F5 11C4",0,0,0,,0,,,None,Unavailable,NoWallUnderCrosshair,,,,"only 0 valid depth samples under crosshair (0 no-data, 87 out-of-range, 354 low-confidence)",0,,,None,Unavailable,NoWallInView,,,,0.131697059,1.12448907,-0.08772482,0.108709112,-0.284896374,0.004152417,0.952365041,0,0,0,0,0,0,284776.497599738,284776.497599738,0.030908229004126042
13.06953541287562,ac3ae122,SessionTracking,Tracking,30.0731964,29.8180923,1,0.031133073003729805,0.9502778,3.15625,1,160x90 DepthUint16,"centre=7082 min=440 max=16974 hex=064C 1B09 1BAA 1747 143E","centre=3800 min=2662 max=10071 hex=0AAC 0B7A 0ED8 1451 17BE",0,0,0,,0,,,None,Unavailable,NoWallUnderCrosshair,,,,"only 0 valid depth samples under crosshair (0 no-data, 91 out-of-range, 350 low-confidence)",0,,,None,Unavailable,NoWallInView,,,,0.124810323,1.12789321,-0.08547513,0.10887628,-0.289714426,0.00482726144,0.950888157,0,0,0,0,0,0,284776.530125661,284776.530125661,0.031086823000805452
13.108670985870912,ac3ae122,SessionTracking,Tracking,30.073328,29.8180923,1,0.038603073015110567,0.951111138,3.21631956,1,160x90 DepthUint16,"centre=5252 min=444 max=17013 hex=0F1B 138D 1484 14CE 1624","centre=3709 min=2611 max=9926 hex=0A80 0B44 0E7D 12DA 162B",0,0,0,,0,,,None,Unavailable,NoWallUnderCrosshair,,,,"only 0 valid depth samples under crosshair (0 no-data, 94 out-of-range, 347 low-confidence)",0,,,None,Unavailable,NoWallInView,,,,0.129756719,1.12788951,-0.084250994,0.108826123,-0.294597119,0.0044713323,0.9493943,0,0,0,0,0,0,284776.56345274404,284776.56345274404,0.038552500016521662
13.147880464871331,ac3ae122,SessionTracking,Tracking,30.0728626,29.8180923,1,0.038676978991134092,0.94972223,3.41048622,1,160x90 DepthUint16,"centre=5255 min=447 max=17057 hex=1339 136C 1487 14C5 1675","centre=4151 min=2631 max=10226 hex=0AA3 0BBB 1037 135B 17DB",0,0,0,,0,,,None,Unavailable,NoWallUnderCrosshair,,,,"only 0 valid depth samples under crosshair (0 no-data, 110 out-of-range, 331 low-confidence)",0,,,None,Unavailable,NoWallInView,,,,0.134594917,1.12790263,-0.08327245,0.108306013,-0.298390269,0.00443607569,0.948268652,0,0,0,0,0,0,284776.596779827,284776.596779827,0.038620884995907545
13.170119267880136,ac3ae122,SessionTracking,Tracking,30.0724525,29.8180923,1,0.020763386011822149,0.9592361,3.23486114,1,160x90 DepthUint16,"centre=5960 min=433 max=18028 hex=0ADF 0D5B 1748 14EB 1662","centre=3258 min=2194 max=3408 hex=08AA 0952 0CBA 0CAC 0C2E",0,0,0,,0,,,None,Unavailable,NoWallUnderCrosshair,,,,"only 0 valid depth samples under crosshair (0 no-data, 27 out-of-range, 414 low-confidence)",0,,,None,Unavailable,NoWallInView,,,,0.104426719,1.13616741,-0.07925545,0.1071595,-0.3006301,0.00529474067,0.947686851,0,0,0,0,0,0,284776.628173172,284776.628173172,0.020686198025941849
13.201938225879484,ac3ae122,SessionTracking,Tracking,30.0707531,29.8180923,1,0.031228698004269972,0.96097225,3.135764,1,160x90 DepthUint16,"centre=6070 min=434 max=16902 hex=0D0D 0E02 17B6 173E 168D","centre=3066 min=2102 max=3236 hex=0851 08E8 0BFA 0C3F 0BF6",0,0,0,,0,,,None,Unavailable,NoWallUnderCrosshair,,,,"only 0 valid depth samples under crosshair (0 no-data, 16 out-of-range, 425 low-confidence)",0,,,None,Unavailable,NoWallInView,,,,0.108163968,1.13645411,-0.0785293,0.106862888,-0.302534759,0.005419731,0.947113335,0,0,0,0,0,0,284776.661500255,284776.661500255,0.031126979010878131
13.239331089854158,ac3ae122,SessionTracking,Tracking,30.0734634,29.8180923,1,0.036771874991245568,0.962430537,3.351389,1,160x90 DepthUint16,"centre=6065 min=435 max=18181 hex=0F4F 0F0D 17B1 184B 16D7","centre=3096 min=2120 max=3278 hex=0860 08FA 0C18 0C43 0BEF",0,0,0,,0,,,None,Unavailable,NoWallUnderCrosshair,,,,"only 0 valid depth samples under crosshair (0 no-data, 22 out-of-range, 419 low-confidence)",0,,,None,Unavailable,NoWallInView,,,,0.112123743,1.1367327,-0.07767196,0.106689751,-0.305133551,0.00499066757,0.9463012,0,0,0,0,0,0,284776.69482733804,284776.69482733804,0.03669176998664625
13.269219266853678,ac3ae122,SessionTracking,Tracking,30.0737858,29.8180923,1,0.029366769973421469,0.970069468,3.17486119,1,160x90 DepthUint16,"centre=6815 min=412 max=20978 hex=21DD 0B15 1A9F 1C26 1711","centre=3447 min=1611 max=6902 hex=0687 07CB 0D77 10BD 1370",0,0,0,,0,,,None,Unavailable,NoWallUnderCrosshair,,,,"only 0 valid depth samples under crosshair (0 no-data, 9 out-of-range, 432 low-confidence)",0,,,None,Unavailable,NoWallInView,,,,0.0768245459,1.14385867,-0.07347142,0.107149057,-0.3084132,0.00582671165,0.945180655,0,0,0,0,0,0,284776.727635592,284776.727635592,0.029120311985025182
13.303282496860401,ac3ae122,SessionTracking,Tracking,30.0741425,29.8180923,1,0.03359911500592716,0.9690972,3.18597221,1,160x90 DepthUint16,"centre=6264 min=411 max=16898 hex=1FBD 0974 1878 1C7F 16F8","centre=3415 min=1618 max=6814 hex=06A1 07E7 0D57 10D4 1380",0,0,0,,0,,,None,Unavailable,NoWallUnderCrosshair,,,,"only 0 valid depth samples under crosshair (0 no-data, 11 out-of-range, 430 low-confidence)",0,,,None,Unavailable,NoWallInView,,,,0.08001551,1.14437211,-0.0725998655,0.107194088,-0.312868148,0.005667508,0.9437112,0,0,0,0,0,0,284776.76096267503,284776.76096267503,0.0335548959847074
13.334360621861332,ac3ae122,SessionTracking,Tracking,30.0733814,29.8180923,1,0.030393749999348074,0.9693056,3.26527786,1,160x90 DepthUint16,"centre=6364 min=411 max=20982 hex=1C71 0C73 18DC 1C79 12B0","centre=3399 min=1616 max=6772 hex=0697 07D9 0D47 1095 1398",0,0,0,,0,,,None,Unavailable,NoWallUnderCrosshair,,,,"only 0 valid depth samples under crosshair (0 no-data, 12 out-of-range, 429 low-confidence)",0,,,None,Unavailable,NoWallInView,,,,0.0835173354,1.14481664,-0.07186407,0.106220372,-0.3180676,0.00560155557,0.9420822,0,0,0,0,0,0,284776.794289758,284776.794289758,0.030320468998979777
13.370098225880565,ac3ae122,SessionTracking,Tracking,30.0714722,29.8180923,1,0.035221198020735756,0.97326386,2.85215282,1,160x90 DepthUint16,"centre=4625 min=431 max=14531 hex=0C0E 0B7B 1211 19C2 129C","centre=3530 min=1683 max=25479 hex=072A 0829 0DCA 14CF 434B",0,0,0,,0,,,None,Unavailable,NoWallUnderCrosshair,,,,"only 0 valid depth samples under crosshair (0 no-data, 16 out-of-range, 425 low-confidence)",0,,,None,Unavailable,NoWallInView,,,,0.05138053,1.15373111,-0.07076815,0.106119759,-0.323034346,0.006943733,0.94039315,0,0,0,0,0,0,284776.827576739,284776.827576739,0.035176042001694441
13.401659371876075,ac3ae122,SessionTracking,Tracking,30.0724316,29.8180923,1,0.030941302014980465,0.9714583,2.79729176,1,160x90 DepthUint16,"centre=5832 min=432 max=14824 hex=0C17 0C01 16C8 199A 136E","centre=3531 min=1703 max=25513 hex=076D 0870 0DCB 13D1 4E90",0,0,0,,0,,,None,Unavailable,NoWallUnderCrosshair,,,,"only 0 valid depth samples under crosshair (0 no-data, 19 out-of-range, 422 low-confidence)",0,,,None,Unavailable,NoWallInView,,,,0.0538928434,1.15422547,-0.07002792,0.105876967,-0.3284778,0.006137967,0.9385386,0,0,0,0,0,0,284776.860903822,284776.860903822,0.030858490004902706
13.434799423869617,ac3ae122,SessionTracking,Tracking,30.074049,29.8180923,1,0.032678385992767289,0.9696528,2.67118049,1,160x90 DepthUint16,"centre=5992 min=433 max=20750 hex=0CB7 0C13 1768 196D 0730","centre=3526 min=1711 max=27845 hex=0798 08A9 0DC6 122E 562F",0,0,0,,0,,,None,Unavailable,NoWallUnderCrosshair,,,,"only 0 valid depth samples under crosshair (0 no-data, 11 out-of-range, 430 low-confidence)",0,,,None,Unavailable,NoWallInView,,,,0.0564294346,1.15454292,-0.0695504844,0.104733519,-0.3335401,0.00546619343,0.9368842,0,0,0,0,0,0,284776.894230905,284776.894230905,0.032627448003040627
13.471357860856141,ac3ae122,SessionTracking,Tracking,30.0752316,29.8180923,1,0.036030780989676714,0.968472242,4.00381947,1,160x90 DepthUint16,"centre=3841 min=449 max=14443 hex=03CD 0B66 0F01 1A1C 1844","centre=3302 min=1682 max=3821 hex=06F1 07EE 0CE6 0E8C 0ED6",0,0,0,,0,,,None,Unavailable,NoWallUnderCrosshair,,,,"only 0 valid depth samples under crosshair (0 no-data, 0 out-of-range, 441 low-confidence)",0,,,None,Unavailable,NoWallInView,,,,0.0488884337,1.15516376,-0.06965935,0.101857655,-0.3396975,0.005182177,0.9349886,0,0,0,0,0,0,284776.928318158,284776.928318158,0.035980363987619057
13.503769787864211,ac3ae122,SessionTracking,Tracking,30.0725288,29.8180923,1,0.031735780998133123,0.9598611,3.71048617,1,160x90 DepthUint16,"centre=3867 min=450 max=14464 hex=040B 0B9E 0F1B 1A77 14AA","centre=3349 min=1683 max=3963 hex=06FC 0805 0D15 0EED 0F4F",0,0,0,,0,,,None,Unavailable,NoWallUnderCrosshair,,,,"only 0 valid depth samples under crosshair (0 no-data, 0 out-of-range, 441 low-confidence)",0,,,None,Unavailable,NoWallInView,,,,0.051138334,1.15556,-0.06958993,0.100774549,-0.343716919,0.00461637974,0.93363905,0,0,0,0,0,0,284776.96176036703,284776.96176036703,0.031635728984838352
13.535084579859312,ac3ae122,SessionTracking,Tracking,30.0740223,29.8180923,1,0.030815520993201062,0.956944466,4.13069439,1,160x90 DepthUint16,"centre=4299 min=457 max=14461 hex=0409 0B9F 10CB 1B3D 14B0","centre=3386 min=1681 max=3991 hex=0701 080F 0D3A 0F11 0F6D",0,0,0,,0,,,None,Unavailable,NoWallUnderCrosshair,,,,"only 0 valid depth samples under crosshair (0 no-data, 0 out-of-range, 441 low-confidence)",0,,,None,Unavailable,NoWallInView,,,,0.0529901981,1.15616775,-0.06969769,0.100574963,-0.3457568,0.005158693,0.9329043,0,0,0,0,0,0,284776.99508745,284776.99508745,0.030766822979785502
13.574240048873389,ac3ae122,SessionTracking,Tracking,30.0767212,29.8180923,1,0.038658334000501782,0.951805532,3.828264,1,160x90 DepthUint16,"centre=4438 min=450 max=14609 hex=0405 0BCD 1156 1B93 14B7","centre=3359 min=1603 max=7117 hex=06B1 07D9 0D1F 133D 15DB",0,0,0,,0,,,None,Unavailable,NoWallUnderCrosshair,,,,"only 0 valid depth samples under crosshair (0 no-data, 0 out-of-range, 441 low-confidence)",0,,,None,Unavailable,NoWallInView,,,,0.0549541637,1.1517719,-0.0672693551,0.09956458,-0.348599881,0.005415976,0.931952655,0,0,0,0,0,0,284777.029380968,284777.029380968,0.038613750017248094
13.605526402875466,ac3ae122,SessionTracking,Tracking,30.0712967,29.8180923,1,0.030687240010593086,0.9494445,4.167986,1,160x90 DepthUint16,"centre=4416 min=451 max=14462 hex=0408 0BD5 1140 1BC1 168D","centre=3579 min=1637 max=7748 hex=06E8 0826 0DFB 15C2 18C5",0,0,0,,0,,,None,Unavailable,NoWallUnderCrosshair,,,,"only 0 valid depth samples under crosshair (0 no-data, 0 out-of-range, 441 low-confidence)",0,,,None,Unavailable,NoWallInView,,,,0.05705092,1.15225422,-0.06752114,0.0999125838,-0.350371361,0.005489856,0.931250334,0,0,0,0,0,0,284777.062708051,284777.062708051,0.03062531299656257
13.636823381871135,ac3ae122,SessionTracking,Tracking,30.0726814,29.8180923,1,0.0308001039957162,0.942569435,3.926389,1,160x90 DepthUint16,"centre=4422 min=496 max=14741 hex=04BD 0995 1146 1BC0 1815","centre=3462 min=1643 max=7446 hex=0702 0825 0D86 158A 1841",0,0,0,,0,,,None,Unavailable,NoWallUnderCrosshair,,,,"only 0 valid depth samples under crosshair (0 no-data, 0 out-of-range, 441 low-confidence)",0,,,None,Unavailable,NoWallInView,,,,0.05938913,1.15269732,-0.06767878,0.100239,-0.353145868,0.00543201,0.930167,0,0,0,0,0,0,284777.096035134,284777.096035134,0.030747707991395146
13.668398589877096,ac3ae122,SessionTracking,Tracking,30.0736675,29.8180923,1,0.031052291014930233,0.926458359,3.89145827,1,160x90 DepthUint16,"centre=4531 min=448 max=16426 hex=07D0 0965 11B3 1678 1508","centre=3400 min=1739 max=4021 hex=0745 0848 0D48 0F23 0F80",0,0,0,,0,,,None,Unavailable,NoWallUnderCrosshair,,,,"only 0 valid depth samples under crosshair (0 no-data, 0 out-of-range, 441 low-confidence)",0,,,None,Unavailable,NoWallInView,,,,0.0543479547,1.15067339,-0.06945761,0.0997442,-0.35821867,0.005261183,0.9282795,0,0,0,0,0,0,284777.12991693104,284777.12991693104,0.031003177020465955
13.707644579865654,ac3ae122,SessionTracking,Tracking,30.07033,29.8180923,1,0.0386934379930608,0.916180551,3.90493059,1,160x90 DepthUint16,"centre=4693 min=450 max=16476 hex=0AEC 09F3 1255 178B 1509","centre=3399 min=1771 max=4010 hex=0767 0865 0D47 0F1E 0F7D",0,0,0,,0,,,None,Unavailable,NoWallUnderCrosshair,,,,"only 0 valid depth samples under crosshair (0 no-data, 0 out-of-range, 441 low-confidence)",0,,,None,Unavailable,NoWallInView,,,,0.0569164455,1.15096974,-0.07004583,0.09919641,-0.361840785,0.005565912,0.9269306,0,0,0,0,0,0,284777.163244014,284777.163244014,0.038638594007352367
13.741153016852831,ac3ae122,SessionTracking,Tracking,30.0739136,29.8180923,1,0.033023488998878747,0.9109028,3.8864584,1,160x90 DepthUint16,"centre=4700 min=452 max=16509 hex=0BFE 0AB3 125C 1817 18A7","centre=3467 min=1811 max=4184 hex=079A 089B 0D8B 0FA0 1012",0,0,0,,0,,,None,Unavailable,NoWallUnderCrosshair,,,,"only 0 valid depth samples under crosshair (0 no-data, 0 out-of-range, 441 low-confidence)",0,,,None,Unavailable,NoWallInView,,,,0.0593502671,1.15127742,-0.07075958,0.0992159545,-0.363933116,0.00564518524,0.9261085,0,0,0,0,0,0,284777.196571097,284777.196571097,0.032980572985252365
13.770409579875331,ac3ae122,SessionTracking,Tracking,30.0724716,29.8180923,1,0.028783386020222679,0.908125,4.03145838,1,160x90 DepthUint16,"centre=4378 min=452 max=14423 hex=0C3B 0ADE 111A 17FF 18AC","centre=3471 min=1765 max=4241 hex=0763 086E 0D8F 0FD3 105F",0,0,0,,0,,,None,Unavailable,NoWallUnderCrosshair,,,,"only 0 valid depth samples under crosshair (0 no-data, 0 out-of-range, 441 low-confidence)",0,,,None,Unavailable,NoWallInView,,,,0.06373843,1.15043306,-0.06883274,0.100106627,-0.365143865,0.0049380064,0.92554,0,0,0,0,0,0,284777.230379524,284777.230379524,0.02874109402182512
13.806702443855965,ac3ae122,SessionTracking,Tracking,30.0725288,29.8180923,1,0.035751717980019748,0.90847224,4.087153,1,160x90 DepthUint16,"centre=4704 min=502 max=16537 hex=0D0F 0AC1 1260 17F5 18AE","centre=3508 min=1781 max=4311 hex=0779 0885 0DB4 100C 10A2",0,0,0,,0,,,None,Unavailable,NoWallUnderCrosshair,,,,"only 0 valid depth samples under crosshair (0 no-data, 0 out-of-range, 441 low-confidence)",0,,,None,Unavailable,NoWallInView,,,,0.06607085,1.15072584,-0.0698218346,0.100214846,-0.365006536,0.00486722635,0.9255828,0,0,0,0,0,0,284777.26370660705,284777.26370660705,0.035709217976545915
13.836567495854023,ac3ae122,SessionTracking,Tracking,30.0718861,29.8180923,1,0.029283644980750978,0.931041658,4.29965258,1,160x90 DepthUint16,"centre=4647 min=462 max=14945 hex=1D0C 0A8D 1227 1810 18AB","centre=3506 min=1699 max=4332 hex=06FC 0815 0DB2 1005 1094",0,0,0,,0,,,None,Unavailable,NoWallUnderCrosshair,,,,"only 0 valid depth samples under crosshair (0 no-data, 0 out-of-range, 441 low-confidence)",0,,,None,Unavailable,NoWallInView,,,,0.06841199,1.15113926,-0.0708494261,0.10062737,-0.364707,0.00493452,0.9256558,0,0,0,0,0,0,284777.29703369003,284777.29703369003,0.029232134984340519
13.868656454861547,ac3ae122,SessionTracking,Tracking,30.0711117,29.8180923,1,0.031588749989168718,0.9220833,3.226736,1,160x90 DepthUint16,"centre=4190 min=448 max=14939 hex=0EE2 0AE5 105E 1820 17DA","centre=3394 min=1730 max=4005 hex=0717 0819 0D42 0F37 0F8B",0,0,0,,0,,,None,Unavailable,NoWallUnderCrosshair,,,,"only 0 valid depth samples under crosshair (0 no-data, 0 out-of-range, 441 low-confidence)",0,,,None,Unavailable,NoWallInView,,,,0.0653104,1.149407,-0.07178917,0.101001814,-0.36503616,0.005087108,0.9254844,0,0,0,0,0,0,284777.330333933,284777.330333933,0.031543333985609934
13.907244995868449,ac3ae122,SessionTracking,Tracking,30.0686512,29.8180923,1,0.038108437001938,0.921388865,3.29638886,1,160x90 DepthUint16,"centre=4193 min=451 max=14956 hex=0EE7 0AFC 1061 1809 17D1","centre=3418 min=1747 max=4155 hex=0729 0828 0D5A 0F7C 0FEA",0,0,0,,0,,,None,Unavailable,NoWallUnderCrosshair,,,,"only 0 valid depth samples under crosshair (0 no-data, 0 out-of-range, 441 low-confidence)",0,,,None,Unavailable,NoWallInView,,,,0.06783454,1.14971173,-0.0731946751,0.100202136,-0.36530748,0.005458445,0.9254622,0,0,0,0,0,0,284777.36366101605,284777.36366101605,0.03805807200842537
13.9376789028674,ac3ae122,SessionTracking,Tracking,30.074194,29.8180923,1,0.02985734399408102,0.9276389,4.383264,1,160x90 DepthUint16,"centre=4680 min=454 max=14949 hex=1F70 0A6E 1248 1825 1821","centre=3381 min=1709 max=3976 hex=06FC 0801 0D35 0F1C 0F6C",0,0,0,,0,,,None,Unavailable,NoWallUnderCrosshair,,,,"only 0 valid depth samples under crosshair (0 no-data, 0 out-of-range, 441 low-confidence)",0,,,None,Unavailable,NoWallInView,,,,0.07016509,1.1499604,-0.07476705,0.09964335,-0.363997936,0.005892247,0.926035643,0,0,0,0,0,0,284777.39698809903,284777.39698809903,0.02979401100310497
13.968744579869007,ac3ae122,SessionTracking,Tracking,30.072176,29.8180923,1,0.030566302011720836,0.93972224,4.16291666,1,160x90 DepthUint16,"centre=4272 min=471 max=14891 hex=078D 0979 10B0 1925 1689","centre=5449 min=1862 max=16923 hex=07F8 09FB 1549 267A 37C1",0,0,0,,0,,,None,Unavailable,NoWallUnderCrosshair,,,,"only 0 valid depth samples under crosshair (0 no-data, 0 out-of-range, 441 low-confidence)",0,,,None,Unavailable,NoWallInView,,,,0.07320608,1.15070307,-0.07286017,0.0999486446,-0.359866261,0.005887717,0.927616239,0,0,0,0,0,0,284777.430327393,284777.430327393,0.030515624996041879
14.000197860869729,ac3ae122,SessionTracking,Tracking,30.0727348,29.8180923,1,0.030949323001550511,0.949375,3.851389,1,160x90 DepthUint16,"centre=4465 min=517 max=14454 hex=048E 09A8 1171 1BAA 170C","centre=5427 min=1849 max=17027 hex=07DC 09E8 1533 2673 380D",0,0,0,,0,,,None,Unavailable,NoWallUnderCrosshair,,,,"only 0 valid depth samples under crosshair (0 no-data, 0 out-of-range, 441 low-confidence)",0,,,None,Unavailable,NoWallInView,,,,0.07502751,1.15110278,-0.07485162,0.100477315,-0.354009748,0.00575053738,0.929810941,0,0,0,0,0,0,284777.46365447604,284777.46365447604,0.030897707998519763
14.037450620867229,ac3ae122,SessionTracking,Tracking,30.0721817,30.0667076,1,0.036681302008219063,0.9723611,4.07930565,1,160x90 DepthUint16,"centre=4521 min=349 max=14426 hex=053D 0C03 11A9 1BF7 16E2","centre=5260 min=1790 max=17191 hex=0777 096C 148C 296D 3A11",0,0,0,,0,,,None,Unavailable,NoWallUnderCrosshair,,,,"only 0 valid depth samples under crosshair (0 no-data, 0 out-of-range, 441 low-confidence)",0,,,None,Unavailable,NoWallInView,,,,0.07664017,1.15152073,-0.0772101,0.101199247,-0.346265048,0.006037414,0.932642937,0,0,0,0,0,0,284777.49698155903,284777.49698155903,0.036623541003791615
14.068729318873874,ac3ae122,SessionTracking,Tracking,30.071619,30.0667076,1,0.030753385013667867,0.977569461,4.655625,1,160x90 DepthUint16,"centre=4443 min=345 max=14405 hex=05F3 09CE 115B 1A7B 149D","centre=3567 min=1740 max=4399 hex=070A 082B 0DEF 1047 10D6",0,0,0,,0,,,None,Unavailable,NoWallUnderCrosshair,,,,"only 0 valid depth samples under crosshair (0 no-data, 0 out-of-range, 441 low-confidence)",0,,,None,Unavailable,NoWallInView,,,,0.06755068,1.1536901,-0.07883537,0.102206983,-0.339201778,0.006415516,0.935122848,0,0,0,0,0,0,284777.527581095,284777.527581095,0.030706198012921959
14.100079370858065,ac3ae122,SessionTracking,Tracking,30.071228,30.0667076,1,0.030832916003419086,0.9789583,4.519583,1,160x90 DepthUint16,"centre=2877 min=348 max=14396 hex=178B 0B23 0B3D 1AB1 1522","centre=3431 min=1638 max=4176 hex=0697 07B6 0D67 0F8E 1001",0,0,0,,0,,,None,Unavailable,NoWallUnderCrosshair,,,,"only 0 valid depth samples under crosshair (0 no-data, 0 out-of-range, 441 low-confidence)",0,,,None,Unavailable,NoWallInView,,,,0.06948469,1.15386271,-0.0808945447,0.103299417,-0.3341957,0.005680144,0.9368085,0,0,0,0,0,0,284777.56090817804,284777.56090817804,0.030788072996074334
14.140190620869316,ac3ae122,SessionTracking,Tracking,30.0722733,30.0667076,1,0.039593644993146881,0.979444444,4.589028,1,160x90 DepthUint16,"centre=1729 min=351 max=14386 hex=040D 08B3 06C1 1AC2 1542","centre=3494 min=1620 max=4340 hex=0681 07AA 0DA6 0FFC 108D",0,0,0,,0,,,None,Unavailable,NoWallUnderCrosshair,,,,"only 0 valid depth samples under crosshair (0 no-data, 0 out-of-range, 441 low-confidence)",0,,,None,Unavailable,NoWallInView,,,,0.07171975,1.15400422,-0.08288183,0.104121827,-0.33072713,0.0053538084,0.937949657,0,0,0,0,0,0,284777.59423526103,284777.59423526103,0.039544791012303904
14.172316766859648,ac3ae122,SessionTracking,Tracking,30.0736752,30.0667076,1,0.030529530980857089,0.976180553,4.24319458,1,160x90 DepthUint16,"centre=2681 min=343 max=14369 hex=05A8 0B76 0A79 1AB7 1537","centre=3512 min=1711 max=4313 hex=06E5 0801 0DB8 0FED 107D",0,0,0,,0,,,None,Unavailable,NoWallUnderCrosshair,,,,"only 0 valid depth samples under crosshair (0 no-data, 0 out-of-range, 441 low-confidence)",0,,,None,Unavailable,NoWallInView,,,,0.0453759,1.16045117,-0.09176615,0.1042765,-0.32924217,0.006208658,0.938449562,0,0,0,0,0,0,284777.6272322,284777.6272322,0.030471042002318427
14.203119787874083,ac3ae122,SessionTracking,Tracking,30.074194,30.0667076,1,0.030291875009424984,0.9806945,4.487222,1,160x90 DepthUint16,"centre=6406 min=346 max=19371 hex=061F 0A72 1906 1746 12C5","centre=3713 min=1674 max=4766 hex=06BA 07F7 0E81 1172 1230",0,0,0,,0,,,None,Unavailable,NoWallUnderCrosshair,,,,"only 0 valid depth samples under crosshair (0 no-data, 19 out-of-range, 422 low-confidence)",0,,,None,Unavailable,NoWallInView,,,,0.0470251963,1.16072464,-0.09397289,0.1049529,-0.32701084,0.00593438838,0.9391558,0,0,0,0,0,0,284777.66055928305,284777.66055928305,0.030246145994169638
14.240877443858107,ac3ae122,SessionTracking,Tracking,30.0732765,30.0667076,1,0.037247239000862464,0.9807639,4.69284725,1,160x90 DepthUint16,"centre=6915 min=349 max=19425 hex=0AB1 09C1 1B03 174B 12CB","centre=3896 min=1683 max=4884 hex=06C3 081A 0F38 1214 12B6",0,0,0,,0,,,None,Unavailable,NoWallUnderCrosshair,,,,"only 0 valid depth samples under crosshair (0 no-data, 33 out-of-range, 408 low-confidence)",0,,,None,Unavailable,NoWallInView,,,,0.04868215,1.16097748,-0.09623061,0.105963886,-0.3243085,0.00554794073,0.939981341,0,0,0,0,0,0,284777.69388636603,284777.69388636603,0.037202031002379954
14.274603641874773,ac3ae122,SessionTracking,Tracking,30.0728722,30.0667076,1,0.03316239602281712,0.9803472,4.38604164,1,160x90 DepthUint16,"centre=6110 min=326 max=15685 hex=0437 09F5 17DE 19C9 160D","centre=7962 min=1823 max=19908 hex=07B3 0B09 1F1A 3AD0 4752",0,0,0,,0,,,None,Unavailable,NoWallUnderCrosshair,,,,"only 0 valid depth samples under crosshair (0 no-data, 19 out-of-range, 422 low-confidence)",0,,,None,Unavailable,NoWallInView,,,,0.0261871032,1.168903,-0.08267976,0.108134255,-0.320283055,0.00536331534,0.9411148,0,0,0,0,0,0,284777.72657779604,284777.72657779604,0.03311864600982517
14.314474735866451,ac3ae122,SessionTracking,Tracking,30.07295,30.0667076,1,0.039247136010089889,0.981180549,3.7229166,1,160x90 DepthUint16,"centre=7824 min=348 max=24280 hex=041F 0A72 1E90 1F33 15D1","centre=8268 min=1842 max=19877 hex=07CC 0B68 204C 38BA 4581",0,0,0,,0,,,None,Unavailable,NoWallUnderCrosshair,,,,"only 0 valid depth samples under crosshair (0 no-data, 65 out-of-range, 376 low-confidence)",0,,,None,Unavailable,NoWallInView,,,,0.02710377,1.16920364,-0.0843410045,0.109161213,-0.3173237,0.005006284,0.94200027,0,0,0,0,0,0,284777.759904879,284777.759904879,0.039201042003696784
14.334389162852812,ac3ae122,SessionTracking,Tracking,30.0722027,30.0667076,1,0.014704166998853907,0.981180549,4.10131931,1,160x90 DepthUint16,"centre=7784 min=428 max=24342 hex=0404 0978 1E68 212F 1DFD","centre=8668 min=1880 max=19862 hex=07FB 0BDE 21DC 39AA 4522",0,0,0,,0,,,None,Unavailable,NoWallUnderCrosshair,,,,"only 0 valid depth samples under crosshair (0 no-data, 72 out-of-range, 369 low-confidence)",0,,,None,Unavailable,NoWallInView,,,,0.0279294364,1.16946411,-0.08621752,0.110358655,-0.313522,0.00476235151,0.943134248,0,0,0,0,0,0,284777.793231962,284777.793231962,0.014615312975365669
14.371202079862041,ac3ae122,SessionTracking,Tracking,30.072998,30.0667076,1,0.036336041986942291,0.981180549,4.376736,1,160x90 DepthUint16,"centre=5694 min=388 max=24405 hex=040E 08B3 163E 2330 19DB","centre=3942 min=1706 max=4781 hex=06D6 083A 0F66 11D0 1251",0,0,0,,0,,,None,Unavailable,NoWallUnderCrosshair,,,,"only 0 valid depth samples under crosshair (0 no-data, 84 out-of-range, 357 low-confidence)",0,,,None,Unavailable,NoWallInView,,,,0.0310626477,1.17154253,-0.08931832,0.111666441,-0.309467435,0.00462338375,0.9443194,0,0,0,0,0,0,284777.826524663,284777.826524663,0.036290260992245749
14.401501766863429,ac3ae122,SessionTracking,Tracking,30.07229,30.0667076,1,0.029767344007268548,0.981180549,4.364514,1,160x90 DepthUint16,"centre=3686 min=387 max=24471 hex=0FC3 089A 0E66 23F4 19E3","centre=4032 min=1692 max=4890 hex=06C7 083E 0FC0 1246 12C7",0,0,0,,0,,,None,Unavailable,NoWallUnderCrosshair,,,,"only 0 valid depth samples under crosshair (0 no-data, 102 out-of-range, 339 low-confidence)",0,,,None,Unavailable,NoWallInView,,,,0.0319862,1.17178583,-0.09137202,0.112669334,-0.3057223,0.004811734,0.9454186,0,0,0,0,0,0,284777.859851746,284777.859851746,0.029713489988353103
14.432762547853553,ac3ae122,SessionTracking,Tracking,30.06964,30.0667076,1,0.030728229001397267,0.979791641,3.160625,1,160x90 DepthUint16,"centre=3708 min=424 max=24025 hex=05B6 0808 0E7C 24DE 1A90","centre=3902 min=1672 max=4747 hex=06B1 0811 0F3E 11AD 1238",0,0,0,,0,,,None,Unavailable,NoWallUnderCrosshair,,,,"only 0 valid depth samples under crosshair (0 no-data, 140 out-of-range, 301 low-confidence)",0,,,None,Unavailable,NoWallInView,,,,0.03300707,1.17210257,-0.0934467763,0.113691084,-0.301958472,0.00493922876,0.946504653,0,0,0,0,0,0,284777.893178829,284777.893178829,0.030675884976517409
14.473504891872789,ac3ae122,SessionTracking,Tracking,30.0707779,30.0667076,1,0.040250312013085932,0.9785417,3.5666666,1,160x90 DepthUint16,"centre=3597 min=376 max=24081 hex=0507 077F 0E0D 238F 2ACD","centre=4010 min=1663 max=4825 hex=06A9 081D 0FAA 1217 1290",0,0,0,,0,,,None,Unavailable,NoWallUnderCrosshair,,,,"only 0 valid depth samples under crosshair (0 no-data, 143 out-of-range, 298 low-confidence)",0,,,None,Unavailable,NoWallInView,,,,0.006571658,1.16819668,-0.0610058345,0.116446055,-0.29746905,0.00474455953,0.947591662,0,0,0,0,0,0,284777.92616233503,284777.92616233503,0.040197082998929545
14.504698901865549,ac3ae122,SessionTracking,Tracking,30.0734558,30.0667076,1,0.030493436992401257,0.9770833,3.69715285,1,160x90 DepthUint16,"centre=3580 min=377 max=24174 hex=04E3 07A4 0DFC 2384 2794","centre=3856 min=1662 max=4623 hex=06A5 07FC 0F10 1145 11BC",0,0,0,,0,,,None,Unavailable,NoWallUnderCrosshair,,,,"only 0 valid depth samples under crosshair (0 no-data, 153 out-of-range, 288 low-confidence)",0,,,None,Unavailable,NoWallInView,,,,0.00746172667,1.16853464,-0.0618136674,0.117610335,-0.294130176,0.00471258163,0.9484899,0,0,0,0,0,0,284777.959489418,284777.959489418,0.03042015599203296
14.538327651875942,ac3ae122,SessionTracking,Tracking,30.0709057,30.0667076,1,0.0326030200230889,0.9781944,4.208125,1,160x90 DepthUint16,"centre=6537 min=378 max=28873 hex=0488 07A1 1989 2736 2A11","centre=4352 min=1746 max=5277 hex=0709 08A3 1100 13A3 1446",0,0,0,,0,,,None,Unavailable,NoWallUnderCrosshair,,,,"only 0 valid depth samples under crosshair (0 no-data, 57 out-of-range, 384 low-confidence)",0,,,None,Unavailable,NoWallInView,,,,0.008730687,1.16876364,-0.06262706,0.118136726,-0.2919545,0.00428050756,0.9490985,0,0,0,0,0,0,284777.992816501,284777.992816501,0.032554842997342348
14.568208068862941,ac3ae122,SessionTracking,Tracking,30.0687675,30.0667076,1,0.029366197995841503,0.9777778,3.937639,1,160x90 DepthUint16,"centre=6366 min=455 max=28893 hex=0497 079F 18DE 272A 29AF","centre=4245 min=1714 max=5101 hex=06EB 0877 1095 1304 1397",0,0,0,,0,,,None,Unavailable,NoWallUnderCrosshair,,,,"only 0 valid depth samples under crosshair (0 no-data, 69 out-of-range, 372 low-confidence)",0,,,None,Unavailable,NoWallInView,,,,0.009188417,1.16428769,-0.0491438247,0.119851716,-0.291253239,0.00404310273,0.9491,0,0,0,0,0,0,284778.02642657503,284778.02642657503,0.029322447982849553
14.604672183856518,ac3ae122,SessionTracking,Tracking,30.072567,30.0667076,1,0.035927812976296991,0.9745139,4.10993052,1,160x90 DepthUint16,"centre=6317 min=459 max=29203 hex=0490 078E 18AD 23EB 2A0F","centre=4417 min=1738 max=5375 hex=0704 08A7 1141 141B 14B8",0,0,0,,0,,,None,Unavailable,NoWallUnderCrosshair,,,,"only 0 valid depth samples under crosshair (0 no-data, 87 out-of-range, 354 low-confidence)",0,,,None,Unavailable,NoWallInView,,,,0.0105848722,1.16448307,-0.04961817,0.120349228,-0.289721131,0.003898859,0.9495065,0,0,0,0,0,0,284778.059753658,284778.059753658,0.035874635999789461
14.636463745867285,ac3ae122,SessionTracking,Tracking,30.0706387,30.0667076,1,0.031299844005843624,0.976180553,3.56645823,1,160x90 DepthUint16,"centre=6058 min=460 max=28993 hex=0490 06ED 17AA 330D 2CA1","centre=4598 min=1742 max=5286 hex=070F 08D2 11F6 143D 1486",0,0,0,,0,,,None,Unavailable,NoWallUnderCrosshair,,,,"only 0 valid depth samples under crosshair (0 no-data, 34 out-of-range, 407 low-confidence)",0,,,None,Unavailable,NoWallInView,,,,0.0120251626,1.16466773,-0.0502084121,0.120607868,-0.2878827,0.004018426,0.9500322,0,0,0,0,0,0,284778.093080741,284778.093080741,0.031256562011549249
14.668062860865529,ac3ae122,SessionTracking,Tracking,30.0701714,30.0667076,1,0.031079948006663471,0.974027753,3.77368045,1,160x90 DepthUint16,"centre=6084 min=443 max=29067 hex=0513 06EC 17C4 31A4 2D25","centre=4723 min=1819 max=5426 hex=0763 0932 1273 14BB 1503",0,0,0,,0,,,None,Unavailable,NoWallUnderCrosshair,,,,"only 0 valid depth samples under crosshair (0 no-data, 48 out-of-range, 393 low-confidence)",0,,,None,Unavailable,NoWallInView,,,,0.000499755144,1.15796983,-0.03928158,0.1222926,-0.284385741,0.00363007188,0.9508712,0,0,0,0,0,0,284778.12620748504,284778.12620748504,0.03103354200720787
14.706116193868137,ac3ae122,SessionTracking,Tracking,30.0698814,30.0667076,1,0.037534686998697,0.9729861,3.28472233,1,160x90 DepthUint16,"centre=6073 min=443 max=29121 hex=04E8 06BB 17B9 31EF 2BB4","centre=4543 min=1784 max=5149 hex=073C 08F5 11BF 13C2 13FA",0,0,0,,0,,,None,Unavailable,NoWallUnderCrosshair,,,,"only 0 valid depth samples under crosshair (0 no-data, 43 out-of-range, 398 low-confidence)",0,,,None,Unavailable,NoWallInView,,,,0.00172693282,1.15786517,-0.03924466,0.123179145,-0.2822908,0.00344979763,0.951381564,0,0,0,0,0,0,284778.159419442,284778.159419442,0.0374801559955813
14.737486297867644,ac3ae122,SessionTracking,Tracking,30.0695171,30.0667076,1,0.030655573005788028,0.9745833,3.0134027,1,160x90 DepthUint16,"centre=5415 min=456 max=30759 hex=0465 06B2 1527 3400 2948","centre=4086 min=1725 max=4904 hex=06F7 086D 0FF6 1251 12B7",0,0,0,,0,,,None,Unavailable,NoWallUnderCrosshair,,,,"only 0 valid depth samples under crosshair (0 no-data, 46 out-of-range, 395 low-confidence)",0,,,None,Unavailable,NoWallInView,,,,0.00302180275,1.15771317,-0.03926921,0.123969361,-0.280135363,0.00336074852,0.9519162,0,0,0,0,0,0,284778.192746525,284778.192746525,0.030586353997932747
14.768964787878712,ac3ae122,SessionTracking,Tracking,30.0698757,30.0667076,1,0.030915781011572108,0.9693056,3.5135417,1,160x90 DepthUint16,"centre=4991 min=513 max=30966 hex=0496 0707 137F 34DC 2955","centre=4168 min=1702 max=4959 hex=06E5 0870 1048 1298 1305",0,0,0,,0,,,None,Unavailable,NoWallUnderCrosshair,,,,"only 0 valid depth samples under crosshair (0 no-data, 69 out-of-range, 372 low-confidence)",0,,,None,Unavailable,NoWallInView,,,,0.00531984866,1.15643334,-0.0361631736,0.12562345,-0.2776259,0.00370657467,0.952433169,0,0,0,0,0,0,284778.22607409704,284778.22607409704,0.030865990003803745
14.80729588085428,ac3ae122,SessionTracking,Tracking,30.0704651,30.0667076,1,0.037786353990668431,0.964166641,3.05625,1,160x90 DepthUint16,"centre=5043 min=533 max=30728 hex=047F 0782 13B3 3580 5105","centre=4089 min=1703 max=4931 hex=06E4 085C 0FF9 1240 12A6",0,0,0,,0,,,None,Unavailable,NoWallUnderCrosshair,,,,"only 0 valid depth samples under crosshair (0 no-data, 65 out-of-range, 376 low-confidence)",0,,,None,Unavailable,NoWallInView,,,,0.006389465,1.1562978,-0.036202427,0.126709655,-0.27445364,0.00388801121,0.9532076,0,0,0,0,0,0,284778.259144361,284778.259144361,0.037730415991973132
14.837494683880276,ac3ae122,SessionTracking,Tracking,30.0713024,30.0667076,1,0.029522605007514358,0.958125,3.07791662,1,160x90 DepthUint16,"centre=5233 min=488 max=30762 hex=0413 0ADB 1471 34A4 67D7","centre=4122 min=1722 max=4974 hex=06F9 086B 101A 1267 12CD",0,0,0,,0,,,None,Unavailable,NoWallUnderCrosshair,,,,"only 0 valid depth samples under crosshair (0 no-data, 67 out-of-range, 374 low-confidence)",0,,,None,Unavailable,NoWallInView,,,,0.00746259466,1.156277,-0.03637253,0.12809968,-0.269853,0.00369462371,0.954335451,0,0,0,0,0,0,284778.292471444,284778.292471444,0.029449792025843635
14.874738901874434,ac3ae122,SessionTracking,Tracking,30.0717144,30.0667076,1,0.036727864004205912,0.9490278,3.113125,1,160x90 DepthUint16,"centre=5264 min=500 max=31699 hex=03CE 0CAB 1490 3175 69E8","centre=4155 min=1724 max=5011 hex=06FF 0877 103B 1263 12BC",0,0,0,,0,,,None,Unavailable,NoWallUnderCrosshair,,,,"only 0 valid depth samples under crosshair (0 no-data, 78 out-of-range, 363 low-confidence)",0,,,None,Unavailable,NoWallInView,,,,0.0143731795,1.15869665,-0.03704097,0.130576625,-0.2654797,0.00322103524,0.9552277,0,0,0,0,0,0,284778.32552314,284778.32552314,0.036680677003460005
14.900284266876906,ac3ae122,SessionTracking,Tracking,30.0716877,30.0667076,1,0.025011406018165872,0.9486806,2.437639,1,160x90 DepthUint16,"centre=3934 min=428 max=31856 hex=0401 0CE0 0F5E 3011 5D36","centre=3263 min=1612 max=4223 hex=067A 0772 0CBF 0EFC 0F94",0,0,0,,0,,,None,Unavailable,NoWallUnderCrosshair,,,,"only 0 valid depth samples under crosshair (0 no-data, 52 out-of-range, 389 low-confidence)",0,,,None,Unavailable,NoWallInView,,,,0.0156875625,1.15864372,-0.0370826647,0.1317288,-0.262071341,0.002536416,0.9560125,0,0,0,0,0,0,284778.358584548,284778.358584548,0.024964583019027486
14.938439370852347,ac3ae122,SessionTracking,Tracking,30.0742779,30.0667076,1,0.037654947984265164,0.945555568,2.68770838,1,160x90 DepthUint16,"centre=3999 min=445 max=31952 hex=0470 0CD1 0F9F 2FAF 4E1D","centre=3231 min=1586 max=4151 hex=065F 0758 0C9F 0EE1 0F87",0,0,0,,0,,,None,Unavailable,NoWallUnderCrosshair,,,,"only 0 valid depth samples under crosshair (0 no-data, 63 out-of-range, 378 low-confidence)",0,,,None,Unavailable,NoWallInView,,,,0.0170673653,1.15862155,-0.03716535,0.132898971,-0.258887917,0.00255444669,0.956717551,0,0,0,0,0,0,284778.39191163104,284778.39191163104,0.037608905986417085
14.970880308878758,ac3ae122,SessionTracking,Tracking,30.0712318,30.0667076,1,0.031769115012139082,0.9361111,2.99805546,1,160x90 DepthUint16,"centre=4061 min=567 max=32038 hex=0479 0C75 0FDD 2F8B 485D","centre=3315 min=1614 max=4262 hex=067E 0785 0CF3 0F37 0FCA",0,0,0,,0,,,None,Unavailable,NoWallUnderCrosshair,,,,"only 0 valid depth samples under crosshair (0 no-data, 80 out-of-range, 361 low-confidence)",0,,,None,Unavailable,NoWallInView,,,,0.0270506926,1.16271687,-0.0381190926,0.135424,-0.2568298,0.00315552973,0.956916332,0,0,0,0,0,0,284778.425189542,284778.425189542,0.031573907006531954
15.001844057863263,ac3ae122,SessionTracking,Tracking,30.07163,30.0667076,1,0.030389791005291045,0.936875,2.849375,1,160x90 DepthUint16,"centre=4421 min=422 max=32127 hex=042D 0C4E 1145 312E 4BC2","centre=2932 min=1546 max=3791 hex=0631 0701 0B74 0D85 0E2B",0,0,0,,0,,,None,Unavailable,NoWallUnderCrosshair,,,,"only 0 valid depth samples under crosshair (0 no-data, 61 out-of-range, 380 low-confidence)",0,,,None,Unavailable,NoWallInView,,,,0.0280175041,1.16257048,-0.0382482745,0.136271924,-0.253769934,0.00373610854,0.95761,0,0,0,0,0,0,284778.458516625,284778.458516625,0.03028301999438554
15.040740724877605,ac3ae122,SessionTracking,Tracking,30.0705624,29.90162,1,0.038368645997252315,0.9305556,3.178611,1,160x90 DepthUint16,"centre=5385 min=422 max=32213 hex=0405 0C46 1509 38A8 4857","centre=2929 min=1555 max=3681 hex=063B 070C 0B71 0D38 0DB9",0,0,0,,0,,,None,Unavailable,NoWallUnderCrosshair,,,,"only 0 valid depth samples under crosshair (0 no-data, 62 out-of-range, 379 low-confidence)",0,,,None,Unavailable,NoWallInView,,,,0.0290813539,1.16244316,-0.0384788625,0.136989951,-0.250702918,0.00430679368,0.95831275,0,0,0,0,0,0,284778.49184370803,284778.49184370803,0.038320729014230892
15.071807130871957,ac3ae122,SessionTracking,Tracking,30.06989,29.90162,1,0.030476665997412056,0.9228472,3.23340273,1,160x90 DepthUint16,"centre=5476 min=426 max=32271 hex=03FD 0C58 1564 38B4 3A6C","centre=2946 min=1563 max=3778 hex=0645 0715 0B82 0D81 0E09",0,0,0,,0,,,None,Unavailable,NoWallUnderCrosshair,,,,"only 0 valid depth samples under crosshair (0 no-data, 65 out-of-range, 376 low-confidence)",0,,,None,Unavailable,NoWallInView,,,,0.0351553634,1.1656003,-0.039275758,0.138524309,-0.24909775,0.0044405465,0.9585101,0,0,0,0,0,0,284778.525273505,284778.525273505,0.030415937013458461
15.106027287859387,ac3ae122,SessionTracking,Tracking,30.06964,29.90162,1,0.033704583998769522,0.920416653,3.42819452,1,160x90 DepthUint16,"centre=5060 min=426 max=32307 hex=03FC 0C68 13C4 38B7 36F7","centre=2996 min=1574 max=3677 hex=0650 0726 0BB4 0D6D 0DD8",0,0,0,,0,,,None,Unavailable,NoWallUnderCrosshair,,,,"only 0 valid depth samples under crosshair (0 no-data, 70 out-of-range, 371 low-confidence)",0,,,None,Unavailable,NoWallInView,,,,0.0365554877,1.16546071,-0.03926854,0.139028326,-0.247721776,0.00410109758,0.958795249,0,0,0,0,0,0,284778.558600588,284778.558600588,0.033651874982751906
15.134994735874852,ac3ae122,SessionTracking,Tracking,30.06726,29.90162,1,0.028340053017018363,0.9181945,3.258889,1,160x90 DepthUint16,"centre=5044 min=440 max=32329 hex=0400 0C73 13B4 40D1 35F2","centre=2973 min=1561 max=3628 hex=0642 0719 0B9D 0D46 0DAE",0,0,0,,0,,,None,Unavailable,NoWallUnderCrosshair,,,,"only 0 valid depth samples under crosshair (0 no-data, 71 out-of-range, 370 low-confidence)",0,,,None,Unavailable,NoWallInView,,,,0.0381018855,1.16533077,-0.0392416641,0.139443159,-0.246906012,0.0036709907,0.9589471,0,0,0,0,0,0,284778.591927671,284778.591927671,0.0282782300200779
15.174839318867225,ac3ae122,SessionTracking,Tracking,30.0710945,29.90162,1,0.0393029690021649,0.920069456,3.34708333,1,160x90 DepthUint16,"centre=3472 min=432 max=32298 hex=040B 0C81 0D90 3F84 3400","centre=2581 min=1536 max=2614 hex=0618 06D1 0A15 08FC 086D",0,0,0,,0,,,None,Unavailable,NoWallUnderCrosshair,,,,"only 0 valid depth samples under crosshair (0 no-data, 50 out-of-range, 391 low-confidence)",0,,,None,Unavailable,NoWallInView,,,,0.040837843,1.166645,-0.03900875,0.140449822,-0.245127484,0.00322303222,0.9592581,0,0,0,0,0,0,284778.625340576,284778.625340576,0.039256198011571541
15.205195516863522,ac3ae122,SessionTracking,Tracking,30.06876,29.90162,1,0.029720468999585137,0.9114583,3.52666664,1,160x90 DepthUint16,"centre=5493 min=431 max=32375 hex=0408 0C89 1575 391E 1BDA","centre=2586 min=1543 max=2612 hex=0621 06DD 0A1A 0892 07B0",0,0,0,,0,,,None,Unavailable,NoWallUnderCrosshair,,,,"only 0 valid depth samples under crosshair (0 no-data, 53 out-of-range, 388 low-confidence)",0,,,None,Unavailable,NoWallInView,,,,0.0418138131,1.16655052,-0.0391941257,0.140763223,-0.242154121,0.0033257904,0.9599667,0,0,0,0,0,0,284778.65866765904,284778.65866765904,0.029653125006007031
15.237849787858931,ac3ae122,SessionTracking,Tracking,30.0643,29.90162,1,0.032128697988810018,0.9022222,3.36527777,1,160x90 DepthUint16,"centre=4293 min=439 max=32468 hex=03FA 0C7D 10C5 389F 08E9","centre=2502 min=1562 max=2526 hex=063F 06ED 09C6 07E0 06E7",0,0,0,,0,,,None,Unavailable,NoWallUnderCrosshair,,,,"only 0 valid depth samples under crosshair (0 no-data, 45 out-of-range, 396 low-confidence)",0,,,None,Unavailable,NoWallInView,,,,0.042565994,1.16641116,-0.0394471139,0.1411264,-0.2385517,0.003874272,0.9608129,0,0,0,0,0,0,284778.691706928,284778.691706928,0.032074791990453377
15.274172026859514,ac3ae122,SessionTracking,Tracking,30.0681,29.90162,1,0.035796301992377266,0.894930542,3.14798617,1,160x90 DepthUint16,"centre=4011 min=694 max=32549 hex=03F2 0C1F 0FAB 3782 09FF","centre=2500 min=1531 max=2526 hex=0613 06CD 09C4 0800 0711",0,0,0,,0,,,None,Unavailable,NoWallUnderCrosshair,,,,"only 0 valid depth samples under crosshair (0 no-data, 48 out-of-range, 393 low-confidence)",0,,,None,Unavailable,NoWallInView,,,,0.0442143269,1.16642308,-0.03886602,0.1420051,-0.235531271,0.004239053,0.961426854,0,0,0,0,0,0,284778.72507461504,284778.72507461504,0.035741822997806594
15.305132130880292,ac3ae122,SessionTracking,Tracking,30.0702019,29.90162,1,0.030293802003143355,0.8784722,3.227986,1,160x90 DepthUint16,"centre=3826 min=698 max=32672 hex=0407 0BA1 0EF2 3B4E 085C","centre=2503 min=1554 max=2527 hex=0629 06E4 09C7 0819 072A",0,0,0,,0,,,None,Unavailable,NoWallUnderCrosshair,,,,"only 0 valid depth samples under crosshair (0 no-data, 50 out-of-range, 391 low-confidence)",0,,,None,Unavailable,NoWallInView,,,,0.0448824242,1.16642022,-0.03914124,0.143404484,-0.230842233,0.004851461,0.9623531,0,0,0,0,0,0,284778.758401698,284778.758401698,0.030226666014641523
15.336148276858648,ac3ae122,SessionTracking,Tracking,30.0682621,29.90162,1,0.030493593978462741,0.863680542,3.26229167,1,160x90 DepthUint16,"centre=3629 min=730 max=32822 hex=044B 0C06 0E2D 3B39 4F5C","centre=2625 min=1578 max=2650 hex=0643 0710 0A41 08BC 07FF",0,0,0,,0,,,None,Unavailable,NoWallUnderCrosshair,,,,"only 0 valid depth samples under crosshair (0 no-data, 51 out-of-range, 390 low-confidence)",0,,,None,Unavailable,NoWallInView,,,,0.0453878641,1.1663754,-0.0396603458,0.144420028,-0.224716455,0.0057173674,0.9636455,0,0,0,0,0,0,284778.791728781,284778.791728781,0.0304460939951241
15.368004214854363,ac3ae122,SessionTracking,Tracking,30.06905,29.90162,1,0.031356301973573864,0.848819435,3.07069445,1,160x90 DepthUint16,"centre=3855 min=696 max=32937 hex=04D3 0BC9 0F0F 3A97 642D","centre=2587 min=1588 max=2612 hex=064D 071A 0A1B 0896 07E1",0,0,0,,0,,,None,Unavailable,NoWallUnderCrosshair,,,,"only 0 valid depth samples under crosshair (0 no-data, 63 out-of-range, 378 low-confidence)",0,,,None,Unavailable,NoWallInView,,,,0.046643354,1.16832268,-0.0395650081,0.146091,-0.220061764,0.00576964067,0.9644672,0,0,0,0,0,0,284778.824952217,284778.824952217,0.031309687998145819
15.405844995860161,ac3ae122,SessionTracking,Tracking,30.0695915,29.90162,1,0.037283646001014858,0.8363889,3.06208324,1,160x90 DepthUint16,"centre=4304 min=696 max=33032 hex=05C5 0D68 10D0 3659 5766","centre=2579 min=1589 max=2603 hex=064F 0726 0A13 085B 07A0",0,0,0,,0,,,None,Unavailable,NoWallUnderCrosshair,,,,"only 0 valid depth samples under crosshair (0 no-data, 64 out-of-range, 377 low-confidence)",0,,,None,Unavailable,NoWallInView,,,,0.04736674,1.16804326,-0.0396658964,0.1467972,-0.215887263,0.006095112,0.9653011,0,0,0,0,0,0,284778.85799148504,284778.85799148504,0.0372346359945368
15.437282234858639,ac3ae122,SessionTracking,Tracking,30.069191,29.90162,1,0.030674270004965365,0.8217361,3.047778,1,160x90 DepthUint16,"centre=4655 min=694 max=33135 hex=0605 0D44 122F 3812 167B","centre=2572 min=1590 max=2595 hex=0650 0724 0A0C 0845 076D",0,0,0,,0,,,None,Unavailable,NoWallUnderCrosshair,,,,"only 0 valid depth samples under crosshair (0 no-data, 63 out-of-range, 378 low-confidence)",0,,,None,Unavailable,NoWallInView,,,,0.0480503067,1.16790378,-0.0398222655,0.147725344,-0.211256146,0.006395519,0.966181755,0,0,0,0,0,0,284778.890711944,284778.890711944,0.030604634986957535
15.469413745878182,ac3ae122,SessionTracking,Tracking,30.0697746,29.90162,1,0.031634792016120628,0.822430551,2.7586112,1,160x90 DepthUint16,"centre=3962 min=708 max=31729 hex=05F6 0C38 0F7A 3B1B 2286","centre=2667 min=1614 max=2721 hex=0670 073F 0A6B 0A7D 0A67",0,0,0,,0,,,None,Unavailable,NoWallUnderCrosshair,,,,"only 0 valid depth samples under crosshair (0 no-data, 59 out-of-range, 382 low-confidence)",0,,,None,Unavailable,NoWallInView,,,,0.0482381955,1.1713239,-0.03940045,0.149438158,-0.207967058,0.006354213,0.9666321,0,0,0,0,0,0,284778.923366537,284778.923366537,0.031590729020535946
15.502510724872035,ac3ae122,SessionTracking,Tracking,30.07026,29.90162,1,0.032491874997504056,0.8117361,2.995139,1,160x90 DepthUint16,"centre=3259 min=709 max=31923 hex=05F2 0C17 0CBB 3AE7 3612","centre=2653 min=1620 max=2695 hex=0676 0741 0A5D 09FC 09BB",0,0,0,,0,,,None,Unavailable,NoWallUnderCrosshair,,,,"only 0 valid depth samples under crosshair (0 no-data, 64 out-of-range, 377 low-confidence)",0,,,None,Unavailable,NoWallInView,,,,0.0491367951,1.17125452,-0.03939884,0.149493262,-0.205308154,0.00628179358,0.9671923,0,0,0,0,0,0,284778.956007293,284778.956007293,0.032439322996651754
15.537292026877321,ac3ae122,SessionTracking,Tracking,30.0709839,29.90162,1,0.034155989997088909,0.806597233,2.82875,1,160x90 DepthUint16,"centre=3260 min=716 max=31799 hex=05F0 0C19 0CBC 3AE0 3622","centre=2658 min=1625 max=2708 hex=067C 073A 0A62 0A32 0A04",0,0,0,,0,,,None,Unavailable,NoWallUnderCrosshair,,,,"only 0 valid depth samples under crosshair (0 no-data, 51 out-of-range, 390 low-confidence)",0,,,None,Unavailable,NoWallInView,,,,0.0502811074,1.171211,-0.0395077877,0.148971081,-0.203074545,0.00605562329,0.967745662,0,0,0,0,0,0,284778.989334376,284778.989334376,0.034102552017429844
15.569466089879779,ac3ae122,SessionTracking,Tracking,30.0706558,29.90162,1,0.031629271019482985,0.8016667,2.86472225,1,160x90 DepthUint16,"centre=3666 min=720 max=32064 hex=05EE 0CB9 0E52 3EED 3573","centre=2647 min=1603 max=2698 hex=0669 0721 0A57 0A53 0A3A",0,0,0,,0,,,None,Unavailable,NoWallUnderCrosshair,,,,"only 0 valid depth samples under crosshair (0 no-data, 56 out-of-range, 385 low-confidence)",0,,,None,Unavailable,NoWallInView,,,,0.05044974,1.1728698,-0.0394190364,0.149357244,-0.200597212,0.0057605207,0.9682045,0,0,0,0,0,0,284779.023277793,284779.023277793,0.031584011012455449
15.600444057860795,ac3ae122,SessionTracking,Tracking,30.0701237,29.90162,1,0.030483905982691795,0.7925,3.04986119,1,160x90 DepthUint16,"centre=4447 min=721 max=31902 hex=05EC 0C76 115F 3C44 2BC5","centre=2726 min=1634 max=2833 hex=068A 0740 0AA6 0AF1 0AF0",0,0,0,,0,,,None,Unavailable,NoWallUnderCrosshair,,,,"only 0 valid depth samples under crosshair (0 no-data, 47 out-of-range, 394 low-confidence)",0,,,None,Unavailable,NoWallInView,,,,0.0514530949,1.172879,-0.0395921543,0.148952052,-0.197628453,0.00556582259,0.9688784,0,0,0,0,0,0,284779.056604876,284779.056604876,0.030439686990575865
15.641448380853898,ac3ae122,SessionTracking,Tracking,30.0696526,29.90162,1,0.040487030986696482,0.78375,2.8793056,1,160x90 DepthUint16,"centre=4909 min=718 max=31932 hex=05E9 0C16 132D 3A0F 1C71","centre=2630 min=1612 max=2674 hex=066C 072E 0A46 0A02 09CD",0,0,0,,0,,,None,Unavailable,NoWallUnderCrosshair,,,,"only 0 valid depth samples under crosshair (0 no-data, 44 out-of-range, 397 low-confidence)",0,,,None,Unavailable,NoWallInView,,,,0.0522684753,1.17280853,-0.0398843922,0.148380741,-0.193817839,0.0056797564,0.9697348,0,0,0,0,0,0,284779.089931959,284779.089931959,0.040431405999697745
15.671528484867803,ac3ae122,SessionTracking,Tracking,30.0692272,29.90162,1,0.029441249993396923,0.770972252,2.83722234,1,160x90 DepthUint16,"centre=4739 min=718 max=32028 hex=05F4 0BB0 1283 356D 1890","centre=2693 min=1621 max=2800 hex=067B 073D 0A85 0ADA 0AE0",0,0,0,,0,,,None,Unavailable,NoWallUnderCrosshair,,,,"only 0 valid depth samples under crosshair (0 no-data, 41 out-of-range, 400 low-confidence)",0,,,None,Unavailable,NoWallInView,,,,0.0541326627,1.17256618,-0.0391020663,0.148369774,-0.188681021,0.00563702,0.970749259,0,0,0,0,0,0,284779.123507753,284779.123507753,0.029363645997364074
15.702539005861535,ac3ae122,SessionTracking,Tracking,30.0686722,29.90162,1,0.027254947985056788,0.760694444,2.78770828,1,160x90 DepthUint16,"centre=4202 min=718 max=32087 hex=0617 0A06 106A 5312 17BF","centre=2678 min=1625 max=2749 hex=067C 0742 0A76 0AA4 0A9B",0,0,0,,0,,,None,Unavailable,NoWallUnderCrosshair,,,,"only 0 valid depth samples under crosshair (0 no-data, 29 out-of-range, 412 low-confidence)",0,,,None,Unavailable,NoWallInView,,,,0.05491671,1.17234588,-0.0392293967,0.148185849,-0.184215039,0.005850613,0.971633434,0,0,0,0,0,0,284779.156834836,284779.156834836,0.025004113995237276
15.733558380880776,ac3ae122,SessionTracking,Tracking,30.0680046,29.90162,1,0.030403542012209073,0.7540972,2.63395834,1,160x90 DepthUint16,"centre=4182 min=722 max=32176 hex=0638 09B7 1056 5338 1751","centre=2670 min=1620 max=2809 hex=0678 0743 0A6E 0ADB 0AE9",0,0,0,,0,,,None,Unavailable,NoWallUnderCrosshair,,,,"only 0 valid depth samples under crosshair (0 no-data, 29 out-of-range, 412 low-confidence)",0,,,None,Unavailable,NoWallInView,,,,0.0560530126,1.17206466,-0.03896423,0.148654833,-0.1815388,0.005816311,0.9720656,0,0,0,0,0,0,284779.19016191905,284779.19016191905,0.030347500025527552
15.769980411851929,ac3ae122,SessionTracking,Tracking,30.0675449,29.90162,1,0.035877342976164073,0.750694454,2.65652776,1,160x90 DepthUint16,"centre=5466 min=707 max=32100 hex=0647 0995 155A 5345 17A4","centre=2702 min=1607 max=2826 hex=066C 073D 0A8E 0AEB 0AF1",0,0,0,,0,,,None,Unavailable,NoWallUnderCrosshair,,,,"only 0 valid depth samples under crosshair (0 no-data, 36 out-of-range, 405 low-confidence)",0,,,None,Unavailable,NoWallInView,,,,0.05526506,1.17234528,-0.03873107,0.1502822,-0.180001438,0.00633281562,0.9720981,0,0,0,0,0,0,284779.223290811,284779.223290811,0.035825051978463307
15.80352869387475,ac3ae122,SessionTracking,Tracking,30.06455,29.90162,1,0.032989011000609025,0.744513869,2.57284713,1,160x90 DepthUint16,"centre=4665 min=750 max=32174 hex=065F 0906 1239 5344 17A9","centre=2686 min=1628 max=2821 hex=067F 0744 0A7E 0AE6 0AF1",0,0,0,,0,,,None,Unavailable,NoWallUnderCrosshair,,,,"only 0 valid depth samples under crosshair (0 no-data, 41 out-of-range, 400 low-confidence)",0,,,None,Unavailable,NoWallInView,,,,0.0563735925,1.17212868,-0.03853897,0.150263175,-0.178279862,0.00652354956,0.972417,0,0,0,0,0,0,284779.256617894,284779.256617894,0.03294073001598008
15.836047547861153,ac3ae122,SessionTracking,Tracking,30.0692787,29.90162,1,0.031930469005601481,0.7426389,2.56548619,1,160x90 DepthUint16,"centre=4548 min=707 max=32180 hex=0660 08BC 11C4 1BCE 17A9","centre=2672 min=1641 max=2784 hex=068B 073F 0A70 0AC2 0AC9",0,0,0,,0,,,None,Unavailable,NoWallUnderCrosshair,,,,"only 0 valid depth samples under crosshair (0 no-data, 36 out-of-range, 405 low-confidence)",0,,,None,Unavailable,NoWallInView,,,,0.0576856919,1.17194843,-0.0382922776,0.149991214,-0.1773907,0.00662076473,0.972620845,0,0,0,0,0,0,284779.28994497703,284779.28994497703,0.031867708981735632
15.867880776865558,ac3ae122,SessionTracking,Tracking,30.0679913,29.90162,1,0.030615989991929382,0.739722252,2.62201381,1,160x90 DepthUint16,"centre=4421 min=702 max=32137 hex=065D 0885 1145 1BB3 5F56","centre=2695 min=1628 max=2836 hex=0680 0734 0A87 0AF2 0B00",0,0,0,,0,,,None,Unavailable,NoWallUnderCrosshair,,,,"only 0 valid depth samples under crosshair (0 no-data, 34 out-of-range, 407 low-confidence)",0,,,None,Unavailable,NoWallInView,,,,0.0558598,1.17424738,-0.03633703,0.150479838,-0.175647721,0.006722808,0.972861,0,0,0,0,0,0,284779.32347572804,284779.32347572804,0.030565469001885504
15.903436765852302,ac3ae122,SessionTracking,Tracking,30.068306,29.90162,1,0.035062707989709452,0.734305561,2.54583335,1,160x90 DepthUint16,"centre=4195 min=705 max=32232 hex=070E 083F 1063 1BCC 5F4B","centre=2660 min=1627 max=2787 hex=067D 072C 0A64 0AC9 0AD5",0,0,0,,0,,,None,Unavailable,NoWallUnderCrosshair,,,,"only 0 valid depth samples under crosshair (0 no-data, 35 out-of-range, 406 low-confidence)",0,,,None,Unavailable,NoWallInView,,,,0.05686253,1.17427766,-0.0361667834,0.150038689,-0.173337549,0.00665301131,0.973343849,0,0,0,0,0,0,284779.35680281103,284779.35680281103,0.035017655987758189
15.934497703877195,ac3ae122,SessionTracking,Tracking,30.0682621,29.90162,1,0.030552292009815574,0.72881943,2.55854177,1,160x90 DepthUint16,"centre=3954 min=736 max=32158 hex=0710 081C 0F72 1BBE 6A50","centre=2681 min=1604 max=2800 hex=0669 071C 0A79 0AD5 0ADD",0,0,0,,0,,,None,Unavailable,NoWallUnderCrosshair,,,,"only 0 valid depth samples under crosshair (0 no-data, 29 out-of-range, 412 low-confidence)",0,,,None,Unavailable,NoWallInView,,,,0.05789824,1.174301,-0.0359492376,0.149682924,-0.1709597,0.00647983,0.973820269,0,0,0,0,0,0,284779.390129894,284779.390129894,0.0305104170111008
15.968160099865553,ac3ae122,SessionTracking,Tracking,30.06832,29.90162,1,0.033134478988358751,0.7196528,2.545625,1,160x90 DepthUint16,"centre=3955 min=747 max=32382 hex=088E 080E 0F73 1B8B 6B71","centre=2736 min=1619 max=2925 hex=0678 072C 0AB0 0B42 0B57",0,0,0,,0,,,None,Unavailable,NoWallUnderCrosshair,,,,"only 0 valid depth samples under crosshair (0 no-data, 28 out-of-range, 413 low-confidence)",0,,,None,Unavailable,NoWallInView,,,,0.0569117,1.17551649,-0.03456391,0.1498838,-0.167120546,0.00662034843,0.974454641,0,0,0,0,0,0,284779.42375087005,284779.42375087005,0.033090937999077141
16.001447130859514,ac3ae122,SessionTracking,Tracking,30.0690632,29.90162,1,0.032701927004382014,0.7279861,3.33,1,160x90 DepthUint16,"centre=3899 min=453 max=32254 hex=0BFB 0834 0F3B 1AE3 73DC","centre=2066 min=1432 max=2196 hex=05AC 0612 0812 0879 0888",0,0,0,,0,,,None,Unavailable,NoWallUnderCrosshair,,,,"only 0 valid depth samples under crosshair (0 no-data, 19 out-of-range, 422 low-confidence)",0,,,None,Unavailable,NoWallInView,,,,0.05748541,1.17556918,-0.03445119,0.149682015,-0.162645429,0.006572843,0.975242853,0,0,0,0,0,0,284779.45707795303,284779.45707795303,0.032624635001411662
16.038782599868636,ac3ae122,SessionTracking,Tracking,30.0700226,29.90162,1,0.036745468998560682,0.7201389,2.98159719,1,160x90 DepthUint16,"centre=3877 min=454 max=32267 hex=0BFC 0830 0F25 1AC3 741E","centre=2059 min=1434 max=2189 hex=05AD 0611 080B 0871 0881",0,0,0,,0,,,None,Unavailable,NoWallUnderCrosshair,,,,"only 0 valid depth samples under crosshair (0 no-data, 18 out-of-range, 423 low-confidence)",0,,,None,Unavailable,NoWallInView,,,,0.0581158772,1.17558634,-0.0342353471,0.149616048,-0.158688858,0.00654599071,0.9759047,0,0,0,0,0,0,284779.490405036,284779.490405036,0.036694531008834019
16.068783901856431,ac3ae122,SessionTracking,Tracking,30.0699387,30.1543751,1,0.029460364981787279,0.7150695,2.727639,1,160x90 DepthUint16,"centre=3315 min=455 max=32302 hex=0D43 085D 0CF3 19EB 768E","centre=2045 min=1503 max=2105 hex=05ED 0644 07FD 0803 07F0",0,0,0,,0,,,None,Unavailable,NoWallUnderCrosshair,,,,"only 0 valid depth samples under crosshair (0 no-data, 26 out-of-range, 415 low-confidence)",0,,,None,Unavailable,NoWallInView,,,,0.0547025353,1.17677248,-0.0352797434,0.149856716,-0.154914588,0.00749224424,0.9764673,0,0,0,0,0,0,284779.523862073,284779.523862073,0.029407291993265972
16.110003328873926,ac3ae122,SessionTracking,Tracking,30.07339,30.1543751,1,0.040679896017536521,0.705,2.92847228,1,160x90 DepthUint16,"centre=3483 min=456 max=32317 hex=0D27 086C 0D9B 19E8 760B","centre=2087 min=1474 max=2274 hex=05D4 062E 0827 08B8 08D2",0,0,0,,0,,,None,Unavailable,NoWallUnderCrosshair,,,,"only 0 valid depth samples under crosshair (2 no-data, 32 out-of-range, 407 low-confidence)",0,,,None,Unavailable,NoWallInView,,,,0.0553313643,1.176754,-0.0350555629,0.149694592,-0.151657879,0.00776821375,0.9770011,0,0,0,0,0,0,284779.557189156,284779.557189156,0.040617552003823221
16.140347963860176,ac3ae122,SessionTracking,Tracking,30.0693836,30.1543751,1,0.029708124988246709,0.6979861,2.89256954,1,160x90 DepthUint16,"centre=3534 min=456 max=32372 hex=0CDC 0870 0DCE 19E4 74FE","centre=2081 min=1456 max=2205 hex=05C2 061D 0821 0889 0893",0,0,0,,0,,,None,Unavailable,NoWallUnderCrosshair,,,,"only 0 valid depth samples under crosshair (3 no-data, 26 out-of-range, 412 low-confidence)",0,,,None,Unavailable,NoWallInView,,,,0.0562860332,1.17672551,-0.0347215347,0.149856418,-0.1492424,0.007381052,0.9773512,0,0,0,0,0,0,284779.590516239,284779.590516239,0.029655833001015708
16.173340151864021,ac3ae122,SessionTracking,Tracking,30.0706825,30.1543751,1,0.032508072996279225,0.6948611,2.85625,1,160x90 DepthUint16,"centre=4201 min=459 max=32415 hex=0CB8 0893 1069 19FE 5641","centre=2057 min=1469 max=2145 hex=05CD 0626 0809 0850 084E",0,0,0,,0,,,None,Unavailable,NoWallUnderCrosshair,,,,"only 0 valid depth samples under crosshair (4 no-data, 29 out-of-range, 408 low-confidence)",0,,,None,Unavailable,NoWallInView,,,,0.0519648157,1.177942,-0.0375730656,0.150747672,-0.146942273,0.00755563425,0.9775613,0,0,0,0,0,0,284779.624215514,284779.624215514,0.032455676991958171
16.202993536854546,ac3ae122,SessionTracking,Tracking,30.07044,30.1543751,1,0.029165259998990223,0.692986131,2.64083338,1,160x90 DepthUint16,"centre=4228 min=459 max=32385 hex=0C63 089A 1084 1A03 5643","centre=2037 min=1471 max=2094 hex=05CF 0629 07F5 0821 081F",0,0,0,,0,,,None,Unavailable,NoWallUnderCrosshair,,,,"only 0 valid depth samples under crosshair (4 no-data, 26 out-of-range, 411 low-confidence)",0,,,None,Unavailable,NoWallInView,,,,0.0529519171,1.17786825,-0.0373720676,0.1510222,-0.145706326,0.00666219043,0.977710366,0,0,0,0,0,0,284779.65754259704,284779.65754259704,0.029121509985998273
16.234519630866043,ac3ae122,SessionTracking,Tracking,30.07005,30.1543751,1,0.031025884993141517,0.693125,2.67701387,1,160x90 DepthUint16,"centre=4242 min=459 max=32384 hex=0B15 08A7 1092 1A16 564E","centre=2020 min=1505 max=2065 hex=05ED 0643 07E4 07DB 07C4",0,0,0,,0,,,None,Unavailable,NoWallUnderCrosshair,,,,"only 0 valid depth samples under crosshair (4 no-data, 29 out-of-range, 408 low-confidence)",0,,,None,Unavailable,NoWallInView,,,,0.05425025,1.17770422,-0.0369316749,0.151823074,-0.14559415,0.0050483346,0.977612734,0,0,0,0,0,0,284779.69086968,284779.69086968,0.030977499991422519
16.273073015871841,ac3ae122,SessionTracking,Tracking,30.07008,30.1543751,1,0.037965729017741978,0.6886805,2.74881935,1,160x90 DepthUint16,"centre=4279 min=460 max=32413 hex=0B12 08B3 10B7 1A20 5654","centre=2001 min=1485 max=2054 hex=05DA 0633 07D1 07A4 0780",0,0,0,,0,,,None,Unavailable,NoWallUnderCrosshair,,,,"only 0 valid depth samples under crosshair (4 no-data, 26 out-of-range, 411 low-confidence)",0,,,None,Unavailable,NoWallInView,,,,0.05580461,1.17754042,-0.03695175,0.152250886,-0.1441485,0.00410985947,0.9777648,0,0,0,0,0,0,284779.724168271,284779.724168271,0.037917915993602946
16.302906244868563,ac3ae122,SessionTracking,Tracking,30.0700169,30.1543751,1,0.029075416008709,0.6830556,2.67944455,1,160x90 DepthUint16,"centre=4306 min=461 max=32408 hex=0A96 08CC 10D2 1A53 3750","centre=2017 min=1491 max=2054 hex=05E0 063B 07E1 07C3 07A4",0,0,0,,0,,,None,Unavailable,NoWallUnderCrosshair,,,,"only 0 valid depth samples under crosshair (5 no-data, 38 out-of-range, 398 low-confidence)",0,,,None,Unavailable,NoWallInView,,,,0.0564715452,1.17745864,-0.0367422141,0.1526118,-0.141745016,0.00399974,0.978060365,0,0,0,0,0,0,284779.75749535405,284779.75749535405,0.028960260009625927
16.334654734869172,ac3ae122,SessionTracking,Tracking,30.0699787,30.1543751,1,0.031268854014342651,0.675833344,2.68611121,1,160x90 DepthUint16,"centre=4321 min=461 max=32488 hex=0B03 08FC 10E1 6AF5 22C5","centre=2001 min=1514 max=2033 hex=05F5 064B 07D1 0789 0751",0,0,0,,0,,,None,Unavailable,NoWallUnderCrosshair,,,,"only 0 valid depth samples under crosshair (4 no-data, 40 out-of-range, 397 low-confidence)",0,,,None,Unavailable,NoWallInView,,,,0.0569096059,1.17747557,-0.0366461128,0.1527526,-0.138518408,0.004416347,0.978498757,0,0,0,0,0,0,284779.79082243703,284779.79082243703,0.031224270991515368
16.371151817866984,ac3ae122,SessionTracking,Tracking,30.06964,30.1543751,1,0.035986561997560784,0.667152762,2.60659719,1,160x90 DepthUint16,"centre=4320 min=462 max=32488 hex=0AC9 094A 10E0 2395 20D1","centre=1981 min=1447 max=2011 hex=05B8 0615 07BD 0769 0734",0,0,0,,0,,,None,Unavailable,NoWallUnderCrosshair,,,,"only 0 valid depth samples under crosshair (5 no-data, 38 out-of-range, 398 low-confidence)",0,,,None,Unavailable,NoWallInView,,,,0.0576826632,1.17772436,-0.0362445936,0.152675077,-0.1347786,0.00473705,0.9790315,0,0,0,0,0,0,284779.824171498,284779.824171498,0.035941614012699574
16.402600255873903,ac3ae122,SessionTracking,Tracking,30.071785,30.1543751,1,0.030933958012610674,0.661597252,2.546875,1,160x90 DepthUint16,"centre=4108 min=463 max=32484 hex=0ACF 0980 100C 232E 20CF","centre=2019 min=1477 max=2072 hex=05D5 062B 07E3 07F7 07EA",0,0,0,,0,,,None,Unavailable,NoWallUnderCrosshair,,,,"only 0 valid depth samples under crosshair (5 no-data, 46 out-of-range, 390 low-confidence)",0,,,None,Unavailable,NoWallInView,,,,0.0581941754,1.17789209,-0.0361800939,0.152452439,-0.131716847,0.004805088,0.9794825,0,0,0,0,0,0,284779.857498581,284779.857498581,0.030873177020112053
16.43440489085965,ac3ae122,SessionTracking,Tracking,30.06887,30.1543751,1,0.0312455210078042,0.656875,2.60743046,1,160x90 DepthUint16,"centre=3916 min=463 max=32536 hex=0AD1 0976 0F4C 231F 2227","centre=2029 min=1441 max=2091 hex=05B0 060C 07ED 080B 0800",0,0,0,,0,,,None,Unavailable,NoWallUnderCrosshair,,,,"only 0 valid depth samples under crosshair (4 no-data, 50 out-of-range, 387 low-confidence)",0,,,None,Unavailable,NoWallInView,,,,0.0588718,1.17807281,-0.03611052,0.151925787,-0.1293789,0.00462695956,0.979876637,0,0,0,0,0,0,284779.891171042,284779.891171042,0.031190156005322933
16.471429682852385,ac3ae122,SessionTracking,Tracking,30.0731258,30.1543751,1,0.036481770977843553,0.6504861,2.49215269,1,160x90 DepthUint16,"centre=3784 min=465 max=32508 hex=09E5 0975 0EC8 231F 2228","centre=2005 min=1462 max=2063 hex=05C5 0618 07D5 07FA 07F3",0,0,0,,0,,,None,Unavailable,NoWallUnderCrosshair,,,,"only 0 valid depth samples under crosshair (5 no-data, 53 out-of-range, 383 low-confidence)",0,,,None,Unavailable,NoWallInView,,,,0.056908235,1.17905188,-0.03735697,0.151962116,-0.127162948,0.004962594,0.980159461,0,0,0,0,0,0,284779.92455089703,284779.92455089703,0.036427030980121344
16.502714005872757,ac3ae122,SessionTracking,Tracking,30.0702724,30.1543751,1,0.030705417011631653,0.64618057,2.5958333,1,160x90 DepthUint16,"centre=3660 min=465 max=32544 hex=0D04 0967 0E4C 231E 2353","centre=2025 min=1454 max=2070 hex=05BE 0618 07E9 07CB 07AA",0,0,0,,0,,,None,Unavailable,NoWallUnderCrosshair,,,,"only 0 valid depth samples under crosshair (5 no-data, 51 out-of-range, 385 low-confidence)",0,,,None,Unavailable,NoWallInView,,,,0.0574291945,1.179282,-0.03736794,0.1516036,-0.125274673,0.005118459,0.9804572,0,0,0,0,0,0,284779.95787798,284779.95787798,0.030661198019515723
16.533786505859961,ac3ae122,SessionTracking,Tracking,30.0719566,30.1543751,1,0.030479999986710027,0.641666651,2.5325,1,160x90 DepthUint16,"centre=3554 min=466 max=32516 hex=0CB7 095F 0DE2 231E 2351","centre=2043 min=1466 max=2104 hex=05C9 0620 07FB 0818 080E",0,0,0,,0,,,None,Unavailable,NoWallUnderCrosshair,,,,"only 0 valid depth samples under crosshair (5 no-data, 63 out-of-range, 373 low-confidence)",0,,,None,Unavailable,NoWallInView,,,,0.0579251274,1.17951548,-0.0373412631,0.151361585,-0.123595834,0.005491376,0.9807057,0,0,0,0,0,0,284779.991205063,284779.991205063,0.0304338019923307
16.567171869878575,ac3ae122,SessionTracking,Tracking,30.0726948,30.1543751,1,0.032872968004085124,0.6382639,2.51159716,1,160x90 DepthUint16,"centre=3579 min=467 max=32547 hex=0CA5 0957 0DFB 21E7 234F","centre=2059 min=1466 max=2140 hex=05CB 0622 080B 083A 0832",0,0,0,,0,,,None,Unavailable,NoWallUnderCrosshair,,,,"only 0 valid depth samples under crosshair (5 no-data, 61 out-of-range, 375 low-confidence)",0,,,None,Unavailable,NoWallInView,,,,0.0585421845,1.17960477,-0.03792738,0.151023656,-0.121554285,0.00596374273,0.981010139,0,0,0,0,0,0,284780.02487747703,284780.02487747703,0.032822187000419945
16.603658276863779,ac3ae122,SessionTracking,Tracking,30.0731831,30.1543751,1,0.0359097920008935,0.645902753,3.9040277,1,160x90 DepthUint16,"centre=2821 min=467 max=32234 hex=0D1A 0958 0B05 1FB5 0000","centre=1912 min=1289 max=2145 hex=052F 0591 0778 07FE 0810",0,0,0,,0,,,None,Unavailable,NoWallUnderCrosshair,,,,"only 0 valid depth samples under crosshair (0 no-data, 71 out-of-range, 370 low-confidence)",0,,,None,Unavailable,NoWallInView,,,,0.0591966435,1.17978168,-0.0378325656,0.150829434,-0.12040481,0.005869478,0.981182337,0,0,0,0,0,0,284780.05820456,284780.05820456,0.03585760499117896
16.635762130862485,ac3ae122,SessionTracking,Tracking,30.0737457,30.1543751,1,0.031589739985065535,0.6458333,3.661875,1,160x90 DepthUint16,"centre=2689 min=467 max=32249 hex=0D1B 095A 0A81 1FA7 0000","centre=1905 min=1301 max=2122 hex=053E 059A 0771 07F9 080C",0,0,0,,0,,,None,Unavailable,NoWallUnderCrosshair,,,,"only 0 valid depth samples under crosshair (0 no-data, 66 out-of-range, 375 low-confidence)",0,,,None,Unavailable,NoWallInView,,,,0.0600213669,1.179906,-0.0376485027,0.150661141,-0.120087348,0.005356909,0.981250048,0,0,0,0,0,0,284780.091531643,284780.091531643,0.031536563008558005
16.667087078872054,ac3ae122,SessionTracking,Tracking,30.07365,30.1543751,1,0.030776927014812827,0.6460417,3.17118049,1,160x90 DepthUint16,"centre=2417 min=467 max=32368 hex=0D3E 0949 0971 1F65 0000","centre=1841 min=1314 max=2056 hex=053A 058D 0731 07A9 07BB",0,0,0,,0,,,None,Unavailable,NoWallUnderCrosshair,,,,"only 0 valid depth samples under crosshair (0 no-data, 58 out-of-range, 383 low-confidence)",0,,,None,Unavailable,NoWallInView,,,,0.0607642345,1.1797713,-0.03782044,0.150274634,-0.1181103,0.005586118,0.9815479,0,0,0,0,0,0,284780.12485496,284780.12485496,0.03073192699230276
16.703321661879226,ac3ae122,SessionTracking,Tracking,30.07575,30.1543751,1,0.03572822900605388,0.6359722,3.43479156,1,160x90 DepthUint16,"centre=2285 min=468 max=32275 hex=0CBD 095B 08ED 1EBF 0000","centre=1902 min=1316 max=2090 hex=0547 05A1 076E 07B4 07B5",0,0,0,,0,,,None,Unavailable,NoWallUnderCrosshair,,,,"only 0 valid depth samples under crosshair (0 no-data, 74 out-of-range, 367 low-confidence)",0,,,None,Unavailable,NoWallInView,,,,0.06089212,1.17987263,-0.03775308,0.1502183,-0.115459666,0.00633281469,0.9818673,0,0,0,0,0,0,284780.158182043,284780.158182043,0.035683021007571369
16.739072390852879,ac3ae122,SessionTracking,Tracking,30.0713863,30.1543751,1,0.0351836459885817,0.635347247,3.321736,1,160x90 DepthUint16,"centre=2285 min=468 max=32378 hex=0CBE 0967 08ED 1E38 0000","centre=1854 min=1305 max=2082 hex=0534 058B 073E 07B5 07C8",0,0,0,,0,,,None,Unavailable,NoWallUnderCrosshair,,,,"only 0 valid depth samples under crosshair (0 no-data, 68 out-of-range, 373 low-confidence)",0,,,None,Unavailable,NoWallInView,,,,0.06119293,1.179937,-0.0376322046,0.1498955,-0.113789991,0.00682059,0.9821083,0,0,0,0,0,0,284780.19150912605,284780.19150912605,0.0351224479964003
16.769935828858205,ac3ae122,SessionTracking,Tracking,30.0733051,30.1543751,1,0.030165781994583085,0.626041651,3.53354168,1,160x90 DepthUint16,"centre=3194 min=468 max=32204 hex=0BE8 0974 0C7A 1DAD 74B3","centre=1922 min=1297 max=2132 hex=0539 0594 0782 07F4 0804",0,0,0,,0,,,None,Unavailable,NoWallUnderCrosshair,,,,"only 0 valid depth samples under crosshair (0 no-data, 80 out-of-range, 361 low-confidence)",0,,,None,Unavailable,NoWallInView,,,,0.0609870329,1.18000221,-0.0378127247,0.149666324,-0.111770287,0.00725266337,0.982372046,0,0,0,0,0,0,284780.224826571,284780.224826571,0.030084062978858128
16.805829421870794,ac3ae122,SessionTracking,Tracking,30.0727787,30.1543751,1,0.0353827080107294,0.6240972,3.22270823,1,160x90 DepthUint16,"centre=3128 min=469 max=32377 hex=0BD7 0999 0C38 1CAC 74A1","centre=1866 min=1292 max=2084 hex=0529 0582 074A 07BA 07CC",0,0,0,,0,,,None,Unavailable,NoWallUnderCrosshair,,,,"only 0 valid depth samples under crosshair (0 no-data, 75 out-of-range, 366 low-confidence)",0,,,None,Unavailable,NoWallInView,,,,0.0613214262,1.18009818,-0.0378633328,0.149016634,-0.109440163,0.00754082249,0.9827309,0,0,0,0,0,0,284780.258153654,284780.258153654,0.035339947993634269
16.835495932863477,ac3ae122,SessionTracking,Tracking,30.0713444,30.1543751,1,0.029148386005545035,0.615625,3.35340285,1,160x90 DepthUint16,"centre=3029 min=469 max=32328 hex=0BD2 09B7 0BD5 1C16 74A0","centre=1918 min=1311 max=2124 hex=0541 059C 077E 07E8 07F5",0,0,0,,0,,,None,Unavailable,NoWallUnderCrosshair,,,,"only 0 valid depth samples under crosshair (0 no-data, 86 out-of-range, 355 low-confidence)",0,,,None,Unavailable,NoWallInView,,,,0.06174314,1.18023634,-0.0378470048,0.148902908,-0.107367977,0.00758031,0.982976437,0,0,0,0,0,0,284780.29148073704,284780.29148073704,0.029104999994160607
16.867065984863938,ac3ae122,SessionTracking,Tracking,30.07003,30.1543751,1,0.031024636002257466,0.613680542,3.11930561,1,160x90 DepthUint16,"centre=3019 min=471 max=32358 hex=0BD5 09C8 0BCB 1C00 74AF","centre=1869 min=1318 max=2060 hex=0543 059D 074D 0751 0742",0,0,0,,0,,,None,Unavailable,NoWallUnderCrosshair,,,,"only 0 valid depth samples under crosshair (0 no-data, 82 out-of-range, 359 low-confidence)",0,,,None,Unavailable,NoWallInView,,,,0.0604959652,1.17997372,-0.0399630144,0.148629829,-0.105196394,0.00744256424,0.983253539,0,0,0,0,0,0,284780.32473519904,284780.32473519904,0.030978905997471884
16.904780932868515,ac3ae122,SessionTracking,Tracking,30.0689144,30.1543751,1,0.037185572989983484,0.6079861,3.340139,1,160x90 DepthUint16,"centre=3558 min=472 max=32440 hex=0D84 09F5 0DE6 1BD6 74BA","centre=1919 min=1306 max=2124 hex=0547 05A4 077F 07C9 07CE",0,0,0,,0,,,None,Unavailable,NoWallUnderCrosshair,,,,"only 0 valid depth samples under crosshair (0 no-data, 85 out-of-range, 356 low-confidence)",0,,,None,Unavailable,NoWallInView,,,,0.0609526262,1.17998612,-0.0402126275,0.148455679,-0.102969028,0.00695139077,0.983519137,0,0,0,0,0,0,284780.358394376,284780.358394376,0.037139271007617936
16.949022807871142,ac3ae122,SessionTracking,Tracking,30.06846,30.1543751,1,0.043669270991813391,0.6032639,3.18743062,1,160x90 DepthUint16,"centre=3319 min=472 max=32382 hex=0D7C 09FE 0CF7 1BCD 74BE","centre=1898 min=1303 max=2085 hex=0539 0599 076A 0767 0756",0,0,0,,0,,,None,Unavailable,NoWallUnderCrosshair,,,,"only 0 valid depth samples under crosshair (0 no-data, 86 out-of-range, 355 low-confidence)",0,,,None,Unavailable,NoWallInView,,,,0.0611242354,1.18002248,-0.0404904336,0.148347273,-0.09998371,0.007136256,0.9838422,0,0,0,0,0,0,284780.391721459,284780.391721459,0.043619688018225133
16.967040203852729,ac3ae122,SessionTracking,Tracking,30.06356,30.1543751,1,0.017352604976622388,0.592916667,3.10708332,1,160x90 DepthUint16,"centre=3024 min=473 max=32312 hex=0CB1 0A0C 0BD0 1CA0 74DF","centre=1887 min=1315 max=2073 hex=0540 059F 075F 0751 0742",0,0,0,,0,,,None,Unavailable,NoWallUnderCrosshair,,,,"only 0 valid depth samples under crosshair (0 no-data, 94 out-of-range, 347 low-confidence)",0,,,None,Unavailable,NoWallInView,,,,0.0620747171,1.17993963,-0.040726725,0.1485109,-0.0964749455,0.007291317,0.9841667,0,0,0,0,0,0,284780.425059235,284780.425059235,0.017281979991821572
17.006082755854504,ac3ae122,SessionTracking,Tracking,30.070713,30.1543751,1,0.038582187989959493,0.587708354,3.08618045,1,160x90 DepthUint16,"centre=5033 min=473 max=32446 hex=1363 0B73 13A9 1CA4 74DB","centre=1909 min=1288 max=2129 hex=0528 0589 0775 07D3 07E1",0,0,0,,0,,,None,Unavailable,NoWallUnderCrosshair,,,,"only 0 valid depth samples under crosshair (5 no-data, 87 out-of-range, 349 low-confidence)",0,,,None,Unavailable,NoWallInView,,,,0.062293075,1.17992043,-0.0408126824,0.1484133,-0.09376297,0.007221759,0.984443963,0,0,0,0,0,0,284780.458386318,284780.458386318,0.038535989995580167
17.037638640866998,ac3ae122,SessionTracking,Tracking,30.06719,30.1543751,1,0.03096156200626865,0.581875,3.04034734,1,160x90 DepthUint16,"centre=5070 min=474 max=32337 hex=1362 0B74 13CE 1CAA 70C6","centre=1922 min=1339 max=2115 hex=055C 05B7 0782 07AD 07B0",0,0,0,,0,,,None,Unavailable,NoWallUnderCrosshair,,,,"only 0 valid depth samples under crosshair (5 no-data, 95 out-of-range, 341 low-confidence)",0,,,None,Unavailable,NoWallInView,,,,0.06262377,1.179955,-0.04079474,0.148486942,-0.091285184,0.0070669055,0.9846668,0,0,0,0,0,0,284780.49171340105,284780.49171340105,0.030911823007045314
17.06888155786778,ac3ae122,SessionTracking,Tracking,30.0709686,29.99707,1,0.030746145988814533,0.577083349,2.98819447,1,160x90 DepthUint16,"centre=3702 min=475 max=32463 hex=0000 0B77 0E76 1CB1 70C8","centre=1902 min=1370 max=2084 hex=0572 05CA 076E 0750 0740",0,0,0,,0,,,None,Unavailable,NoWallUnderCrosshair,,,,"only 0 valid depth samples under crosshair (13 no-data, 100 out-of-range, 328 low-confidence)",0,,,None,Unavailable,NoWallInView,,,,0.06255031,1.18018639,-0.0412003659,0.14855741,-0.0884547159,0.006997973,0.984914958,0,0,0,0,0,0,284780.525037241,284780.525037241,0.030698176997248083
17.100839838872115,ac3ae122,SessionTracking,Tracking,30.0694714,29.99707,1,0.031444479012861848,0.569375,2.98493052,1,160x90 DepthUint16,"centre=3702 min=475 max=32336 hex=0000 0B86 0E76 1CB3 70CF","centre=1911 min=1364 max=2113 hex=0571 05CA 0777 0779 0772",0,0,0,,0,,,None,Unavailable,NoWallUnderCrosshair,,,,"only 0 valid depth samples under crosshair (13 no-data, 98 out-of-range, 330 low-confidence)",0,,,None,Unavailable,NoWallInView,,,,0.06299771,1.18027449,-0.0413223766,0.148201764,-0.08641096,0.006851167,0.985151,0,0,0,0,0,0,284780.55836432404,284780.55836432404,0.031393333018058911
17.140055515853373,ac3ae122,SessionTracking,Tracking,30.0698166,29.99707,1,0.038663436978822574,0.5665278,2.96465278,1,160x90 DepthUint16,"centre=4494 min=475 max=32429 hex=0000 0B90 118E 1CB7 70CF","centre=1911 min=1358 max=2116 hex=056A 05BF 0777 077D 0774",0,0,0,,0,,,None,Unavailable,NoWallUnderCrosshair,,,,"only 0 valid depth samples under crosshair (22 no-data, 90 out-of-range, 329 low-confidence)",0,,,None,Unavailable,NoWallInView,,,,0.0633889139,1.18039489,-0.04139366,0.147852808,-0.08455039,0.00694519328,0.9853642,0,0,0,0,0,0,284780.591691407,284780.591691407,0.038611041993135586
17.171192494853084,ac3ae122,SessionTracking,Tracking,30.0696583,29.99707,1,0.030277030979050323,0.55909723,2.87166667,1,160x90 DepthUint16,"centre=3318 min=476 max=32346 hex=0000 0B96 0CF6 1CBB 70CC","centre=1924 min=1367 max=2111 hex=0570 05C9 0784 074E 0736",0,0,0,,0,,,None,Unavailable,NoWallUnderCrosshair,,,,"only 0 valid depth samples under crosshair (26 no-data, 99 out-of-range, 316 low-confidence)",0,,,None,Unavailable,NoWallInView,,,,0.06399436,1.18058836,-0.0417228639,0.147488162,-0.08238066,0.007070959,0.9856017,0,0,0,0,0,0,284780.625011819,284780.625011819,0.030184270988684148
17.2022492138703,ac3ae122,SessionTracking,Tracking,30.0694847,29.99707,1,0.030528125003911555,0.555277765,2.9083333,1,160x90 DepthUint16,"centre=2876 min=476 max=32413 hex=0000 1414 0B3C 1CBB 7106","centre=1921 min=1368 max=2153 hex=056F 05C3 0781 07C9 07CE",0,0,0,,0,,,None,Unavailable,NoWallUnderCrosshair,,,,"only 0 valid depth samples under crosshair (35 no-data, 94 out-of-range, 312 low-confidence)",0,,,None,Unavailable,NoWallInView,,,,0.06427169,1.18073773,-0.04164834,0.147524953,-0.08012872,0.007265688,0.9857804,0,0,0,0,0,0,284780.658338902,284780.658338902,0.03048151099937968
17.233844890862155,ac3ae122,SessionTracking,Tracking,30.06939,29.99707,1,0.031063542002812028,0.5497222,2.84041667,1,160x90 DepthUint16,"centre=2864 min=476 max=32367 hex=0000 1414 0B30 79C6 71C0","centre=1929 min=1338 max=2130 hex=0553 05B0 0789 07A0 079D",0,0,0,,0,,,None,Unavailable,NoWallUnderCrosshair,,,,"only 0 valid depth samples under crosshair (40 no-data, 98 out-of-range, 303 low-confidence)",0,,,None,Unavailable,NoWallInView,,,,0.06446551,1.18090737,-0.0415686257,0.147538528,-0.07790847,0.00754222367,0.9859543,0,0,0,0,0,0,284780.69166598504,284780.69166598504,0.031017968984087929
17.271117963878122,ac3ae122,SessionTracking,Tracking,30.07099,29.99707,1,0.03676182302297093,0.544861138,2.92194438,1,160x90 DepthUint16,"centre=3585 min=477 max=32391 hex=0000 13EB 0E01 79CB 7241","centre=1911 min=1341 max=2092 hex=0557 05B2 0777 075F 074D",0,0,0,,0,,,None,Unavailable,NoWallUnderCrosshair,,,,"only 0 valid depth samples under crosshair (43 no-data, 98 out-of-range, 300 low-confidence)",0,,,None,Unavailable,NoWallInView,,,,0.06521862,1.18113327,-0.04203742,0.146941572,-0.0757965147,0.007762283,0.9862063,0,0,0,0,0,0,284780.724985254,284780.724985254,0.036708073021145537
17.304516661874867,ac3ae122,SessionTracking,Tracking,30.0707531,29.99707,1,0.032728646008763462,0.56375,3.22125,1,160x90 DepthUint16,"centre=3465 min=477 max=31668 hex=0000 11E4 0D89 6608 7232","centre=1939 min=1343 max=2169 hex=055C 05BB 0793 07A2 07A6",0,0,0,,0,,,None,Unavailable,NoWallUnderCrosshair,,,,"only 0 valid depth samples under crosshair (19 no-data, 115 out-of-range, 307 low-confidence)",0,,,None,Unavailable,NoWallInView,,,,0.06549155,1.18130445,-0.04195293,0.146671355,-0.07424665,0.008198441,0.986360848,0,0,0,0,0,0,284780.75831233704,284780.75831233704,0.032652709021931514
17.333416713859105,ac3ae122,SessionTracking,Tracking,30.07067,29.99707,1,0.028359114978229627,0.5638889,2.98520827,1,160x90 DepthUint16,"centre=3456 min=477 max=31664 hex=0000 13DC 0D80 7A82 720D","centre=1927 min=1357 max=2140 hex=056A 05C7 0787 0757 074B",0,0,0,,0,,,None,Unavailable,NoWallUnderCrosshair,,,,"only 0 valid depth samples under crosshair (19 no-data, 101 out-of-range, 321 low-confidence)",0,,,None,Unavailable,NoWallInView,,,,0.06590176,1.18147659,-0.04161098,0.147001,-0.0738395452,0.00826260448,0.986341834,0,0,0,0,0,0,284780.79163942003,284780.79163942003,0.028306197986239567
17.372689213857438,ac3ae122,SessionTracking,Tracking,30.0717335,29.99707,1,0.038741353986551985,0.5622917,2.840139,1,160x90 DepthUint16,"centre=3384 min=479 max=31677 hex=0000 10E3 0D38 660A 721B","centre=1923 min=1349 max=2132 hex=0560 05C0 0783 076E 0764",0,0,0,,0,,,None,Unavailable,NoWallUnderCrosshair,,,,"only 0 valid depth samples under crosshair (19 no-data, 112 out-of-range, 310 low-confidence)",0,,,None,Unavailable,NoWallInView,,,,0.0671339855,1.1813488,-0.0431328826,0.1467338,-0.07287456,0.00801924,0.9864554,0,0,0,0,0,0,284780.82494403404,284780.82494403404,0.038689166976837441
17.404480359858052,ac3ae122,SessionTracking,Tracking,30.0716,29.99707,1,0.031151823000982404,0.551875,3.31833339,1,160x90 DepthUint16,"centre=3297 min=479 max=31674 hex=0000 1071 0CE1 79D3 719C","centre=1953 min=1392 max=2226 hex=0587 05E1 07A1 07FB 0813",0,0,0,,0,,,None,Unavailable,NoWallUnderCrosshair,,,,"only 0 valid depth samples under crosshair (29 no-data, 123 out-of-range, 289 low-confidence)",0,,,None,Unavailable,NoWallInView,,,,0.0673217,1.18145442,-0.0431830958,0.1467384,-0.07087627,0.008105308,0.986599565,0,0,0,0,0,0,284780.85827111703,284780.85827111703,0.031090103992028162
17.4344762448663,ac3ae122,SessionTracking,Tracking,30.0722389,29.99707,1,0.029483490012353286,0.552916646,2.83131933,1,160x90 DepthUint16,"centre=3279 min=479 max=31666 hex=0000 0BC5 0CCF 75D2 7192","centre=1921 min=1348 max=2126 hex=055B 05BA 0781 077F 077A",0,0,0,,0,,,None,Unavailable,NoWallUnderCrosshair,,,,"only 0 valid depth samples under crosshair (29 no-data, 102 out-of-range, 310 low-confidence)",0,,,None,Unavailable,NoWallInView,,,,0.0674705,1.18150842,-0.0435643569,0.145619214,-0.06889467,0.008499086,0.9869024,0,0,0,0,0,0,284780.8915982,284780.8915982,0.029437552002491429
17.473691921876661,ac3ae122,SessionTracking,Tracking,30.0743866,29.99707,1,0.038659427023958415,0.5414583,2.83402777,1,160x90 DepthUint16,"centre=3446 min=480 max=31650 hex=0000 0F11 0D76 7AE1 71A4","centre=1936 min=1367 max=2148 hex=056C 05C9 0790 07BC 07C7",0,0,0,,0,,,None,Unavailable,NoWallUnderCrosshair,,,,"only 0 valid depth samples under crosshair (46 no-data, 101 out-of-range, 294 low-confidence)",0,,,None,Unavailable,NoWallInView,,,,0.06891302,1.18160009,-0.0438439064,0.144753247,-0.06549318,0.008829385,0.987258434,0,0,0,0,0,0,284780.92491610703,284780.92491610703,0.038611198018770665
17.504628275862114,ac3ae122,SessionTracking,Tracking,30.0706959,29.99707,1,0.030400988995097578,0.537708342,2.98395824,1,160x90 DepthUint16,"centre=3447 min=480 max=31664 hex=0000 0DC2 0D77 7AEA 719E","centre=1938 min=1381 max=2170 hex=057B 05D5 0792 07AB 07B1",0,0,0,,0,,,None,Unavailable,NoWallUnderCrosshair,,,,"only 0 valid depth samples under crosshair (46 no-data, 93 out-of-range, 302 low-confidence)",0,,,None,Unavailable,NoWallInView,,,,0.0691217259,1.18166506,-0.0440607853,0.144127816,-0.0626088157,0.008901061,0.9875364,0,0,0,0,0,0,284780.95824319,284780.95824319,0.030358124990016222
17.535520879863679,ac3ae122,SessionTracking,Tracking,30.0720272,29.99707,1,0.030385936988750473,0.5310417,2.69652772,1,160x90 DepthUint16,"centre=6926 min=480 max=31642 hex=0000 0D84 1B0E 7AEF 6C0A","centre=1936 min=1407 max=2144 hex=0593 05EA 0790 079B 079F",0,0,0,,0,,,None,Unavailable,NoWallUnderCrosshair,,,,"only 0 valid depth samples under crosshair (58 no-data, 101 out-of-range, 282 low-confidence)",0,,,None,Unavailable,NoWallInView,,,,0.06942212,1.18171823,-0.0440505072,0.143962726,-0.0604144372,0.00885427,0.9876976,0,0,0,0,0,0,284780.991570273,284780.991570273,0.030340936995344236
17.56875874485463,ac3ae122,SessionTracking,Tracking,30.07231,29.99707,1,0.032703489996492863,0.529166639,2.77444434,1,160x90 DepthUint16,"centre=6927 min=480 max=31653 hex=0000 0D85 1B0F 7AF6 679E","centre=1943 min=1409 max=2173 hex=0595 05EA 0797 07C3 07D0",0,0,0,,0,,,None,Unavailable,NoWallUnderCrosshair,,,,"only 0 valid depth samples under crosshair (51 no-data, 95 out-of-range, 295 low-confidence)",0,,,None,Unavailable,NoWallInView,,,,0.0691365451,1.18142366,-0.0445465781,0.143472716,-0.0584222563,0.009194166,0.9878856,0,0,0,0,0,0,284781.024843773,284781.024843773,0.032636041985824704
17.603206661870853,ac3ae122,SessionTracking,Tracking,30.0695744,29.99707,1,0.033743386011337861,0.524027765,2.76333332,1,160x90 DepthUint16,"centre=8696 min=480 max=31657 hex=0000 0CF1 21F8 7AFF 6606","centre=1961 min=1367 max=2183 hex=056D 05CB 07A9 07CC 07D6",0,0,0,,0,,,None,Unavailable,NoWallUnderCrosshair,,,,"only 0 valid depth samples under crosshair (66 no-data, 107 out-of-range, 268 low-confidence)",0,,,None,Unavailable,NoWallInView,,,,0.06959006,1.18147635,-0.0443992,0.143066153,-0.05731848,0.009630502,0.988005042,0,0,0,0,0,0,284781.05817085603,284781.05817085603,0.03364760399563238
17.634634213863091,ac3ae122,SessionTracking,Tracking,30.0703564,29.99707,1,0.030898386001354083,0.5210417,2.78145838,1,160x90 DepthUint16,"centre=8697 min=480 max=32302 hex=0000 10FC 21F9 7AF8 64FE","centre=1967 min=1418 max=2217 hex=059D 05FA 07AF 07FA 080F",0,0,0,,0,,,None,Unavailable,NoWallUnderCrosshair,,,,"only 0 valid depth samples under crosshair (69 no-data, 98 out-of-range, 274 low-confidence)",0,,,None,Unavailable,NoWallInView,,,,0.07034026,1.1815325,-0.0442573279,0.142294571,-0.05696797,0.009364129,0.9881393,0,0,0,0,0,0,284781.091497939,284781.091497939,0.0308479169907514
17.667690463879762,ac3ae122,SessionTracking,Tracking,30.0700035,29.99707,1,0.0324956770054996,0.5202778,2.81430554,1,160x90 DepthUint16,"centre=9620 min=481 max=31632 hex=0000 10FE 2594 7AF2 62B8","centre=1971 min=1401 max=2226 hex=058E 05EE 07B3 0801 0818",0,0,0,,0,,,None,Unavailable,NoWallUnderCrosshair,,,,"only 0 valid depth samples under crosshair (75 no-data, 101 out-of-range, 265 low-confidence)",0,,,None,Unavailable,NoWallInView,,,,0.06974575,1.18108475,-0.0453541577,0.141659886,-0.05664315,0.009399742,0.9882488,0,0,0,0,0,0,284781.125268684,284781.125268684,0.03243937500519678
17.706592859866713,ac3ae122,SessionTracking,Tracking,30.0675163,29.99707,1,0.038304271001834422,0.521111131,2.65027785,1,160x90 DepthUint16,"centre=8098 min=481 max=31635 hex=0000 0CF1 1FA2 7B05 5D9A","centre=1966 min=1414 max=2193 hex=0599 05EE 07AE 07D8 07E4",0,0,0,,0,,,None,Unavailable,NoWallUnderCrosshair,,,,"only 0 valid depth samples under crosshair (69 no-data, 95 out-of-range, 277 low-confidence)",0,,,None,Unavailable,NoWallInView,,,,0.0700321048,1.1813395,-0.0448852,0.14295423,-0.0552138649,0.0103954673,0.9881333,0,0,0,0,0,0,284781.15859576705,284781.15859576705,0.038239740009885281
17.736794056857388,ac3ae122,SessionTracking,Tracking,30.0701885,29.99707,1,0.029568540980108082,0.51111114,2.63340282,1,160x90 DepthUint16,"centre=6717 min=481 max=31623 hex=0000 0C9E 1A3D 7B33 58ED","centre=1984 min=1398 max=2198 hex=0589 05E4 07C0 07DB 07E3",0,0,0,,0,,,None,Unavailable,NoWallUnderCrosshair,,,,"only 0 valid depth samples under crosshair (87 no-data, 94 out-of-range, 260 low-confidence)",0,,,None,Unavailable,NoWallInView,,,,0.06981191,1.18157756,-0.04481494,0.1434032,-0.0515016019,0.01199168,0.9882507,0,0,0,0,0,0,284781.19192285003,284781.19192285003,0.0295029679837171
17.769041817859897,ac3ae122,SessionTracking,Tracking,30.0686722,29.99707,1,0.031772396003361791,0.507430553,2.6163888,1,160x90 DepthUint16,"centre=5556 min=482 max=31638 hex=0000 0CA0 15B4 7B2E 57CB","centre=1961 min=1373 max=2179 hex=0570 05CE 07A9 0799 0798",0,0,0,,0,,,None,Unavailable,NoWallUnderCrosshair,,,,"only 0 valid depth samples under crosshair (87 no-data, 88 out-of-range, 266 low-confidence)",0,,,None,Unavailable,NoWallInView,,,,0.0708981156,1.18198812,-0.0450986922,0.143567175,-0.04944508,0.0117845833,0.9883344,0,0,0,0,0,0,284781.225249961,284781.225249961,0.031726197979878634
17.806663848858943,ac3ae122,SessionTracking,Tracking,30.06618,29.99707,1,0.037047811987577006,0.503125,2.59527779,1,160x90 DepthUint16,"centre=3856 min=482 max=31645 hex=0000 0CA1 0F10 7AC9 5758","centre=2004 min=1393 max=2275 hex=0583 05E1 07D4 083A 0859",0,0,0,,0,,,None,Unavailable,NoWallUnderCrosshair,,,,"only 0 valid depth samples under crosshair (105 no-data, 91 out-of-range, 245 low-confidence)",0,,,None,Unavailable,NoWallInView,,,,0.07133736,1.1821717,-0.04505812,0.14368552,-0.0479571261,0.0111894608,0.98839736,0,0,0,0,0,0,284781.258577044,284781.258577044,0.036995832982938737
17.83780244285931,ac3ae122,SessionTracking,Tracking,30.0695286,29.99707,1,0.030561093997675925,0.499097228,2.511111,1,160x90 DepthUint16,"centre=3856 min=482 max=31610 hex=0000 0CA2 0F10 79FF 573B","centre=1974 min=1384 max=2184 hex=057A 05D9 07B6 079F 079B",0,0,0,,0,,,None,Unavailable,NoWallUnderCrosshair,,,,"only 0 valid depth samples under crosshair (105 no-data, 91 out-of-range, 245 low-confidence)",0,,,None,Unavailable,NoWallInView,,,,0.0719014853,1.18223977,-0.04503315,0.1433165,-0.0467985868,0.010572345,0.9885133,0,0,0,0,0,0,284781.291904127,284781.291904127,0.03050906298449263
17.868451348876032,ac3ae122,SessionTracking,Tracking,30.0670967,29.99707,1,0.030166354001266882,0.4970139,2.45770836,1,160x90 DepthUint16,"centre=3857 min=482 max=31614 hex=0000 0CA3 0F11 79FC 5735","centre=1981 min=1395 max=2210 hex=0587 05E6 07BD 07C5 07CB",0,0,0,,0,,,None,Unavailable,NoWallUnderCrosshair,,,,"only 0 valid depth samples under crosshair (105 no-data, 86 out-of-range, 250 low-confidence)",0,,,None,Unavailable,NoWallInView,,,,0.07239421,1.18249476,-0.0455302931,0.143057987,-0.0456137,0.0104144225,0.9886078,0,0,0,0,0,0,284781.325239545,284781.325239545,0.03012224001577124
17.901157806852051,ac3ae122,SessionTracking,Tracking,30.0644855,29.99707,1,0.032197082997299731,0.491319448,2.51055551,1,160x90 DepthUint16,"centre=3549 min=482 max=31624 hex=0000 0000 0DDD 79F8 572E","centre=2001 min=1384 max=2265 hex=057A 05DB 07D1 0818 082F",0,0,0,,0,,,None,Unavailable,NoWallUnderCrosshair,,,,"only 0 valid depth samples under crosshair (120 no-data, 84 out-of-range, 237 low-confidence)",0,,,None,Unavailable,NoWallInView,,,,0.0725685656,1.18262494,-0.04555772,0.142777264,-0.0436361134,0.0103433738,0.988738358,0,0,0,0,0,0,284781.358566628,284781.358566628,0.032146509998710826
17.937991661855403,ac3ae122,SessionTracking,Tracking,30.07008,29.99707,1,0.036283802997786552,0.4859028,2.41416669,1,160x90 DepthUint16,"centre=3428 min=482 max=31592 hex=0000 0000 0D64 0000 5723","centre=1997 min=1378 max=2215 hex=0577 05E1 07CD 07C9 07CF",0,0,0,,0,,,None,Unavailable,NoWallUnderCrosshair,,,,"only 0 valid depth samples under crosshair (123 no-data, 84 out-of-range, 234 low-confidence)",0,,,None,Unavailable,NoWallInView,,,,0.07257472,1.18270206,-0.0456046425,0.1423029,-0.040977437,0.0102960467,0.988921,0,0,0,0,0,0,284781.391893711,284781.391893711,0.036233645980246365
17.970782546871259,ac3ae122,SessionTracking,Tracking,30.0675583,29.99707,1,0.032202083006268367,0.4813889,2.61402774,1,160x90 DepthUint16,"centre=3838 min=483 max=31604 hex=0000 0000 0EFE 0000 5720","centre=2034 min=1391 max=2266 hex=0583 05EE 07F2 0805 0810",0,0,0,,0,,,None,Unavailable,NoWallUnderCrosshair,,,,"only 0 valid depth samples under crosshair (129 no-data, 86 out-of-range, 226 low-confidence)",0,,,None,Unavailable,NoWallInView,,,,0.07310038,1.18282712,-0.0464560948,0.142118156,-0.0394148156,0.00998535752,0.989014268,0,0,0,0,0,0,284781.425207628,284781.425207628,0.032135051995282993
18.00442692185511,ac3ae122,SessionTracking,Tracking,30.06763,29.99707,1,0.033043332980014384,0.479375,2.396111,1,160x90 DepthUint16,"centre=3844 min=483 max=31585 hex=0000 0000 0F04 0000 5719","centre=2015 min=1404 max=2264 hex=058F 05F4 07DF 0807 081E",0,0,0,,0,,,None,Unavailable,NoWallUnderCrosshair,,,,"only 0 valid depth samples under crosshair (130 no-data, 91 out-of-range, 220 low-confidence)",0,,,None,Unavailable,NoWallInView,,,,0.0731256,1.1828984,-0.04641071,0.141783923,-0.0374565423,0.010292381,0.989135265,0,0,0,0,0,0,284781.45853471104,284781.45853471104,0.032983853976475075
18.033931556877132,ac3ae122,SessionTracking,Tracking,30.06876,29.99707,1,0.028890208021039143,0.473819435,2.56763887,1,160x90 DepthUint16,"centre=3839 min=483 max=31577 hex=0000 0000 0EFF 0000 0000","centre=2035 min=1396 max=2285 hex=058A 05F4 07F3 081D 0832",0,0,0,,0,,,None,Unavailable,NoWallUnderCrosshair,,,,"only 0 valid depth samples under crosshair (140 no-data, 78 out-of-range, 223 low-confidence)",0,,,None,Unavailable,NoWallInView,,,,0.07315638,1.1829809,-0.04637404,0.141400084,-0.035612762,0.0105709136,0.9892553,0,0,0,0,0,0,284781.491861794,284781.491861794,0.028824948007240891
18.071217390875017,ac3ae122,SessionTracking,Tracking,30.0694466,29.930088,1,0.036777447996428236,0.468958348,2.38243055,1,160x90 DepthUint16,"centre=3829 min=483 max=31581 hex=0000 0000 0EF5 0000 0000","centre=2031 min=1339 max=2312 hex=054D 05B8 07EF 0826 083D",0,0,0,,0,,,None,Unavailable,NoWallUnderCrosshair,,,,"only 0 valid depth samples under crosshair (160 no-data, 71 out-of-range, 210 low-confidence)",0,,,None,Unavailable,NoWallInView,,,,0.07397665,1.18317914,-0.0466917828,0.140936673,-0.0338566974,0.0102872849,0.989386,0,0,0,0,0,0,284781.525194216,284781.525194216,0.036733490007463843
18.101324317852185,ac3ae122,SessionTracking,Tracking,30.0695114,29.930088,1,0.029563333984697238,0.46541667,2.43409729,1,160x90 DepthUint16,"centre=3826 min=483 max=31541 hex=0000 0000 0EF2 0000 0000","centre=2033 min=1363 max=2224 hex=0567 05D4 07F1 07A6 0793",0,0,0,,0,,,None,Unavailable,NoWallUnderCrosshair,,,,"only 0 valid depth samples under crosshair (166 no-data, 60 out-of-range, 215 low-confidence)",0,,,None,Unavailable,NoWallInView,,,,0.07410826,1.18328977,-0.0467791259,0.140465841,-0.03186355,0.009921222,0.989522934,0,0,0,0,0,0,284781.55852129904,284781.55852129904,0.029513541987398639
18.132785827873658,ac3ae122,SessionTracking,Tracking,30.0696888,29.930088,1,0.030918072996428236,0.461180568,2.38902783,1,160x90 DepthUint16,"centre=3825 min=483 max=31548 hex=0000 0000 0EF1 0000 0000","centre=2034 min=1349 max=2220 hex=055B 05C7 07F2 07BE 07BC",0,0,0,,0,,,None,Unavailable,NoWallUnderCrosshair,,,,"only 0 valid depth samples under crosshair (167 no-data, 58 out-of-range, 216 low-confidence)",0,,,None,Unavailable,NoWallInView,,,,0.07434128,1.1834321,-0.0468056053,0.140244067,-0.030482905,0.009419919,0.9896028,0,0,0,0,0,0,284781.591848382,284781.591848382,0.030864322994602844
18.172527702866272,ac3ae122,SessionTracking,Tracking,30.06989,29.930088,1,0.039166875008959323,0.480555564,2.695,1,160x90 DepthUint16,"centre=4097 min=261 max=31523 hex=0000 0000 1001 0000 0000","centre=2059 min=1326 max=2281 hex=0544 05B0 080B 082E 0841",0,0,0,,0,,,None,Unavailable,NoWallUnderCrosshair,,,,"only 0 valid depth samples under crosshair (122 no-data, 56 out-of-range, 263 low-confidence)",0,,,None,Unavailable,NoWallInView,,,,0.0747178048,1.18345952,-0.04715642,0.140126735,-0.0294242725,0.008767366,0.989657462,0,0,0,0,0,0,284781.625170628,284781.625170628,0.039120311994338408
18.202580150877974,ac3ae122,SessionTracking,Tracking,30.0691128,29.930088,1,0.029511354019632563,0.480208337,2.39979172,1,160x90 DepthUint16,"centre=4027 min=261 max=31527 hex=0000 0000 0FBB 0000 0000","centre=2033 min=1311 max=2225 hex=0534 059F 07F1 080A 0818",0,0,0,,0,,,None,Unavailable,NoWallUnderCrosshair,,,,"only 0 valid depth samples under crosshair (119 no-data, 59 out-of-range, 263 low-confidence)",0,,,None,Unavailable,NoWallInView,,,,0.07477934,1.183596,-0.0471348539,0.140152812,-0.0275888368,0.00845995452,0.989709258,0,0,0,0,0,0,284781.658497711,284781.658497711,0.0294663020176813
18.24292957787743,ac3ae122,SessionTracking,Tracking,30.0686817,29.930088,1,0.039784687018254772,0.477430552,2.38534713,1,160x90 DepthUint16,"centre=3897 min=262 max=31526 hex=0000 0000 0F39 0000 0000","centre=2030 min=1332 max=2209 hex=0548 05B4 07EE 07F1 0801",0,0,0,,0,,,None,Unavailable,NoWallUnderCrosshair,,,,"only 0 valid depth samples under crosshair (120 no-data, 59 out-of-range, 262 low-confidence)",0,,,None,Unavailable,NoWallInView,,,,0.07491478,1.18371415,-0.0470467657,0.140151665,-0.0263527147,0.008161187,0.9897457,0,0,0,0,0,0,284781.691824794,284781.691824794,0.039733021025313064
18.274457337879493,ac3ae122,SessionTracking,Tracking,30.0678635,29.930088,1,0.030995624023489654,0.471944451,2.555,1,160x90 DepthUint16,"centre=3711 min=264 max=31493 hex=0000 0000 0E7F 0000 0000","centre=2053 min=1349 max=2255 hex=055A 05C4 0805 0808 081F",0,0,0,,0,,,None,Unavailable,NoWallUnderCrosshair,,,,"only 0 valid depth samples under crosshair (131 no-data, 44 out-of-range, 266 low-confidence)",0,,,None,Unavailable,NoWallInView,,,,0.07611974,1.18404186,-0.0486964174,0.139879316,-0.0245616734,0.007571727,0.9898349,0,0,0,0,0,0,284781.725171333,284781.725171333,0.030947395018301904
18.306555983864154,ac3ae122,SessionTracking,Tracking,30.068531,29.930088,1,0.031523124984232709,0.468611121,2.31541657,1,160x90 DepthUint16,"centre=3711 min=264 max=31497 hex=0000 0000 0E7F 0000 0000","centre=2030 min=1364 max=2195 hex=0567 05CD 07EE 07E7 07FA",0,0,0,,0,,,None,Unavailable,NoWallUnderCrosshair,,,,"only 0 valid depth samples under crosshair (134 no-data, 43 out-of-range, 264 low-confidence)",0,,,None,Unavailable,NoWallInView,,,,0.07619528,1.18409252,-0.0488571972,0.139571741,-0.02256628,0.007749558,0.9899245,0,0,0,0,0,0,284781.758498416,284781.758498416,0.031465156003832817
18.336924473863245,ac3ae122,SessionTracking,Tracking,30.0688744,29.930088,1,0.02978531300323084,0.4640278,2.60083342,1,160x90 DepthUint16,"centre=4650 min=265 max=31498 hex=0000 0000 122A 0000 0000","centre=2086 min=1384 max=2267 hex=057D 05E6 0826 082D 0843",0,0,0,,0,,,None,Unavailable,NoWallUnderCrosshair,,,,"only 0 valid depth samples under crosshair (133 no-data, 46 out-of-range, 262 low-confidence)",0,,,None,Unavailable,NoWallInView,,,,0.07633342,1.184111,-0.04881634,0.139888063,-0.02092528,0.007745087,0.9899159,0,0,0,0,0,0,284781.79182549904,284781.79182549904,0.029722343984758481
18.368906296868726,ac3ae122,SessionTracking,Tracking,30.06844,29.930088,1,0.031397656013723463,0.461875,2.34083343,1,160x90 DepthUint16,"centre=4308 min=265 max=31472 hex=0000 0000 10D4 0000 0000","centre=2086 min=1362 max=2204 hex=0565 05CE 0826 07E7 07EB",0,0,0,,0,,,None,Unavailable,NoWallUnderCrosshair,,,,"only 0 valid depth samples under crosshair (142 no-data, 48 out-of-range, 251 low-confidence)",0,,,None,Unavailable,NoWallInView,,,,0.07647925,1.18394291,-0.0489085838,0.140342474,-0.0190838426,0.007714808,0.989889,0,0,0,0,0,0,284781.82517922303,284781.82517922303,0.031347084004664794
18.407590983863837,ac3ae122,SessionTracking,Tracking,30.0677738,29.930088,1,0.038055051991250366,0.458333343,2.311597,1,160x90 DepthUint16,"centre=4307 min=265 max=31472 hex=0000 0000 10D3 0000 0000","centre=2081 min=1389 max=2231 hex=0581 05E8 0821 07F3 07FE",0,0,0,,0,,,None,Unavailable,NoWallUnderCrosshair,,,,"only 0 valid depth samples under crosshair (142 no-data, 46 out-of-range, 253 low-confidence)",0,,,None,Unavailable,NoWallInView,,,,0.07681495,1.18388474,-0.0487729572,0.140839383,-0.01828064,0.007594377,0.989834547,0,0,0,0,0,0,284781.858506306,284781.858506306,0.037978801992721856
18.436759421855594,ac3ae122,SessionTracking,Tracking,30.0666447,29.930088,1,0.028479426982812583,0.457152784,2.2742362,1,160x90 DepthUint16,"centre=4307 min=265 max=31478 hex=0000 0000 10D3 0000 0000","centre=2074 min=1395 max=2242 hex=0587 05ED 081A 07EA 07F2",0,0,0,,0,,,None,Unavailable,NoWallUnderCrosshair,,,,"only 0 valid depth samples under crosshair (142 no-data, 45 out-of-range, 254 low-confidence)",0,,,None,Unavailable,NoWallInView,,,,0.07719214,1.1838634,-0.04856782,0.141577631,-0.0177679881,0.0076949,0.9897378,0,0,0,0,0,0,284781.891833389,284781.891833389,0.028396145993610844
18.470443379853304,ac3ae122,SessionTracking,Tracking,30.06878,29.930088,1,0.033191561989951879,0.455694437,2.49520826,1,160x90 DepthUint16,"centre=4307 min=265 max=31487 hex=0000 0000 10D3 0000 0000","centre=2067 min=1371 max=2248 hex=056F 05D7 0813 07F2 0802",0,0,0,,0,,,None,Unavailable,NoWallUnderCrosshair,,,,"only 0 valid depth samples under crosshair (138 no-data, 46 out-of-range, 257 low-confidence)",0,,,None,Unavailable,NoWallInView,,,,0.07755789,1.18368888,-0.0488720722,0.142956421,-0.016750887,0.00767081976,0.9895575,0,0,0,0,0,0,284781.925236175,284781.925236175,0.033149374998174608
18.505956973872298,ac3ae122,SessionTracking,Tracking,30.0658779,29.930088,1,0.034774688014294952,0.452708334,2.32555556,1,160x90 DepthUint16,"centre=5099 min=264 max=31497 hex=0000 0000 13EB 0000 0000","centre=2062 min=1398 max=2224 hex=058C 05F0 080E 07EA 07F4",0,0,0,,0,,,None,Unavailable,NoWallUnderCrosshair,,,,"only 0 valid depth samples under crosshair (154 no-data, 57 out-of-range, 230 low-confidence)",0,,,None,Unavailable,NoWallInView,,,,0.07779452,1.18393433,-0.0483662151,0.146056861,-0.0149618853,0.00748208258,0.9891348,0,0,0,0,0,0,284781.958563258,284781.958563258,0.034696250018896535
18.540063952873378,ac3ae122,SessionTracking,Tracking,30.0681133,29.930088,1,0.03351697901962325,0.446875,2.30493045,1,160x90 DepthUint16,"centre=7976 min=263 max=31520 hex=0000 0000 1F28 0000 0000","centre=2040 min=1393 max=2227 hex=0586 05EB 07F8 07B3 07B0",0,0,0,,0,,,None,Unavailable,NoWallUnderCrosshair,,,,"only 0 valid depth samples under crosshair (153 no-data, 57 out-of-range, 231 low-confidence)",0,,,None,Unavailable,NoWallInView,,,,0.07805908,1.18405592,-0.0477839634,0.148651272,-0.0134602347,0.00722909,0.9887717,0,0,0,0,0,0,284781.991558247,284781.991558247,0.03345630201511085
18.568293014853179,ac3ae122,SessionTracking,Tracking,30.066658,29.930088,1,0.027712342998711392,0.447013885,2.385625,1,160x90 DepthUint16,"centre=9437 min=263 max=31525 hex=0000 0000 24DD 0000 0000","centre=2067 min=1385 max=2280 hex=0581 05E7 0813 0802 0816",0,0,0,,0,,,None,Unavailable,NoWallUnderCrosshair,,,,"only 0 valid depth samples under crosshair (149 no-data, 61 out-of-range, 231 low-confidence)",0,,,None,Unavailable,NoWallInView,,,,0.07827004,1.18435836,-0.04808487,0.149351344,-0.0125791812,0.00712233828,0.9886786,0,0,0,0,0,0,284782.024793011,284782.024793011,0.027660571999149397
18.599992129856172,ac3ae122,SessionTracking,Tracking,30.0642834,29.930088,1,0.031138541991822422,0.445694447,2.43104172,1,160x90 DepthUint16,"centre=9777 min=263 max=31525 hex=0000 0000 2631 0000 0000","centre=2084 min=1399 max=2268 hex=058F 05F5 0824 07EA 07F0",0,0,0,,0,,,None,Unavailable,NoWallUnderCrosshair,,,,"only 0 valid depth samples under crosshair (152 no-data, 60 out-of-range, 229 low-confidence)",0,,,None,Unavailable,NoWallInView,,,,0.07861163,1.18425357,-0.04788735,0.149471372,-0.0123765692,0.00718513131,0.9886625,0,0,0,0,0,0,284782.058120094,284782.058120094,0.031086353992577642
18.637291764861356,ac3ae122,SessionTracking,Tracking,30.0650444,29.930088,1,0.036770467995665967,0.444791675,2.482361,1,160x90 DepthUint16,"centre=6880 min=263 max=31517 hex=0000 0000 1AE0 0000 0000","centre=2081 min=1397 max=2256 hex=058F 05F4 0821 0800 080F",0,0,0,,0,,,None,Unavailable,NoWallUnderCrosshair,,,,"only 0 valid depth samples under crosshair (146 no-data, 58 out-of-range, 237 low-confidence)",0,,,None,Unavailable,NoWallInView,,,,0.0787677243,1.18420815,-0.0479057655,0.149053752,-0.0116897151,0.007460177,0.9887319,0,0,0,0,0,0,284782.091447177,284782.091447177,0.036719113995786756
18.669094577860005,ac3ae122,SessionTracking,Tracking,30.0680218,29.930088,1,0.031269947998225689,0.438819438,2.32951379,1,160x90 DepthUint16,"centre=5706 min=264 max=31501 hex=0000 0000 164A 0000 0000","centre=2061 min=1385 max=2254 hex=0582 05E8 080D 07E0 07EB",0,0,0,,0,,,None,Unavailable,NoWallUnderCrosshair,,,,"only 0 valid depth samples under crosshair (166 no-data, 53 out-of-range, 222 low-confidence)",0,,,None,Unavailable,NoWallInView,,,,0.07954381,1.18424749,-0.0483951755,0.1483715,-0.009881177,0.00751814339,0.9888538,0,0,0,0,0,0,284782.124706821,284782.124706821,0.031217865005601197
18.701661556863609,ac3ae122,SessionTracking,Tracking,30.06422,29.930088,1,0.028131719009252265,0.43416667,2.38229156,1,160x90 DepthUint16,"centre=5275 min=265 max=31485 hex=0000 3ADC 149B 0000 0000","centre=2107 min=1405 max=2323 hex=0596 05F8 083B 084B 086C",0,0,0,,0,,,None,Unavailable,NoWallUnderCrosshair,,,,"only 0 valid depth samples under crosshair (160 no-data, 52 out-of-range, 229 low-confidence)",0,,,None,Unavailable,NoWallInView,,,,0.0794298053,1.18436038,-0.04855424,0.148113713,-0.00726172328,0.007902503,0.9889121,0,0,0,0,0,0,284782.15803390404,284782.15803390404,0.028028489003190771
18.739468327860731,ac3ae122,SessionTracking,Tracking,30.0675163,29.930088,1,0.03725619800388813,0.42375,2.31895828,1,160x90 DepthUint16,"centre=4673 min=266 max=31462 hex=0000 3ADE 1241 0000 0000","centre=2076 min=1460 max=2261 hex=05CC 0623 081C 0801 081D",0,0,0,,0,,,None,Unavailable,NoWallUnderCrosshair,,,,"only 0 valid depth samples under crosshair (179 no-data, 47 out-of-range, 215 low-confidence)",0,,,None,Unavailable,NoWallInView,,,,0.07907368,1.18451631,-0.0488266274,0.1478779,-0.00351119065,0.008672447,0.9889614,0,0,0,0,0,0,284782.191360987,284782.191360987,0.037212552007986233
18.769528848867548,ac3ae122,SessionTracking,Tracking,30.0627518,29.930088,1,0.029205157014075667,0.415833324,2.22444439,1,160x90 DepthUint16,"centre=0 min=268 max=31436 hex=0000 3AEB 0000 0000 0000","centre=2099 min=1483 max=2246 hex=05E2 0639 0833 07EC 07EF",0,0,0,,0,,,None,Unavailable,NoWallUnderCrosshair,,,,"only 0 valid depth samples under crosshair (192 no-data, 42 out-of-range, 207 low-confidence)",0,,,None,Unavailable,NoWallInView,,,,0.0789912343,1.18410671,-0.0508566648,0.147451833,0.000381678343,0.008691192,0.989031,0,0,0,0,0,0,284782.224696531,284782.224696531,0.029116510995663702
18.800904160851996,ac3ae122,SessionTracking,Tracking,30.0669556,29.930088,1,0.030824790999758989,0.408819437,2.29513884,1,160x90 DepthUint16,"centre=0 min=269 max=31418 hex=0000 1683 0000 0000 0000","centre=2118 min=1470 max=2287 hex=05D7 0633 0846 0819 0823",0,0,0,,0,,,None,Unavailable,NoWallUnderCrosshair,,,,"only 0 valid depth samples under crosshair (205 no-data, 39 out-of-range, 197 low-confidence)",0,,,None,Unavailable,NoWallInView,,,,0.07902641,1.1840483,-0.05122271,0.147129267,0.00283966935,0.008775621,0.98907423,0,0,0,0,0,0,284782.257682665,284782.257682665,0.030765155999688432
18.839999212875181,ac3ae122,SessionTracking,Tracking,30.0636482,29.930088,1,0.038539896020665765,0.400625,2.31368065,1,160x90 DepthUint16,"centre=0 min=270 max=31396 hex=0000 11C6 0000 0000 0000","centre=2119 min=1501 max=2299 hex=05F9 064F 0847 0829 083D",0,0,0,,0,,,None,Unavailable,NoWallUnderCrosshair,,,,"only 0 valid depth samples under crosshair (205 no-data, 37 out-of-range, 199 low-confidence)",0,,,None,Unavailable,NoWallInView,,,,0.07884589,1.18397725,-0.051557485,0.147125378,0.006090462,0.009300053,0.989055455,0,0,0,0,0,0,284782.291009748,284782.291009748,0.038475833018310368
18.871017181859269,ac3ae122,SessionTracking,Tracking,30.06689,29.930088,1,0.030420989991398528,0.397847235,2.27243066,1,160x90 DepthUint16,"centre=0 min=271 max=31385 hex=0000 11C6 0000 0000 0000","centre=2127 min=1480 max=2267 hex=05E4 063F 084F 07F1 07EE",0,0,0,,0,,,None,Unavailable,NoWallUnderCrosshair,,,,"only 0 valid depth samples under crosshair (216 no-data, 36 out-of-range, 189 low-confidence)",0,,,None,Unavailable,NoWallInView,,,,0.0783529058,1.18358445,-0.05187455,0.1472627,0.007886493,0.009435506,0.989021,0,0,0,0,0,0,284782.324372042,284782.324372042,0.030357134994119406
18.902711556866915,ac3ae122,SessionTracking,Tracking,30.0662231,29.930088,1,0.031131875002756715,0.394305557,2.17222214,1,160x90 DepthUint16,"centre=0 min=271 max=31373 hex=0000 11C5 0000 0000 0000","centre=2123 min=1488 max=2276 hex=05F1 0647 084B 084B 0868",0,0,0,,0,,,None,Unavailable,NoWallUnderCrosshair,,,,"only 0 valid depth samples under crosshair (219 no-data, 32 out-of-range, 190 low-confidence)",0,,,None,Unavailable,NoWallInView,,,,0.07853663,1.1834867,-0.0520961545,0.147318184,0.009707123,0.009545475,0.988995433,0,0,0,0,0,0,284782.357699125,284782.357699125,0.031083801994100213
18.933721868866041,ac3ae122,SessionTracking,Tracking,30.0675449,29.930088,1,0.03045499901054427,0.389930546,2.28875,1,160x90 DepthUint16,"centre=0 min=272 max=31357 hex=0000 0000 0000 0000 0000","centre=2178 min=1480 max=2279 hex=05EA 064A 0882 084C 0847",0,0,0,,0,,,None,Unavailable,NoWallUnderCrosshair,,,,"only 0 valid depth samples under crosshair (215 no-data, 32 out-of-range, 194 low-confidence)",0,,,None,Unavailable,NoWallInView,,,,0.07877752,1.18337417,-0.0523476973,0.147096738,0.01160323,0.009445847,0.989008963,0,0,0,0,0,0,284782.391026208,284782.391026208,0.0304091660073027
18.971573535868583,ac3ae122,SessionTracking,Tracking,30.071125,29.930088,1,0.0373814580088947,0.386944443,2.21097231,1,160x90 DepthUint16,"centre=0 min=272 max=31345 hex=0000 0000 0000 0000 0000","centre=2187 min=1483 max=2284 hex=05F3 0653 088B 085F 085D",0,0,0,,0,,,None,Unavailable,NoWallUnderCrosshair,,,,"only 0 valid depth samples under crosshair (232 no-data, 29 out-of-range, 180 low-confidence)",0,,,None,Unavailable,NoWallInView,,,,0.07925725,1.183455,-0.05215464,0.146913543,0.0129791955,0.009239734,0.989021063,0,0,0,0,0,0,284782.42426014604,284782.42426014604,0.0373358849901706
19.003159681879833,ac3ae122,SessionTracking,Tracking,30.0677357,29.930088,1,0.030973125016316772,0.384513885,2.1739583,1,160x90 DepthUint16,"centre=0 min=272 max=31332 hex=0000 0000 0000 0000 0000","centre=2173 min=1505 max=2261 hex=060C 0669 087D 083D 0832",0,0,0,,0,,,None,Unavailable,NoWallUnderCrosshair,,,,"only 0 valid depth samples under crosshair (232 no-data, 28 out-of-range, 181 low-confidence)",0,,,None,Unavailable,NoWallInView,,,,0.07964221,1.183425,-0.052399192,0.1465188,0.0141770169,0.009019405,0.9890652,0,0,0,0,0,0,284782.45758722903,284782.45758722903,0.030906406027497724
19.034371348875492,ac3ae122,SessionTracking,Tracking,30.074995,29.930088,1,0.03072177100693807,0.4020139,2.34493065,1,160x90 DepthUint16,"centre=0 min=273 max=31307 hex=0000 174E 0000 0000 0000","centre=2169 min=1476 max=2224 hex=05E8 0648 0879 0860 0863",0,0,0,,0,,,None,Unavailable,NoWallUnderCrosshair,,,,"only 0 valid depth samples under crosshair (197 no-data, 26 out-of-range, 218 low-confidence)",0,,,None,Unavailable,NoWallInView,,,,0.0798940957,1.183449,-0.052691102,0.146199673,0.0159332231,0.009147525,0.9890845,0,0,0,0,0,0,284782.490914312,284782.490914312,0.030677917005959898
19.07256718185722,ac3ae122,SessionTracking,Tracking,30.0703926,29.95956,1,0.037654479005141184,0.4020139,2.16291666,1,160x90 DepthUint16,"centre=0 min=273 max=31282 hex=0000 174E 0000 0000 0000","centre=2156 min=1478 max=2223 hex=05EB 0644 086C 0867 0877",0,0,0,,0,,,None,Unavailable,NoWallUnderCrosshair,,,,"only 0 valid depth samples under crosshair (197 no-data, 25 out-of-range, 219 low-confidence)",0,,,None,Unavailable,NoWallInView,,,,0.0807263851,1.18365157,-0.0522619151,0.145894527,0.01754482,0.009452105,0.989099443,0,0,0,0,0,0,284782.523787426,284782.523787426,0.037610364990541711
19.104262858853826,ac3ae122,SessionTracking,Tracking,30.0689011,29.95956,1,0.031148228998063132,0.391527772,2.3700695,1,160x90 DepthUint16,"centre=0 min=273 max=31268 hex=0000 14FE 0000 0000 0000","centre=2189 min=1479 max=2270 hex=05F0 0652 088D 0885 088B",0,0,0,,0,,,None,Unavailable,NoWallUnderCrosshair,,,,"only 0 valid depth samples under crosshair (213 no-data, 21 out-of-range, 207 low-confidence)",0,,,None,Unavailable,NoWallInView,,,,0.08103241,1.18367457,-0.0526026674,0.14514263,0.0194368362,0.00974229,0.989171863,0,0,0,0,0,0,284782.557114509,284782.557114509,0.031097291997866705
19.134689264864345,ac3ae122,SessionTracking,Tracking,30.0716228,29.95956,1,0.029916666011558846,0.391458333,2.18777776,1,160x90 DepthUint16,"centre=0 min=274 max=31240 hex=0000 1253 0000 0000 0000","centre=2185 min=1478 max=2250 hex=05EE 064B 0889 0897 089F",0,0,0,,0,,,None,Unavailable,NoWallUnderCrosshair,,,,"only 0 valid depth samples under crosshair (213 no-data, 21 out-of-range, 207 low-confidence)",0,,,None,Unavailable,NoWallInView,,,,0.0813717,1.18372953,-0.05288668,0.144619837,0.0214869361,0.00989923,0.989204466,0,0,0,0,0,0,284782.59044159204,284782.59044159204,0.029866353987017646
19.168437441860942,ac3ae122,SessionTracking,Tracking,30.0754871,29.95956,1,0.033210311987204477,0.384166658,2.37111115,1,160x90 DepthUint16,"centre=0 min=275 max=31223 hex=0000 1157 0000 0000 0000","centre=2196 min=1481 max=2255 hex=05F5 0653 0894 08A4 08AF",0,0,0,,0,,,None,Unavailable,NoWallUnderCrosshair,,,,"only 0 valid depth samples under crosshair (225 no-data, 19 out-of-range, 197 low-confidence)",0,,,None,Unavailable,NoWallInView,,,,0.08167124,1.184063,-0.0529024638,0.1442762,0.0233107172,0.009994,0.9892124,0,0,0,0,0,0,284782.623768609,284782.623768609,0.033164478983962908
19.205113900875357,ac3ae122,SessionTracking,Tracking,30.07022,29.95956,1,0.036157916998490691,0.38125,2.24229169,1,160x90 DepthUint16,"centre=0 min=275 max=31206 hex=0000 1158 0000 0000 0000","centre=2188 min=1485 max=2275 hex=05FF 065A 088C 08A3 08AE",0,0,0,,0,,,None,Unavailable,NoWallUnderCrosshair,,,,"only 0 valid depth samples under crosshair (229 no-data, 16 out-of-range, 196 low-confidence)",0,,,None,Unavailable,NoWallInView,,,,0.08215669,1.18407762,-0.0530535281,0.143736482,0.0247347131,0.0101036429,0.98925525,0,0,0,0,0,0,284782.657095692,284782.657095692,0.036107240011915565
19.240897233880741,ac3ae122,SessionTracking,Tracking,30.0734558,29.95956,1,0.035126458009472117,0.380902767,2.19576383,1,160x90 DepthUint16,"centre=0 min=275 max=31192 hex=0000 115A 0000 0000 0000","centre=2182 min=1463 max=2228 hex=05E4 063E 0886 089D 08AD",0,0,0,,0,,,None,Unavailable,NoWallUnderCrosshair,,,,"only 0 valid depth samples under crosshair (229 no-data, 16 out-of-range, 196 low-confidence)",0,,,None,Unavailable,NoWallInView,,,,0.08265999,1.18411338,-0.0531590879,0.143305421,0.0259055663,0.0103154788,0.989285648,0,0,0,0,0,0,284782.690422775,284782.690422775,0.035051979008130729
19.26798056688035,ac3ae122,SessionTracking,Tracking,30.07385,29.95956,1,0.026539010024862364,0.380208343,2.207639,1,160x90 DepthUint16,"centre=0 min=275 max=31185 hex=0000 115A 0000 0000 0000","centre=2164 min=1448 max=2235 hex=05D3 062C 0874 089A 08B0",0,0,0,,0,,,None,Unavailable,NoWallUnderCrosshair,,,,"only 0 valid depth samples under crosshair (229 no-data, 16 out-of-range, 196 low-confidence)",0,,,None,Unavailable,NoWallInView,,,,0.082380414,1.18478,-0.0527783334,0.1431444,0.02647524,0.0107439756,0.9892893,0,0,0,0,0,0,284782.72381364903,284782.72381364903,0.026490000018384308
19.305189420868327,ac3ae122,SessionTracking,Tracking,30.0781059,29.95956,1,0.036573071993188933,0.377847224,2.24479175,1,160x90 DepthUint16,"centre=0 min=276 max=31173 hex=0000 115B 0000 0000 0000","centre=2164 min=1456 max=2240 hex=05D8 062F 0874 08A3 08B9",0,0,0,,0,,,None,Unavailable,NoWallUnderCrosshair,,,,"only 0 valid depth samples under crosshair (225 no-data, 16 out-of-range, 200 low-confidence)",0,,,None,Unavailable,NoWallInView,,,,0.08287664,1.184859,-0.0528197251,0.142720446,0.02727751,0.01098618,0.9893261,0,0,0,0,0,0,284782.757140732,284782.757140732,0.036517394997645169
19.338059577878948,ac3ae122,SessionTracking,Tracking,30.0709114,29.95956,1,0.032233959005679935,0.373680562,2.303125,1,160x90 DepthUint16,"centre=0 min=276 max=31167 hex=0000 1CEA 0000 0000 0000","centre=2185 min=1480 max=2273 hex=05F8 064D 0889 08B2 08C4",0,0,0,,0,,,None,Unavailable,NoWallUnderCrosshair,,,,"only 0 valid depth samples under crosshair (241 no-data, 15 out-of-range, 185 low-confidence)",0,,,None,Unavailable,NoWallInView,,,,0.08347632,1.18492579,-0.0528307334,0.1424831,0.0277280621,0.0110814571,0.989346743,0,0,0,0,0,0,284782.790467815,284782.790467815,0.032168334000743926
19.367608379855437,ac3ae122,SessionTracking,Tracking,30.06974,29.95956,1,0.028965573001187295,0.370138884,2.26861119,1,160x90 DepthUint16,"centre=0 min=277 max=31156 hex=0000 0000 0000 0000 0000","centre=2207 min=1474 max=2358 hex=05FC 0654 089F 08DE 08F6",0,0,0,,0,,,None,Unavailable,NoWallUnderCrosshair,,,,"only 0 valid depth samples under crosshair (245 no-data, 14 out-of-range, 182 low-confidence)",0,,,None,Unavailable,NoWallInView,,,,0.08368177,1.18507838,-0.0535211936,0.1420536,0.02849064,0.0112600327,0.9893848,0,0,0,0,0,0,284782.823837899,284782.823837899,0.028920208977069706
19.405178847859997,ac3ae122,SessionTracking,Tracking,30.070734,29.95956,1,0.037010832980740815,0.370416671,2.221875,1,160x90 DepthUint16,"centre=0 min=277 max=31148 hex=0000 0000 0000 0000 0000","centre=2205 min=1467 max=2341 hex=05EF 0648 089D 08DE 08F6",0,0,0,,0,,,None,Unavailable,NoWallUnderCrosshair,,,,"only 0 valid depth samples under crosshair (237 no-data, 14 out-of-range, 190 low-confidence)",0,,,None,Unavailable,NoWallInView,,,,0.0841959342,1.18505251,-0.0535745025,0.141949117,0.0293127913,0.0112087736,0.989376366,0,0,0,0,0,0,284782.857164982,284782.857164982,0.036965467996196821
19.437138431871926,ac3ae122,SessionTracking,Tracking,30.0646038,29.95956,1,0.031246822996763512,0.37,2.21770835,1,160x90 DepthUint16,"centre=0 min=277 max=31140 hex=0000 0000 0000 0000 0000","centre=2178 min=1446 max=2229 hex=05D2 062D 0882 0898 08AD",0,0,0,,0,,,None,Unavailable,NoWallUnderCrosshair,,,,"only 0 valid depth samples under crosshair (227 no-data, 14 out-of-range, 200 low-confidence)",0,,,None,Unavailable,NoWallInView,,,,0.08466312,1.18500459,-0.0536625236,0.141813725,0.030115908,0.0111629674,0.9893722,0,0,0,0,0,0,284782.890492065,284782.890492065,0.031200208992231637
19.46821916087988,ac3ae122,SessionTracking,Tracking,30.0732841,29.95956,1,0.030542500026058406,0.369583338,2.231875,1,160x90 DepthUint16,"centre=0 min=278 max=31127 hex=0000 0000 0000 0000 0000","centre=2182 min=1461 max=2303 hex=05EE 0646 0886 08C8 08E3",0,0,0,,0,,,None,Unavailable,NoWallUnderCrosshair,,,,"only 0 valid depth samples under crosshair (220 no-data, 10 out-of-range, 211 low-confidence)",0,,,None,Unavailable,NoWallInView,,,,0.0847708061,1.18523264,-0.05428485,0.141606346,0.0315317549,0.0114077926,0.989355,0,0,0,0,0,0,284782.923804479,284782.923804479,0.030495000013615936
19.501589368875056,ac3ae122,SessionTracking,Tracking,30.064167,29.95956,1,0.032676978997187689,0.3615972,2.2458334,1,160x90 DepthUint16,"centre=2927 min=278 max=31110 hex=0000 23F8 0B6F 0000 0000","centre=2216 min=1456 max=2367 hex=05EB 0647 08A8 08F4 090E",0,0,0,,0,,,None,Unavailable,NoWallUnderCrosshair,,,,"only 0 valid depth samples under crosshair (238 no-data, 5 out-of-range, 198 low-confidence)",0,,,None,Unavailable,NoWallInView,,,,0.08501347,1.18526924,-0.05446589,0.141296327,0.03305132,0.0116512775,0.989346862,0,0,0,0,0,0,284782.957131562,284782.957131562,0.032633854018058628
19.536786452858859,ac3ae122,SessionTracking,Tracking,30.0683632,29.95956,1,0.034595990000525489,0.35826388,2.21270823,1,160x90 DepthUint16,"centre=2928 min=279 max=31091 hex=0000 23FB 0B70 0000 0000","centre=2195 min=1448 max=2266 hex=05DF 063B 0893 08BE 08D3",0,0,0,,0,,,None,Unavailable,NoWallUnderCrosshair,,,,"only 0 valid depth samples under crosshair (238 no-data, 5 out-of-range, 198 low-confidence)",0,,,None,Unavailable,NoWallInView,,,,0.0851885,1.18531322,-0.0546416529,0.140942559,0.0348409,0.0119867623,0.989331961,0,0,0,0,0,0,284782.99045864504,284782.99045864504,0.034550782002042979
19.568315150877378,ac3ae122,SessionTracking,Tracking,30.0692425,29.95956,1,0.030911511013982818,0.3596528,2.200764,1,160x90 DepthUint16,"centre=2928 min=279 max=31081 hex=0000 23FD 0B70 0000 0000","centre=2203 min=1452 max=2302 hex=05E6 0641 089B 08D8 08F3",0,0,0,,0,,,None,Unavailable,NoWallUnderCrosshair,,,,"only 0 valid depth samples under crosshair (238 no-data, 5 out-of-range, 198 low-confidence)",0,,,None,Unavailable,NoWallInView,,,,0.08378886,1.18568766,-0.0547073,0.140635759,0.0355014,0.0124117741,0.989346862,0,0,0,0,0,0,284783.023560456,284783.023560456,0.03085067801293917
19.60030952488064,ac3ae122,SessionTracking,Tracking,30.0611267,29.95956,1,0.0314971870102454,0.360625,2.19833326,1,160x90 DepthUint16,"centre=2929 min=279 max=31081 hex=0000 23FF 0B71 0000 0000","centre=2208 min=1449 max=2256 hex=05DC 063B 08A0 08BC 08CA",0,0,0,,0,,,None,Unavailable,NoWallUnderCrosshair,,,,"only 0 valid depth samples under crosshair (238 no-data, 5 out-of-range, 198 low-confidence)",0,,,None,Unavailable,NoWallInView,,,,0.08429392,1.1857996,-0.05471928,0.140255034,0.0348771065,0.0122713158,0.9894249,0,0,0,0,0,0,284783.05688753905,284783.05688753905,0.03143260400975123
19.63860796286367,ac3ae122,SessionTracking,Tracking,30.0660114,29.95956,1,0.037660520989447832,0.359375,2.19375,1,160x90 DepthUint16,"centre=2929 min=279 max=31079 hex=0000 2401 0B71 0000 0000","centre=2201 min=1447 max=2242 hex=05DA 0638 0899 08AE 08BA",0,0,0,,0,,,None,Unavailable,NoWallUnderCrosshair,,,,"only 0 valid depth samples under crosshair (238 no-data, 5 out-of-range, 198 low-confidence)",0,,,None,Unavailable,NoWallInView,,,,0.08474584,1.18586314,-0.054721944,0.1398641,0.03459413,0.0122119207,0.989490867,0,0,0,0,0,0,284783.09021462203,284783.09021462203,0.037588593986583874
19.669523431853076,ac3ae122,SessionTracking,Tracking,30.06912,29.95956,1,0.030306353990454227,0.3598611,2.19506955,1,160x90 DepthUint16,"centre=2928 min=278 max=31084 hex=0000 2400 0B70 0000 0000","centre=2204 min=1439 max=2290 hex=05CF 0630 089C 08C6 08D9",0,0,0,,0,,,None,Unavailable,NoWallUnderCrosshair,,,,"only 0 valid depth samples under crosshair (238 no-data, 5 out-of-range, 198 low-confidence)",0,,,None,Unavailable,NoWallInView,,,,0.08415687,1.18564439,-0.0538931526,0.139935851,0.0338474438,0.01245612,0.9895035,0,0,0,0,0,0,284783.12390667404,284783.12390667404,0.030247708986280486
19.701128952866338,ac3ae122,SessionTracking,Tracking,30.0657349,29.95956,1,0.03082291700411588,0.359722227,2.21375,1,160x90 DepthUint16,"centre=2928 min=278 max=31087 hex=0000 23FF 0B70 0000 0000","centre=2205 min=1439 max=2280 hex=05D0 062F 089D 08C4 08D5",0,0,0,,0,,,None,Unavailable,NoWallUnderCrosshair,,,,"only 0 valid depth samples under crosshair (238 no-data, 5 out-of-range, 198 low-confidence)",0,,,None,Unavailable,NoWallInView,,,,0.084422864,1.18558979,-0.0536750257,0.140001133,0.0335403159,0.01265967,0.989502132,0,0,0,0,0,0,284783.157233757,284783.157233757,0.030770729994401336
19.733550827854696,ac3ae122,SessionTracking,Tracking,30.0621624,29.95956,1,0.03179562499281019,0.3613889,2.24722219,1,160x90 DepthUint16,"centre=2927 min=278 max=31094 hex=0000 23FE 0B6F 0000 0000","centre=2223 min=1451 max=2319 hex=05E4 0644 08AF 08E0 08F7",0,0,0,,0,,,None,Unavailable,NoWallUnderCrosshair,,,,"only 0 valid depth samples under crosshair (238 no-data, 5 out-of-range, 198 low-confidence)",0,,,None,Unavailable,NoWallInView,,,,0.08475413,1.18546224,-0.05344438,0.140072569,0.032858137,0.0126528144,0.989515,0,0,0,0,0,0,284783.19056084,284783.19056084,0.031741718994453549
19.771534056860173,ac3ae122,SessionTracking,Tracking,30.0693417,29.95956,1,0.037378698005340993,0.362222224,2.27569437,1,160x90 DepthUint16,"centre=2927 min=278 max=31097 hex=0000 0000 0B6F 0000 0000","centre=2227 min=1452 max=2352 hex=05E7 0646 08B3 08EC 0902",0,0,0,,0,,,None,Unavailable,NoWallUnderCrosshair,,,,"only 0 valid depth samples under crosshair (238 no-data, 5 out-of-range, 198 low-confidence)",0,,,None,Unavailable,NoWallInView,,,,0.0852558538,1.185328,-0.05350896,0.14008674,0.03240252,0.0127380192,0.989527,0,0,0,0,0,0,284783.22386369103,284783.22386369103,0.037318021000828594
19.803848795875592,ac3ae122,SessionTracking,Tracking,30.0666447,29.95956,1,0.031648750009480864,0.365,2.30520844,1,160x90 DepthUint16,"centre=2927 min=277 max=31101 hex=0000 0000 0B6F 0000 0000","centre=2235 min=1457 max=2373 hex=05ED 064E 08BB 08ED 0902",0,0,0,,0,,,None,Unavailable,NoWallUnderCrosshair,,,,"only 0 valid depth samples under crosshair (235 no-data, 6 out-of-range, 200 low-confidence)",0,,,None,Unavailable,NoWallInView,,,,0.0854609758,1.18510461,-0.0533029959,0.14011395,0.03190274,0.0128060877,0.989538431,0,0,0,0,0,0,284783.257190774,284783.257190774,0.031598646019119769
19.8345109838619,ac3ae122,SessionTracking,Tracking,30.0670834,29.95956,1,0.030092239991063252,0.367708325,2.21819448,1,160x90 DepthUint16,"centre=0 min=277 max=31113 hex=0000 0000 0000 0000 0000","centre=2201 min=1458 max=2295 hex=05E8 0643 0899 08CF 08E7",0,0,0,,0,,,None,Unavailable,NoWallUnderCrosshair,,,,"only 0 valid depth samples under crosshair (224 no-data, 6 out-of-range, 211 low-confidence)",0,,,None,Unavailable,NoWallInView,,,,0.0856334046,1.18490875,-0.05295312,0.140497863,0.0310105886,0.0131673524,0.9895076,0,0,0,0,0,0,284783.290517857,284783.290517857,0.030034374998649582
19.872813379878561,ac3ae122,SessionTracking,Tracking,30.0681133,29.95956,1,0.037750729999970645,0.369652778,2.2,1,160x90 DepthUint16,"centre=0 min=277 max=31119 hex=0000 0000 0000 0000 0000","centre=2198 min=1452 max=2254 hex=05E0 063C 0896 08B7 08C9",0,0,0,,0,,,None,Unavailable,NoWallUnderCrosshair,,,,"only 0 valid depth samples under crosshair (224 no-data, 6 out-of-range, 211 low-confidence)",0,,,None,Unavailable,NoWallInView,,,,0.08569849,1.18501031,-0.0535930544,0.140766129,0.0305982269,0.013671726,0.9894755,0,0,0,0,0,0,284783.323818543,284783.323818543,0.037706563016399741
19.904637545862851,ac3ae122,SessionTracking,Tracking,30.0698547,29.95956,1,0.031053854007041082,0.370138884,2.23291659,1,160x90 DepthUint16,"centre=0 min=277 max=31125 hex=0000 0000 0000 0000 0000","centre=2199 min=1448 max=2240 hex=05D4 0632 0897 08AA 08B7",0,0,0,,0,,,None,Unavailable,NoWallUnderCrosshair,,,,"only 0 valid depth samples under crosshair (229 no-data, 6 out-of-range, 206 low-confidence)",0,,,None,Unavailable,NoWallInView,,,,0.08586912,1.18489146,-0.0534060337,0.140614778,0.0295396857,0.0137571692,0.989528,0,0,0,0,0,0,284783.35714562604,284783.35714562604,0.030940572993131354
19.938061504878487,ac3ae122,SessionTracking,Tracking,30.06789,29.95956,1,0.0328950000111945,0.369930565,2.242361,1,160x90 DepthUint16,"centre=0 min=277 max=31132 hex=0000 0000 0000 0000 0000","centre=2224 min=1459 max=2324 hex=05E8 0647 08B0 08E7 08FD",0,0,0,,0,,,None,Unavailable,NoWallUnderCrosshair,,,,"only 0 valid depth samples under crosshair (229 no-data, 6 out-of-range, 206 low-confidence)",0,,,None,Unavailable,NoWallInView,,,,0.0860108063,1.18489635,-0.0532004461,0.140696675,0.0287759788,0.0137180388,0.9895394,0,0,0,0,0,0,284783.390472709,284783.390472709,0.032843073015101254
19.969739056853495,ac3ae122,SessionTracking,Tracking,30.0695419,29.95956,1,0.031134114979067817,0.369722217,2.245486,1,160x90 DepthUint16,"centre=0 min=279 max=31127 hex=0000 0000 0000 0000 0000","centre=2223 min=1448 max=2335 hex=05D7 0636 08AF 08FC 091A",0,0,0,,0,,,None,Unavailable,NoWallUnderCrosshair,,,,"only 0 valid depth samples under crosshair (229 no-data, 6 out-of-range, 206 low-confidence)",0,,,None,Unavailable,NoWallInView,,,,0.08557243,1.18569994,-0.05567863,0.140189335,0.0288849361,0.0136916041,0.9896086,0,0,0,0,0,0,284783.423798769,284783.423798769,0.031072499987203628
20.005990826865808,ac3ae122,SessionTracking,Tracking,30.0702076,29.95956,1,0.035446927009616047,0.371805549,2.290139,1,160x90 DepthUint16,"centre=0 min=279 max=31136 hex=0000 0000 0000 0000 0000","centre=2228 min=1451 max=2368 hex=05DD 063D 08B4 08F7 0916",0,0,0,,0,,,None,Unavailable,NoWallUnderCrosshair,,,,"only 0 valid depth samples under crosshair (229 no-data, 6 out-of-range, 206 low-confidence)",0,,,None,Unavailable,NoWallInView,,,,0.08578001,1.18578672,-0.05564748,0.1401954,0.0278565139,0.0133643746,0.9896417,0,0,0,0,0,0,284783.457125852,284783.457125852,0.035378801985643804
20.036911660855321,ac3ae122,SessionTracking,Tracking,30.068325,29.95956,1,0.030353437992744148,0.375,2.31833339,1,160x90 DepthUint16,"centre=0 min=279 max=31149 hex=0000 1345 0000 0000 0000","centre=2228 min=1478 max=2356 hex=05FD 0658 08B4 08E8 08FF",0,0,0,,0,,,None,Unavailable,NoWallUnderCrosshair,,,,"only 0 valid depth samples under crosshair (213 no-data, 7 out-of-range, 221 low-confidence)",0,,,None,Unavailable,NoWallInView,,,,0.0858912244,1.18585193,-0.05552121,0.1406203,0.0267715268,0.0132308919,0.9896132,0,0,0,0,0,0,284783.49045293505,284783.49045293505,0.030303593986900523
20.067558535861235,ac3ae122,SessionTracking,Tracking,30.07135,29.95956,1,0.030126511002890766,0.374930561,2.277639,1,160x90 DepthUint16,"centre=0 min=279 max=31148 hex=0000 1345 0000 0000 0000","centre=2218 min=1471 max=2341 hex=05F4 064F 08AA 08E4 08FC",0,0,0,,0,,,None,Unavailable,NoWallUnderCrosshair,,,,"only 0 valid depth samples under crosshair (214 no-data, 7 out-of-range, 220 low-confidence)",0,,,None,Unavailable,NoWallInView,,,,0.0855224,1.1858381,-0.0558605529,0.14050661,0.026768079,0.0134749124,0.9896261,0,0,0,0,0,0,284783.523767624,284783.523767624,0.030077760980930179
20.114683951854158,ac3ae122,SessionTracking,Tracking,30.0692,29.7471466,1,0.046577447996241972,0.3752778,2.26618052,1,160x90 DepthUint16,"centre=0 min=279 max=31150 hex=0000 1345 0000 0000 0000","centre=2209 min=1468 max=2326 hex=05F2 064C 08A1 08D4 08E9",0,0,0,,0,,,None,Unavailable,NoWallUnderCrosshair,,,,"only 0 valid depth samples under crosshair (214 no-data, 7 out-of-range, 220 low-confidence)",0,,,None,Unavailable,NoWallInView,,,,0.0852875,1.185834,-0.0558236,0.140749231,0.0267944671,0.0138044059,0.989586353,0,0,0,0,0,0,284783.55709470704,284783.55709470704,0.046517187001882121
20.140179837871028,ac3ae122,SessionTracking,Tracking,30.0686588,29.7471466,1,0.024881771008949727,0.3792361,2.2144444,1,160x90 DepthUint16,"centre=0 min=279 max=31162 hex=0000 1344 0000 0000 0000","centre=2190 min=1446 max=2261 hex=05D4 0631 088E 08BA 08D0",0,0,0,,0,,,None,Unavailable,NoWallUnderCrosshair,,,,"only 0 valid depth samples under crosshair (214 no-data, 7 out-of-range, 220 low-confidence)",0,,,None,Unavailable,NoWallInView,,,,0.08531389,1.18581414,-0.0557047576,0.141015947,0.0257073659,0.01387334,0.9895763,0,0,0,0,0,0,284783.59042179,284783.59042179,0.024827917019138113
20.169909993876853,ac3ae122,SessionTracking,Tracking,30.068737,29.7471466,1,0.029013698018388823,0.378888875,2.2365973,1,160x90 DepthUint16,"centre=0 min=279 max=31165 hex=0000 1344 0000 0000 0000","centre=2185 min=1429 max=2256 hex=05BE 061E 0889 08B1 08C7",0,0,0,,0,,,None,Unavailable,NoWallUnderCrosshair,,,,"only 0 valid depth samples under crosshair (216 no-data, 7 out-of-range, 218 low-confidence)",0,,,None,Unavailable,NoWallInView,,,,0.08464032,1.18564963,-0.0559618771,0.141058192,0.0252450574,0.0141890356,0.9895777,0,0,0,0,0,0,284783.623694096,284783.623694096,0.028942917007952929
20.200695097874767,ac3ae122,SessionTracking,Tracking,30.0685883,29.7471466,1,0.030299375008326024,0.38166666,2.28569436,1,160x90 DepthUint16,"centre=0 min=279 max=31173 hex=0000 1344 0000 0000 0000","centre=2213 min=1468 max=2329 hex=05ED 064D 08A5 08D3 08E6",0,0,0,,0,,,None,Unavailable,NoWallUnderCrosshair,,,,"only 0 valid depth samples under crosshair (216 no-data, 7 out-of-range, 218 low-confidence)",0,,,None,Unavailable,NoWallInView,,,,0.08460454,1.185661,-0.0558902472,0.141221464,0.0244771577,0.0142723918,0.989572465,0,0,0,0,0,0,284783.65702117904,284783.65702117904,0.030256510013714433
20.237747076861478,ac3ae122,SessionTracking,Tracking,30.06573,29.7471466,1,0.036488749989075586,0.38166666,2.3395834,1,160x90 DepthUint16,"centre=0 min=279 max=31180 hex=0000 1344 0000 0000 0000","centre=2219 min=1471 max=2340 hex=05F0 0651 08AB 08D4 08E3",0,0,0,,0,,,None,Unavailable,NoWallUnderCrosshair,,,,"only 0 valid depth samples under crosshair (216 no-data, 7 out-of-range, 218 low-confidence)",0,,,None,Unavailable,NoWallInView,,,,0.0846310556,1.18567872,-0.05587401,0.141143054,0.0233811755,0.0142566869,0.9896104,0,0,0,0,0,0,284783.690348262,284783.690348262,0.036428332998184487
20.269274524870479,ac3ae122,SessionTracking,Tracking,30.06812,29.7471466,1,0.03095609400770627,0.38284722,2.34277773,1,160x90 DepthUint16,"centre=0 min=279 max=31182 hex=0000 1345 0000 0000 0000","centre=2213 min=1478 max=2319 hex=05F6 0655 08A5 08D3 08E6",0,0,0,,0,,,None,Unavailable,NoWallUnderCrosshair,,,,"only 0 valid depth samples under crosshair (216 no-data, 7 out-of-range, 218 low-confidence)",0,,,None,Unavailable,NoWallInView,,,,0.08427775,1.18567491,-0.056201376,0.14093776,0.0229379721,0.0145261288,0.9896461,0,0,0,0,0,0,284783.72367053,284783.72367053,0.030910208006389439
20.300818274866241,ac3ae122,SessionTracking,Tracking,30.06842,29.7471466,1,0.031015885004308075,0.38284722,2.30222225,1,160x90 DepthUint16,"centre=0 min=279 max=31185 hex=0000 1345 0000 0000 0000","centre=2207 min=1465 max=2283 hex=05E6 0646 089F 08C1 08D3",0,0,0,,0,,,None,Unavailable,NoWallUnderCrosshair,,,,"only 0 valid depth samples under crosshair (215 no-data, 8 out-of-range, 218 low-confidence)",0,,,None,Unavailable,NoWallInView,,,,0.0840475038,1.18569386,-0.056153,0.140931875,0.0225819573,0.0149421394,0.989648938,0,0,0,0,0,0,284783.756997613,284783.756997613,0.03096979099791497
20.337270878858316,ac3ae122,SessionTracking,Tracking,30.0674934,29.7471466,1,0.03593885398004204,0.385277778,2.21416664,1,160x90 DepthUint16,"centre=0 min=279 max=31192 hex=0000 1345 0000 0000 0000","centre=2183 min=1448 max=2249 hex=05D0 062F 0887 08AF 08C4",0,0,0,,0,,,None,Unavailable,NoWallUnderCrosshair,,,,"only 0 valid depth samples under crosshair (201 no-data, 11 out-of-range, 229 low-confidence)",0,,,None,Unavailable,NoWallInView,,,,0.08391114,1.18569756,-0.0560851,0.140902653,0.02194714,0.0151465843,0.989664257,0,0,0,0,0,0,284783.790324696,284783.790324696,0.035887082980480045
20.368634576871909,ac3ae122,SessionTracking,Tracking,30.0677433,29.7471466,1,0.03082416599499993,0.386666656,2.2166667,1,160x90 DepthUint16,"centre=0 min=279 max=31194 hex=0000 1345 0000 0000 0000","centre=2187 min=1451 max=2258 hex=05D2 0632 088B 08B4 08CB",0,0,0,,0,,,None,Unavailable,NoWallUnderCrosshair,,,,"only 0 valid depth samples under crosshair (196 no-data, 11 out-of-range, 234 low-confidence)",0,,,None,Unavailable,NoWallInView,,,,0.08368424,1.18570542,-0.0563926473,0.14093329,0.0217905957,0.0149107259,0.989666939,0,0,0,0,0,0,284783.823646749,284783.823646749,0.030771354009630159
20.400497910878538,ac3ae122,SessionTracking,Tracking,30.068737,29.7471466,1,0.031368750002002344,0.38625,2.2208333,1,160x90 DepthUint16,"centre=0 min=279 max=31194 hex=0000 1345 0000 0000 0000","centre=2189 min=1453 max=2266 hex=05D6 0637 088D 08BA 08D2",0,0,0,,0,,,None,Unavailable,NoWallUnderCrosshair,,,,"only 0 valid depth samples under crosshair (196 no-data, 11 out-of-range, 234 low-confidence)",0,,,None,Unavailable,NoWallInView,,,,0.08351819,1.1857301,-0.0563907847,0.140929952,0.0218518265,0.0147226155,0.989668846,0,0,0,0,0,0,284783.856973832,284783.856973832,0.031297917012125254
20.438708274878945,ac3ae122,SessionTracking,Tracking,30.0677166,29.7471466,1,0.037724323017755523,0.3886111,2.219653,1,160x90 DepthUint16,"centre=0 min=279 max=31196 hex=0000 1345 0000 0000 0000","centre=2199 min=1458 max=2267 hex=05DB 063D 0897 08C1 08D6",0,0,0,,0,,,None,Unavailable,NoWallUnderCrosshair,,,,"only 0 valid depth samples under crosshair (201 no-data, 11 out-of-range, 229 low-confidence)",0,,,None,Unavailable,NoWallInView,,,,0.08348315,1.18569648,-0.0562826172,0.141079172,0.0209860262,0.01438296,0.98967135,0,0,0,0,0,0,284783.890300915,284783.890300915,0.037679948000004515
20.471558847863843,ac3ae122,SessionTracking,Tracking,30.0671539,29.7471466,1,0.032269635004922748,0.389930546,2.28479171,1,160x90 DepthUint16,"centre=0 min=279 max=31201 hex=0000 1345 0000 0000 0000","centre=2209 min=1476 max=2309 hex=05EF 064F 08A1 08DA 08F5",0,0,0,,0,,,None,Unavailable,NoWallUnderCrosshair,,,,"only 0 valid depth samples under crosshair (201 no-data, 11 out-of-range, 229 low-confidence)",0,,,None,Unavailable,NoWallInView,,,,0.0832522,1.18552661,-0.0565434359,0.141125649,0.0203204751,0.0142526329,0.9896805,0,0,0,0,0,0,284783.92366071104,284783.92366071104,0.032220780994975939
20.501858274880714,ac3ae122,SessionTracking,Tracking,30.0681629,29.7471466,1,0.029745781008386984,0.3921528,2.31305552,1,160x90 DepthUint16,"centre=0 min=279 max=31265 hex=0000 1344 0000 0000 0000","centre=2194 min=1480 max=2290 hex=05F3 0651 0892 08AA 08BA",0,0,0,,0,,,None,Unavailable,NoWallUnderCrosshair,,,,"only 0 valid depth samples under crosshair (201 no-data, 12 out-of-range, 228 low-confidence)",0,,,None,Unavailable,NoWallInView,,,,0.08300952,1.18546963,-0.0564416274,0.141482264,0.01982223,0.0145071456,0.989636,0,0,0,0,0,0,284783.956987794,284783.956987794,0.029702760017244145
20.54207311887053,ac3ae122,SessionTracking,Tracking,30.0676155,29.7471466,1,0.039674530999036506,0.39402777,2.328264,1,160x90 DepthUint16,"centre=0 min=278 max=31226 hex=0000 0000 0000 0000 0000","centre=2193 min=1471 max=2253 hex=05E7 0646 0891 088B 088E",0,0,0,,0,,,None,Unavailable,NoWallUnderCrosshair,,,,"only 0 valid depth samples under crosshair (197 no-data, 17 out-of-range, 227 low-confidence)",0,,,None,Unavailable,NoWallInView,,,,0.08283851,1.18542647,-0.0563391373,0.1418003,0.018837044,0.0147627573,0.9896059,0,0,0,0,0,0,284783.990314877,284783.990314877,0.03962953100563027
20.572419524853967,ac3ae122,SessionTracking,Tracking,30.0682983,29.7471466,1,0.029675103985937312,0.394652784,2.2770834,1,160x90 DepthUint16,"centre=0 min=279 max=31233 hex=0000 0000 0000 0000 0000","centre=2188 min=1472 max=2236 hex=05E6 0645 088C 0888 088C",0,0,0,,0,,,None,Unavailable,NoWallUnderCrosshair,,,,"only 0 valid depth samples under crosshair (196 no-data, 16 out-of-range, 229 low-confidence)",0,,,None,Unavailable,NoWallInView,,,,0.08277324,1.18552649,-0.05662622,0.1418706,0.0182987563,0.0150178075,0.989602149,0,0,0,0,0,0,284784.023607096,284784.023607096,0.029581666982267052
20.6035842648625,ac3ae122,SessionTracking,Tracking,30.06851,29.7471466,1,0.030666979000670835,0.397222221,2.19923615,1,160x90 DepthUint16,"centre=0 min=279 max=31244 hex=0000 0000 0000 0000 0000","centre=2150 min=1466 max=2196 hex=05DC 0638 0866 0839 0834",0,0,0,,0,,,None,Unavailable,NoWallUnderCrosshair,,,,"only 0 valid depth samples under crosshair (180 no-data, 21 out-of-range, 240 low-confidence)",0,,,None,Unavailable,NoWallInView,,,,0.08266085,1.18549168,-0.05665127,0.141951323,0.0173003711,0.0152113736,0.989605546,0,0,0,0,0,0,284784.05693417904,284784.05693417904,0.030622864986071363
20.634893378874903,ac3ae122,SessionTracking,Tracking,30.0690422,29.7471466,1,0.030766979005420581,0.399791658,2.317014,1,160x90 DepthUint16,"centre=0 min=278 max=31244 hex=0000 0000 0000 0000 0000","centre=2180 min=1486 max=2266 hex=05F4 0652 0884 086C 0871",0,0,0,,0,,,None,Unavailable,NoWallUnderCrosshair,,,,"only 0 valid depth samples under crosshair (182 no-data, 20 out-of-range, 239 low-confidence)",0,,,None,Unavailable,NoWallInView,,,,0.08278523,1.18543148,-0.05665495,0.141922578,0.01536169,0.0150140533,0.9896447,0,0,0,0,0,0,284784.090261262,284784.090261262,0.03071541601093486
20.671919316860066,ac3ae122,SessionTracking,Tracking,30.0694981,29.7471466,1,0.0365146359836217,0.4029861,2.36875,1,160x90 DepthUint16,"centre=0 min=278 max=31268 hex=0000 0000 0000 0000 0000","centre=2173 min=1465 max=2229 hex=05DC 063E 087D 0841 0839",0,0,0,,0,,,None,Unavailable,NoWallUnderCrosshair,,,,"only 0 valid depth samples under crosshair (183 no-data, 21 out-of-range, 237 low-confidence)",0,,,None,Unavailable,NoWallInView,,,,0.08283663,1.18539083,-0.0568247177,0.142125085,0.0140625993,0.0149186859,0.989636362,0,0,0,0,0,0,284784.12356385903,284784.12356385903,0.036469999991822988
20.70311915987163,ac3ae122,SessionTracking,Tracking,30.0694332,29.7471466,1,0.030642447003629059,0.404375,2.220764,1,160x90 DepthUint16,"centre=0 min=278 max=31277 hex=0000 0000 0000 0000 0000","centre=2158 min=1462 max=2206 hex=05D8 0638 086E 0831 0826",0,0,0,,0,,,None,Unavailable,NoWallUnderCrosshair,,,,"only 0 valid depth samples under crosshair (185 no-data, 24 out-of-range, 232 low-confidence)",0,,,None,Unavailable,NoWallInView,,,,0.08255131,1.18529713,-0.0568681546,0.142296314,0.0133710727,0.0153093934,0.9896154,0,0,0,0,0,0,284784.156890942,284784.156890942,0.030576562014175579
20.734642909860622,ac3ae122,SessionTracking,Tracking,30.069582,29.7471466,1,0.030990519997430965,0.405208319,2.224236,1,160x90 DepthUint16,"centre=0 min=278 max=31277 hex=0000 0000 0000 0000 0000","centre=2146 min=1465 max=2196 hex=05DA 0637 0862 0828 081E",0,0,0,,0,,,None,Unavailable,NoWallUnderCrosshair,,,,"only 0 valid depth samples under crosshair (183 no-data, 22 out-of-range, 236 low-confidence)",0,,,None,Unavailable,NoWallInView,,,,0.0821432546,1.18518972,-0.0569458939,0.142254978,0.0132064894,0.0157856643,0.989616036,0,0,0,0,0,0,284784.190218025,284784.190218025,0.030946093000238761
20.772923274859703,ac3ae122,SessionTracking,Tracking,30.07142,29.7471466,1,0.03772724000737071,0.406944454,2.20048618,1,160x90 DepthUint16,"centre=0 min=278 max=31286 hex=0000 11D7 0000 0000 0000","centre=2156 min=1474 max=2217 hex=05E3 0642 086C 083C 083C",0,0,0,,0,,,None,Unavailable,NoWallUnderCrosshair,,,,"only 0 valid depth samples under crosshair (189 no-data, 29 out-of-range, 223 low-confidence)",0,,,None,Unavailable,NoWallInView,,,,0.0822299,1.18536806,-0.0572737344,0.14262563,0.012883462,0.0157112479,0.9895682,0,0,0,0,0,0,284784.223558584,284784.223558584,0.03768255200702697
20.803178222870837,ac3ae122,SessionTracking,Tracking,30.0684967,29.7471466,1,0.029702969011850655,0.41069445,2.31569433,1,160x90 DepthUint16,"centre=0 min=278 max=31284 hex=0000 11D7 0000 0000 0000","centre=2164 min=1472 max=2238 hex=05E0 0640 0874 084A 0852",0,0,0,,0,,,None,Unavailable,NoWallUnderCrosshair,,,,"only 0 valid depth samples under crosshair (184 no-data, 31 out-of-range, 226 low-confidence)",0,,,None,Unavailable,NoWallInView,,,,0.08243901,1.18540859,-0.0571633577,0.142828718,0.0107793072,0.0152260372,0.989571631,0,0,0,0,0,0,284784.25688566704,284784.25688566704,0.0296584379975684
20.834793118868173,ac3ae122,SessionTracking,Tracking,30.06974,29.7471466,1,0.031088021001778543,0.416666657,2.219375,1,160x90 DepthUint16,"centre=0 min=277 max=31323 hex=0000 1207 0000 0000 0000","centre=2126 min=1469 max=2219 hex=05DD 0637 084E 082B 083D",0,0,0,,0,,,None,Unavailable,NoWallUnderCrosshair,,,,"only 0 valid depth samples under crosshair (174 no-data, 31 out-of-range, 236 low-confidence)",0,,,None,Unavailable,NoWallInView,,,,0.08271669,1.18549252,-0.0571151,0.142678559,0.008126073,0.01474458,0.9896259,0,0,0,0,0,0,284784.29021275,284784.29021275,0.031039374996908009
20.867316659851848,ac3ae122,SessionTracking,Tracking,30.0699387,29.7471466,1,0.031960051972419024,0.420277774,2.32756948,1,160x90 DepthUint16,"centre=0 min=277 max=31300 hex=0000 1208 0000 0000 0000","centre=2138 min=1476 max=2241 hex=05E4 063B 085A 0833 0846",0,0,0,,0,,,None,Unavailable,NoWallUnderCrosshair,,,,"only 0 valid depth samples under crosshair (159 no-data, 33 out-of-range, 249 low-confidence)",0,,,None,Unavailable,NoWallInView,,,,0.08274584,1.18579328,-0.05715258,0.1424991,0.00663379626,0.0148028741,0.989662051,0,0,0,0,0,0,284784.32353349,284784.32353349,0.031894113984890282
20.90475650386993,ac3ae122,SessionTracking,Tracking,30.0697975,29.7471466,1,0.036928540997905657,0.421041667,2.408611,1,160x90 DepthUint16,"centre=0 min=277 max=31321 hex=0000 3B1D 0000 0000 0000","centre=2129 min=1474 max=2212 hex=05E1 063B 0851 0815 0822",0,0,0,,0,,,None,Unavailable,NoWallUnderCrosshair,,,,"only 0 valid depth samples under crosshair (159 no-data, 31 out-of-range, 251 low-confidence)",0,,,None,Unavailable,NoWallInView,,,,0.0825233161,1.18592083,-0.0572143,0.142397076,0.005654708,0.0151610384,0.98967737,0,0,0,0,0,0,284784.356860573,284784.356860573,0.036876771016977727
20.93428139987277,ac3ae122,SessionTracking,Tracking,30.0694714,29.7471466,1,0.028979688009712845,0.425972223,2.27340269,1,160x90 DepthUint16,"centre=0 min=277 max=31347 hex=0000 3B1E 0000 0000 0000","centre=2127 min=1465 max=2250 hex=05D3 062F 084F 082D 0846",0,0,0,,0,,,None,Unavailable,NoWallUnderCrosshair,,,,"only 0 valid depth samples under crosshair (158 no-data, 32 out-of-range, 251 low-confidence)",0,,,None,Unavailable,NoWallInView,,,,0.0823884159,1.18600917,-0.05718472,0.142536446,0.003923387,0.0154951224,0.9896605,0,0,0,0,0,0,284784.39018765604,284784.39018765604,0.028928854007972404
20.967751764858757,ac3ae122,SessionTracking,Tracking,30.07229,29.7471466,1,0.032863542000995949,0.431597233,2.40486121,1,160x90 DepthUint16,"centre=0 min=277 max=31326 hex=0000 3858 0000 0000 0000","centre=2119 min=1455 max=2221 hex=05C5 0622 0847 080B 081D",0,0,0,,0,,,None,Unavailable,NoWallUnderCrosshair,,,,"only 0 valid depth samples under crosshair (148 no-data, 36 out-of-range, 257 low-confidence)",0,,,None,Unavailable,NoWallInView,,,,0.08161447,1.18590236,-0.0578801446,0.142665341,0.001729846,0.0157843232,0.989643633,0,0,0,0,0,0,284784.423463435,284784.423463435,0.032807240000693128
21.006270826873287,ac3ae122,SessionTracking,Tracking,30.0706959,29.7471466,1,0.037974375009071082,0.4379861,2.32708335,1,160x90 DepthUint16,"centre=0 min=277 max=31378 hex=0000 3B1D 0000 0000 0000","centre=2102 min=1462 max=2240 hex=05CB 0626 0836 07F7 0806",0,0,0,,0,,,None,Unavailable,NoWallUnderCrosshair,,,,"only 0 valid depth samples under crosshair (147 no-data, 36 out-of-range, 258 low-confidence)",0,,,None,Unavailable,NoWallInView,,,,0.08154887,1.18591177,-0.05792957,0.142739341,-0.0008045882,0.01593721,0.989631653,0,0,0,0,0,0,284784.456790518,284784.456790518,0.03792088502086699
21.038259211861213,ac3ae122,SessionTracking,Tracking,30.0730476,29.7471466,1,0.03142369698616676,0.441041678,2.41708326,1,160x90 DepthUint16,"centre=4683 min=277 max=31362 hex=0000 3B15 124B 0000 0000","centre=2095 min=1435 max=2191 hex=05AF 060B 082F 07D1 07D1",0,0,0,,0,,,None,Unavailable,NoWallUnderCrosshair,,,,"only 0 valid depth samples under crosshair (143 no-data, 41 out-of-range, 257 low-confidence)",0,,,None,Unavailable,NoWallInView,,,,0.08138071,1.1859,-0.0579892248,0.1430109,-0.00288640731,0.01600075,0.9895876,0,0,0,0,0,0,284784.490117601,284784.490117601,0.031373645004350692
21.069943847854073,ac3ae122,SessionTracking,Tracking,30.072155,29.7471466,1,0.031077655992703512,0.44527778,2.43819451,1,160x90 DepthUint16,"centre=4683 min=276 max=31400 hex=0000 3B10 124B 0000 0000","centre=2115 min=1459 max=2254 hex=05C7 0621 0843 0843 086F",0,0,0,,0,,,None,Unavailable,NoWallUnderCrosshair,,,,"only 0 valid depth samples under crosshair (145 no-data, 44 out-of-range, 252 low-confidence)",0,,,None,Unavailable,NoWallInView,,,,0.08105629,1.18578875,-0.058168225,0.14350979,-0.00437077926,0.0156207094,0.98951596,0,0,0,0,0,0,284784.523356502,284784.523356502,0.031031562975840643
21.10764483687576,ac3ae122,SessionTracking,Tracking,30.0724659,29.7471466,1,0.037199739017523825,0.44875,2.375139,1,160x90 DepthUint16,"centre=4740 min=276 max=31423 hex=0000 3B0C 1284 0000 0000","centre=2097 min=1444 max=2206 hex=05B8 0613 0831 0812 0831",0,0,0,,0,,,None,Unavailable,NoWallUnderCrosshair,,,,"only 0 valid depth samples under crosshair (142 no-data, 43 out-of-range, 256 low-confidence)",0,,,None,Unavailable,NoWallInView,,,,0.08067851,1.18572628,-0.05818809,0.143900633,-0.00584185869,0.0156841874,0.989450634,0,0,0,0,0,0,284784.556683585,284784.556683585,0.037156614009290934
21.13802040987407,ac3ae122,SessionTracking,Tracking,30.0733986,30.2930679,1,0.029675521014723927,0.4525,2.45979166,1,160x90 DepthUint16,"centre=4803 min=276 max=31384 hex=0000 0000 12C3 0000 0000","centre=2114 min=1469 max=2245 hex=05D1 062A 0842 0839 085F",0,0,0,,0,,,None,Unavailable,NoWallUnderCrosshair,,,,"only 0 valid depth samples under crosshair (133 no-data, 47 out-of-range, 261 low-confidence)",0,,,None,Unavailable,NoWallInView,,,,0.08038519,1.1857475,-0.0582873821,0.144103169,-0.007926583,0.01573065,0.9894059,0,0,0,0,0,0,284784.59001066803,284784.59001066803,0.029582968010799959
21.170104680865688,ac3ae122,SessionTracking,Tracking,30.0737858,30.2930679,1,0.0315416140074376,0.459236115,2.41145825,1,160x90 DepthUint16,"centre=4851 min=275 max=31452 hex=0000 0000 12F3 0000 0000","centre=2082 min=1467 max=2186 hex=05CD 0623 0822 07FB 0808",0,0,0,,0,,,None,Unavailable,NoWallUnderCrosshair,,,,"only 0 valid depth samples under crosshair (126 no-data, 46 out-of-range, 269 low-confidence)",0,,,None,Unavailable,NoWallInView,,,,0.08042182,1.18599248,-0.0582748242,0.143985376,-0.0110286782,0.0157564,0.989392936,0,0,0,0,0,0,284784.623292056,284784.623292056,0.031495625007664785
21.201000722873641,ac3ae122,SessionTracking,Tracking,30.0744057,30.2930679,1,0.030284167005447671,0.465972215,2.42333341,1,160x90 DepthUint16,"centre=4971 min=275 max=31441 hex=0000 0000 136B 0000 0000","centre=2121 min=1491 max=2241 hex=05E4 063D 0849 0824 0830",0,0,0,,0,,,None,Unavailable,NoWallUnderCrosshair,,,,"only 0 valid depth samples under crosshair (122 no-data, 51 out-of-range, 268 low-confidence)",0,,,None,Unavailable,NoWallInView,,,,0.08017855,1.18610215,-0.058471173,0.14400056,-0.0135240126,0.01583943,0.9893584,0,0,0,0,0,0,284784.656619139,284784.656619139,0.030191927013220266
21.239242753878852,ac3ae122,SessionTracking,Tracking,30.0798931,30.2930679,1,0.03765994802233763,0.46986112,2.426875,1,160x90 DepthUint16,"centre=5094 min=275 max=31474 hex=0000 0000 13E6 0000 0000","centre=2083 min=1466 max=2187 hex=05CB 0622 0823 07FE 0803",0,0,0,,0,,,None,Unavailable,NoWallUnderCrosshair,,,,"only 0 valid depth samples under crosshair (118 no-data, 50 out-of-range, 273 low-confidence)",0,,,None,Unavailable,NoWallInView,,,,0.0798049644,1.18613243,-0.05863899,0.144119188,-0.0156954769,0.0160221774,0.989306152,0,0,0,0,0,0,284784.689946222,284784.689946222,0.037594844005070627
21.268674941870767,ac3ae122,SessionTracking,Tracking,30.0710545,30.2930679,1,0.028872344002593309,0.4754861,2.48416662,1,160x90 DepthUint16,"centre=5332 min=275 max=31713 hex=0000 0000 14D4 0000 0000","centre=2069 min=1476 max=2196 hex=05D4 0629 0815 07D8 07DF",0,0,0,,0,,,None,Unavailable,NoWallUnderCrosshair,,,,"only 0 valid depth samples under crosshair (111 no-data, 55 out-of-range, 275 low-confidence)",0,,,None,Unavailable,NoWallInView,,,,0.07970344,1.18609035,-0.0589029677,0.1445777,-0.0178296659,0.0160822887,0.9892021,0,0,0,0,0,0,284784.723225406,284784.723225406,0.028820053004892543
21.300241086856612,ac3ae122,SessionTracking,Tracking,30.0755348,30.2930679,1,0.030949426989536732,0.480555564,2.507986,1,160x90 DepthUint16,"centre=3569 min=274 max=31507 hex=0000 0000 0DF1 0000 0000","centre=2073 min=1476 max=2201 hex=05D4 062C 0819 0805 0810",0,0,0,,0,,,None,Unavailable,NoWallUnderCrosshair,,,,"only 0 valid depth samples under crosshair (104 no-data, 58 out-of-range, 279 low-confidence)",0,,,None,Unavailable,NoWallInView,,,,0.07947278,1.1859839,-0.0589446351,0.14513801,-0.0207476467,0.01605323,0.9890636,0,0,0,0,0,0,284784.756552489,284784.756552489,0.030875572992954403
21.339179576861124,ac3ae122,SessionTracking,Tracking,30.0789623,30.2930679,1,0.038439374999143183,0.483680546,2.53479171,1,160x90 DepthUint16,"centre=3569 min=274 max=31520 hex=0000 0000 0DF1 0000 0000","centre=2074 min=1502 max=2217 hex=05EB 0640 081A 07F1 07F9",0,0,0,,0,,,None,Unavailable,NoWallUnderCrosshair,,,,"only 0 valid depth samples under crosshair (101 no-data, 60 out-of-range, 280 low-confidence)",0,,,None,Unavailable,NoWallInView,,,,0.07883768,1.18587255,-0.05906144,0.145684451,-0.0218380559,0.01652074,0.9889521,0,0,0,0,0,0,284784.789879572,284784.789879572,0.03839192699524574
21.375705045872518,ac3ae122,SessionTracking,Tracking,30.0758038,30.2930679,1,0.036060676997294649,0.48625,2.49756956,1,160x90 DepthUint16,"centre=3569 min=274 max=31475 hex=0000 0000 0DF1 0000 0000","centre=2069 min=1481 max=2211 hex=05D8 062D 0815 07F5 07FC",0,0,0,,0,,,None,Unavailable,NoWallUnderCrosshair,,,,"only 0 valid depth samples under crosshair (101 no-data, 61 out-of-range, 279 low-confidence)",0,,,None,Unavailable,NoWallInView,,,,0.079172425,1.1861558,-0.0592769347,0.146067843,-0.0227333251,0.0166418273,0.988873363,0,0,0,0,0,0,284784.823251092,284784.823251092,0.0360160940035712
21.402380097852937,ac3ae122,SessionTracking,Tracking,30.07565,30.2930679,1,0.025963176973164082,0.4886111,2.44270825,1,160x90 DepthUint16,"centre=3569 min=274 max=31518 hex=0000 0000 0DF1 0000 0000","centre=2067 min=1485 max=2203 hex=05DB 0631 0813 07FA 0801",0,0,0,,0,,,None,Unavailable,NoWallUnderCrosshair,,,,"only 0 valid depth samples under crosshair (101 no-data, 62 out-of-range, 278 low-confidence)",0,,,None,Unavailable,NoWallInView,,,,0.07875253,1.18616152,-0.059457168,0.146144956,-0.02384907,0.0166465342,0.9888356,0,0,0,0,0,0,284784.85657817504,284784.85657817504,0.025890520977554843
21.433749888869851,ac3ae122,SessionTracking,Tracking,30.0750523,30.2930679,1,0.030741613998543471,0.489166677,2.50423622,1,160x90 DepthUint16,"centre=3573 min=274 max=31529 hex=0000 0000 0DF5 0000 0000","centre=2066 min=1481 max=2224 hex=05D7 062D 0812 07DF 07E1",0,0,0,,0,,,None,Unavailable,NoWallUnderCrosshair,,,,"only 0 valid depth samples under crosshair (101 no-data, 61 out-of-range, 279 low-confidence)",0,,,None,Unavailable,NoWallInView,,,,0.07827692,1.186271,-0.0596390665,0.146375641,-0.024478972,0.01669252,0.988785267,0,0,0,0,0,0,284784.889905258,284784.889905258,0.030684686993481591
21.471941920862218,ac3ae122,SessionTracking,Tracking,30.0753422,30.2930679,1,0.037646874989150092,0.4917361,2.52444434,1,160x90 DepthUint16,"centre=3581 min=273 max=31540 hex=0000 0000 0DFD 0000 0000","centre=2073 min=1494 max=2211 hex=05E4 0639 0819 0802 080D",0,0,0,,0,,,None,Unavailable,NoWallUnderCrosshair,,,,"only 0 valid depth samples under crosshair (92 no-data, 64 out-of-range, 285 low-confidence)",0,,,None,Unavailable,NoWallInView,,,,0.07817155,1.186452,-0.0595834851,0.1463398,-0.025862556,0.01663819,0.9887563,0,0,0,0,0,0,284784.923206211,284784.923206211,0.037596145994029939
21.503192493858432,ac3ae122,SessionTracking,Tracking,30.0729713,30.2930679,1,0.030490624980302528,0.497291654,2.477986,1,160x90 DepthUint16,"centre=3593 min=273 max=31512 hex=0000 0000 0E09 0000 512E","centre=2059 min=1471 max=2195 hex=05CD 0622 080B 07EF 07F7",0,0,0,,0,,,None,Unavailable,NoWallUnderCrosshair,,,,"only 0 valid depth samples under crosshair (91 no-data, 67 out-of-range, 283 low-confidence)",0,,,None,Unavailable,NoWallInView,,,,0.0780044347,1.18657708,-0.059801925,0.146112353,-0.02787878,0.016376704,0.9887395,0,0,0,0,0,0,284784.956533294,284784.956533294,0.030399114999454468
21.534517753861063,ac3ae122,SessionTracking,Tracking,30.0735531,30.2930679,1,0.030789634998654947,0.4982639,2.53534722,1,160x90 DepthUint16,"centre=3597 min=273 max=31539 hex=0000 0000 0E0D 0000 512B","centre=2059 min=1457 max=2203 hex=05C1 061B 080B 07EE 07F6",0,0,0,,0,,,None,Unavailable,NoWallUnderCrosshair,,,,"only 0 valid depth samples under crosshair (93 no-data, 66 out-of-range, 282 low-confidence)",0,,,None,Unavailable,NoWallInView,,,,0.07767673,1.18672323,-0.0600640029,0.145961627,-0.02906919,0.0162441451,0.988729656,0,0,0,0,0,0,284784.98986037704,284784.98986037704,0.030742707982426509
21.566171503879513,ac3ae122,SessionTracking,Tracking,30.0729275,30.2930679,1,0.03104953101137653,0.5007639,2.56444454,1,160x90 DepthUint16,"centre=3619 min=273 max=31548 hex=0000 0000 0E23 0000 512C","centre=2069 min=1450 max=2202 hex=05BA 0615 0815 07FE 0804",0,0,0,,0,,,None,Unavailable,NoWallUnderCrosshair,,,,"only 0 valid depth samples under crosshair (86 no-data, 69 out-of-range, 286 low-confidence)",0,,,None,Unavailable,NoWallInView,,,,0.07776561,1.1865207,-0.05982041,0.145994633,-0.0302336663,0.01616919,0.9886911,0,0,0,0,0,0,284785.023515129,284785.023515129,0.030996615008916706
21.604741867856273,ac3ae122,SessionTracking,Tracking,30.0708389,30.2930679,1,0.038046613975893706,0.50555557,2.53319454,1,160x90 DepthUint16,"centre=3647 min=272 max=31509 hex=0000 0000 0E3F 0000 5121","centre=2056 min=1443 max=2213 hex=05B5 0610 0808 07F1 07F5",0,0,0,,0,,,None,Unavailable,NoWallUnderCrosshair,,,,"only 0 valid depth samples under crosshair (84 no-data, 74 out-of-range, 283 low-confidence)",0,,,None,Unavailable,NoWallInView,,,,0.07759263,1.18659008,-0.0599084273,0.145928681,-0.0319357365,0.0158859789,0.9886519,0,0,0,0,0,0,284785.05684221204,284785.05684221204,0.037945884978398681
21.636558534860296,ac3ae122,SessionTracking,Tracking,30.0720539,30.2930679,1,0.031271666986867785,0.530763865,2.68875,1,160x90 DepthUint16,"centre=3645 min=272 max=31503 hex=0000 0000 0E3D 7AE1 5716","centre=2057 min=1471 max=2202 hex=05CE 0629 0809 07B2 0797",0,0,0,,0,,,None,Unavailable,NoWallUnderCrosshair,,,,"only 0 valid depth samples under crosshair (53 no-data, 82 out-of-range, 306 low-confidence)",0,,,None,Unavailable,NoWallInView,,,,0.07732922,1.18664455,-0.06001415,0.145863444,-0.0331840552,0.0156756956,0.9886238,0,0,0,0,0,0,284785.090169295,284785.090169295,0.031218436983181164
21.66790483687414,ac3ae122,SessionTracking,Tracking,30.0720844,30.2930679,1,0.0308465099951718,0.5289583,2.84034729,1,160x90 DepthUint16,"centre=3639 min=272 max=31507 hex=0000 096F 0E37 7AE3 512E","centre=2071 min=1462 max=2215 hex=05C6 0623 0817 07E5 07CD",0,0,0,,0,,,None,Unavailable,NoWallUnderCrosshair,,,,"only 0 valid depth samples under crosshair (54 no-data, 79 out-of-range, 308 low-confidence)",0,,,None,Unavailable,NoWallInView,,,,0.07726295,1.18652165,-0.0598949566,0.146007,-0.0344265178,0.01535821,0.9885651,0,0,0,0,0,0,284785.12349428603,284785.12349428603,0.030795364000368863
21.707172961868263,ac3ae122,SessionTracking,Tracking,30.0718346,30.2930679,1,0.038692344009177759,0.529375,2.98722219,1,160x90 DepthUint16,"centre=3640 min=272 max=31508 hex=0000 0000 0E38 7AE3 572A","centre=2065 min=1472 max=2218 hex=05D0 062D 0811 07CA 07AC",0,0,0,,0,,,None,Unavailable,NoWallUnderCrosshair,,,,"only 0 valid depth samples under crosshair (59 no-data, 81 out-of-range, 301 low-confidence)",0,,,None,Unavailable,NoWallInView,,,,0.07683978,1.186554,-0.0600265563,0.145966262,-0.0351800621,0.0153844664,0.988544166,0,0,0,0,0,0,284785.156821369,284785.156821369,0.038637238991213962
21.737136503877036,ac3ae122,SessionTracking,Tracking,30.071785,30.2930679,1,0.029295365005964413,0.529444456,2.97013879,1,160x90 DepthUint16,"centre=3643 min=272 max=31508 hex=0000 0000 0E3B 7AE1 572B","centre=2048 min=1488 max=2214 hex=05DD 0634 0800 076B 0741",0,0,0,,0,,,None,Unavailable,NoWallUnderCrosshair,,,,"only 0 valid depth samples under crosshair (53 no-data, 85 out-of-range, 303 low-confidence)",0,,,None,Unavailable,NoWallInView,,,,0.0763307,1.18663538,-0.06022038,0.145792589,-0.03565547,0.015727073,0.9885473,0,0,0,0,0,0,284785.190148452,284785.190148452,0.029224688012618572
21.771518742861144,ac3ae122,SessionTracking,Tracking,30.071701,30.2930679,1,0.033883853990118951,0.53680557,2.62090278,1,160x90 DepthUint16,"centre=3637 min=272 max=31508 hex=0000 0000 0E35 7ADF 572E","centre=2055 min=1495 max=2243 hex=05E9 063F 0807 07F4 07F9",0,0,0,,0,,,None,Unavailable,NoWallUnderCrosshair,,,,"only 0 valid depth samples under crosshair (47 no-data, 82 out-of-range, 312 low-confidence)",0,,,None,Unavailable,NoWallInView,,,,0.07662827,1.186854,-0.05993452,0.145668149,-0.03668444,0.0156872571,0.9885287,0,0,0,0,0,0,284785.223494053,284785.223494053,0.033839062001788989
21.804589367870857,ac3ae122,SessionTracking,Tracking,30.0713444,30.2930679,1,0.03238151001278311,0.53909725,2.70194435,1,160x90 DepthUint16,"centre=3639 min=272 max=31506 hex=0000 0000 0E37 7AD0 5742","centre=2068 min=1484 max=2268 hex=05DF 0637 0814 07FD 0803",0,0,0,,0,,,None,Unavailable,NoWallUnderCrosshair,,,,"only 0 valid depth samples under crosshair (47 no-data, 83 out-of-range, 311 low-confidence)",0,,,None,Unavailable,NoWallInView,,,,0.0763307661,1.18704176,-0.0601148866,0.145385131,-0.0372702442,0.0154471993,0.9885523,0,0,0,0,0,0,284785.256821136,284785.256821136,0.032328697998309508
21.838489784879993,ac3ae122,SessionTracking,Tracking,30.070528,30.2930679,1,0.03335843700915575,0.53902775,2.83652782,1,160x90 DepthUint16,"centre=3643 min=272 max=31501 hex=0000 0000 0E3B 7AC2 574A","centre=2065 min=1486 max=2264 hex=05DF 0636 0811 07F1 07F1",0,0,0,,0,,,None,Unavailable,NoWallUnderCrosshair,,,,"only 0 valid depth samples under crosshair (47 no-data, 79 out-of-range, 315 low-confidence)",0,,,None,Unavailable,NoWallInView,,,,0.0761371255,1.18722594,-0.06036244,0.144853115,-0.03799251,0.0150111616,0.988609552,0,0,0,0,0,0,284785.29014821904,284785.29014821904,0.033310208003968
21.870571347876602,ac3ae122,SessionTracking,Tracking,30.0702858,30.2930679,1,0.031484271021327004,0.5392361,2.88027787,1,160x90 DepthUint16,"centre=3647 min=272 max=31499 hex=0000 0000 0E3F 7ABB 574B","centre=2070 min=1488 max=2240 hex=05E0 0637 0816 07F0 07EC",0,0,0,,0,,,None,Unavailable,NoWallUnderCrosshair,,,,"only 0 valid depth samples under crosshair (47 no-data, 77 out-of-range, 317 low-confidence)",0,,,None,Unavailable,NoWallInView,,,,0.0762797,1.18717265,-0.06027203,0.144568592,-0.0384968519,0.01459527,0.9886379,0,0,0,0,0,0,284785.323537666,284785.323537666,0.031438959005754441
21.901882024852011,ac3ae122,SessionTracking,Tracking,30.0699024,30.2930679,1,0.030780885979766026,0.538055539,2.94375,1,160x90 DepthUint16,"centre=3649 min=272 max=31498 hex=0000 0000 0E41 7AB8 574B","centre=2056 min=1490 max=2216 hex=05E0 0635 0808 07E3 07DC",0,0,0,,0,,,None,Unavailable,NoWallUnderCrosshair,,,,"only 0 valid depth samples under crosshair (47 no-data, 76 out-of-range, 318 low-confidence)",0,,,None,Unavailable,NoWallInView,,,,0.0760191455,1.18724823,-0.0604533926,0.1444235,-0.0389105566,0.0144880116,0.9886445,0,0,0,0,0,0,284785.35686474905,284785.35686474905,0.030734843981917948
21.934644992862513,ac3ae122,SessionTracking,Tracking,30.0696049,30.2930679,1,0.032276509999064729,0.536527753,2.92916656,1,160x90 DepthUint16,"centre=3652 min=272 max=31497 hex=0000 0000 0E44 7AB6 574A","centre=2044 min=1500 max=2212 hex=05EA 063C 07FC 07E0 07E0",0,0,0,,0,,,None,Unavailable,NoWallUnderCrosshair,,,,"only 0 valid depth samples under crosshair (47 no-data, 77 out-of-range, 317 low-confidence)",0,,,None,Unavailable,NoWallInView,,,,0.0756884,1.18726611,-0.06062531,0.144295126,-0.0392178558,0.0145792365,0.9886498,0,0,0,0,0,0,284785.39019183203,284785.39019183203,0.03222572899539955
21.969810201865538,ac3ae122,SessionTracking,Tracking,30.06883,30.2930679,1,0.03462520899483934,0.536180556,2.92048621,1,160x90 DepthUint16,"centre=3654 min=272 max=31496 hex=0000 0000 0E46 7AB4 5748","centre=2045 min=1487 max=2209 hex=05DD 0631 07FD 07CF 07C6",0,0,0,,0,,,None,Unavailable,NoWallUnderCrosshair,,,,"only 0 valid depth samples under crosshair (48 no-data, 77 out-of-range, 316 low-confidence)",0,,,None,Unavailable,NoWallInView,,,,0.07612592,1.18721163,-0.06070933,0.144157469,-0.0395359844,0.0146033475,0.9886568,0,0,0,0,0,0,284785.42354115105,284785.42354115105,0.034576875012135133
22.0003523888799,ac3ae122,SessionTracking,Tracking,30.06861,30.2930679,1,0.029193125024903566,0.536319435,2.88416672,1,160x90 DepthUint16,"centre=3656 min=272 max=31495 hex=0000 0000 0E48 7AB2 5747","centre=2050 min=1494 max=2230 hex=05E5 063A 0802 07DD 07D7",0,0,0,,0,,,None,Unavailable,NoWallUnderCrosshair,,,,"only 0 valid depth samples under crosshair (48 no-data, 78 out-of-range, 315 low-confidence)",0,,,None,Unavailable,NoWallInView,,,,0.07591842,1.18726313,-0.06084057,0.1440309,-0.03980379,0.0146349072,0.9886641,0,0,0,0,0,0,284785.45686823403,284785.45686823403,0.02914510402479209
22.03156483687685,ac3ae122,SessionTracking,Tracking,30.0683956,30.2930679,1,0.030649427004391328,0.5359028,2.85631943,1,160x90 DepthUint16,"centre=3662 min=272 max=31492 hex=0000 0000 0E4E 7AAD 5743","centre=2044 min=1492 max=2241 hex=05E5 063A 07FC 07E0 07DB",0,0,0,,0,,,None,Unavailable,NoWallUnderCrosshair,,,,"only 0 valid depth samples under crosshair (48 no-data, 78 out-of-range, 315 low-confidence)",0,,,None,Unavailable,NoWallInView,,,,0.0757373646,1.18733823,-0.060970813,0.143741384,-0.0402077921,0.0143841812,0.988693535,0,0,0,0,0,0,284785.490195317,284785.490195317,0.030602187005570158
22.071823169876506,ac3ae122,SessionTracking,Tracking,30.06591,30.2930679,1,0.039765937021002173,0.535416663,2.85430551,1,160x90 DepthUint16,"centre=3667 min=272 max=31488 hex=0000 0000 0E53 7AA9 573E","centre=2032 min=1498 max=2229 hex=05E9 063C 07F0 0793 077A",0,0,0,,0,,,None,Unavailable,NoWallUnderCrosshair,,,,"only 0 valid depth samples under crosshair (48 no-data, 78 out-of-range, 315 low-confidence)",0,,,None,Unavailable,NoWallInView,,,,0.0760694146,1.18759537,-0.06089668,0.1434081,-0.04024132,0.0140473573,0.9887454,0,0,0,0,0,0,284785.523541079,284785.523541079,0.039720885019050911
22.103134367868687,ac3ae122,SessionTracking,Tracking,30.0712967,30.2930679,1,0.030783750000409782,0.535069466,2.86930561,1,160x90 DepthUint16,"centre=3676 min=273 max=31483 hex=0000 0000 0E5C 7AA3 5736","centre=2041 min=1497 max=2227 hex=05E9 063E 07F9 078B 0769",0,0,0,,0,,,None,Unavailable,NoWallUnderCrosshair,,,,"only 0 valid depth samples under crosshair (48 no-data, 77 out-of-range, 316 low-confidence)",0,,,None,Unavailable,NoWallInView,,,,0.0758360848,1.18779171,-0.06108595,0.1429192,-0.04011928,0.0139284432,0.9888228,0,0,0,0,0,0,284785.556868162,284785.556868162,0.030738177010789514
22.133618951854213,ac3ae122,SessionTracking,Tracking,30.0696125,30.2930679,1,0.029981406987644732,0.5351389,2.82409716,1,160x90 DepthUint16,"centre=3703 min=273 max=31473 hex=0000 0000 0E77 7A98 5728","centre=2027 min=1492 max=2210 hex=05E1 0634 07EB 0775 0758",0,0,0,,0,,,None,Unavailable,NoWallUnderCrosshair,,,,"only 0 valid depth samples under crosshair (48 no-data, 76 out-of-range, 317 low-confidence)",0,,,None,Unavailable,NoWallInView,,,,0.07561814,1.18794394,-0.0613202527,0.1420584,-0.0402340926,0.0139251668,0.988942266,0,0,0,0,0,0,284785.590195245,284785.590195245,0.029936926992377266
22.165887544854694,ac3ae122,SessionTracking,Tracking,30.0705624,30.15954,1,0.0317549999745097,0.536527753,2.86993051,1,160x90 DepthUint16,"centre=3765 min=273 max=31466 hex=0000 0000 0EB5 7A92 571C","centre=2074 min=1493 max=2245 hex=05E6 063E 081A 0813 0816",0,0,0,,0,,,None,Unavailable,NoWallUnderCrosshair,,,,"only 0 valid depth samples under crosshair (39 no-data, 81 out-of-range, 321 low-confidence)",0,,,None,Unavailable,NoWallInView,,,,0.0760060549,1.188093,-0.06117849,0.141440943,-0.0405137427,0.0138138542,0.9890209,0,0,0,0,0,0,284785.623513915,284785.623513915,0.031710311974165961
22.203357596873456,ac3ae122,SessionTracking,Tracking,30.0715218,30.15954,1,0.036914322001393884,0.5347222,2.88243055,1,160x90 DepthUint16,"centre=3738 min=273 max=31459 hex=0000 0000 0E9A 7A8A 570F","centre=2085 min=1498 max=2280 hex=05ED 0645 0825 07F6 07ED",0,0,0,,0,,,None,Unavailable,NoWallUnderCrosshair,,,,"only 0 valid depth samples under crosshair (51 no-data, 69 out-of-range, 321 low-confidence)",0,,,None,Unavailable,NoWallInView,,,,0.0758679,1.18809462,-0.0612615719,0.140801787,-0.04059543,0.0137815475,0.989109159,0,0,0,0,0,0,284785.65684099804,284785.65684099804,0.036853385012364015
22.234509628869045,ac3ae122,SessionTracking,Tracking,30.0728664,30.15954,1,0.030560209008399397,0.542152762,2.70284724,1,160x90 DepthUint16,"centre=3738 min=273 max=31458 hex=0000 0CB7 0E9A 7A74 570E","centre=2080 min=1506 max=2275 hex=05F3 0648 0820 0816 081A",0,0,0,,0,,,None,Unavailable,NoWallUnderCrosshair,,,,"only 0 valid depth samples under crosshair (40 no-data, 63 out-of-range, 338 low-confidence)",0,,,None,Unavailable,NoWallInView,,,,0.07579347,1.18803287,-0.0611770339,0.1406859,-0.04119572,0.01363343,0.9891029,0,0,0,0,0,0,284785.690168081,284785.690168081,0.030499688000418246
22.266721711864147,ac3ae122,SessionTracking,Tracking,30.0725021,30.15954,1,0.031172396003967151,0.542291641,2.71631956,1,160x90 DepthUint16,"centre=3749 min=273 max=31452 hex=0000 0CB8 0EA5 7A5F 5705","centre=2072 min=1503 max=2272 hex=05F2 0648 0818 07E6 07DB",0,0,0,,0,,,None,Unavailable,NoWallUnderCrosshair,,,,"only 0 valid depth samples under crosshair (40 no-data, 59 out-of-range, 342 low-confidence)",0,,,None,Unavailable,NoWallInView,,,,0.0760528,1.187783,-0.061000213,0.140188053,-0.0413121767,0.0135702472,0.989169538,0,0,0,0,0,0,284785.72346287104,284785.72346287104,0.031112030992517248
22.300251451865687,ac3ae122,SessionTracking,Tracking,30.0729141,30.15954,1,0.032944270991720259,0.5431945,2.72694445,1,160x90 DepthUint16,"centre=3756 min=273 max=31450 hex=0000 0CB8 0EAC 7A62 5700","centre=2070 min=1500 max=2259 hex=05F0 0645 0816 07E6 07CE",0,0,0,,0,,,None,Unavailable,NoWallUnderCrosshair,,,,"only 0 valid depth samples under crosshair (40 no-data, 58 out-of-range, 343 low-confidence)",0,,,None,Unavailable,NoWallInView,,,,0.07588207,1.18775356,-0.0609692149,0.1399969,-0.0413626321,0.01385659,0.989190638,0,0,0,0,0,0,284785.75678995403,284785.75678995403,0.032889115012949333
22.337676034853711,ac3ae122,SessionTracking,Tracking,30.0735912,30.15954,1,0.036872030992526561,0.541597247,2.81597233,1,160x90 DepthUint16,"centre=3616 min=273 max=31448 hex=0000 0CB9 0E20 7A37 56FF","centre=2055 min=1496 max=2240 hex=05EC 0642 0807 07B3 078E",0,0,0,,0,,,None,Unavailable,NoWallUnderCrosshair,,,,"only 0 valid depth samples under crosshair (40 no-data, 59 out-of-range, 342 low-confidence)",0,,,None,Unavailable,NoWallInView,,,,0.0759167448,1.18777251,-0.0608919859,0.1398147,-0.0419948064,0.014007479,0.9891876,0,0,0,0,0,0,284785.790117037,284785.790117037,0.03682067699264735
22.367695617859635,ac3ae122,SessionTracking,Tracking,30.0738869,30.15954,1,0.029381458007264882,0.539375,2.88965273,1,160x90 DepthUint16,"centre=3616 min=273 max=31447 hex=0000 0CB9 0E20 7A19 5701","centre=2056 min=1493 max=2237 hex=05E5 063C 0808 07D4 07BE",0,0,0,,0,,,None,Unavailable,NoWallUnderCrosshair,,,,"only 0 valid depth samples under crosshair (40 no-data, 61 out-of-range, 340 low-confidence)",0,,,None,Unavailable,NoWallInView,,,,0.07614078,1.18775415,-0.06072447,0.1396487,-0.0430435948,0.0137259066,0.989169955,0,0,0,0,0,0,284785.82344765,284785.82344765,0.029308124998351559
22.400062388877767,ac3ae122,SessionTracking,Tracking,30.0736942,30.15954,1,0.031849844002863392,0.5385417,2.93819451,1,160x90 DepthUint16,"centre=3616 min=272 max=31446 hex=0000 0CB9 0E20 7A09 5704","centre=2063 min=1497 max=2246 hex=05E9 0640 080F 07D6 07B5",0,0,0,,0,,,None,Unavailable,NoWallUnderCrosshair,,,,"only 0 valid depth samples under crosshair (40 no-data, 62 out-of-range, 339 low-confidence)",0,,,None,Unavailable,NoWallInView,,,,0.07652469,1.18778646,-0.0605452731,0.139492109,-0.0445665568,0.013156713,0.9891323,0,0,0,0,0,0,284785.856774733,284785.856774733,0.031805417005671188
22.437787961875937,ac3ae122,SessionTracking,Tracking,30.0756054,30.15954,1,0.03709500000695698,0.5399306,2.95243049,1,160x90 DepthUint16,"centre=3616 min=272 max=31445 hex=0000 0CBA 0E20 7A03 5702","centre=2075 min=1505 max=2261 hex=05F3 064A 081B 07F7 07DC",0,0,0,,0,,,None,Unavailable,NoWallUnderCrosshair,,,,"only 0 valid depth samples under crosshair (40 no-data, 64 out-of-range, 337 low-confidence)",0,,,None,Unavailable,NoWallInView,,,,0.0767697,1.1878382,-0.0604521967,0.139275476,-0.045254875,0.0127582848,0.9891368,0,0,0,0,0,0,284785.89010181604,284785.89010181604,0.037033073022030294
22.472377700868446,ac3ae122,SessionTracking,Tracking,30.07201,30.15954,1,0.033965415990678594,0.546041667,2.907361,1,160x90 DepthUint16,"centre=4217 min=272 max=31445 hex=0000 0CBA 1079 7A93 5705","centre=2054 min=1489 max=2241 hex=05E3 063B 0806 07E1 07CF",0,0,0,,0,,,None,Unavailable,NoWallUnderCrosshair,,,,"only 0 valid depth samples under crosshair (31 no-data, 61 out-of-range, 349 low-confidence)",0,,,None,Unavailable,NoWallInView,,,,0.0767755359,1.18784964,-0.06062724,0.139145717,-0.04669366,0.012236299,0.9890948,0,0,0,0,0,0,284785.923479103,284785.923479103,0.033901301998412237
22.50235535785664,ac3ae122,SessionTracking,Tracking,30.073391,30.15954,1,0.029386979003902525,0.54347223,2.95229173,1,160x90 DepthUint16,"centre=4583 min=271 max=31444 hex=0000 0CB9 11E7 7AAD 5714","centre=2064 min=1488 max=2222 hex=05E2 063C 0810 07EB 07D9",0,0,0,,0,,,None,Unavailable,NoWallUnderCrosshair,,,,"only 0 valid depth samples under crosshair (31 no-data, 64 out-of-range, 346 low-confidence)",0,,,None,Unavailable,NoWallInView,,,,0.07704291,1.18780184,-0.06046068,0.139013514,-0.0483604036,0.0119490921,0.9890368,0,0,0,0,0,0,284785.956806186,284785.956806186,0.029332812991924584
22.533085253867238,ac3ae122,SessionTracking,Tracking,30.073143,30.15954,1,0.030140521004796028,0.546805561,3.01958323,1,160x90 DepthUint16,"centre=4583 min=271 max=31445 hex=0000 0CB9 11E7 7AB5 586F","centre=2064 min=1506 max=2260 hex=05F5 0649 0810 0805 07F5",0,0,0,,0,,,None,Unavailable,NoWallUnderCrosshair,,,,"only 0 valid depth samples under crosshair (27 no-data, 65 out-of-range, 349 low-confidence)",0,,,None,Unavailable,NoWallInView,,,,0.0773342848,1.18776917,-0.06026513,0.138943031,-0.05026782,0.0120733688,0.9889501,0,0,0,0,0,0,284785.990133269,284785.990133269,0.030089428008068353
22.573085669856436,ac3ae122,SessionTracking,Tracking,30.0719833,30.15954,1,0.039426665985956788,0.544791639,3.02027774,1,160x90 DepthUint16,"centre=8058 min=270 max=31447 hex=0000 0928 1F7A 7AD3 5B77","centre=2058 min=1493 max=2255 hex=05E5 063A 080A 0801 07F3",0,0,0,,0,,,None,Unavailable,NoWallUnderCrosshair,,,,"only 0 valid depth samples under crosshair (16 no-data, 66 out-of-range, 359 low-confidence)",0,,,None,Unavailable,NoWallInView,,,,0.07724282,1.18782628,-0.06018679,0.138977557,-0.0527345277,0.0123825073,0.9888129,0,0,0,0,0,0,284786.02352383704,284786.02352383704,0.039367552002659068
22.604863378880463,ac3ae122,SessionTracking,Tracking,30.07163,30.15954,1,0.031254063011147082,0.5470833,3.023264,1,160x90 DepthUint16,"centre=8845 min=270 max=31446 hex=1AA3 0908 228D 7AD3 6722","centre=2048 min=1509 max=2215 hex=05F4 0644 0800 07E8 07D4",0,0,0,,0,,,None,Unavailable,NoWallUnderCrosshair,,,,"only 0 valid depth samples under crosshair (10 no-data, 67 out-of-range, 364 low-confidence)",0,,,None,Unavailable,NoWallInView,,,,0.07765395,1.1878047,-0.0598878525,0.138865635,-0.05523604,0.0121738324,0.988694668,0,0,0,0,0,0,284786.05685092,284786.05685092,0.03120198001852259
22.636990565856603,ac3ae122,SessionTracking,Tracking,30.0709763,30.15954,1,0.031558905990095809,0.54354167,3.050486,1,160x90 DepthUint16,"centre=9888 min=269 max=31441 hex=1AA6 06F1 26A0 7ABE 6788","centre=2047 min=1497 max=2223 hex=05EA 063C 07FF 07CF 07A5",0,0,0,,0,,,None,Unavailable,NoWallUnderCrosshair,,,,"only 0 valid depth samples under crosshair (10 no-data, 69 out-of-range, 362 low-confidence)",0,,,None,Unavailable,NoWallInView,,,,0.0781391,1.18780243,-0.05959623,0.1385266,-0.05781197,0.0116356909,0.988601446,0,0,0,0,0,0,284786.090178003,284786.090178003,0.031506770988926291
22.671314992875477,ac3ae122,SessionTracking,Tracking,30.0702343,30.15954,1,0.033674478996545076,0.5434028,3.01256943,1,160x90 DepthUint16,"centre=9163 min=268 max=31438 hex=1B03 0705 23CB 7AB0 6797","centre=2028 min=1496 max=2217 hex=05E9 0638 07EC 07F8 07EF",0,0,0,,0,,,None,Unavailable,NoWallUnderCrosshair,,,,"only 0 valid depth samples under crosshair (4 no-data, 63 out-of-range, 374 low-confidence)",0,,,None,Unavailable,NoWallInView,,,,0.07828052,1.18818581,-0.0595849045,0.13840425,-0.0609411336,0.0114843249,0.988432348,0,0,0,0,0,0,284786.12414286804,284786.12414286804,0.033622448012465611
22.703199836853809,ac3ae122,SessionTracking,Tracking,30.0693836,30.15954,1,0.031272499996703118,0.5401389,3.15083337,1,160x90 DepthUint16,"centre=9163 min=495 max=31432 hex=1AAF 06AF 23CB 7A9A 67E5","centre=2036 min=1495 max=2233 hex=05EA 063A 07F4 07F9 07F1",0,0,0,,0,,,None,Unavailable,NoWallUnderCrosshair,,,,"only 0 valid depth samples under crosshair (4 no-data, 68 out-of-range, 369 low-confidence)",0,,,None,Unavailable,NoWallInView,,,,0.07848739,1.18828213,-0.0593124,0.138050392,-0.06303934,0.0114742229,0.9883504,0,0,0,0,0,0,284786.157469951,284786.157469951,0.031219843978760764
22.734458430865697,ac3ae122,SessionTracking,Tracking,30.06908,30.15954,1,0.028768958989530802,0.541875,3.18069434,1,160x90 DepthUint16,"centre=9164 min=495 max=31425 hex=1B60 068A 23CC 7A87 68BD","centre=2040 min=1492 max=2249 hex=05E7 0636 07F8 083E 084E",0,0,0,,0,,,None,Unavailable,NoWallUnderCrosshair,,,,"only 0 valid depth samples under crosshair (0 no-data, 68 out-of-range, 373 low-confidence)",0,,,None,Unavailable,NoWallInView,,,,0.07863279,1.18838787,-0.05911145,0.137597173,-0.06461405,0.0114583373,0.9883121,0,0,0,0,0,0,284786.190797034,284786.190797034,0.028577605000464246
22.767254315861418,ac3ae122,SessionTracking,Tracking,30.0694714,30.15954,1,0.0322463019983843,0.54354167,3.11472225,1,160x90 DepthUint16,"centre=6999 min=495 max=31465 hex=1AC0 0656 1B57 7859 6804","centre=2031 min=1481 max=2218 hex=05DE 0630 07EF 07D8 07C2",0,0,0,,0,,,None,Unavailable,NoWallUnderCrosshair,,,,"only 0 valid depth samples under crosshair (0 no-data, 60 out-of-range, 381 low-confidence)",0,,,None,Unavailable,NoWallInView,,,,0.07821265,1.18858123,-0.0597379133,0.1368467,-0.06581377,0.0116179,0.988335252,0,0,0,0,0,0,284786.224097181,284786.224097181,0.032203645998379216
22.8019844718719,ac3ae122,SessionTracking,Tracking,30.0699463,30.15954,1,0.034195104002719745,0.5378472,3.176736,1,160x90 DepthUint16,"centre=6555 min=494 max=31406 hex=23B8 063B 199B 780D 67E1","centre=2019 min=1456 max=2209 hex=05C3 061A 07E3 07BD 079D",0,0,0,,0,,,None,Unavailable,NoWallUnderCrosshair,,,,"only 0 valid depth samples under crosshair (0 no-data, 59 out-of-range, 382 low-confidence)",0,,,None,Unavailable,NoWallInView,,,,0.078255564,1.18853426,-0.05952257,0.136194482,-0.06701452,0.0116795013,0.988343954,0,0,0,0,0,0,284786.25742426404,284786.25742426404,0.034144478995585814
22.8335945238568,ac3ae122,SessionTracking,Tracking,30.0682278,30.15954,1,0.031058645981829613,0.538125,3.14319444,1,160x90 DepthUint16,"centre=5514 min=494 max=31396 hex=24F3 0633 158A 6E81 6EE9","centre=2031 min=1456 max=2220 hex=05C4 0619 07EF 07FA 07F2",0,0,0,,0,,,None,Unavailable,NoWallUnderCrosshair,,,,"only 0 valid depth samples under crosshair (0 no-data, 53 out-of-range, 388 low-confidence)",0,,,None,Unavailable,NoWallInView,,,,0.07869254,1.188464,-0.0591671839,0.13582322,-0.0696580857,0.0109097064,0.988221049,0,0,0,0,0,0,284786.290751347,284786.290751347,0.031014634994789958
22.865272075860911,ac3ae122,SessionTracking,Tracking,30.06989,30.15954,1,0.031188802007818595,0.535625,3.256736,1,160x90 DepthUint16,"centre=5408 min=493 max=31382 hex=284F 065A 1520 6E26 70F4","centre=2034 min=1490 max=2229 hex=05E3 0632 07F2 07F8 07E8",0,0,0,,0,,,None,Unavailable,NoWallUnderCrosshair,,,,"only 0 valid depth samples under crosshair (0 no-data, 58 out-of-range, 383 low-confidence)",0,,,None,Unavailable,NoWallInView,,,,0.0784633756,1.18809307,-0.0590195842,0.135380462,-0.0738049746,0.0108000347,0.987982,0,0,0,0,0,0,284786.323589068,284786.323589068,0.031144790991675109
22.902966815853642,ac3ae122,SessionTracking,Tracking,30.0699024,30.15954,1,0.037048645986942574,0.5340972,3.271875,1,160x90 DepthUint16,"centre=4837 min=493 max=31376 hex=2905 068E 12E5 6478 70FF","centre=2020 min=1488 max=2218 hex=05E1 062F 07E4 0813 0814",0,0,0,,0,,,None,Unavailable,NoWallUnderCrosshair,,,,"only 0 valid depth samples under crosshair (0 no-data, 51 out-of-range, 390 low-confidence)",0,,,None,Unavailable,NoWallInView,,,,0.07848008,1.18803322,-0.0586174652,0.135272324,-0.07602804,0.0109252036,0.9878268,0,0,0,0,0,0,284786.3572571,284786.3572571,0.036995207978179678
22.93437483687644,ac3ae122,SessionTracking,Tracking,30.0699158,30.15954,1,0.0307570320146624,0.560069442,3.39625,1,160x90 DepthUint16,"centre=5142 min=493 max=31362 hex=2810 06B6 1416 4ECD 70F2","centre=2044 min=1515 max=2271 hex=05FF 0648 07FC 0822 081F",0,0,0,,0,,,None,Unavailable,NoWallUnderCrosshair,,,,"only 0 valid depth samples under crosshair (0 no-data, 49 out-of-range, 392 low-confidence)",0,,,None,Unavailable,NoWallInView,,,,0.07842767,1.18801892,-0.0582868,0.135063738,-0.07801831,0.0110977,0.987698257,0,0,0,0,0,0,284786.39058418304,284786.39058418304,0.030680052004754543
22.965969888863537,ac3ae122,SessionTracking,Tracking,30.06979,30.15954,1,0.03096203098539263,0.5597917,3.629375,1,160x90 DepthUint16,"centre=5107 min=493 max=31352 hex=26D2 0704 13F3 4ECB 70E8","centre=2047 min=1527 max=2244 hex=0603 064C 07FF 0834 0838",0,0,0,,0,,,None,Unavailable,NoWallUnderCrosshair,,,,"only 0 valid depth samples under crosshair (0 no-data, 49 out-of-range, 392 low-confidence)",0,,,None,Unavailable,NoWallInView,,,,0.0784091,1.18820333,-0.0588044,0.134672508,-0.07971088,0.0110879838,0.987616658,0,0,0,0,0,0,284786.423909843,284786.423909843,0.030911459005437791
23.00393796187468,ac3ae122,SessionTracking,Tracking,30.0682049,30.15954,1,0.0374395840044599,0.55798614,3.259861,1,160x90 DepthUint16,"centre=2754 min=493 max=31347 hex=2139 0762 0AC2 4F7A 70E9","centre=2041 min=1528 max=2279 hex=060C 0651 07F9 083D 0844",0,0,0,,0,,,None,Unavailable,NoWallUnderCrosshair,,,,"only 0 valid depth samples under crosshair (0 no-data, 44 out-of-range, 397 low-confidence)",0,,,None,Unavailable,NoWallInView,,,,0.07830168,1.18827224,-0.0585871339,0.13472949,-0.08110266,0.0109534571,0.987497032,0,0,0,0,0,0,284786.457236926,284786.457236926,0.037388907017884776
23.035284471864497,ac3ae122,SessionTracking,Tracking,30.0701237,30.15954,1,0.030630155990365893,0.5588195,3.513611,1,160x90 DepthUint16,"centre=2765 min=492 max=31342 hex=214D 07D1 0ACD 5369 661C","centre=2025 min=1515 max=2231 hex=05F7 063F 07E9 080C 080A",0,0,0,,0,,,None,Unavailable,NoWallUnderCrosshair,,,,"only 0 valid depth samples under crosshair (0 no-data, 45 out-of-range, 396 low-confidence)",0,,,None,Unavailable,NoWallInView,,,,0.07824914,1.18832946,-0.0582961477,0.134880081,-0.08312431,0.0108256051,0.987309754,0,0,0,0,0,0,284786.490564009,284786.490564009,0.03057447899482213
23.0669989508669,ac3ae122,SessionTracking,Tracking,30.0688248,30.15954,1,0.0311415100004524,0.55465275,3.55111122,1,160x90 DepthUint16,"centre=2756 min=493 max=31337 hex=2139 08CF 0AC4 5460 661A","centre=2032 min=1513 max=2283 hex=0600 0646 07F0 0846 0854",0,0,0,,0,,,None,Unavailable,NoWallUnderCrosshair,,,,"only 0 valid depth samples under crosshair (0 no-data, 46 out-of-range, 395 low-confidence)",0,,,None,Unavailable,NoWallInView,,,,0.07772026,1.18836474,-0.0589552261,0.1347102,-0.0842850655,0.0112737417,0.9872295,0,0,0,0,0,0,284786.523871271,284786.523871271,0.031097186991246417
23.103997023855253,ac3ae122,SessionTracking,Tracking,30.0682621,30.15954,1,0.036004895984660834,0.557777762,3.49666667,1,160x90 DepthUint16,"centre=2770 min=493 max=31339 hex=20AF 0997 0AD2 5437 661E","centre=2027 min=1503 max=2276 hex=05F4 063C 07EB 0844 0852",0,0,0,,0,,,None,Unavailable,NoWallUnderCrosshair,,,,"only 0 valid depth samples under crosshair (0 no-data, 47 out-of-range, 394 low-confidence)",0,,,None,Unavailable,NoWallInView,,,,0.0770968944,1.188447,-0.0588935241,0.134842053,-0.084425576,0.0119147608,0.987192,0,0,0,0,0,0,284786.55719835404,284786.55719835404,0.035957968997536227
23.134379054877126,ac3ae122,SessionTracking,Tracking,30.06815,30.15954,1,0.029659010004252195,0.5592361,3.29805565,1,160x90 DepthUint16,"centre=2899 min=493 max=31342 hex=2158 0A73 0B53 4DFE 6A1A","centre=2019 min=1510 max=2255 hex=05F8 063F 07E3 0812 0814",0,0,0,,0,,,None,Unavailable,NoWallUnderCrosshair,,,,"only 0 valid depth samples under crosshair (0 no-data, 43 out-of-range, 398 low-confidence)",0,,,None,Unavailable,NoWallInView,,,,0.07662459,1.18853545,-0.0587109551,0.135303646,-0.08516608,0.0124346633,0.9870588,0,0,0,0,0,0,284786.59052543703,284786.59052543703,0.029568750003818423
23.166971190853427,ac3ae122,SessionTracking,Tracking,30.06915,29.9675255,1,0.032018853991758078,0.55472225,3.34756947,1,160x90 DepthUint16,"centre=2822 min=494 max=31337 hex=212C 0B1E 0B06 5920 6886","centre=2014 min=1504 max=2261 hex=05F2 0639 07DE 0813 0814",0,0,0,,0,,,None,Unavailable,NoWallUnderCrosshair,,,,"only 0 valid depth samples under crosshair (0 no-data, 44 out-of-range, 397 low-confidence)",0,,,None,Unavailable,NoWallInView,,,,0.07584281,1.18871188,-0.06018501,0.135120049,-0.08659786,0.0131409476,0.9869502,0,0,0,0,0,0,284786.623963979,284786.623963979,0.031973905977793038
23.201708065861521,ac3ae122,SessionTracking,Tracking,30.06935,29.9675255,1,0.034208958997623995,0.557569444,3.45944452,1,160x90 DepthUint16,"centre=2852 min=494 max=31333 hex=1DF0 0C45 0B24 6193 62C8","centre=2021 min=1502 max=2264 hex=05F1 0639 07E5 0814 0811",0,0,0,,0,,,None,Unavailable,NoWallUnderCrosshair,,,,"only 0 valid depth samples under crosshair (0 no-data, 42 out-of-range, 399 low-confidence)",0,,,None,Unavailable,NoWallInView,,,,0.0755758,1.18871129,-0.0600631461,0.135280579,-0.0882424861,0.0132030845,0.9867817,0,0,0,0,0,0,284786.657291062,284786.657291062,0.034164323005825281
23.236227388863835,ac3ae122,SessionTracking,Tracking,30.0693626,29.9675255,1,0.033834375004516914,0.55472225,3.36125,1,160x90 DepthUint16,"centre=2833 min=493 max=31323 hex=1DB4 0C33 0B11 64F4 668F","centre=2011 min=1496 max=2242 hex=05E8 0630 07DB 07FC 07F4",0,0,0,,0,,,None,Unavailable,NoWallUnderCrosshair,,,,"only 0 valid depth samples under crosshair (0 no-data, 41 out-of-range, 400 low-confidence)",0,,,None,Unavailable,NoWallInView,,,,0.07551825,1.18867612,-0.05991526,0.135198265,-0.0907866,0.01276058,0.986568,0,0,0,0,0,0,284786.69061814505,284786.69061814505,0.0336779170029331
23.268821138880366,ac3ae122,SessionTracking,Tracking,30.069376,29.9675255,1,0.032040938007412478,0.555694461,3.4134028,1,160x90 DepthUint16,"centre=2847 min=493 max=31311 hex=1CE7 0C30 0B1F 5C92 5CD0","centre=2019 min=1506 max=2251 hex=05F1 0638 07E3 0818 0819",0,0,0,,0,,,None,Unavailable,NoWallUnderCrosshair,,,,"only 0 valid depth samples under crosshair (0 no-data, 45 out-of-range, 396 low-confidence)",0,,,None,Unavailable,NoWallInView,,,,0.0746126,1.18885171,-0.0608651,0.134966061,-0.09307887,0.012589247,0.9863884,0,0,0,0,0,0,284786.72399231,284786.72399231,0.031927709002047777
23.302396502861438,ac3ae122,SessionTracking,Tracking,30.06881,29.9675255,1,0.033051509992219508,0.552916646,3.40347219,1,160x90 DepthUint16,"centre=2887 min=493 max=31303 hex=1C8D 0AF9 0B47 5CC2 5CCF","centre=2024 min=1499 max=2265 hex=05EB 0633 07E8 0820 0820",0,0,0,,0,,,None,Unavailable,NoWallUnderCrosshair,,,,"only 0 valid depth samples under crosshair (0 no-data, 40 out-of-range, 401 low-confidence)",0,,,None,Unavailable,NoWallInView,,,,0.0741869062,1.18883216,-0.0608180724,0.134804457,-0.0946948454,0.0123739541,0.986259341,0,0,0,0,0,0,284786.75731939304,284786.75731939304,0.033000260009430349
23.336977908874314,ac3ae122,SessionTracking,Tracking,30.0692558,29.9675255,1,0.033986510010436177,0.55020833,3.447361,1,160x90 DepthUint16,"centre=2880 min=493 max=31297 hex=1C9F 0AF4 0B40 5CCC 5CCC","centre=2010 min=1509 max=2241 hex=05F6 063B 07DA 0818 081B",0,0,0,,0,,,None,Unavailable,NoWallUnderCrosshair,,,,"only 0 valid depth samples under crosshair (0 no-data, 41 out-of-range, 400 low-confidence)",0,,,None,Unavailable,NoWallInView,,,,0.0736364052,1.18884563,-0.0607959367,0.134665713,-0.09593223,0.0124366283,0.986158,0,0,0,0,0,0,284786.79064647603,284786.79064647603,0.033931822021258995
23.374763169870629,ac3ae122,SessionTracking,Tracking,30.0694847,29.9675255,1,0.037204063002718613,0.5538889,3.43006945,1,160x90 DepthUint16,"centre=2870 min=493 max=31285 hex=0EAC 0A3A 0B36 5CCE 5CF8","centre=2007 min=1501 max=2255 hex=05F8 063C 07D7 0805 0800",0,0,0,,0,,,None,Unavailable,NoWallUnderCrosshair,,,,"only 0 valid depth samples under crosshair (0 no-data, 42 out-of-range, 399 low-confidence)",0,,,None,Unavailable,NoWallInView,,,,0.07400337,1.18875408,-0.0616582148,0.134445116,-0.09762317,0.0122471172,0.9860245,0,0,0,0,0,0,284786.82404041605,284786.82404041605,0.037152239994611591
23.399023533877834,ac3ae122,SessionTracking,Tracking,30.0697327,29.9675255,1,0.023014061996946111,0.5491667,3.41020823,1,160x90 DepthUint16,"centre=2920 min=493 max=31275 hex=0EAD 0A83 0B68 5CCB 5D22","centre=2002 min=1485 max=2244 hex=05E6 062B 07D2 0828 082F",0,0,0,,0,,,None,Unavailable,NoWallUnderCrosshair,,,,"only 0 valid depth samples under crosshair (0 no-data, 33 out-of-range, 408 low-confidence)",0,,,None,Unavailable,NoWallInView,,,,0.07383639,1.188695,-0.0615916029,0.1342606,-0.09990912,0.0122681269,0.985820353,0,0,0,0,0,0,284786.85736749903,284786.85736749903,0.022965156007558107
23.438304627858951,ac3ae122,SessionTracking,Tracking,30.0677357,29.9675255,1,0.0386126039957162,0.5525,3.46340275,1,160x90 DepthUint16,"centre=3015 min=493 max=31264 hex=0FCE 0A8A 0BC7 5CC3 5D29","centre=2000 min=1488 max=2238 hex=05E7 062D 07D0 07FB 07F5",0,0,0,,0,,,None,Unavailable,NoWallUnderCrosshair,,,,"only 0 valid depth samples under crosshair (0 no-data, 41 out-of-range, 400 low-confidence)",0,,,None,Unavailable,NoWallInView,,,,0.07355636,1.18860817,-0.06147483,0.134422734,-0.101764254,0.0124348113,0.9856064,0,0,0,0,0,0,284786.890694582,284786.890694582,0.038562447996810079
23.46977525287998,ac3ae122,SessionTracking,Tracking,30.0684834,29.9675255,1,0.030770573008339852,0.55243057,3.43479156,1,160x90 DepthUint16,"centre=3068 min=493 max=31264 hex=132D 0A84 0BFC 5CB5 5DD1","centre=2003 min=1478 max=2255 hex=05DD 0625 07D3 0814 0813",0,0,0,,0,,,None,Unavailable,NoWallUnderCrosshair,,,,"only 0 valid depth samples under crosshair (0 no-data, 41 out-of-range, 400 low-confidence)",0,,,None,Unavailable,NoWallInView,,,,0.07394506,1.18855536,-0.06184974,0.134711042,-0.103133313,0.012464405,0.98542434,0,0,0,0,0,0,284786.923999639,284786.923999639,0.030714271008037031
23.500896919859724,ac3ae122,SessionTracking,Tracking,30.0680351,29.9675255,1,0.030546562978997827,0.549444437,3.48777771,1,160x90 DepthUint16,"centre=3100 min=493 max=31261 hex=17DF 0A8F 0C1C 5CA0 5EB7","centre=1998 min=1495 max=2248 hex=05EB 0631 07CE 0818 081D",0,0,0,,0,,,None,Unavailable,NoWallUnderCrosshair,,,,"only 0 valid depth samples under crosshair (0 no-data, 38 out-of-range, 403 low-confidence)",0,,,None,Unavailable,NoWallInView,,,,0.07372822,1.18845165,-0.0617595166,0.1349169,-0.104899533,0.0127476454,0.985206068,0,0,0,0,0,0,284786.95732672204,284786.95732672204,0.030501978995744139
23.533260044866392,ac3ae122,SessionTracking,Tracking,30.0670319,29.9675255,1,0.031836770998779684,0.5525,3.446875,1,160x90 DepthUint16,"centre=2372 min=492 max=31256 hex=1107 09DE 0944 5CAB 5F5B","centre=2005 min=1489 max=2253 hex=05EB 0630 07D5 0818 0818",0,0,0,,0,,,None,Unavailable,NoWallUnderCrosshair,,,,"only 0 valid depth samples under crosshair (0 no-data, 39 out-of-range, 402 low-confidence)",0,,,None,Unavailable,NoWallInView,,,,0.07344894,1.18844569,-0.0616875254,0.135235861,-0.106334127,0.0130383084,0.9850047,0,0,0,0,0,0,284786.990653805,284786.990653805,0.031789114989805967
23.570231242853833,ac3ae122,SessionTracking,Tracking,30.0674019,29.9675255,1,0.036459947994444519,0.5520833,3.48472214,1,160x90 DepthUint16,"centre=2353 min=492 max=31248 hex=1107 0A97 0931 5CAE 600D","centre=2007 min=1482 max=2272 hex=05E3 062A 07D7 0843 0850",0,0,0,,0,,,None,Unavailable,NoWallUnderCrosshair,,,,"only 0 valid depth samples under crosshair (0 no-data, 39 out-of-range, 402 low-confidence)",0,,,None,Unavailable,NoWallInView,,,,0.0733638853,1.1888026,-0.06192571,0.135299191,-0.10774304,0.0130865583,0.9848423,0,0,0,0,0,0,284787.02398267004,284787.02398267004,0.036414948001038283
23.601171919864054,ac3ae122,SessionTracking,Tracking,30.0673885,29.9675255,1,0.030084792000707239,0.5497222,3.51388884,1,160x90 DepthUint16,"centre=2342 min=492 max=31242 hex=1108 0A8D 0926 5CAC 6088","centre=1992 min=1492 max=2243 hex=05EC 062F 07C8 0810 0813",0,0,0,,0,,,None,Unavailable,NoWallUnderCrosshair,,,,"only 0 valid depth samples under crosshair (0 no-data, 38 out-of-range, 403 low-confidence)",0,,,None,Unavailable,NoWallInView,,,,0.0730372444,1.18891573,-0.0620615631,0.135063067,-0.108633414,0.0131674409,0.9847758,0,0,0,0,0,0,284787.057309753,284787.057309753,0.029970572999445722
23.633079002865042,ac3ae122,SessionTracking,Tracking,30.0671024,29.9675255,1,0.031331250007497147,0.55020833,3.51826382,1,160x90 DepthUint16,"centre=2325 min=492 max=31234 hex=0F9C 0A83 0915 5CAB 61AB","centre=1995 min=1499 max=2230 hex=05F1 0633 07CB 07F2 07E9",0,0,0,,0,,,None,Unavailable,NoWallUnderCrosshair,,,,"only 0 valid depth samples under crosshair (0 no-data, 36 out-of-range, 405 low-confidence)",0,,,None,Unavailable,NoWallInView,,,,0.07283582,1.18907034,-0.0622182041,0.134854645,-0.109950796,0.0129015148,0.9846617,0,0,0,0,0,0,284787.090636836,284787.090636836,0.03128177099279128
23.666865565864054,ac3ae122,SessionTracking,Tracking,30.0669613,29.9675255,1,0.033157761004986241,0.5497222,3.48138881,1,160x90 DepthUint16,"centre=2313 min=492 max=31228 hex=0FA3 0A3F 0909 4A77 628B","centre=1999 min=1517 max=2239 hex=05FF 063F 07CF 07FE 07F6",0,0,0,,0,,,None,Unavailable,NoWallUnderCrosshair,,,,"only 0 valid depth samples under crosshair (0 no-data, 37 out-of-range, 404 low-confidence)",0,,,None,Unavailable,NoWallInView,,,,0.0719286948,1.1891799,-0.0623785481,0.134715259,-0.110739708,0.012930721,0.984591961,0,0,0,0,0,0,284787.124119281,284787.124119281,0.033080208988394588
23.702484731874346,ac3ae122,SessionTracking,Tracking,30.0672245,29.9675255,1,0.034958541014930233,0.5495139,3.495625,1,160x90 DepthUint16,"centre=2295 min=492 max=31211 hex=0FB1 0A59 08F7 4A76 65AE","centre=1995 min=1516 max=2228 hex=05FB 063B 07CB 0807 0804",0,0,0,,0,,,None,Unavailable,NoWallUnderCrosshair,,,,"only 0 valid depth samples under crosshair (0 no-data, 38 out-of-range, 403 low-confidence)",0,,,None,Unavailable,NoWallInView,,,,0.0717175454,1.18928337,-0.0626047254,0.134528488,-0.112181447,0.0126471221,0.98445797,0,0,0,0,0,0,284787.157446364,284787.157446364,0.034879843005910516
23.734431502866709,ac3ae122,SessionTracking,Tracking,30.0672741,29.9675255,1,0.03137895799591206,0.5476389,3.50784731,1,160x90 DepthUint16,"centre=2289 min=492 max=31207 hex=0FBA 0A53 08F1 4A76 65F2","centre=1993 min=1518 max=2233 hex=05FE 063C 07C9 080F 080F",0,0,0,,0,,,None,Unavailable,NoWallUnderCrosshair,,,,"only 0 valid depth samples under crosshair (0 no-data, 38 out-of-range, 403 low-confidence)",0,,,None,Unavailable,NoWallInView,,,,0.07120925,1.18935227,-0.0629240349,0.134357527,-0.112639263,0.0129193068,0.9844255,0,0,0,0,0,0,284787.19077344704,284787.19077344704,0.031325207994086668
23.765818637874826,ac3ae122,SessionTracking,Tracking,30.0673313,29.9675255,1,0.03082270800950937,0.546875,3.52861118,1,160x90 DepthUint16,"centre=2294 min=493 max=31207 hex=0FC9 0A48 08F6 4A77 58DA","centre=1991 min=1501 max=2233 hex=05F1 0633 07C7 0820 0826",0,0,0,,0,,,None,Unavailable,NoWallUnderCrosshair,,,,"only 0 valid depth samples under crosshair (0 no-data, 37 out-of-range, 404 low-confidence)",0,,,None,Unavailable,NoWallInView,,,,0.0716528445,1.1895858,-0.06410869,0.1341561,-0.1124703,0.0131021459,0.9844699,0,0,0,0,0,0,284787.22413179104,284787.22413179104,0.030773489008424804
23.80361395086852,ac3ae122,SessionTracking,Tracking,30.06726,29.9675255,1,0.03717218799283728,0.5467361,3.54381943,1,160x90 DepthUint16,"centre=2279 min=493 max=31201 hex=0EAC 0A46 08E7 4A77 6E7C","centre=1995 min=1498 max=2226 hex=05F1 0631 07CB 081E 0821",0,0,0,,0,,,None,Unavailable,NoWallUnderCrosshair,,,,"only 0 valid depth samples under crosshair (0 no-data, 36 out-of-range, 405 low-confidence)",0,,,None,Unavailable,NoWallInView,,,,0.07147603,1.189605,-0.06436685,0.13405396,-0.113698378,0.0131401122,0.9843422,0,0,0,0,0,0,284787.257458874,284787.257458874,0.03709947899915278
23.840657179875915,ac3ae122,SessionTracking,Tracking,30.0670757,29.9675255,1,0.03649526002118364,0.546805561,3.503611,1,160x90 DepthUint16,"centre=2258 min=493 max=31199 hex=0F15 09FE 08D2 20AD 6877","centre=1996 min=1480 max=2226 hex=05E6 0629 07CC 0809 0804",0,0,0,,0,,,None,Unavailable,NoWallUnderCrosshair,,,,"only 0 valid depth samples under crosshair (0 no-data, 34 out-of-range, 407 low-confidence)",0,,,None,Unavailable,NoWallInView,,,,0.0713959262,1.18965185,-0.06448222,0.134329587,-0.115258791,0.0131317973,0.9841233,0,0,0,0,0,0,284787.290785957,284787.290785957,0.036437030998058617
23.866265825860818,ac3ae122,SessionTracking,Tracking,30.0673523,29.9675255,1,0.024985103984363377,0.5457639,3.54548621,1,160x90 DepthUint16,"centre=2239 min=494 max=31183 hex=0F22 0A1A 08BF 20AD 6BAB","centre=2003 min=1495 max=2228 hex=05EA 062D 07D3 081D 081C",0,0,0,,0,,,None,Unavailable,NoWallUnderCrosshair,,,,"only 0 valid depth samples under crosshair (0 no-data, 36 out-of-range, 405 low-confidence)",0,,,None,Unavailable,NoWallInView,,,,0.07052581,1.18948114,-0.06496327,0.1344301,-0.11656,0.0129019022,0.9839593,0,0,0,0,0,0,284787.32428744703,284787.32428744703,0.024932917003752664
23.906862179856898,ac3ae122,SessionTracking,Tracking,30.0667629,29.9675255,1,0.040069479000521824,0.5453472,3.51680565,1,160x90 DepthUint16,"centre=2222 min=493 max=31180 hex=0D8B 0A24 08AE 20AE 6EF1","centre=1992 min=1497 max=2214 hex=05F2 0633 07C8 07F5 07EC",0,0,0,,0,,,None,Unavailable,NoWallUnderCrosshair,,,,"only 0 valid depth samples under crosshair (0 no-data, 33 out-of-range, 408 low-confidence)",0,,,None,Unavailable,NoWallInView,,,,0.07038967,1.18962181,-0.06516542,0.134566963,-0.117921673,0.0129433274,0.983777761,0,0,0,0,0,0,284787.35761453,284787.35761453,0.040024271002039313
23.937215408855035,ac3ae122,SessionTracking,Tracking,30.0673656,29.9675255,1,0.029491353983758017,0.5447222,3.4977777,1,160x90 DepthUint16,"centre=2710 min=493 max=31176 hex=14D3 08F4 0A96 20AF 6EF5","centre=1991 min=1494 max=2218 hex=05ED 062F 07C7 0803 07FC",0,0,0,,0,,,None,Unavailable,NoWallUnderCrosshair,,,,"only 0 valid depth samples under crosshair (0 no-data, 30 out-of-range, 411 low-confidence)",0,,,None,Unavailable,NoWallInView,,,,0.07009359,1.189778,-0.06551421,0.134501815,-0.118755482,0.0133754024,0.9836806,0,0,0,0,0,0,284787.390941613,284787.390941613,0.029365155991399661
23.969343221854569,ac3ae122,SessionTracking,Tracking,30.068306,29.9675255,1,0.031618385983165354,0.564930558,3.30715275,1,160x90 DepthUint16,"centre=2519 min=409 max=31175 hex=12E9 09B9 09D7 20C3 42C9","centre=1893 min=817 max=2167 hex=05E9 062C 0765 04CA 0384",0,0,0,,0,,,None,Unavailable,NoWallUnderCrosshair,,,,"only 0 valid depth samples under crosshair (0 no-data, 32 out-of-range, 409 low-confidence)",0,,,None,Unavailable,NoWallInView,,,,0.07065407,1.19013309,-0.0658871,0.1344027,-0.119281694,0.0136421332,0.983626842,0,0,0,0,0,0,284787.424183942,284787.424183942,0.031566614983603358
24.011527387853629,ac3ae122,SessionTracking,Tracking,30.06835,29.9675255,1,0.0416360929957591,0.565486133,3.45604157,1,160x90 DepthUint16,"centre=2513 min=409 max=31169 hex=10BE 09AF 09D1 20D2 42C9","centre=1900 min=827 max=2170 hex=05EC 062E 076C 04CC 038F",0,0,0,,0,,,None,Unavailable,NoWallUnderCrosshair,,,,"only 0 valid depth samples under crosshair (0 no-data, 32 out-of-range, 409 low-confidence)",0,,,None,Unavailable,NoWallInView,,,,0.07044406,1.19030845,-0.06628573,0.134331,-0.120030083,0.0137574095,0.983544,0,0,0,0,0,0,284787.457511025,284787.457511025,0.041580988996429369
24.043464731853373,ac3ae122,SessionTracking,Tracking,30.0667362,29.9675255,1,0.031138332997215912,0.5655556,3.75875,1,160x90 DepthUint16,"centre=2496 min=410 max=31151 hex=0E45 099B 09C0 20DE 42C7","centre=1898 min=851 max=2167 hex=05E9 062B 076A 04D9 03A8",0,0,0,,0,,,None,Unavailable,NoWallUnderCrosshair,,,,"only 0 valid depth samples under crosshair (0 no-data, 30 out-of-range, 411 low-confidence)",0,,,None,Unavailable,NoWallInView,,,,0.07051295,1.19045544,-0.0665982738,0.134182364,-0.121935062,0.0135146389,0.9833333,0,0,0,0,0,0,284787.490838108,284787.490838108,0.031049634999362752
24.07220020086147,ac3ae122,SessionTracking,Tracking,30.0674324,29.9675255,1,0.028118073008954525,0.564513862,3.41854167,1,160x90 DepthUint16,"centre=2486 min=409 max=31144 hex=0F97 0912 09B6 20E1 42C9","centre=1898 min=822 max=2158 hex=05F2 0632 076A 04D5 0390",0,0,0,,0,,,None,Unavailable,NoWallUnderCrosshair,,,,"only 0 valid depth samples under crosshair (0 no-data, 31 out-of-range, 410 low-confidence)",0,,,None,Unavailable,NoWallInView,,,,0.07017045,1.19067907,-0.06644649,0.134257749,-0.123295262,0.0135341585,0.9831531,0,0,0,0,0,0,284787.524259484,284787.524259484,0.028064999991329387
24.105026189869886,ac3ae122,SessionTracking,Tracking,30.0672169,29.9675255,1,0.032302551990142092,0.564166665,3.46034718,1,160x90 DepthUint16,"centre=2477 min=410 max=31135 hex=0ED7 090A 09AD 20E2 43FE","centre=1899 min=822 max=2168 hex=05F0 0631 076B 04D5 0398",0,0,0,,0,,,None,Unavailable,NoWallUnderCrosshair,,,,"only 0 valid depth samples under crosshair (0 no-data, 24 out-of-range, 417 low-confidence)",0,,,None,Unavailable,NoWallInView,,,,0.0700668544,1.19078922,-0.0667848438,0.134117752,-0.124229096,0.0136309871,0.9830533,0,0,0,0,0,0,284787.557586567,284787.557586567,0.031931666017044336
24.137034679871203,ac3ae122,SessionTracking,Tracking,30.0662613,29.9675255,1,0.031373958016047254,0.5642361,3.77743053,1,160x90 DepthUint16,"centre=2462 min=410 max=31117 hex=0E68 0902 099E 20E3 4837","centre=1900 min=861 max=2173 hex=05F1 0631 076C 0506 03CF",0,0,0,,0,,,None,Unavailable,NoWallUnderCrosshair,,,,"only 0 valid depth samples under crosshair (0 no-data, 24 out-of-range, 417 low-confidence)",0,,,None,Unavailable,NoWallInView,,,,0.07017131,1.19083667,-0.0670018047,0.134047866,-0.126193613,0.013496846,0.982814431,0,0,0,0,0,0,284787.59091365,284787.59091365,0.031329896009992808
24.172723846880171,ac3ae122,SessionTracking,Tracking,30.065897,29.8284073,1,0.03513458400266245,0.565486133,3.615,1,160x90 DepthUint16,"centre=2454 min=410 max=31111 hex=10B6 0911 0996 20E5 4D91","centre=1902 min=805 max=2162 hex=05F7 0636 076E 04E9 0393",0,0,0,,0,,,None,Unavailable,NoWallUnderCrosshair,,,,"only 0 valid depth samples under crosshair (0 no-data, 26 out-of-range, 415 low-confidence)",0,,,None,Unavailable,NoWallInView,,,,0.07015991,1.19099319,-0.06726853,0.1342292,-0.127607718,0.01364404,0.98260504,0,0,0,0,0,0,284787.624224256,284787.624224256,0.035009740007808432
24.204436866878449,ac3ae122,SessionTracking,Tracking,30.0659046,29.8284073,1,0.031144322012551129,0.564583361,3.54340267,1,160x90 DepthUint16,"centre=2445 min=410 max=31101 hex=1752 0875 098D 1D7B 514A","centre=1881 min=773 max=2160 hex=05ED 062C 0759 04C9 0370",0,0,0,,0,,,None,Unavailable,NoWallUnderCrosshair,,,,"only 0 valid depth samples under crosshair (0 no-data, 23 out-of-range, 418 low-confidence)",0,,,None,Unavailable,NoWallInView,,,,0.0701397955,1.19115126,-0.0675158352,0.134230822,-0.128955811,0.0138931572,0.982425332,0,0,0,0,0,0,284787.657551339,284787.657551339,0.031090208009118214
24.236204054867766,ac3ae122,SessionTracking,Tracking,30.0656414,29.8284073,1,0.031182031001662835,0.56375,3.72583342,1,160x90 DepthUint16,"centre=2432 min=410 max=31084 hex=19F3 0856 0980 1D7A 5410","centre=1875 min=823 max=2152 hex=05F3 062F 0753 04E7 039E",0,0,0,,0,,,None,Unavailable,NoWallUnderCrosshair,,,,"only 0 valid depth samples under crosshair (0 no-data, 21 out-of-range, 420 low-confidence)",0,,,None,Unavailable,NoWallInView,,,,0.07012935,1.19131124,-0.06790418,0.133797035,-0.130113557,0.0139196534,0.982331455,0,0,0,0,0,0,284787.690878422,284787.690878422,0.031054791994392872
24.267847648871747,ac3ae122,SessionTracking,Tracking,30.0652752,29.8284073,1,0.030954688001656905,0.562222242,3.77881956,1,160x90 DepthUint16,"centre=2423 min=411 max=31075 hex=1BF5 0840 0977 1D7A 5A4F","centre=1894 min=888 max=2165 hex=05EC 062C 0766 0513 03DD",0,0,0,,0,,,None,Unavailable,NoWallUnderCrosshair,,,,"only 0 valid depth samples under crosshair (0 no-data, 19 out-of-range, 422 low-confidence)",0,,,None,Unavailable,NoWallInView,,,,0.07005139,1.19189537,-0.06832396,0.1336042,-0.130867243,0.0137287984,0.9822603,0,0,0,0,0,0,284787.724212932,284787.724212932,0.0309085939952638
24.299096241876168,ac3ae122,SessionTracking,Tracking,30.0656471,29.8284073,1,0.030687968013808131,0.562986135,3.56125,1,160x90 DepthUint16,"centre=2411 min=411 max=31063 hex=1E0D 07B4 096B 1D7A 63FC","centre=1900 min=881 max=2171 hex=05E6 0628 076C 0522 03E7",0,0,0,,0,,,None,Unavailable,NoWallUnderCrosshair,,,,"only 0 valid depth samples under crosshair (0 no-data, 21 out-of-range, 420 low-confidence)",0,,,None,Unavailable,NoWallInView,,,,0.07011254,1.19208956,-0.06863807,0.133393764,-0.132302582,0.0137008438,0.98209697,0,0,0,0,0,0,284787.75754001504,284787.75754001504,0.030634114023996517
24.336394731878453,ac3ae122,SessionTracking,Tracking,30.0653782,29.8284073,1,0.036686823004856706,0.5622917,3.6989584,1,160x90 DepthUint16,"centre=2396 min=411 max=31043 hex=1E16 07B6 095C 1ACB 6E28","centre=1901 min=980 max=2167 hex=05F5 0635 076D 055A 0445",0,0,0,,0,,,None,Unavailable,NoWallUnderCrosshair,,,,"only 0 valid depth samples under crosshair (0 no-data, 16 out-of-range, 425 low-confidence)",0,,,None,Unavailable,NoWallInView,,,,0.0703629553,1.1922605,-0.06884503,0.1333513,-0.13443771,0.0134854913,0.9818157,0,0,0,0,0,0,284787.790867098,284787.790867098,0.0366334900027141
24.367743950852809,ac3ae122,SessionTracking,Tracking,30.0645771,29.8284073,1,0.030842135980492458,0.560833335,3.689375,1,160x90 DepthUint16,"centre=2379 min=411 max=31027 hex=1D4B 07A7 094B 1ACB 6E3A","centre=1896 min=812 max=2161 hex=05F0 0631 0768 04F3 03B6",0,0,0,,0,,,None,Unavailable,NoWallUnderCrosshair,,,,"only 0 valid depth samples under crosshair (0 no-data, 15 out-of-range, 426 low-confidence)",0,,,None,Unavailable,NoWallInView,,,,0.06922084,1.192955,-0.06977676,0.133104146,-0.136103511,0.0133803189,0.981621146,0,0,0,0,0,0,284787.824240893,284787.824240893,0.030794478981988505
24.400432439861969,ac3ae122,SessionTracking,Tracking,30.0638542,29.8284073,1,0.0320877080084756,0.5607639,3.630764,1,160x90 DepthUint16,"centre=2274 min=411 max=31008 hex=1C3E 0758 08E2 170D 6E4A","centre=1891 min=863 max=2162 hex=0602 063F 0763 0516 03E6",0,0,0,,0,,,None,Unavailable,NoWallUnderCrosshair,,,,"only 0 valid depth samples under crosshair (0 no-data, 12 out-of-range, 429 low-confidence)",0,,,None,Unavailable,NoWallInView,,,,0.0693787,1.193081,-0.06999591,0.133077174,-0.138159633,0.0134060681,0.9813372,0,0,0,0,0,0,284787.857567976,284787.857567976,0.032023854000726715
24.436910356852376,ac3ae122,SessionTracking,Tracking,30.0619316,29.8284073,1,0.035812812973745167,0.55916667,3.74208331,1,160x90 DepthUint16,"centre=2280 min=412 max=30997 hex=1C3E 075A 08E8 1713 6E61","centre=1905 min=932 max=2164 hex=05F6 0637 0771 0540 0416",0,0,0,,0,,,None,Unavailable,NoWallUnderCrosshair,,,,"only 0 valid depth samples under crosshair (0 no-data, 12 out-of-range, 429 low-confidence)",0,,,None,Unavailable,NoWallInView,,,,0.0694318563,1.193209,-0.070198454,0.133177385,-0.139636979,0.0135962069,0.9811119,0,0,0,0,0,0,284787.89089505904,284787.89089505904,0.0357342189818155
24.46950441886197,ac3ae122,SessionTracking,Tracking,30.066082,29.8284073,1,0.032073124981252477,0.5609722,3.59520841,1,160x90 DepthUint16,"centre=2283 min=412 max=30983 hex=1AE8 074E 08EB 1712 6E8B","centre=1852 min=672 max=2026 hex=05FA 0633 073C 0426 02F9",0,0,0,,0,,,None,Unavailable,NoWallUnderCrosshair,,,,"only 0 valid depth samples under crosshair (0 no-data, 13 out-of-range, 428 low-confidence)",0,,,None,Unavailable,NoWallInView,,,,0.06896019,1.19395721,-0.07106144,0.1330758,-0.141218871,0.0134035945,0.980901837,0,0,0,0,0,0,284787.92421524203,284787.92421524203,0.032028905989136547
24.500233116871595,ac3ae122,SessionTracking,Tracking,30.0638027,29.8284073,1,0.029956457990920171,0.5578472,3.65215278,1,160x90 DepthUint16,"centre=2245 min=412 max=30959 hex=1AEB 0738 08C5 16A8 6EC4","centre=1833 min=671 max=2020 hex=0604 063A 0729 0420 0301",0,0,0,,0,,,None,Unavailable,NoWallUnderCrosshair,,,,"only 0 valid depth samples under crosshair (0 no-data, 9 out-of-range, 432 low-confidence)",0,,,None,Unavailable,NoWallInView,,,,0.0691768453,1.1941539,-0.07122984,0.132885188,-0.143090367,0.0131084332,0.980660439,0,0,0,0,0,0,284787.957542325,284787.957542325,0.029858177003916353
24.531768846870317,ac3ae122,SessionTracking,Tracking,30.0628738,29.8284073,1,0.03101140700164251,0.5577083,3.6604166,1,160x90 DepthUint16,"centre=2245 min=413 max=30952 hex=1AEE 072D 08C5 1688 6EC2","centre=1836 min=672 max=2015 hex=060C 0640 072C 0421 02FF",0,0,0,,0,,,None,Unavailable,NoWallUnderCrosshair,,,,"only 0 valid depth samples under crosshair (0 no-data, 9 out-of-range, 432 low-confidence)",0,,,None,Unavailable,NoWallInView,,,,0.06903778,1.1944716,-0.0716259,0.132513478,-0.143436715,0.0132277012,0.980658531,0,0,0,0,0,0,284787.990869408,284787.990869408,0.030959947995143011
24.57057509686906,ac3ae122,SessionTracking,Tracking,30.0625343,29.8284073,1,0.038244219002081081,0.559305549,3.63402772,1,160x90 DepthUint16,"centre=2246 min=413 max=30944 hex=1AF2 0720 08C6 1676 6EC0","centre=1787 min=711 max=2024 hex=0609 063C 06FB 0408 0303",0,0,0,,0,,,None,Unavailable,NoWallUnderCrosshair,,,,"only 0 valid depth samples under crosshair (0 no-data, 9 out-of-range, 432 low-confidence)",0,,,None,Unavailable,NoWallInView,,,,-0.0387699455,1.171731,-0.1480205,0.132641509,-0.0740949661,0.00381997251,0.988383353,0,0,0,0,0,0,284788.024421626,284788.024421626,0.038180364994332194
24.600721762856619,ac3ae122,SessionTracking,Tracking,30.0632343,29.8284073,1,0.028375520982081071,0.5588889,3.55291677,1,160x90 DepthUint16,"centre=2246 min=413 max=30922 hex=1CEC 0709 08C6 1653 6EC5","centre=1790 min=711 max=2010 hex=05FC 0632 06FE 040D 0303",0,0,0,,0,,,None,Unavailable,NoWallUnderCrosshair,,,,"only 0 valid depth samples under crosshair (0 no-data, 9 out-of-range, 432 low-confidence)",0,,,None,Unavailable,NoWallInView,,,,-0.0386789665,1.17213321,-0.148298621,0.1320572,-0.0758349448,0.00365129113,0.988330245,0,0,0,0,0,0,284788.057748709,284788.057748709,0.028314426977885887
24.631973793867427,ac3ae122,SessionTracking,Tracking,30.0616741,29.8284073,1,0.030727448000106961,0.555069447,3.62479162,1,160x90 DepthUint16,"centre=2416 min=413 max=30906 hex=1DB2 0700 0970 164A 6EBF","centre=1783 min=714 max=1999 hex=0603 0637 06F7 0412 0306",0,0,0,,0,,,None,Unavailable,NoWallUnderCrosshair,,,,"only 0 valid depth samples under crosshair (0 no-data, 9 out-of-range, 432 low-confidence)",0,,,None,Unavailable,NoWallInView,,,,-0.0386375338,1.17250729,-0.148525253,0.13165018,-0.0773673952,0.003721416,0.9882655,0,0,0,0,0,0,284788.09107579204,284788.09107579204,0.030684322991874069
24.672700252870481,ac3ae122,SessionTracking,Tracking,30.0636311,29.8284073,1,0.040221823001047596,0.5551389,3.666875,1,160x90 DepthUint16,"centre=2288 min=412 max=30892 hex=1954 0700 08F0 1643 6ED8","centre=1742 min=692 max=2056 hex=0606 0630 06CE 04FD 0451",0,0,0,,0,,,None,Unavailable,NoWallUnderCrosshair,,,,"only 0 valid depth samples under crosshair (0 no-data, 6 out-of-range, 435 low-confidence)",0,,,None,Unavailable,NoWallInView,,,,-0.03581181,1.17578316,-0.147314787,0.132446945,-0.08158902,0.00381121039,0.9878191,0,0,0,0,0,0,284788.124398513,284788.124398513,0.040175938018364832
24.702818741868168,ac3ae122,SessionTracking,Tracking,30.0637665,29.8284073,1,0.029616040992550552,0.554305553,3.63305545,1,160x90 DepthUint16,"centre=2290 min=412 max=30876 hex=1B53 06FD 08F2 163D 6ED3","centre=1737 min=693 max=2052 hex=0600 062B 06C9 0504 045E",0,0,0,,0,,,None,Unavailable,NoWallUnderCrosshair,,,,"only 0 valid depth samples under crosshair (0 no-data, 7 out-of-range, 434 low-confidence)",0,,,None,Unavailable,NoWallInView,,,,-0.03578039,1.17603493,-0.147448927,0.132273257,-0.08317276,0.0033467114,0.987712,0,0,0,0,0,0,284788.15772559604,284788.15772559604,0.029570312006399035
24.734224210863385,ac3ae122,SessionTracking,Tracking,30.0637684,29.8284073,1,0.030848645983496681,0.550833344,3.66361117,1,160x90 DepthUint16,"centre=2290 min=412 max=30867 hex=1B53 06FC 08F2 163C 6ECE","centre=1732 min=702 max=2052 hex=0616 063C 06C4 04F3 045B",0,0,0,,0,,,None,Unavailable,NoWallUnderCrosshair,,,,"only 0 valid depth samples under crosshair (0 no-data, 5 out-of-range, 436 low-confidence)",0,,,None,Unavailable,NoWallInView,,,,-0.03590535,1.17624187,-0.147598118,0.132092565,-0.08414245,0.00318112969,0.987654567,0,0,0,0,0,0,284788.19105267903,284788.19105267903,0.030803594010649249
24.774012595872545,ac3ae122,SessionTracking,Tracking,30.0640259,29.8284073,1,0.03922697901725769,0.549444437,3.68416667,1,160x90 DepthUint16,"centre=2298 min=413 max=30856 hex=1B4A 06FE 08FA 1632 6ED6","centre=1732 min=714 max=2050 hex=060F 0637 06C4 0514 0450",0,0,0,,0,,,None,Unavailable,NoWallUnderCrosshair,,,,"only 0 valid depth samples under crosshair (0 no-data, 3 out-of-range, 438 low-confidence)",0,,,None,Unavailable,NoWallInView,,,,-0.0362503678,1.17671525,-0.147762582,0.132401079,-0.0851794,0.00320059061,0.9875243,0,0,0,0,0,0,284788.22440136503,284788.22440136503,0.0391821869998239
24.802927127856446,ac3ae122,SessionTracking,Tracking,30.0636616,29.8284073,1,0.02796281297923997,0.551041663,3.65965271,1,160x90 DepthUint16,"centre=2303 min=412 max=30833 hex=190B 0700 08FF 1634 74A4","centre=1742 min=712 max=2046 hex=0611 063A 06CE 050B 0459",0,0,0,,0,,,None,Unavailable,NoWallUnderCrosshair,,,,"only 0 valid depth samples under crosshair (0 no-data, 3 out-of-range, 438 low-confidence)",0,,,None,Unavailable,NoWallInView,,,,-0.0362233557,1.17682278,-0.147798657,0.132287249,-0.08750131,0.00296592736,0.987337232,0,0,0,0,0,0,284788.257728448,284788.257728448,0.027838073001476005
24.834550981867277,ac3ae122,SessionTracking,Tracking,30.0636749,29.8284073,1,0.031084479007404298,0.5479861,3.70180559,1,160x90 DepthUint16,"centre=2304 min=412 max=30792 hex=190D 0704 0900 1635 749D","centre=1738 min=709 max=2047 hex=0613 063C 06CA 051E 046C",0,0,0,,0,,,None,Unavailable,NoWallUnderCrosshair,,,,"only 0 valid depth samples under crosshair (0 no-data, 1 out-of-range, 440 low-confidence)",0,,,None,Unavailable,NoWallInView,,,,-0.0362119,1.17694807,-0.147854909,0.131962165,-0.09002895,0.003014088,0.987153351,0,0,0,0,0,0,284788.291055531,284788.291055531,0.031033437990117818
24.866052439864642,ac3ae122,SessionTracking,Tracking,30.06356,29.8284073,1,0.030942656012484804,0.5484028,3.64180565,1,160x90 DepthUint16,"centre=2303 min=411 max=30777 hex=15B3 070A 08FF 1634 749F","centre=1750 min=708 max=2039 hex=0602 062F 06D6 0522 0476",0,0,0,,0,,,None,Unavailable,NoWallUnderCrosshair,,,,"only 0 valid depth samples under crosshair (0 no-data, 1 out-of-range, 440 low-confidence)",0,,,None,Unavailable,NoWallInView,,,,-0.0370076261,1.17769277,-0.146817088,0.131996825,-0.091711536,0.00352630066,0.9869921,0,0,0,0,0,0,284788.324427377,284788.324427377,0.03089098900090903
24.901726866860326,ac3ae122,SessionTracking,Tracking,30.0637455,29.8284073,1,0.035117708001052961,0.5482639,3.708611,1,160x90 DepthUint16,"centre=2410 min=410 max=30748 hex=15B5 0717 096A 1639 749C","centre=1743 min=705 max=2040 hex=05FE 062C 06CF 052A 048E",0,0,0,,0,,,None,Unavailable,NoWallUnderCrosshair,,,,"only 0 valid depth samples under crosshair (0 no-data, 1 out-of-range, 440 low-confidence)",0,,,None,Unavailable,NoWallInView,,,,-0.0370402,1.17787051,-0.146776646,0.131799057,-0.09436056,0.00338938856,0.986769259,0,0,0,0,0,0,284788.35775446,284788.35775446,0.035063646006165072
24.933110981880372,ac3ae122,SessionTracking,Tracking,30.06415,29.8284073,1,0.030720834009116516,0.5452778,3.6071527,1,160x90 DepthUint16,"centre=2549 min=410 max=30706 hex=119B 0730 09F5 1638 691A","centre=1735 min=709 max=2033 hex=05FF 062F 06C7 0544 048F",0,0,0,,0,,,None,Unavailable,NoWallUnderCrosshair,,,,"only 0 valid depth samples under crosshair (0 no-data, 2 out-of-range, 439 low-confidence)",0,,,None,Unavailable,NoWallInView,,,,-0.0369894467,1.17803979,-0.146850139,0.131337613,-0.09707034,0.00314646959,0.986568749,0,0,0,0,0,0,284788.391081543,284788.391081543,0.030657604016596451
24.96466733587199,ac3ae122,SessionTracking,Tracking,30.0647125,29.8284073,1,0.030924218997824937,0.546041667,3.65666676,1,160x90 DepthUint16,"centre=2649 min=409 max=30679 hex=0E46 074F 0A59 0000 68FD","centre=1752 min=705 max=2040 hex=0603 0635 06D8 0543 0492",0,0,0,,0,,,None,Unavailable,NoWallUnderCrosshair,,,,"only 0 valid depth samples under crosshair (0 no-data, 1 out-of-range, 440 low-confidence)",0,,,None,Unavailable,NoWallInView,,,,-0.037514396,1.1785965,-0.145996243,0.131240591,-0.09924368,0.00315675163,0.9863654,0,0,0,0,0,0,284788.424486871,284788.424486871,0.030872552015352994
25.005665252879179,ac3ae122,SessionTracking,Tracking,30.0652,29.8284073,1,0.040420938021270558,0.5425,3.58472228,1,160x90 DepthUint16,"centre=1845 min=408 max=30648 hex=0E47 0779 0735 0000 5C02","centre=1737 min=703 max=2041 hex=060E 063B 06C9 052D 0483",0,0,0,,0,,,None,Unavailable,NoWallUnderCrosshair,,,,"only 0 valid depth samples under crosshair (0 no-data, 1 out-of-range, 440 low-confidence)",0,,,None,Unavailable,NoWallInView,,,,-0.037659198,1.17872286,-0.14599812,0.13109003,-0.101425491,0.00303605222,0.9861638,0,0,0,0,0,0,284788.45781395404,284788.45781395404,0.040360000013606623
25.036834574878366,ac3ae122,SessionTracking,Tracking,30.0649166,29.8284073,1,0.030457499000476673,0.544305563,3.63694453,1,160x90 DepthUint16,"centre=2527 min=408 max=30637 hex=0E47 079C 09DF 0000 5BFF","centre=1743 min=704 max=2038 hex=05FA 062B 06CF 0534 0491",0,0,0,,0,,,None,Unavailable,NoWallUnderCrosshair,,,,"only 0 valid depth samples under crosshair (0 no-data, 2 out-of-range, 439 low-confidence)",0,,,None,Unavailable,NoWallInView,,,,-0.0380062722,1.17885542,-0.146029741,0.131034881,-0.102830879,0.00299021625,0.986025751,0,0,0,0,0,0,284788.491141037,284788.491141037,0.030387499020434916
25.066552752853521,ac3ae122,SessionTracking,Tracking,30.0652237,29.8284073,1,0.029226249986095354,0.541944444,3.59520841,1,160x90 DepthUint16,"centre=2714 min=407 max=30619 hex=0C11 07C6 0A9A 20F6 5BE0","centre=1744 min=768 max=2046 hex=060F 063E 06D0 0543 04CC",0,0,0,,0,,,None,Unavailable,NoWallUnderCrosshair,,,,"only 0 valid depth samples under crosshair (0 no-data, 1 out-of-range, 440 low-confidence)",0,,,None,Unavailable,NoWallInView,,,,-0.03753869,1.18210757,-0.148022741,0.131667331,-0.104674317,0.00275886059,0.9857482,0,0,0,0,0,0,284788.524463745,284788.524463745,0.029181666992371902
25.098059418864931,ac3ae122,SessionTracking,Tracking,30.0656414,29.8284073,1,0.030914478993508965,0.54020834,3.53666663,1,160x90 DepthUint16,"centre=2652 min=407 max=30600 hex=0C12 07DD 0A5C 20F5 5BED","centre=1743 min=754 max=2043 hex=0617 0643 06CF 0558 04C3",0,0,0,,0,,,None,Unavailable,NoWallUnderCrosshair,,,,"only 0 valid depth samples under crosshair (0 no-data, 1 out-of-range, 440 low-confidence)",0,,,None,Unavailable,NoWallInView,,,,-0.0379791968,1.18228793,-0.148078889,0.1313826,-0.105576806,0.0028181076,0.9856897,0,0,0,0,0,0,284788.557790828,284788.557790828,0.030860364000545815
25.137472335852134,ac3ae122,SessionTracking,Tracking,30.0664024,29.8284073,1,0.0388617189892102,0.540972233,3.57430553,1,160x90 DepthUint16,"centre=2938 min=406 max=30587 hex=0C12 080D 0B7A 20F5 4FE4","centre=1741 min=734 max=2041 hex=062D 0652 06CD 0555 04BB",0,0,0,,0,,,None,Unavailable,NoWallUnderCrosshair,,,,"only 0 valid depth samples under crosshair (0 no-data, 2 out-of-range, 439 low-confidence)",0,,,None,Unavailable,NoWallInView,,,,-0.0382317454,1.18249726,-0.1479778,0.131344765,-0.107205018,0.00273048878,0.9855193,0,0,0,0,0,0,284788.59111791104,284788.59111791104,0.038802082999609411
25.168002752870006,ac3ae122,SessionTracking,Tracking,30.0662518,29.8284073,1,0.029767136002192274,0.537291646,3.44215274,1,160x90 DepthUint16,"centre=3220 min=405 max=30547 hex=0A99 0850 0C94 255C 4FE0","centre=1731 min=744 max=2035 hex=0623 0648 06C3 0562 04BF",0,0,0,,0,,,None,Unavailable,NoWallUnderCrosshair,,,,"only 0 valid depth samples under crosshair (0 no-data, 1 out-of-range, 440 low-confidence)",0,,,None,Unavailable,NoWallInView,,,,-0.0392409451,1.18320143,-0.147860065,0.131089672,-0.109562173,0.00275948644,0.985293865,0,0,0,0,0,0,284788.62426837604,284788.62426837604,0.029702239990001544
25.199214522864121,ac3ae122,SessionTracking,Tracking,30.0684528,30.1999817,1,0.030653177003841847,0.536180556,3.49409723,1,160x90 DepthUint16,"centre=3007 min=405 max=30520 hex=0D54 087A 0BBF 2D82 4356","centre=1730 min=750 max=2034 hex=0632 0654 06C2 0553 04D1",0,0,0,,0,,,None,Unavailable,NoWallUnderCrosshair,,,,"only 0 valid depth samples under crosshair (0 no-data, 2 out-of-range, 439 low-confidence)",0,,,None,Unavailable,NoWallInView,,,,-0.0394532233,1.18346059,-0.147867739,0.130559787,-0.111421689,0.00272163749,0.9851558,0,0,0,0,0,0,284788.657595459,284788.657595459,0.03060624998761341
25.236926293865462,ac3ae122,SessionTracking,Tracking,30.0669136,30.1999817,1,0.037197030993411317,0.5335417,3.43361115,1,160x90 DepthUint16,"centre=3007 min=405 max=30493 hex=0BAC 08A8 0BBF 2FA0 4350","centre=1741 min=753 max=2026 hex=0621 0647 06CD 0550 04D8",0,0,0,,0,,,None,Unavailable,NoWallUnderCrosshair,,,,"only 0 valid depth samples under crosshair (0 no-data, 3 out-of-range, 438 low-confidence)",0,,,None,Unavailable,NoWallInView,,,,-0.0396201834,1.18374014,-0.147861362,0.130195633,-0.113193758,0.00240397477,0.9850028,0,0,0,0,0,0,284788.690922542,284788.690922542,0.037152864009840414
25.267790772856596,ac3ae122,SessionTracking,Tracking,30.0670185,30.1999817,1,0.030279269994935021,0.533055544,3.44868064,1,160x90 DepthUint16,"centre=3074 min=404 max=30464 hex=0BAD 08C1 0C02 31DF 434A","centre=1723 min=763 max=2030 hex=0633 0656 06BB 0570 04D0",0,0,0,,0,,,None,Unavailable,NoWallUnderCrosshair,,,,"only 0 valid depth samples under crosshair (0 no-data, 2 out-of-range, 439 low-confidence)",0,,,None,Unavailable,NoWallInView,,,,-0.0396212041,1.184286,-0.147638321,0.129822627,-0.11512512,0.00192391884,0.984829247,0,0,0,0,0,0,284788.724255005,284788.724255005,0.030227604001993313
25.300439835867063,ac3ae122,SessionTracking,Tracking,30.0671272,30.1999817,1,0.032056041993200779,0.530972242,3.42118049,1,160x90 DepthUint16,"centre=3077 min=403 max=30451 hex=09D0 08DF 0C05 37AE 4D7E","centre=1742 min=765 max=2016 hex=0618 0641 06CE 0566 04C6",0,0,0,,0,,,None,Unavailable,NoWallUnderCrosshair,,,,"only 0 valid depth samples under crosshair (0 no-data, 4 out-of-range, 437 low-confidence)",0,,,None,Unavailable,NoWallInView,,,,-0.0397039466,1.18450165,-0.14772737,0.129141331,-0.117099561,0.00150704384,0.984686732,0,0,0,0,0,0,284788.757582088,284788.757582088,0.031982655986212194
25.332550043872242,ac3ae122,SessionTracking,Tracking,30.0673752,30.1999817,1,0.0314890620065853,0.53,3.41034722,1,160x90 DepthUint16,"centre=3093 min=403 max=30398 hex=09D2 08EF 0C15 3FCA 5CFF","centre=1754 min=765 max=2021 hex=061F 0649 06DA 0570 04C3",0,0,0,,0,,,None,Unavailable,NoWallUnderCrosshair,,,,"only 0 valid depth samples under crosshair (0 no-data, 1 out-of-range, 440 low-confidence)",0,,,None,Unavailable,NoWallInView,,,,-0.03999622,1.18465769,-0.147911966,0.128420159,-0.118101045,0.00149923563,0.98466146,0,0,0,0,0,0,284788.79090917105,284788.79090917105,0.031426405999809504
25.366939262857112,ac3ae122,SessionTracking,Tracking,30.0671539,30.1999817,1,0.033750417002011091,0.52875,3.42083335,1,160x90 DepthUint16,"centre=1816 min=403 max=30379 hex=09D3 08F9 0718 4D30 5CF7","centre=1747 min=765 max=2008 hex=060C 0638 06D3 057A 04C2",0,0,0,,0,,,None,Unavailable,NoWallUnderCrosshair,,,,"only 0 valid depth samples under crosshair (0 no-data, 1 out-of-range, 440 low-confidence)",0,,,None,Unavailable,NoWallInView,,,,-0.03946045,1.184831,-0.148210824,0.128444478,-0.119139731,0.00163513434,0.9845329,0,0,0,0,0,0,284788.824235783,284788.824235783,0.033696614991640672
25.400893220873467,ac3ae122,SessionTracking,Tracking,30.0673828,30.1999817,1,0.03336666600080207,0.529166639,3.40784717,1,160x90 DepthUint16,"centre=2022 min=403 max=30364 hex=08AF 0906 07E6 4D52 5CDA","centre=1735 min=763 max=2001 hex=060E 0637 06C7 0592 04B8",0,0,0,,0,,,None,Unavailable,NoWallUnderCrosshair,,,,"only 0 valid depth samples under crosshair (0 no-data, 1 out-of-range, 440 low-confidence)",0,,,None,Unavailable,NoWallInView,,,,-0.0398164876,1.18472755,-0.148066729,0.128602639,-0.120297462,0.00214090967,0.9843705,0,0,0,0,0,0,284788.857562866,284788.857562866,0.033313124993583187
25.43121993986183,ac3ae122,SessionTracking,Tracking,30.06741,30.1999817,1,0.029525677004130557,0.5272222,3.39361119,1,160x90 DepthUint16,"centre=2273 min=403 max=30364 hex=06B4 090F 08E1 4C9D 49E9","centre=1731 min=755 max=2001 hex=060C 0637 06C3 058F 04B0",0,0,0,,0,,,None,Unavailable,NoWallUnderCrosshair,,,,"only 0 valid depth samples under crosshair (0 no-data, 2 out-of-range, 439 low-confidence)",0,,,None,Unavailable,NoWallInView,,,,-0.04025816,1.18472791,-0.1480375,0.128901869,-0.1210249,0.00257501029,0.9842412,0,0,0,0,0,0,284788.890889949,284788.890889949,0.029463801998645067
25.466876710873247,ac3ae122,SessionTracking,Tracking,30.0684528,30.1999817,1,0.035208073008107021,0.5277778,3.355625,1,160x90 DepthUint16,"centre=2362 min=403 max=30350 hex=08AE 091B 093A 4D06 49EB","centre=1820 min=819 max=2038 hex=0616 0648 071C 0626 04C3",0,0,0,,0,,,None,Unavailable,NoWallUnderCrosshair,,,,"only 0 valid depth samples under crosshair (0 no-data, 1 out-of-range, 440 low-confidence)",0,,,None,Unavailable,NoWallInView,,,,-0.039408166,1.18635738,-0.1488556,0.129001945,-0.122541837,0.00257921242,0.9840403,0,0,0,0,0,0,284788.92418681504,284788.92418681504,0.035165729001164436
25.498690616855082,ac3ae122,SessionTracking,Tracking,30.0722332,30.1999817,1,0.031234583002515137,0.526944458,3.352986,1,160x90 DepthUint16,"centre=2564 min=402 max=30315 hex=06B1 0927 0A04 503E 49EB","centre=1806 min=820 max=2027 hex=060F 063E 070E 0628 04C3",0,0,0,,0,,,None,Unavailable,NoWallUnderCrosshair,,,,"only 0 valid depth samples under crosshair (0 no-data, 1 out-of-range, 440 low-confidence)",0,,,None,Unavailable,NoWallInView,,,,-0.03944409,1.18641877,-0.148869365,0.1289388,-0.124550819,0.002512932,0.983796537,0,0,0,0,0,0,284788.957513898,284788.957513898,0.031190259993309155
25.531754678863717,ac3ae122,SessionTracking,Tracking,30.06908,30.1999817,1,0.032462447008583695,0.525347233,3.33041668,1,160x90 DepthUint16,"centre=2719 min=402 max=30292 hex=06B1 0935 0A9F 530C 4A96","centre=1814 min=825 max=2033 hex=05FA 062F 0716 062D 04BA",0,0,0,,0,,,None,Unavailable,NoWallUnderCrosshair,,,,"only 0 valid depth samples under crosshair (0 no-data, 2 out-of-range, 439 low-confidence)",0,,,None,Unavailable,NoWallInView,,,,-0.03947788,1.18648887,-0.1489217,0.1289052,-0.126456589,0.002448231,0.98355794,0,0,0,0,0,0,284788.990840981,284788.990840981,0.032414165994850919
25.57139999185797,ac3ae122,SessionTracking,Tracking,30.0691833,30.1999817,1,0.039015521004330367,0.52458334,3.30625,1,160x90 DepthUint16,"centre=1813 min=401 max=30268 hex=05A9 093B 0715 542C 4A97","centre=1798 min=820 max=2017 hex=05EA 0621 0706 0622 048D",0,0,0,,0,,,None,Unavailable,NoWallUnderCrosshair,,,,"only 0 valid depth samples under crosshair (0 no-data, 1 out-of-range, 440 low-confidence)",0,,,None,Unavailable,NoWallInView,,,,-0.0398535021,1.18701828,-0.1487182,0.128944352,-0.128234282,0.00241345167,0.98332274,0,0,0,0,0,0,284789.024239576,284789.024239576,0.038966457999777049
25.601260095855604,ac3ae122,SessionTracking,Tracking,30.06908,30.1999817,1,0.029161405982449651,0.5235417,3.26416659,1,160x90 DepthUint16,"centre=1813 min=401 max=30283 hex=05A8 0941 0715 544E 4A9A","centre=1806 min=815 max=2020 hex=05E2 061D 070E 061D 0483",0,0,0,,0,,,None,Unavailable,NoWallUnderCrosshair,,,,"only 0 valid depth samples under crosshair (0 no-data, 1 out-of-range, 440 low-confidence)",0,,,None,Unavailable,NoWallInView,,,,-0.04012121,1.18708634,-0.148843065,0.129064441,-0.1292671,0.0024317503,0.9831717,0,0,0,0,0,0,284789.057566659,284789.057566659,0.029063280991977081
25.632942283867077,ac3ae122,SessionTracking,Tracking,30.0676727,30.1999817,1,0.031168802001047879,0.522847235,3.27944446,1,160x90 DepthUint16,"centre=1813 min=401 max=30249 hex=05A8 0949 0715 5448 4AA0","centre=1805 min=807 max=2013 hex=05F7 062E 070D 062B 047F",0,0,0,,0,,,None,Unavailable,NoWallUnderCrosshair,,,,"only 0 valid depth samples under crosshair (0 no-data, 1 out-of-range, 440 low-confidence)",0,,,None,Unavailable,NoWallInView,,,,-0.0403558239,1.18712032,-0.148921788,0.129348636,-0.130559355,0.00234520435,0.9829638,0,0,0,0,0,0,284789.09089374205,284789.09089374205,0.031118854996748269
25.665457960879348,ac3ae122,SessionTracking,Tracking,30.0662441,30.1999817,1,0.032022292027249932,0.5222222,3.14451385,1,160x90 DepthUint16,"centre=1814 min=401 max=30242 hex=05A0 0954 0716 543F 5F2E","centre=1798 min=809 max=2001 hex=05FC 0630 0706 0630 048F",0,0,0,,0,,,None,Unavailable,NoWallUnderCrosshair,,,,"only 0 valid depth samples under crosshair (0 no-data, 2 out-of-range, 439 low-confidence)",0,,,None,Unavailable,NoWallInView,,,,-0.0403156653,1.18746078,-0.1493288,0.129799113,-0.131785169,0.00239014649,0.982740641,0,0,0,0,0,0,284789.124221711,284789.124221711,0.031972865021089092
25.700576918860815,ac3ae122,SessionTracking,Tracking,30.0642128,30.1999817,1,0.034523020993219689,0.52458334,3.20375,1,160x90 DepthUint16,"centre=1672 min=401 max=30243 hex=0595 095C 0688 543E 5F00","centre=1795 min=815 max=1995 hex=0606 0638 0703 0620 0497",0,0,0,,0,,,None,Unavailable,NoWallUnderCrosshair,,,,"only 0 valid depth samples under crosshair (0 no-data, 5 out-of-range, 436 low-confidence)",0,,,None,Unavailable,NoWallInView,,,,-0.0407563038,1.18747807,-0.1495055,0.13012664,-0.132327452,0.002842128,0.9826232,0,0,0,0,0,0,284789.157548794,284789.157548794,0.034455936984159052
25.731948741878067,ac3ae122,SessionTracking,Tracking,30.0643482,30.1999817,1,0.030831563024548814,0.522430539,3.18486118,1,160x90 DepthUint16,"centre=1672 min=401 max=30286 hex=057D 0964 0688 3AE9 5ECD","centre=1783 min=825 max=1994 hex=0605 0637 06F7 061A 0492",0,0,0,,0,,,None,Unavailable,NoWallUnderCrosshair,,,,"only 0 valid depth samples under crosshair (0 no-data, 1 out-of-range, 440 low-confidence)",0,,,None,Unavailable,NoWallInView,,,,-0.0411188826,1.18747354,-0.149539009,0.130641967,-0.133474052,0.00319245481,0.9823987,0,0,0,0,0,0,284789.19087587704,284789.19087587704,0.030787292023887858
25.7665685858728,ac3ae122,SessionTracking,Tracking,30.0640717,30.1999817,1,0.034102344012353569,0.52118057,3.109236,1,160x90 DepthUint16,"centre=1672 min=401 max=30263 hex=0565 0973 0688 3AED 5D51","centre=1807 min=827 max=2010 hex=05F6 062F 070F 0627 0487",0,0,0,,0,,,None,Unavailable,NoWallUnderCrosshair,,,,"only 0 valid depth samples under crosshair (0 no-data, 2 out-of-range, 439 low-confidence)",0,,,None,Unavailable,NoWallInView,,,,-0.0412602052,1.18794024,-0.149879768,0.131156251,-0.135160372,0.00323864818,0.9820994,0,0,0,0,0,0,284789.224189647,284789.224189647,0.034050573012791574
25.804218012860428,ac3ae122,SessionTracking,Tracking,30.0608139,30.1999817,1,0.037002188008045778,0.5236111,3.0581944,1,160x90 DepthUint16,"centre=1759 min=401 max=30276 hex=0537 0986 06DF 3AF1 4A58","centre=1795 min=833 max=1988 hex=05EB 0626 0703 061B 0481",0,0,0,,0,,,None,Unavailable,NoWallUnderCrosshair,,,,"only 0 valid depth samples under crosshair (0 no-data, 1 out-of-range, 440 low-confidence)",0,,,None,Unavailable,NoWallInView,,,,-0.04143212,1.18804753,-0.149838388,0.131676346,-0.136830837,0.00327923917,0.981798351,0,0,0,0,0,0,284789.257184636,284789.257184636,0.036938125005690381
25.835050980872392,ac3ae122,SessionTracking,Tracking,30.0634327,30.1999817,1,0.030121510004391894,0.52118057,3.00590277,1,160x90 DepthUint16,"centre=1908 min=401 max=30298 hex=04FF 0999 0774 3579 47E0","centre=1781 min=833 max=1967 hex=0604 0638 06F5 0628 047A",0,0,0,,0,,,None,Unavailable,NoWallUnderCrosshair,,,,"only 0 valid depth samples under crosshair (0 no-data, 1 out-of-range, 440 low-confidence)",0,,,None,Unavailable,NoWallInView,,,,-0.0416034125,1.188149,-0.149761811,0.132336065,-0.1384043,0.00313276052,0.9814895,0,0,0,0,0,0,284789.290511719,284789.290511719,0.030066197010455653
25.866606033864581,ac3ae122,SessionTracking,Tracking,30.06352,30.1999817,1,0.031056562991579995,0.521875,2.9800694,1,160x90 DepthUint16,"centre=1975 min=401 max=30273 hex=0505 09C4 07B7 3572 47EC","centre=1825 min=849 max=1968 hex=0613 0646 0721 0699 0477",0,0,0,,0,,,None,Unavailable,NoWallUnderCrosshair,,,,"only 0 valid depth samples under crosshair (0 no-data, 2 out-of-range, 439 low-confidence)",0,,,None,Unavailable,NoWallInView,,,,-0.04069443,1.1897887,-0.151493818,0.132974222,-0.140637711,0.00285047339,0.981086552,0,0,0,0,0,0,284789.32380832604,284789.32380832604,0.031010885984869674
25.898483324875041,ac3ae122,SessionTracking,Tracking,30.0625744,30.1999817,1,0.0313170830195304,0.5204861,2.9574306,1,160x90 DepthUint16,"centre=1817 min=401 max=30282 hex=04FE 09D1 0719 3568 47F6","centre=1807 min=852 max=1958 hex=05E8 0622 070F 069B 046F",0,0,0,,0,,,None,Unavailable,NoWallUnderCrosshair,,,,"only 0 valid depth samples under crosshair (0 no-data, 3 out-of-range, 438 low-confidence)",0,,,None,Unavailable,NoWallInView,,,,-0.04123415,1.18984532,-0.15156284,0.133455157,-0.140938938,0.003457129,0.980976045,0,0,0,0,0,0,284789.357135409,284789.357135409,0.031266094010788947
25.933760928854962,ac3ae122,SessionTracking,Tracking,30.0619278,30.1999817,1,0.034655259980354458,0.5207639,3.00958323,1,160x90 DepthUint16,"centre=1816 min=401 max=30222 hex=04F1 09E0 0718 354A 4804","centre=1808 min=858 max=1965 hex=05EA 0624 0710 0694 0487",0,0,0,,0,,,None,Unavailable,NoWallUnderCrosshair,,,,"only 0 valid depth samples under crosshair (0 no-data, 1 out-of-range, 440 low-confidence)",0,,,None,Unavailable,NoWallInView,,,,-0.04169286,1.1898396,-0.151495039,0.134250954,-0.141339585,0.003904909,0.980808139,0,0,0,0,0,0,284789.390462492,284789.390462492,0.034603540989337489
25.9668668148724,ac3ae122,SessionTracking,Tracking,30.0616589,30.1999817,1,0.032556459016632289,0.521527767,2.96277785,1,160x90 DepthUint16,"centre=1829 min=402 max=30319 hex=04E0 0A0A 0725 34CD 35A5","centre=1800 min=854 max=1947 hex=05EF 0624 0708 066A 0488",0,0,0,,0,,,None,Unavailable,NoWallUnderCrosshair,,,,"only 0 valid depth samples under crosshair (0 no-data, 3 out-of-range, 438 low-confidence)",0,,,None,Unavailable,NoWallInView,,,,-0.04157822,1.18998623,-0.15212068,0.135003373,-0.142915145,0.00364404917,0.9804775,0,0,0,0,0,0,284789.42375605804,284789.42375605804,0.032507447991520166
25.997720928854459,ac3ae122,SessionTracking,Tracking,30.0618038,30.1999817,1,0.03032604098552838,0.5210417,2.939375,1,160x90 DepthUint16,"centre=1834 min=401 max=30294 hex=04CB 0A4B 072A 34CB 34FA","centre=1798 min=854 max=1936 hex=05E5 061C 0706 067B 0476",0,0,0,,0,,,None,Unavailable,NoWallUnderCrosshair,,,,"only 0 valid depth samples under crosshair (0 no-data, 2 out-of-range, 439 low-confidence)",0,,,None,Unavailable,NoWallInView,,,,-0.041450955,1.18972147,-0.151865751,0.135718882,-0.145126641,0.00298419641,0.980056047,0,0,0,0,0,0,284789.457083141,284789.457083141,0.030280832987045869
26.034270512863213,ac3ae122,SessionTracking,Tracking,30.0613174,30.1999817,1,0.035942499991506338,0.519583344,2.81868052,1,160x90 DepthUint16,"centre=1847 min=400 max=30315 hex=04B9 0A9E 0737 3592 4CC1","centre=1793 min=863 max=1925 hex=05DD 0613 0701 0691 0475",0,0,0,,0,,,None,Unavailable,NoWallUnderCrosshair,,,,"only 0 valid depth samples under crosshair (0 no-data, 1 out-of-range, 440 low-confidence)",0,,,None,Unavailable,NoWallInView,,,,-0.0412694551,1.18950546,-0.151680842,0.136328176,-0.147352949,0.0024685862,0.9796406,0,0,0,0,0,0,284789.490410224,284789.490410224,0.035900104994652793
26.065890512857504,ac3ae122,SessionTracking,Tracking,30.0613041,30.1999817,1,0.030896666983608156,0.5182639,2.79284716,1,160x90 DepthUint16,"centre=1859 min=400 max=30285 hex=04B7 0ADD 0743 3594 4D4D","centre=1791 min=853 max=1921 hex=05DF 0612 06FF 0698 0469",0,0,0,,0,,,None,Unavailable,NoWallUnderCrosshair,,,,"only 0 valid depth samples under crosshair (0 no-data, 2 out-of-range, 439 low-confidence)",0,,,None,Unavailable,NoWallInView,,,,-0.040854115,1.18956673,-0.151770249,0.1368639,-0.148878708,0.00216415524,0.9793359,0,0,0,0,0,0,284789.5236968,284789.5236968,0.030820572981610894
26.098862178877379,ac3ae122,SessionTracking,Tracking,30.0600357,30.1999817,1,0.032384010002715513,0.51784724,2.77979159,1,160x90 DepthUint16,"centre=1871 min=400 max=30292 hex=04B5 0B00 074F 3595 4978","centre=1800 min=847 max=1925 hex=05EC 061F 0708 069A 0470",0,0,0,,0,,,None,Unavailable,NoWallUnderCrosshair,,,,"only 0 valid depth samples under crosshair (0 no-data, 2 out-of-range, 439 low-confidence)",0,,,None,Unavailable,NoWallInView,,,,-0.040949218,1.18945861,-0.151726708,0.1373042,-0.1498184,0.00202524662,0.9791312,0,0,0,0,0,0,284789.55702388304,284789.55702388304,0.031135416007600725
26.133973637878579,ac3ae122,SessionTracking,Tracking,30.0621433,30.1999817,1,0.034479688009014353,0.5182639,2.81118059,1,160x90 DepthUint16,"centre=1872 min=400 max=30296 hex=04B4 0AF9 0750 3595 497C","centre=1810 min=851 max=1952 hex=05EB 0621 0712 06A3 046F",0,0,0,,0,,,None,Unavailable,NoWallUnderCrosshair,,,,"only 0 valid depth samples under crosshair (0 no-data, 2 out-of-range, 439 low-confidence)",0,,,None,Unavailable,NoWallInView,,,,-0.04121782,1.18946409,-0.151845023,0.137549937,-0.14964661,0.00211134576,0.9791228,0,0,0,0,0,0,284789.590350966,284789.590350966,0.034400886012008414
26.165625772867269,ac3ae122,SessionTracking,Tracking,30.0626945,30.1999817,1,0.031092396005988121,0.51784724,2.79569435,1,160x90 DepthUint16,"centre=1871 min=400 max=30295 hex=04B5 0AFD 074F 3596 497B","centre=1807 min=855 max=1941 hex=05EB 061F 070F 06A4 0471",0,0,0,,0,,,None,Unavailable,NoWallUnderCrosshair,,,,"only 0 valid depth samples under crosshair (0 no-data, 2 out-of-range, 439 low-confidence)",0,,,None,Unavailable,NoWallInView,,,,-0.0407555662,1.18984938,-0.151869655,0.137485653,-0.149750143,0.00198981166,0.9791163,0,0,0,0,0,0,284789.62375931104,284789.62375931104,0.031045884999912232
26.199291449875954,ac3ae122,SessionTracking,Tracking,30.0633354,29.9976921,1,0.03303296901867725,0.517083347,2.803125,1,160x90 DepthUint16,"centre=1874 min=400 max=30296 hex=04B4 0B0D 0752 3596 497B","centre=1805 min=849 max=1939 hex=05E7 061C 070D 06A2 0481",0,0,0,,0,,,None,Unavailable,NoWallUnderCrosshair,,,,"only 0 valid depth samples under crosshair (0 no-data, 1 out-of-range, 440 low-confidence)",0,,,None,Unavailable,NoWallInView,,,,-0.04076314,1.189861,-0.1519444,0.1374588,-0.150082052,0.00204601884,0.9790691,0,0,0,0,0,0,284789.657086394,284789.657086394,0.032959948002826422
26.234302959862315,ac3ae122,SessionTracking,Tracking,30.0632973,29.9976921,1,0.03450734299258329,0.5197222,2.82152772,1,160x90 DepthUint16,"centre=1879 min=400 max=30297 hex=04B2 0B33 0757 3593 4979","centre=1812 min=847 max=1950 hex=05E8 061C 0714 06A4 048B",0,0,0,,0,,,None,Unavailable,NoWallUnderCrosshair,,,,"only 0 valid depth samples under crosshair (0 no-data, 1 out-of-range, 440 low-confidence)",0,,,None,Unavailable,NoWallInView,,,,-0.0406464152,1.189818,-0.152021319,0.137298554,-0.150875241,0.00191363716,0.978969932,0,0,0,0,0,0,284789.690413477,284789.690413477,0.034461978997569531
26.266434887852437,ac3ae122,SessionTracking,Tracking,30.06317,29.9976921,1,0.031529635976767167,0.5171528,2.78965282,1,160x90 DepthUint16,"centre=1912 min=399 max=30312 hex=04AC 0B8E 0778 356A 497B","centre=1808 min=853 max=1955 hex=05E5 0618 0710 06A4 0492",0,0,0,,0,,,None,Unavailable,NoWallUnderCrosshair,,,,"only 0 valid depth samples under crosshair (0 no-data, 1 out-of-range, 440 low-confidence)",0,,,None,Unavailable,NoWallInView,,,,-0.0410642177,1.18985653,-0.15193,0.137430191,-0.1522485,0.001817584,0.978739,0,0,0,0,0,0,284789.72354322,284789.72354322,0.031477343989536166
26.299490616852335,ac3ae122,SessionTracking,Tracking,30.0628033,29.9976921,1,0.032462395989568904,0.5158333,2.69715285,1,160x90 DepthUint16,"centre=1929 min=399 max=30261 hex=04AE 0BCA 0789 3561 4E85","centre=1801 min=858 max=1951 hex=05D8 060E 0709 06B0 0489",0,0,0,,0,,,None,Unavailable,NoWallUnderCrosshair,,,,"only 0 valid depth samples under crosshair (0 no-data, 2 out-of-range, 439 low-confidence)",0,,,None,Unavailable,NoWallInView,,,,-0.04094591,1.18987048,-0.152095914,0.137108043,-0.153457955,0.00186884415,0.9785952,0,0,0,0,0,0,284789.756870303,284789.756870303,0.03241093797259964
26.335853012852521,ac3ae122,SessionTracking,Tracking,30.063406,29.9976921,1,0.035786562977591529,0.5159722,2.72125,1,160x90 DepthUint16,"centre=1954 min=399 max=30259 hex=04AF 0BFC 07A2 355D 42BF","centre=1801 min=859 max=1945 hex=05CE 0606 0709 06A9 045E",0,0,0,,0,,,None,Unavailable,NoWallUnderCrosshair,,,,"only 0 valid depth samples under crosshair (0 no-data, 1 out-of-range, 440 low-confidence)",0,,,None,Unavailable,NoWallInView,,,,-0.0407860279,1.18988407,-0.152232692,0.1368293,-0.154692367,0.00189733529,0.9784398,0,0,0,0,0,0,284789.790197386,284789.790197386,0.035735312994802371
26.367142126858152,ac3ae122,SessionTracking,Tracking,30.0640011,29.9976921,1,0.030755416984902695,0.5140278,2.625764,1,160x90 DepthUint16,"centre=1991 min=398 max=30267 hex=0000 0C52 07C7 34F9 4F3F","centre=1804 min=866 max=1946 hex=05CE 0605 070C 06BC 045D",0,0,0,,0,,,None,Unavailable,NoWallUnderCrosshair,,,,"only 0 valid depth samples under crosshair (4 no-data, 1 out-of-range, 436 low-confidence)",0,,,None,Unavailable,NoWallInView,,,,-0.0408775248,1.190058,-0.152004674,0.13668485,-0.156326935,0.00169730186,0.978200555,0,0,0,0,0,0,284789.82357675,284789.82357675,0.030710260005434975
26.399584522870054,ac3ae122,SessionTracking,Tracking,30.0649872,29.9976921,1,0.031901615002425388,0.5127083,2.65541673,1,160x90 DepthUint16,"centre=1999 min=398 max=30220 hex=0000 0C87 07CF 349A 4FD5","centre=1798 min=864 max=1937 hex=05D0 0605 0706 06AD 0455",0,0,0,,0,,,None,Unavailable,NoWallUnderCrosshair,,,,"only 0 valid depth samples under crosshair (4 no-data, 1 out-of-range, 436 low-confidence)",0,,,None,Unavailable,NoWallInView,,,,-0.040697664,1.19005513,-0.152073532,0.13634102,-0.1576363,0.00149014569,0.978038669,0,0,0,0,0,0,284789.85690383305,284789.85690383305,0.031832187989493832
26.437151657874846,ac3ae122,SessionTracking,Tracking,30.0638962,29.9976921,1,0.0369214579986874,0.5138889,2.66395831,1,160x90 DepthUint16,"centre=2019 min=398 max=30219 hex=0000 0C97 07E3 3448 5086","centre=1802 min=846 max=1948 hex=05D6 060B 070A 06AD 0469",0,0,0,,0,,,None,Unavailable,NoWallUnderCrosshair,,,,"only 0 valid depth samples under crosshair (4 no-data, 1 out-of-range, 436 low-confidence)",0,,,None,Unavailable,NoWallInView,,,,-0.0405680463,1.19010651,-0.152149335,0.136206672,-0.158738568,0.00117254269,0.9778796,0,0,0,0,0,0,284789.89023091603,284789.89023091603,0.036828073003562167
26.469294991859851,ac3ae122,SessionTracking,Tracking,30.06427,29.9976921,1,0.0315010939957574,0.5115972,2.589028,1,160x90 DepthUint16,"centre=2068 min=397 max=30225 hex=0000 0CB4 0814 33CF 50F2","centre=1800 min=848 max=1949 hex=05C5 05FE 0708 06A0 044D",0,0,0,,0,,,None,Unavailable,NoWallUnderCrosshair,,,,"only 0 valid depth samples under crosshair (9 no-data, 0 out-of-range, 432 low-confidence)",0,,,None,Unavailable,NoWallInView,,,,-0.04059876,1.19036973,-0.151715875,0.136078715,-0.16031161,0.000905484,0.977641046,0,0,0,0,0,0,284789.923589396,284789.923589396,0.031447447981918231
26.49984191886956,ac3ae122,SessionTracking,Tracking,30.0641155,29.9976921,1,0.029876198008423671,0.5096528,2.57638884,1,160x90 DepthUint16,"centre=2093 min=396 max=30229 hex=0000 0CCE 082D 33B2 5153","centre=1797 min=850 max=1960 hex=05C9 0603 0705 069D 0440",0,0,0,,0,,,None,Unavailable,NoWallUnderCrosshair,,,,"only 0 valid depth samples under crosshair (11 no-data, 0 out-of-range, 430 low-confidence)",0,,,None,Unavailable,NoWallInView,,,,-0.0406233,1.19044733,-0.1519057,0.135731131,-0.161279917,0.00112667691,0.9775299,0,0,0,0,0,0,284789.95691647904,284789.95691647904,0.029804271005559713
26.53146322085281,ac3ae122,SessionTracking,Tracking,30.0639038,29.9976921,1,0.031078853993676603,0.51,2.595,1,160x90 DepthUint16,"centre=2094 min=396 max=30175 hex=0000 0CD5 082E 339B 51C2","centre=1806 min=858 max=1967 hex=05C9 0606 070E 069F 0446",0,0,0,,0,,,None,Unavailable,NoWallUnderCrosshair,,,,"only 0 valid depth samples under crosshair (12 no-data, 0 out-of-range, 429 low-confidence)",0,,,None,Unavailable,NoWallInView,,,,-0.0406936035,1.19052553,-0.152088016,0.135501057,-0.162177354,0.00137764227,0.977413,0,0,0,0,0,0,284789.99024356203,284789.99024356203,0.031031041988171637
26.567387855865444,ac3ae122,SessionTracking,Tracking,30.0659618,29.9976921,1,0.035422760003712028,0.51,2.60618067,1,160x90 DepthUint16,"centre=2091 min=396 max=30088 hex=0000 0CD6 082B 3389 524A","centre=1798 min=856 max=1954 hex=05C2 0601 0706 069D 044A",0,0,0,,0,,,None,Unavailable,NoWallUnderCrosshair,,,,"only 0 valid depth samples under crosshair (12 no-data, 0 out-of-range, 429 low-confidence)",0,,,None,Unavailable,NoWallInView,,,,-0.0404818431,1.19099569,-0.151836008,0.135362282,-0.162817135,0.00145709526,0.9773257,0,0,0,0,0,0,284790.023550942,284790.023550942,0.035377603984670714
26.59906301186761,ac3ae122,SessionTracking,Tracking,30.0638676,29.9976921,1,0.030838384991511703,0.508402765,2.617014,1,160x90 DepthUint16,"centre=2086 min=396 max=29997 hex=0000 0CDD 0826 335B 4A8B","centre=1786 min=849 max=1943 hex=05C1 05FE 06FA 06B5 0450",0,0,0,,0,,,None,Unavailable,NoWallUnderCrosshair,,,,"only 0 valid depth samples under crosshair (15 no-data, 0 out-of-range, 426 low-confidence)",0,,,None,Unavailable,NoWallInView,,,,-0.0402294844,1.19092023,-0.1518822,0.135051519,-0.164556026,0.001122445,0.9770779,0,0,0,0,0,0,284790.056878025,284790.056878025,0.030789999989792705
26.631149209852946,ac3ae122,SessionTracking,Tracking,30.0652161,29.9976921,1,0.031505832972470671,0.5076389,2.548125,1,160x90 DepthUint16,"centre=2083 min=395 max=30094 hex=0000 0CE8 0823 330F 0A6B","centre=1800 min=844 max=1966 hex=05D2 060C 0708 06A7 0436",0,0,0,,0,,,None,Unavailable,NoWallUnderCrosshair,,,,"only 0 valid depth samples under crosshair (28 no-data, 0 out-of-range, 413 low-confidence)",0,,,None,Unavailable,NoWallInView,,,,-0.0398704931,1.19079113,-0.151773334,0.135121271,-0.166976318,0.000647842942,0.976658,0,0,0,0,0,0,284790.090205108,284790.090205108,0.031444009975530207
26.669481397860135,ac3ae122,SessionTracking,Tracking,30.065321,29.9976921,1,0.03777546898345463,0.5061806,2.52069449,1,160x90 DepthUint16,"centre=2079 min=394 max=29910 hex=0000 0CE6 081F 32AB 0B0F","centre=1794 min=830 max=1952 hex=05C9 0603 0702 06B1 042F",0,0,0,,0,,,None,Unavailable,NoWallUnderCrosshair,,,,"only 0 valid depth samples under crosshair (32 no-data, 0 out-of-range, 409 low-confidence)",0,,,None,Unavailable,NoWallInView,,,,-0.0400602,1.19135261,-0.151648208,0.13531436,-0.169315234,0.00082591176,0.976228356,0,0,0,0,0,0,284790.12358198204,284790.12358198204,0.037730729003669694
26.70081311687586,ac3ae122,SessionTracking,Tracking,30.0654488,29.9976921,1,0.030747917015105486,0.5059722,2.424236,1,160x90 DepthUint16,"centre=2080 min=393 max=30065 hex=0000 0000 0820 32B6 0A40","centre=1804 min=843 max=1969 hex=05D3 060D 070C 06A5 0429",0,0,0,,0,,,None,Unavailable,NoWallUnderCrosshair,,,,"only 0 valid depth samples under crosshair (44 no-data, 0 out-of-range, 397 low-confidence)",0,,,None,Unavailable,NoWallInView,,,,-0.04023172,1.19127154,-0.151594773,0.1355062,-0.170444861,0.00154572725,0.9760043,0,0,0,0,0,0,284790.15690906503,284790.15690906503,0.030693959008203819
26.732036657855996,ac3ae122,SessionTracking,Tracking,30.0644855,29.9976921,1,0.030635051982244477,0.5061806,2.450764,1,160x90 DepthUint16,"centre=2173 min=393 max=30161 hex=0000 0000 087D 32C2 0A41","centre=1810 min=844 max=1985 hex=05CD 0609 0712 06AF 042E",0,0,0,,0,,,None,Unavailable,NoWallUnderCrosshair,,,,"only 0 valid depth samples under crosshair (44 no-data, 0 out-of-range, 397 low-confidence)",0,,,None,Unavailable,NoWallInView,,,,-0.04053521,1.19123173,-0.1516205,0.135878369,-0.170743868,0.00223714137,0.975898862,0,0,0,0,0,0,284790.190236148,284790.190236148,0.030590832990128547
26.765675407855223,ac3ae122,SessionTracking,Tracking,30.0649815,29.9976921,1,0.033122759981779382,0.5051389,2.42340279,1,160x90 DepthUint16,"centre=2066 min=393 max=30113 hex=0000 0000 0812 32EC 0A55","centre=1807 min=848 max=1972 hex=05CE 060A 070F 06A9 0430",0,0,0,,0,,,None,Unavailable,NoWallUnderCrosshair,,,,"only 0 valid depth samples under crosshair (45 no-data, 0 out-of-range, 396 low-confidence)",0,,,None,Unavailable,NoWallInView,,,,-0.04046458,1.19185519,-0.151801482,0.1361446,-0.1719384,0.002258271,0.975652,0,0,0,0,0,0,284790.223473405,284790.223473405,0.033077082975069061
26.801798376857686,ac3ae122,SessionTracking,Tracking,30.0660553,29.9976921,1,0.035458020982332528,0.503125,2.4729166,1,160x90 DepthUint16,"centre=2069 min=393 max=30113 hex=0000 0000 0815 334C 0A5F","centre=1787 min=848 max=1942 hex=05CF 0606 06FB 06A7 0430",0,0,0,,0,,,None,Unavailable,NoWallUnderCrosshair,,,,"only 0 valid depth samples under crosshair (48 no-data, 0 out-of-range, 393 low-confidence)",0,,,None,Unavailable,NoWallInView,,,,-0.04040732,1.19185388,-0.151878268,0.136060461,-0.173551664,0.00262844586,0.9753771,0,0,0,0,0,0,284790.25680048804,284790.25680048804,0.035406926996074617
26.83353868885656,ac3ae122,SessionTracking,Tracking,30.066103,29.9976921,1,0.030953540990594774,0.501041651,2.40895844,1,160x90 DepthUint16,"centre=2071 min=393 max=30117 hex=0000 0000 0817 33ED 0A67","centre=1795 min=842 max=1970 hex=05DD 0614 0703 06AB 042C",0,0,0,,0,,,None,Unavailable,NoWallUnderCrosshair,,,,"only 0 valid depth samples under crosshair (57 no-data, 0 out-of-range, 384 low-confidence)",0,,,None,Unavailable,NoWallInView,,,,-0.0404632762,1.19188619,-0.152028635,0.1360004,-0.174619675,0.00322175049,0.9751931,0,0,0,0,0,0,284790.29012757103,284790.29012757103,0.030856665980536491
26.864896397854817,ac3ae122,SessionTracking,Tracking,30.0663147,29.9976921,1,0.030849531991407275,0.499791652,2.45034719,1,160x90 DepthUint16,"centre=1956 min=392 max=30140 hex=0000 0000 07A4 35E3 0AD7","centre=1798 min=846 max=1944 hex=05CC 0605 0706 06AB 0421",0,0,0,,0,,,None,Unavailable,NoWallUnderCrosshair,,,,"only 0 valid depth samples under crosshair (62 no-data, 0 out-of-range, 379 low-confidence)",0,,,None,Unavailable,NoWallInView,,,,-0.0406385846,1.19253361,-0.152312025,0.136002362,-0.176577777,0.00313955569,0.9748404,0,0,0,0,0,0,284790.32340001204,284790.32340001204,0.030797135987086222
26.9010592618642,ac3ae122,SessionTracking,Tracking,30.0661469,29.9976921,1,0.035643801995320246,0.496944457,2.40361118,1,160x90 DepthUint16,"centre=1503 min=392 max=29879 hex=0000 0000 05DF 3C52 0BA4","centre=1792 min=829 max=1954 hex=05C4 05FE 0700 06BE 0420",0,0,0,,0,,,None,Unavailable,NoWallUnderCrosshair,,,,"only 0 valid depth samples under crosshair (67 no-data, 0 out-of-range, 374 low-confidence)",0,,,None,Unavailable,NoWallInView,,,,-0.0404856354,1.1924963,-0.15234825,0.13590388,-0.178475574,0.002709121,0.9745098,0,0,0,0,0,0,284790.35672709503,284790.35672709503,0.0355921869922895
26.932381918878445,ac3ae122,SessionTracking,Tracking,30.0666924,29.9976921,1,0.030679948016768321,0.4954861,2.41138887,1,160x90 DepthUint16,"centre=1496 min=391 max=30048 hex=0000 0000 05D8 3E11 0C31","centre=1785 min=839 max=1938 hex=05CC 0605 06F9 06AF 041B",0,0,0,,0,,,None,Unavailable,NoWallUnderCrosshair,,,,"only 0 valid depth samples under crosshair (79 no-data, 0 out-of-range, 362 low-confidence)",0,,,None,Unavailable,NoWallInView,,,,-0.0404307619,1.19248676,-0.152376741,0.135853663,-0.180087611,0.00266212225,0.9742203,0,0,0,0,0,0,284790.390054178,284790.390054178,0.0306172400014475
26.96591228286611,ac3ae122,SessionTracking,Tracking,30.0667057,29.9976921,1,0.032950885011814535,0.49375,2.45270824,1,160x90 DepthUint16,"centre=1497 min=391 max=29994 hex=0000 0000 05D9 3ED8 0C5D","centre=1788 min=831 max=2335 hex=05DC 0615 06FC 0640 0421",0,0,0,,0,,,None,Unavailable,NoWallUnderCrosshair,,,,"only 0 valid depth samples under crosshair (79 no-data, 0 out-of-range, 362 low-confidence)",0,,,None,Unavailable,NoWallInView,,,,-0.040202,1.19309914,-0.152843356,0.135841444,-0.181304678,0.00253891968,0.9739966,0,0,0,0,0,0,284790.42340522003,284790.42340522003,0.0328991670103278
27.003614157866604,ac3ae122,SessionTracking,Tracking,30.0668564,29.9976921,1,0.03707458300050348,0.4888889,2.36881948,1,160x90 DepthUint16,"centre=1498 min=390 max=29805 hex=0000 0000 05DA 3F66 1F42","centre=1787 min=820 max=2336 hex=05E2 061A 06FB 064B 0414",0,0,0,,0,,,None,Unavailable,NoWallUnderCrosshair,,,,"only 0 valid depth samples under crosshair (94 no-data, 0 out-of-range, 347 low-confidence)",0,,,None,Unavailable,NoWallInView,,,,-0.0398786068,1.19290578,-0.152711064,0.13557519,-0.183646485,0.00197339058,0.973596156,0,0,0,0,0,0,284790.457064397,284790.457064397,0.0370025520096533
27.034551449868513,ac3ae122,SessionTracking,Tracking,30.0668774,29.9976921,1,0.030273176991613582,0.4848611,2.41888881,1,160x90 DepthUint16,"centre=1660 min=389 max=29889 hex=0000 0000 067C 3F7E 2E50","centre=1780 min=818 max=2300 hex=05CF 060A 06F4 0654 0410",0,0,0,,0,,,None,Unavailable,NoWallUnderCrosshair,,,,"only 0 valid depth samples under crosshair (98 no-data, 0 out-of-range, 343 low-confidence)",0,,,None,Unavailable,NoWallInView,,,,-0.0393410474,1.19265342,-0.1524949,0.13531585,-0.186867431,0.000950276968,0.973020732,0,0,0,0,0,0,284790.49039148004,284790.49039148004,0.030211823002900928
27.065981709855759,ac3ae122,SessionTracking,Tracking,30.0674286,29.9976921,1,0.030860884988214821,0.481736124,2.4196527,1,160x90 DepthUint16,"centre=1902 min=388 max=29930 hex=0000 0000 076E 3F87 3D4A","centre=1775 min=825 max=2304 hex=05B4 05F1 06EF 0645 040F",0,0,0,,0,,,None,Unavailable,NoWallUnderCrosshair,,,,"only 0 valid depth samples under crosshair (115 no-data, 0 out-of-range, 326 low-confidence)",0,,,None,Unavailable,NoWallInView,,,,-0.039966628,1.19253969,-0.152534783,0.135573834,-0.189534575,0.000793069659,0.9724689,0,0,0,0,0,0,284790.52453835803,284790.52453835803,0.030815780977718532
27.103250928855186,ac3ae122,SessionTracking,Tracking,30.0677357,29.9976921,1,0.036785520991543308,0.475,2.35784721,1,160x90 DepthUint16,"centre=1905 min=387 max=29796 hex=0000 0000 0771 3F9A 5471","centre=1780 min=826 max=2329 hex=05C8 0603 06F4 0649 0418",0,0,0,,0,,,None,Unavailable,NoWallUnderCrosshair,,,,"only 0 valid depth samples under crosshair (120 no-data, 0 out-of-range, 321 low-confidence)",0,,,None,Unavailable,NoWallInView,,,,-0.0396922976,1.19241166,-0.152381331,0.1355443,-0.192231357,0.0009741485,0.9719434,0,0,0,0,0,0,284790.557865441,284790.557865441,0.036738750000949949
27.135500876865034,ac3ae122,SessionTracking,Tracking,30.0667629,29.9976921,1,0.031593541993061081,0.471805543,2.37715268,1,160x90 DepthUint16,"centre=1906 min=386 max=29882 hex=0000 0000 0772 3F9C 54E4","centre=1769 min=806 max=2335 hex=05CD 0606 06E9 0648 040D",0,0,0,,0,,,None,Unavailable,NoWallUnderCrosshair,,,,"only 0 valid depth samples under crosshair (133 no-data, 0 out-of-range, 308 low-confidence)",0,,,None,Unavailable,NoWallInView,,,,-0.0395053,1.19234765,-0.152212381,0.135750577,-0.194585741,0.00104802859,0.9714459,0,0,0,0,0,0,284790.591192524,284790.591192524,0.031500781013164669
27.166702386856695,ac3ae122,SessionTracking,Tracking,30.0656853,29.9976921,1,0.03062932298053056,0.468680561,2.32833338,1,160x90 DepthUint16,"centre=1906 min=385 max=29789 hex=0000 0000 0772 0000 5519","centre=1774 min=836 max=2316 hex=05CF 0608 06EE 0650 040D",0,0,0,,0,,,None,Unavailable,NoWallUnderCrosshair,,,,"only 0 valid depth samples under crosshair (137 no-data, 0 out-of-range, 304 low-confidence)",0,,,None,Unavailable,NoWallInView,,,,-0.0395192727,1.19291282,-0.152082622,0.135615945,-0.196605057,0.000816643238,0.971058249,0,0,0,0,0,0,284790.624811245,284790.624811245,0.030584947991883382
27.198992386859526,ac3ae122,SessionTracking,Tracking,30.06525,29.9976921,1,0.031780780991539359,0.4652778,2.350625,1,160x90 DepthUint16,"centre=0 min=384 max=29892 hex=0000 0000 0000 0000 5566","centre=1774 min=831 max=2340 hex=05CE 0605 06EE 0639 0402",0,0,0,,0,,,None,Unavailable,NoWallUnderCrosshair,,,,"only 0 valid depth samples under crosshair (150 no-data, 0 out-of-range, 291 low-confidence)",0,,,None,Unavailable,NoWallInView,,,,-0.0394618437,1.19284141,-0.15194568,0.135424063,-0.198175743,0.000586181937,0.9707659,0,0,0,0,0,0,284790.658138328,284790.658138328,0.03173895800136961
27.23424337687079,ac3ae122,SessionTracking,Tracking,30.0650311,29.9530811,1,0.034696667018579319,0.463055551,2.329236,1,160x90 DepthUint16,"centre=0 min=384 max=29841 hex=0000 0000 0000 0000 55CE","centre=1767 min=837 max=2348 hex=05D2 0608 06E7 0631 03ED",0,0,0,,0,,,None,Unavailable,NoWallUnderCrosshair,,,,"only 0 valid depth samples under crosshair (151 no-data, 0 out-of-range, 290 low-confidence)",0,,,None,Unavailable,NoWallInView,,,,-0.0394644141,1.19281089,-0.151806742,0.135452062,-0.199269891,0.000185638681,0.9705381,0,0,0,0,0,0,284790.69146541104,284790.69146541104,0.034653228998649865
27.266193636859452,ac3ae122,SessionTracking,Tracking,30.065073,29.9530811,1,0.031454843992833048,0.459027767,2.26319456,1,160x90 DepthUint16,"centre=0 min=383 max=29824 hex=0000 0000 0000 0000 55E1","centre=1746 min=825 max=2333 hex=05D7 0609 06D2 061E 0403",0,0,0,,0,,,None,Unavailable,NoWallUnderCrosshair,,,,"only 0 valid depth samples under crosshair (154 no-data, 0 out-of-range, 287 low-confidence)",0,,,None,Unavailable,NoWallInView,,,,-0.0400061533,1.19311464,-0.152413,0.135383517,-0.20077002,-0.000276654959,0.970238447,0,0,0,0,0,0,284790.72465673,284790.72465673,0.031389791984111071
27.297672855863265,ac3ae122,SessionTracking,Tracking,30.0622635,29.9530811,1,0.030928332998882979,0.455833346,2.303611,1,160x90 DepthUint16,"centre=0 min=383 max=29831 hex=0000 0000 0000 0000 55DB","centre=1755 min=815 max=2308 hex=05C8 0600 06DB 0633 0409",0,0,0,,0,,,None,Unavailable,NoWallUnderCrosshair,,,,"only 0 valid depth samples under crosshair (168 no-data, 0 out-of-range, 273 low-confidence)",0,,,None,Unavailable,NoWallInView,,,,-0.0400582738,1.19310379,-0.152264029,0.135094956,-0.202190712,-0.00018909575,0.969983637,0,0,0,0,0,0,284790.757983813,284790.757983813,0.030853489995934069
27.336826240868458,ac3ae122,SessionTracking,Tracking,30.06324,29.9530811,1,0.038608436996582896,0.452083319,2.24930549,1,160x90 DepthUint16,"centre=0 min=382 max=29763 hex=0000 0000 0000 0000 55DB","centre=1742 min=822 max=2286 hex=05CF 0604 06CE 0635 040A",0,0,0,,0,,,None,Unavailable,NoWallUnderCrosshair,,,,"only 0 valid depth samples under crosshair (169 no-data, 0 out-of-range, 272 low-confidence)",0,,,None,Unavailable,NoWallInView,,,,-0.04007423,1.19312727,-0.15204525,0.135053,-0.203769952,-0.000268846779,0.969659,0,0,0,0,0,0,284790.791310896,284790.791310896,0.038565052003832534
27.368337907878367,ac3ae122,SessionTracking,Tracking,30.0628662,29.9530811,1,0.03086364601040259,0.448055565,2.26930547,1,160x90 DepthUint16,"centre=0 min=382 max=29763 hex=0000 0000 0000 0000 0000","centre=1751 min=824 max=2292 hex=05C2 05FB 06D7 0658 040A",0,0,0,,0,,,None,Unavailable,NoWallUnderCrosshair,,,,"only 0 valid depth samples under crosshair (171 no-data, 0 out-of-range, 270 low-confidence)",0,,,None,Unavailable,NoWallInView,,,,-0.0405117422,1.19364715,-0.152989522,0.1348489,-0.205446571,-0.000423848658,0.96933347,0,0,0,0,0,0,284790.82455670903,284790.82455670903,0.030810833006398752
27.399961344860412,ac3ae122,SessionTracking,Tracking,30.0624046,29.9530811,1,0.031060937006259337,0.444722235,2.23375,1,160x90 DepthUint16,"centre=0 min=381 max=29776 hex=0000 0000 0000 0000 0000","centre=1759 min=805 max=2320 hex=05CE 0605 06DF 0634 03FB",0,0,0,,0,,,None,Unavailable,NoWallUnderCrosshair,,,,"only 0 valid depth samples under crosshair (184 no-data, 0 out-of-range, 257 low-confidence)",0,,,None,Unavailable,NoWallInView,,,,-0.0406064354,1.19368422,-0.152995318,0.134551361,-0.2069176,-0.0005716682,0.9690618,0,0,0,0,0,0,284790.857883792,284790.857883792,0.030991821986390278
27.437082855866674,ac3ae122,SessionTracking,Tracking,30.0627384,29.9530811,1,0.036515573010547087,0.440416664,2.170625,1,160x90 DepthUint16,"centre=0 min=383 max=29535 hex=0000 0000 0000 0000 0000","centre=1765 min=845 max=2314 hex=05CF 0608 06E5 0634 0402",0,0,0,,0,,,None,Unavailable,NoWallUnderCrosshair,,,,"only 0 valid depth samples under crosshair (183 no-data, 0 out-of-range, 258 low-confidence)",0,,,None,Unavailable,NoWallInView,,,,-0.04070708,1.19369864,-0.152986661,0.134376258,-0.208581924,-0.000885874033,0.968729,0,0,0,0,0,0,284790.891511973,284790.891511973,0.036454896006034687
27.468669157874455,ac3ae122,SessionTracking,Tracking,30.0625172,29.9530811,1,0.031060052016982809,0.43416667,2.16854167,1,160x90 DepthUint16,"centre=0 min=384 max=29638 hex=0000 0000 0000 0000 0000","centre=1764 min=866 max=2314 hex=05D4 060E 06E4 0634 0409",0,0,0,,0,,,None,Unavailable,NoWallUnderCrosshair,,,,"only 0 valid depth samples under crosshair (195 no-data, 0 out-of-range, 246 low-confidence)",0,,,None,Unavailable,NoWallInView,,,,-0.0413006544,1.19428062,-0.15473032,0.13407369,-0.2110352,-0.00129649055,0.968239,0,0,0,0,0,0,284790.92473241,284790.92473241,0.030888542009051889
27.500528480878483,ac3ae122,SessionTracking,Tracking,30.06251,29.9530811,1,0.031333021004684269,0.4276389,2.15680552,1,160x90 DepthUint16,"centre=0 min=382 max=29639 hex=0000 0000 0000 0000 0000","centre=1779 min=870 max=2342 hex=05C6 0606 06F3 0643 03FE",0,0,0,,0,,,None,Unavailable,NoWallUnderCrosshair,,,,"only 0 valid depth samples under crosshair (194 no-data, 0 out-of-range, 247 low-confidence)",0,,,None,Unavailable,NoWallInView,,,,-0.041270256,1.19415152,-0.154613376,0.133957162,-0.213921413,-0.00174090266,0.96762085,0,0,0,0,0,0,284790.95805949304,284790.95805949304,0.03128880201256834
27.536071917877916,ac3ae122,SessionTracking,Tracking,30.0619717,29.9530811,1,0.035028854006668553,0.422013879,2.12194443,1,160x90 DepthUint16,"centre=0 min=390 max=29646 hex=0000 0000 0000 0000 0000","centre=1771 min=849 max=2343 hex=05C2 0601 06EB 0649 03FB",0,0,0,,0,,,None,Unavailable,NoWallUnderCrosshair,,,,"only 0 valid depth samples under crosshair (211 no-data, 0 out-of-range, 230 low-confidence)",0,,,None,Unavailable,NoWallInView,,,,-0.0414010249,1.19405651,-0.154494911,0.134105757,-0.216212317,-0.00191006064,0.9670906,0,0,0,0,0,0,284790.99138657603,284790.99138657603,0.034980989003088325
27.567260980859782,ac3ae122,SessionTracking,Tracking,30.06254,29.9530811,1,0.030660728982184082,0.4203472,2.155139,1,160x90 DepthUint16,"centre=0 min=390 max=29581 hex=0000 0000 0000 0000 0000","centre=1774 min=806 max=2331 hex=05C8 0605 06EE 064B 03FF",0,0,0,,0,,,None,Unavailable,NoWallUnderCrosshair,,,,"only 0 valid depth samples under crosshair (209 no-data, 0 out-of-range, 232 low-confidence)",0,,,None,Unavailable,NoWallInView,,,,-0.0408601463,1.19415367,-0.154489547,0.134429753,-0.2176142,-0.002139032,0.966730654,0,0,0,0,0,0,284791.024600332,284791.024600332,0.03061567698023282
27.599128011867787,ac3ae122,SessionTracking,Tracking,30.0610752,29.9530811,1,0.031351198005722836,0.414652765,2.11569452,1,160x90 DepthUint16,"centre=0 min=390 max=29607 hex=0000 0000 0000 0000 0000","centre=1763 min=852 max=2279 hex=05CA 0603 06E3 064F 0406",0,0,0,,0,,,None,Unavailable,NoWallUnderCrosshair,,,,"only 0 valid depth samples under crosshair (220 no-data, 0 out-of-range, 221 low-confidence)",0,,,None,Unavailable,NoWallInView,,,,-0.04079701,1.194198,-0.154431492,0.134359434,-0.219847634,-0.00247073174,0.9662342,0,0,0,0,0,0,284791.057927415,284791.057927415,0.031303750001825392
27.63158066785304,ac3ae122,SessionTracking,Tracking,30.0626183,29.9530811,1,0.030767290998483077,0.4095139,2.14430547,1,160x90 DepthUint16,"centre=0 min=390 max=29515 hex=0000 0000 0000 0000 0000","centre=1773 min=852 max=2301 hex=05C4 0603 06ED 0647 0405",0,0,0,,0,,,None,Unavailable,NoWallUnderCrosshair,,,,"only 0 valid depth samples under crosshair (221 no-data, 0 out-of-range, 220 low-confidence)",0,,,None,Unavailable,NoWallInView,,,,-0.0407405645,1.19433045,-0.154447079,0.134098187,-0.22200124,-0.00273177051,0.9657772,0,0,0,0,0,0,284791.091254498,284791.091254498,0.030655520997243002
27.669989365872379,ac3ae122,SessionTracking,Tracking,30.0633926,29.9530811,1,0.037849271000595763,0.403958321,2.04229164,1,160x90 DepthUint16,"centre=0 min=391 max=29538 hex=0000 0000 0000 0000 0000","centre=1751 min=844 max=2310 hex=05B0 05EB 06D7 0656 03F9",0,0,0,,0,,,None,Unavailable,NoWallUnderCrosshair,,,,"only 0 valid depth samples under crosshair (225 no-data, 0 out-of-range, 216 low-confidence)",0,,,None,Unavailable,NoWallInView,,,,-0.04062338,1.19500566,-0.154574573,0.133838013,-0.22394748,-0.0031127634,0.9653627,0,0,0,0,0,0,284791.12458345003,284791.12458345003,0.037804687017342076
27.70363889686173,ac3ae122,SessionTracking,Tracking,30.0638676,29.9530811,1,0.032761823007604107,0.3982639,2.07534719,1,160x90 DepthUint16,"centre=0 min=389 max=29271 hex=0000 0000 0000 0000 0000","centre=1767 min=852 max=2337 hex=05CC 0607 06E7 0651 03F5",0,0,0,,0,,,None,Unavailable,NoWallUnderCrosshair,,,,"only 0 valid depth samples under crosshair (227 no-data, 0 out-of-range, 214 low-confidence)",0,,,None,Unavailable,NoWallInView,,,,-0.0405299552,1.19525683,-0.154616028,0.13338311,-0.226295635,-0.003392756,0.964877069,0,0,0,0,0,0,284791.157910533,284791.157910533,0.03267588498420082
27.735090511871885,ac3ae122,SessionTracking,Tracking,30.0641022,29.9530811,1,0.030839740007650107,0.395833343,2.04847217,1,160x90 DepthUint16,"centre=0 min=390 max=29271 hex=0000 0000 0000 0000 0000","centre=1764 min=850 max=2336 hex=05C0 05FC 06E4 0641 03F9",0,0,0,,0,,,None,Unavailable,NoWallUnderCrosshair,,,,"only 0 valid depth samples under crosshair (227 no-data, 0 out-of-range, 214 low-confidence)",0,,,None,Unavailable,NoWallInView,,,,-0.0406744555,1.195551,-0.154770941,0.132992715,-0.227576673,-0.003131062,0.964630544,0,0,0,0,0,0,284791.191525431,284791.191525431,0.030781770998146385
27.772826344872509,ac3ae122,SessionTracking,Tracking,30.063982,29.9530811,1,0.037229843001114205,0.395208329,2.01027775,1,160x90 DepthUint16,"centre=0 min=389 max=29249 hex=0000 0000 0000 0000 0000","centre=1774 min=856 max=2329 hex=05BE 05FA 06EE 064E 03FB",0,0,0,,0,,,None,Unavailable,NoWallUnderCrosshair,,,,"only 0 valid depth samples under crosshair (226 no-data, 0 out-of-range, 215 low-confidence)",0,,,None,Unavailable,NoWallInView,,,,-0.0404840559,1.19523823,-0.1535362,0.133097887,-0.227930278,-0.00300917029,0.964533,0,0,0,0,0,0,284791.224924626,284791.224924626,0.037180156010435894
27.803451240869389,ac3ae122,SessionTracking,Tracking,20.0437489,29.9530811,1,0.029875520995119587,0.393541664,2.006736,1,160x90 DepthUint16,"centre=0 min=387 max=29368 hex=0000 0000 0000 0000 0000","centre=1759 min=855 max=2327 hex=05BF 05FA 06DF 0652 0409",0,0,0,,0,,,None,Unavailable,NoWallUnderCrosshair,,,,"only 0 valid depth samples under crosshair (238 no-data, 0 out-of-range, 203 low-confidence)",0,,,None,Unavailable,NoWallInView,,,,-0.04052563,1.19545662,-0.153636441,0.132876456,-0.228756428,-0.003268361,0.964367,0,0,0,0,0,0,284791.258251709,284791.258251709,0.029793488996801898
27.835033219852402,ac3ae122,SessionTracking,Tracking,30.06386,29.9530811,1,0.031030467973323539,0.390208334,2.043611,1,160x90 DepthUint16,"centre=0 min=391 max=29356 hex=0000 0000 0000 0000 0000","centre=1780 min=849 max=2355 hex=05C4 0603 06F4 0673 040E",0,0,0,,0,,,None,Unavailable,NoWallUnderCrosshair,,,,"only 0 valid depth samples under crosshair (240 no-data, 0 out-of-range, 201 low-confidence)",0,,,None,Unavailable,NoWallInView,,,,-0.0404159948,1.195637,-0.153735071,0.132605791,-0.2301012,-0.00374469184,0.964082539,0,0,0,0,0,0,284791.29157879204,284791.29157879204,0.030985311983386055
27.87392842885215,ac3ae122,SessionTracking,Tracking,30.0686455,29.9530811,1,0.038373437972040847,0.3829861,1.97270834,1,160x90 DepthUint16,"centre=0 min=390 max=29388 hex=0000 0000 0000 0000 0000","centre=1774 min=844 max=2353 hex=05C0 05FD 06EE 0686 0410",0,0,0,,0,,,None,Unavailable,NoWallUnderCrosshair,,,,"only 0 valid depth samples under crosshair (252 no-data, 0 out-of-range, 189 low-confidence)",0,,,None,Unavailable,NoWallInView,,,,-0.04050017,1.19599533,-0.154282331,0.1321955,-0.232790112,-0.00404056953,0.963492,0,0,0,0,0,0,284791.32451454503,284791.32451454503,0.038329426985001191
27.905014625858666,ac3ae122,SessionTracking,Tracking,30.0701141,29.9530811,1,0.029920519998995587,0.379097223,2.01055551,1,160x90 DepthUint16,"centre=0 min=743 max=29281 hex=0000 0000 0000 0000 0000","centre=1786 min=846 max=2349 hex=05D2 060F 06FA 067C 0415",0,0,0,,0,,,None,Unavailable,NoWallUnderCrosshair,,,,"only 0 valid depth samples under crosshair (251 no-data, 0 out-of-range, 190 low-confidence)",0,,,None,Unavailable,NoWallInView,,,,-0.0405062065,1.196141,-0.154317528,0.132109374,-0.234504372,-0.00395706343,0.963088334,0,0,0,0,0,0,284791.357841628,284791.357841628,0.029868124984204769
27.936845146868063,ac3ae122,SessionTracking,Tracking,30.0647125,29.9530811,1,0.031277135014534,0.376319438,2.00694442,1,160x90 DepthUint16,"centre=0 min=739 max=29289 hex=0000 0000 0000 0000 0000","centre=1772 min=845 max=2339 hex=05C4 05FF 06EC 0685 040E",0,0,0,,0,,,None,Unavailable,NoWallUnderCrosshair,,,,"only 0 valid depth samples under crosshair (251 no-data, 0 out-of-range, 190 low-confidence)",0,,,None,Unavailable,NoWallInView,,,,-0.04069286,1.19626784,-0.154264748,0.132410437,-0.2353378,-0.003608227,0.9628451,0,0,0,0,0,0,284791.391168711,284791.391168711,0.031213020993163809
27.96782696985515,ac3ae122,SessionTracking,Tracking,30.0708542,29.9530811,1,0.030406562000280246,0.3772222,2.00402784,1,160x90 DepthUint16,"centre=0 min=738 max=29294 hex=0000 0000 0000 0000 0000","centre=1772 min=844 max=2333 hex=05CA 0606 06EC 067C 0404",0,0,0,,0,,,None,Unavailable,NoWallUnderCrosshair,,,,"only 0 valid depth samples under crosshair (254 no-data, 0 out-of-range, 187 low-confidence)",0,,,None,Unavailable,NoWallInView,,,,-0.0405696779,1.19627011,-0.153669238,0.132883564,-0.235278755,-0.00353014516,0.9627946,0,0,0,0,0,0,284791.424470692,284791.424470692,0.030338905984535813
28.006401500860147,ac3ae122,SessionTracking,Tracking,30.0698318,29.9530811,1,0.038024270004825667,0.376875,1.9975,1,160x90 DepthUint16,"centre=0 min=738 max=29292 hex=0000 0000 0000 0000 0000","centre=1769 min=843 max=2327 hex=05C7 0602 06E9 067C 0404",0,0,0,,0,,,None,Unavailable,NoWallUnderCrosshair,,,,"only 0 valid depth samples under crosshair (253 no-data, 0 out-of-range, 188 low-confidence)",0,,,None,Unavailable,NoWallInView,,,,-0.0408307277,1.19650769,-0.153823823,0.132768631,-0.23520577,-0.003572166,0.9628281,0,0,0,0,0,0,284791.45779777505,284791.45779777505,0.03795291599817574
28.034614521856337,ac3ae122,SessionTracking,Tracking,30.0665245,29.9530811,1,0.027319686982082203,0.37833333,1.99826384,1,160x90 DepthUint16,"centre=0 min=740 max=29285 hex=0000 0000 0000 0000 0000","centre=1775 min=845 max=2323 hex=05C5 0600 06EF 0678 03FB",0,0,0,,0,,,None,Unavailable,NoWallUnderCrosshair,,,,"only 0 valid depth samples under crosshair (251 no-data, 0 out-of-range, 190 low-confidence)",0,,,None,Unavailable,NoWallInView,,,,-0.0411118567,1.19682741,-0.154132366,0.132387936,-0.234701663,-0.0034596324,0.963003933,0,0,0,0,0,0,284791.49112485803,284791.49112485803,0.027226613980019465
28.066387490855913,ac3ae122,SessionTracking,Tracking,30.0755787,29.9530811,1,0.031230676977429539,0.376180559,1.98972225,1,160x90 DepthUint16,"centre=0 min=741 max=29292 hex=0000 0000 0000 0000 0000","centre=1820 min=922 max=2392 hex=05E2 061F 071C 0693 0418",0,0,0,,0,,,None,Unavailable,NoWallUnderCrosshair,,,,"only 0 valid depth samples under crosshair (248 no-data, 0 out-of-range, 193 low-confidence)",0,,,None,Unavailable,NoWallInView,,,,-0.04147935,1.197157,-0.154238582,0.132123023,-0.235788643,-0.00381618761,0.962773442,0,0,0,0,0,0,284791.524148598,284791.524148598,0.03118739600176923
28.105631292876705,ac3ae122,SessionTracking,Tracking,30.0712528,29.9530811,1,0.038633542018942535,0.369305551,1.95513892,1,160x90 DepthUint16,"centre=0 min=738 max=29206 hex=0000 0000 0000 0000 0000","centre=1792 min=888 max=2397 hex=05DE 0616 0700 069C 041C",0,0,0,,0,,,None,Unavailable,NoWallUnderCrosshair,,,,"only 0 valid depth samples under crosshair (261 no-data, 0 out-of-range, 180 low-confidence)",0,,,None,Unavailable,NoWallInView,,,,-0.04128824,1.19734168,-0.154199123,0.1318737,-0.23790893,-0.00414606929,0.962284565,0,0,0,0,0,0,284791.557475681,284791.557475681,0.038565677008591592
28.136421292866498,ac3ae122,SessionTracking,Tracking,30.0708885,29.9530811,1,0.030103333003353328,0.365833342,1.9800694,1,160x90 DepthUint16,"centre=0 min=736 max=29214 hex=0000 0000 0000 0000 0000","centre=1798 min=908 max=2398 hex=05D8 0613 0706 0699 041F",0,0,0,,0,,,None,Unavailable,NoWallUnderCrosshair,,,,"only 0 valid depth samples under crosshair (262 no-data, 0 out-of-range, 179 low-confidence)",0,,,None,Unavailable,NoWallInView,,,,-0.04121583,1.1974957,-0.1541115,0.131948978,-0.239670485,-0.004106701,0.9618372,0,0,0,0,0,0,284791.590802764,284791.590802764,0.030027083004824817
28.168571552864659,ac3ae122,SessionTracking,Tracking,30.0740719,29.9530811,1,0.031636717991204932,0.36,1.90215278,1,160x90 DepthUint16,"centre=1496 min=736 max=29241 hex=0000 0000 05D8 0000 0000","centre=1803 min=898 max=2382 hex=05CA 0606 070B 0696 041E",0,0,0,,0,,,None,Unavailable,NoWallUnderCrosshair,,,,"only 0 valid depth samples under crosshair (280 no-data, 0 out-of-range, 161 low-confidence)",0,,,None,Unavailable,NoWallInView,,,,-0.04104272,1.19722891,-0.153850421,0.132458538,-0.241651058,-0.00429737568,0.9612706,0,0,0,0,0,0,284791.62438847404,284791.62438847404,0.031590416008839384
28.199421813877915,ac3ae122,SessionTracking,Tracking,30.0695248,29.9530811,1,0.030299948004540056,0.354166657,1.87659717,1,160x90 DepthUint16,"centre=1496 min=734 max=29186 hex=0000 0000 05D8 0000 0000","centre=1818 min=917 max=2400 hex=05C5 0605 071A 06AE 0414",0,0,0,,0,,,None,Unavailable,NoWallUnderCrosshair,,,,"only 0 valid depth samples under crosshair (283 no-data, 0 out-of-range, 158 low-confidence)",0,,,None,Unavailable,NoWallInView,,,,-0.04071779,1.197249,-0.153428286,0.132851213,-0.245099157,-0.00499790953,0.960339546,0,0,0,0,0,0,284791.657715557,284791.657715557,0.030244427005527541
28.234272490858483,ac3ae122,SessionTracking,Tracking,30.0704212,29.9991264,1,0.03431817700038664,0.34375,1.80784726,1,160x90 DepthUint16,"centre=1511 min=732 max=29105 hex=0000 0000 05E7 0000 0000","centre=1821 min=893 max=2412 hex=05C4 0605 071D 06B8 0415",0,0,0,,0,,,None,Unavailable,NoWallUnderCrosshair,,,,"only 0 valid depth samples under crosshair (295 no-data, 0 out-of-range, 146 low-confidence)",0,,,None,Unavailable,NoWallInView,,,,-0.0402152054,1.19721365,-0.153053746,0.132380113,-0.249490544,-0.00572031736,0.959269166,0,0,0,0,0,0,284791.69104264,284791.69104264,0.034267707989783958
28.265632125860929,ac3ae122,SessionTracking,Tracking,30.0693264,29.9991264,1,0.030656249989988282,0.337708324,1.76645839,1,160x90 DepthUint16,"centre=1516 min=731 max=28990 hex=0000 0000 05EC 0000 0000","centre=1835 min=890 max=2387 hex=05C3 0609 072B 06B9 041F",0,0,0,,0,,,None,Unavailable,NoWallUnderCrosshair,,,,"only 0 valid depth samples under crosshair (314 no-data, 0 out-of-range, 127 low-confidence)",0,,,None,Unavailable,NoWallInView,,,,-0.03913208,1.19718122,-0.152555168,0.132217571,-0.25118804,-0.005965263,0.958847,0,0,0,0,0,0,284791.723944547,284791.723944547,0.030595051997806877
28.298601969864603,ac3ae122,SessionTracking,Tracking,30.069313,29.9991264,1,0.032378750009229407,0.33708334,1.81333339,1,160x90 DepthUint16,"centre=1517 min=731 max=29003 hex=0000 0000 05ED 0000 0000","centre=1841 min=922 max=2405 hex=05C7 060B 0731 06B3 0441",0,0,0,,0,,,None,Unavailable,NoWallUnderCrosshair,,,,"only 0 valid depth samples under crosshair (310 no-data, 0 out-of-range, 131 low-confidence)",0,,,None,Unavailable,NoWallInView,,,,-0.03902795,1.19736171,-0.152592242,0.132045642,-0.2525159,-0.00600889325,0.9585216,0,0,0,0,0,0,284791.75727163,284791.75727163,0.032317917008185759
28.344822229867486,ac3ae122,SessionTracking,Tracking,30.0690231,29.9991264,1,0.045639946998562664,0.328263879,1.69652772,1,160x90 DepthUint16,"centre=1509 min=729 max=28717 hex=0000 0000 05E5 0000 0000","centre=1858 min=901 max=2429 hex=05CE 0614 0742 06D0 0446",0,0,0,,0,,,None,Unavailable,NoWallUnderCrosshair,,,,"only 0 valid depth samples under crosshair (315 no-data, 0 out-of-range, 126 low-confidence)",0,,,None,Unavailable,NoWallInView,,,,-0.0386495553,1.19738007,-0.152419433,0.1314906,-0.2553806,-0.006539643,0.957835138,0,0,0,0,0,0,284791.79059871304,284791.79059871304,0.045584478997625411
28.376443844862433,ac3ae122,SessionTracking,Tracking,30.0701065,29.9991264,1,0.03094317700015381,0.322291672,1.69861114,1,160x90 DepthUint16,"centre=1497 min=728 max=28759 hex=0000 0000 05D9 0000 0000","centre=1833 min=923 max=2424 hex=05C7 060B 0729 06C6 0441",0,0,0,,0,,,None,Unavailable,NoWallUnderCrosshair,,,,"only 0 valid depth samples under crosshair (322 no-data, 0 out-of-range, 119 low-confidence)",0,,,None,Unavailable,NoWallInView,,,,-0.0395260453,1.19785237,-0.151913822,0.131198719,-0.258444637,-0.007108987,0.957049,0,0,0,0,0,0,284791.82370634103,284791.82370634103,0.030861926992656663
28.407539886879885,ac3ae122,SessionTracking,Tracking,30.0698032,29.9991264,1,0.0305417190247681,0.315416664,1.67319441,1,160x90 DepthUint16,"centre=1510 min=725 max=28818 hex=0000 0000 05E6 0000 0000","centre=1850 min=931 max=2386 hex=05D3 0619 073A 06D9 044F",0,0,0,,0,,,None,Unavailable,NoWallUnderCrosshair,,,,"only 0 valid depth samples under crosshair (327 no-data, 0 out-of-range, 114 low-confidence)",0,,,None,Unavailable,NoWallInView,,,,-0.0393982977,1.198039,-0.151865363,0.130754277,-0.2605627,-0.00728348,0.956534,0,0,0,0,0,0,284791.85730795504,284791.85730795504,0.030487032025121152
28.437993584861896,ac3ae122,SessionTracking,Tracking,30.07163,29.9991264,1,0.02934203200857155,0.310833335,1.64256942,1,160x90 DepthUint16,"centre=1450 min=726 max=28723 hex=0000 0000 05AA 0000 0000","centre=1840 min=918 max=2414 hex=05D7 061A 0730 06CD 043E",0,0,0,,0,,,None,Unavailable,NoWallUnderCrosshair,,,,"only 0 valid depth samples under crosshair (327 no-data, 0 out-of-range, 114 low-confidence)",0,,,None,Unavailable,NoWallInView,,,,-0.03928515,1.19824934,-0.151688814,0.130685076,-0.262874424,-0.007362128,0.9559102,0,0,0,0,0,0,284791.890635038,284791.890635038,0.029282187984790653
28.471876917864346,ac3ae122,SessionTracking,Tracking,30.0691,29.9991264,1,0.033353176986565813,0.306041658,1.6029861,1,160x90 DepthUint16,"centre=1452 min=723 max=28742 hex=0000 0000 05AC 0000 0000","centre=1867 min=900 max=2406 hex=05D5 061F 074B 06E3 043C",0,0,0,,0,,,None,Unavailable,NoWallUnderCrosshair,,,,"only 0 valid depth samples under crosshair (329 no-data, 0 out-of-range, 112 low-confidence)",0,,,None,Unavailable,NoWallInView,,,,-0.0392118469,1.19863355,-0.151680782,0.1301696,-0.265016019,-0.00776913762,0.9553858,0,0,0,0,0,0,284791.923980318,284791.923980318,0.03330380198895
28.502697594863047,ac3ae122,SessionTracking,Tracking,30.0695877,29.9991264,1,0.029914791986811906,0.300972223,1.56472218,1,160x90 DepthUint16,"centre=1463 min=724 max=28632 hex=0000 0000 05B7 0000 0000","centre=1858 min=932 max=2425 hex=05D4 061E 0742 06D7 0459",0,0,0,,0,,,None,Unavailable,NoWallUnderCrosshair,,,,"only 0 valid depth samples under crosshair (327 no-data, 0 out-of-range, 114 low-confidence)",0,,,None,Unavailable,NoWallInView,,,,-0.0390376672,1.19873881,-0.151551574,0.129870832,-0.267409861,-0.008452386,0.9547534,0,0,0,0,0,0,284791.957307401,284791.957307401,0.029830156010575593
28.534600875856039,ac3ae122,SessionTracking,Tracking,30.0685444,29.9991264,1,0.0313861460017506,0.295416653,1.52569449,1,160x90 DepthUint16,"centre=1510 min=721 max=28651 hex=0000 0000 05E6 0000 0000","centre=1880 min=928 max=2441 hex=05D5 0622 0758 06D6 047E",0,0,0,,0,,,None,Unavailable,NoWallUnderCrosshair,,,,"only 0 valid depth samples under crosshair (331 no-data, 0 out-of-range, 110 low-confidence)",0,,,None,Unavailable,NoWallInView,,,,-0.03881922,1.19887078,-0.15135023,0.129685581,-0.270248383,-0.008913249,0.953974843,0,0,0,0,0,0,284791.99063448404,284791.99063448404,0.031343020993517712
28.571116969854256,ac3ae122,SessionTracking,Tracking,30.067831,29.9991264,1,0.036000832973513752,0.287083328,1.46479166,1,160x90 DepthUint16,"centre=1535 min=719 max=28571 hex=0000 0000 05FF 0000 0000","centre=1886 min=910 max=2446 hex=05D4 0620 075E 06D7 047C",0,0,0,,0,,,None,Unavailable,NoWallUnderCrosshair,,,,"only 0 valid depth samples under crosshair (332 no-data, 0 out-of-range, 109 low-confidence)",0,,,None,Unavailable,NoWallInView,,,,-0.0393252,1.19909871,-0.151292652,0.129278883,-0.273047268,-0.008855134,0.953233361,0,0,0,0,0,0,284792.024225262,284792.024225262,0.035957239975687116
28.602001188867643,ac3ae122,SessionTracking,Tracking,30.0685482,29.9991264,1,0.030332708993228152,0.282847226,1.46277773,1,160x90 DepthUint16,"centre=1537 min=717 max=28419 hex=0000 0000 0601 0000 0000","centre=1877 min=930 max=2423 hex=05CE 0617 0755 06D6 047E",0,0,0,,0,,,None,Unavailable,NoWallUnderCrosshair,,,,"only 0 valid depth samples under crosshair (341 no-data, 0 out-of-range, 100 low-confidence)",0,,,None,Unavailable,NoWallInView,,,,-0.0393474475,1.19934154,-0.151198909,0.129153922,-0.2753521,-0.008870513,0.952586949,0,0,0,0,0,0,284792.05755234504,284792.05755234504,0.030285365006420761
28.633051031872082,ac3ae122,SessionTracking,Tracking,30.066309,29.9991264,1,0.030563854001229629,0.2775,1.40076387,1,160x90 DepthUint16,"centre=1516 min=716 max=28496 hex=0000 0000 05EC 0000 0000","centre=1884 min=933 max=2421 hex=05C0 060D 075C 06E3 047C",0,0,0,,0,,,None,Unavailable,NoWallUnderCrosshair,,,,"only 0 valid depth samples under crosshair (338 no-data, 0 out-of-range, 103 low-confidence)",0,,,None,Unavailable,NoWallInView,,,,-0.039393805,1.19958949,-0.1511587,0.1290574,-0.2774684,-0.009206086,0.9519825,0,0,0,0,0,0,284792.090879428,284792.090879428,0.030519218009430915
28.6712847818771,ac3ae122,SessionTracking,Tracking,30.06308,29.9991264,1,0.03771364499698393,0.267569453,1.3686111,1,160x90 DepthUint16,"centre=0 min=715 max=28268 hex=0000 0000 0000 0000 0000","centre=1895 min=926 max=2406 hex=05C8 0616 0767 06C8 049C",0,0,0,,0,,,None,Unavailable,NoWallUnderCrosshair,,,,"only 0 valid depth samples under crosshair (341 no-data, 0 out-of-range, 100 low-confidence)",0,,,None,Unavailable,NoWallInView,,,,-0.04088095,1.19919372,-0.151569635,0.1286298,-0.281583875,-0.010179162,0.950821459,0,0,0,0,0,0,284792.124063213,284792.124063213,0.037661614012904465
28.705295563870958,ac3ae122,SessionTracking,Tracking,30.0656624,29.9991264,1,0.033452500007115304,0.254097223,1.30909717,1,160x90 DepthUint16,"centre=0 min=709 max=28183 hex=0000 0000 0000 0000 0000","centre=1916 min=929 max=2446 hex=05B6 060E 077C 06E8 04E6",0,0,0,,0,,,None,Unavailable,NoWallUnderCrosshair,,,,"only 0 valid depth samples under crosshair (343 no-data, 0 out-of-range, 98 low-confidence)",0,,,None,Unavailable,NoWallInView,,,,-0.0404437073,1.19890237,-0.150978282,0.127629578,-0.28775847,-0.0120129287,0.9490845,0,0,0,0,0,0,284792.157655971,284792.157655971,0.033399844018276781
28.736011344873031,ac3ae122,SessionTracking,Tracking,30.0660057,29.9991264,1,0.0300926560012158,0.241736114,1.26305556,1,160x90 DepthUint16,"centre=0 min=706 max=28109 hex=0000 0000 0000 0000 0000","centre=1914 min=933 max=2436 hex=05C3 0617 077A 06F5 0504",0,0,0,,0,,,None,Unavailable,NoWallUnderCrosshair,,,,"only 0 valid depth samples under crosshair (349 no-data, 0 out-of-range, 92 low-confidence)",0,,,None,Unavailable,NoWallInView,,,,-0.0402392969,1.198663,-0.150504708,0.127269059,-0.292794079,-0.0130797932,0.947577536,0,0,0,0,0,0,284792.190983054,284792.190983054,0.030043698003282771
28.7668738448619,ac3ae122,SessionTracking,Tracking,30.0657425,29.9991264,1,0.030325259984238073,0.236805558,1.30097222,1,160x90 DepthUint16,"centre=0 min=706 max=27992 hex=0000 0000 0000 0000 0000","centre=1924 min=923 max=2432 hex=05BF 0615 0784 0701 04D7",0,0,0,,0,,,None,Unavailable,NoWallUnderCrosshair,,,,"only 0 valid depth samples under crosshair (349 no-data, 0 out-of-range, 92 low-confidence)",0,,,None,Unavailable,NoWallInView,,,,-0.0398803651,1.19858372,-0.150142878,0.127846524,-0.2948116,-0.0130973766,0.9468737,0,0,0,0,0,0,284792.223979538,284792.223979538,0.030280417005997151
28.803521917862735,ac3ae122,SessionTracking,Tracking,30.062624,29.9991264,1,0.036122188001172617,0.231180549,1.28895831,1,160x90 DepthUint16,"centre=0 min=704 max=28029 hex=0000 0000 0000 0000 0000","centre=1914 min=918 max=2440 hex=05A5 05FE 077A 070A 04DE",0,0,0,,0,,,None,Unavailable,NoWallUnderCrosshair,,,,"only 0 valid depth samples under crosshair (357 no-data, 0 out-of-range, 84 low-confidence)",0,,,None,Unavailable,NoWallInView,,,,-0.0400740765,1.19862258,-0.1500743,0.1283374,-0.297016561,-0.0130399773,0.9461188,0,0,0,0,0,0,284792.25756344,284792.25756344,0.036074114992516115
28.834333636877044,ac3ae122,SessionTracking,Tracking,30.0674458,29.9991264,1,0.030154688021866605,0.226944447,1.28958333,1,160x90 DepthUint16,"centre=0 min=713 max=27908 hex=0000 0000 0000 0000 0000","centre=1920 min=910 max=2446 hex=05AE 0607 0780 0707 04E7",0,0,0,,0,,,None,Unavailable,NoWallUnderCrosshair,,,,"only 0 valid depth samples under crosshair (364 no-data, 0 out-of-range, 77 low-confidence)",0,,,None,Unavailable,NoWallInView,,,,-0.04035692,1.19868731,-0.150111884,0.129023045,-0.2984361,-0.0130696893,0.9455782,0,0,0,0,0,0,284792.290890523,284792.290890523,0.030084375001024455
28.86591821986708,ac3ae122,SessionTracking,Tracking,30.06276,29.9991264,1,0.031067551986780018,0.22604166,1.25881946,1,160x90 DepthUint16,"centre=0 min=715 max=27915 hex=0000 0000 0000 0000 0000","centre=1929 min=915 max=2441 hex=05AF 0610 0789 0711 0501",0,0,0,,0,,,None,Unavailable,NoWallUnderCrosshair,,,,"only 0 valid depth samples under crosshair (363 no-data, 0 out-of-range, 78 low-confidence)",0,,,None,Unavailable,NoWallInView,,,,-0.04092052,1.19861662,-0.1504133,0.130061448,-0.299689949,-0.0130141973,0.94504,0,0,0,0,0,0,284792.324002569,284792.324002569,0.0310220830142498
28.906372333868557,ac3ae122,SessionTracking,Tracking,30.0650387,29.9991264,1,0.03976838500238955,0.223958328,1.22826385,1,160x90 DepthUint16,"centre=0 min=718 max=27982 hex=0000 0000 0000 0000 0000","centre=1957 min=922 max=2463 hex=05BE 0622 07A5 0714 0506",0,0,0,,0,,,None,Unavailable,NoWallUnderCrosshair,,,,"only 0 valid depth samples under crosshair (365 no-data, 0 out-of-range, 76 low-confidence)",0,,,None,Unavailable,NoWallInView,,,,-0.0411667526,1.19872975,-0.150459111,0.131149784,-0.3007452,-0.0129960477,0.944554448,0,0,0,0,0,0,284792.357329652,284792.357329652,0.039703802001895383
28.934913583877414,ac3ae122,SessionTracking,Tracking,30.0672951,29.9991264,1,0.027841770002851263,0.219722226,1.26756942,1,160x90 DepthUint16,"centre=0 min=735 max=27869 hex=0000 0000 0000 0000 0000","centre=1959 min=926 max=2460 hex=05DF 063E 07A7 0714 051A",0,0,0,,0,,,None,Unavailable,NoWallUnderCrosshair,,,,"only 0 valid depth samples under crosshair (372 no-data, 0 out-of-range, 69 low-confidence)",0,,,None,Unavailable,NoWallInView,,,,-0.0412224568,1.19877791,-0.1505461,0.1316988,-0.302592218,-0.0133543015,0.943882942,0,0,0,0,0,0,284792.390656735,284792.390656735,0.027779687021393329
28.966816708873875,ac3ae122,SessionTracking,Tracking,30.0659237,29.9991264,1,0.03141703101573512,0.215486109,1.20166671,1,160x90 DepthUint16,"centre=0 min=737 max=27905 hex=0000 0000 0000 0000 0000","centre=1937 min=935 max=2458 hex=05D3 062D 0791 0715 0535",0,0,0,,0,,,None,Unavailable,NoWallUnderCrosshair,,,,"only 0 valid depth samples under crosshair (376 no-data, 0 out-of-range, 65 low-confidence)",0,,,None,Unavailable,NoWallInView,,,,-0.04274887,1.19865775,-0.1507146,0.1321884,-0.304304123,-0.0133237541,0.9432645,0,0,0,0,0,0,284792.423473271,284792.423473271,0.031372135010315105
28.998781500870745,ac3ae122,SessionTracking,Tracking,30.0655,29.9991264,1,0.0314630730135832,0.212361112,1.19909728,1,160x90 DepthUint16,"centre=0 min=744 max=27719 hex=0000 0000 0000 0000 0000","centre=1907 min=926 max=2438 hex=05D0 0624 0773 0708 0533",0,0,0,,0,,,None,Unavailable,NoWallUnderCrosshair,,,,"only 0 valid depth samples under crosshair (379 no-data, 0 out-of-range, 62 low-confidence)",0,,,None,Unavailable,NoWallInView,,,,-0.04304155,1.19885552,-0.150902122,0.133005261,-0.305781484,-0.0132363439,0.942672849,0,0,0,0,0,0,284792.456800354,284792.456800354,0.031414686993230134
29.033770510860403,ac3ae122,SessionTracking,Tracking,30.06979,29.9991264,1,0.034429321996867657,0.209513888,1.23138893,1,160x90 DepthUint16,"centre=0 min=762 max=27520 hex=0000 0000 0000 0000 0000","centre=1930 min=926 max=2443 hex=05DE 0638 078A 070C 0547",0,0,0,,0,,,None,Unavailable,NoWallUnderCrosshair,,,,"only 0 valid depth samples under crosshair (383 no-data, 0 out-of-range, 58 low-confidence)",0,,,None,Unavailable,NoWallInView,,,,-0.04332664,1.19906521,-0.15102376,0.134228855,-0.3070636,-0.01321578,0.942082763,0,0,0,0,0,0,284792.490127437,284792.490127437,0.034372967988019809
29.067273635874653,ac3ae122,SessionTracking,Tracking,30.0687466,29.9991264,1,0.032952812005532905,0.205694437,1.17451394,1,160x90 DepthUint16,"centre=0 min=760 max=27461 hex=0000 0000 0000 0000 0000","centre=1919 min=920 max=2450 hex=05C8 0621 077F 0714 0549",0,0,0,,0,,,None,Unavailable,NoWallUnderCrosshair,,,,"only 0 valid depth samples under crosshair (385 no-data, 0 out-of-range, 56 low-confidence)",0,,,None,Unavailable,NoWallInView,,,,-0.0427552424,1.1977073,-0.150396362,0.134778649,-0.30856207,-0.0136658549,0.941508055,0,0,0,0,0,0,284792.52402924304,284792.52402924304,0.032901302009122446
29.098496552868664,ac3ae122,SessionTracking,Tracking,30.0686512,29.9991264,1,0.030612083006417379,0.2020139,1.20534718,1,160x90 DepthUint16,"centre=0 min=830 max=27332 hex=0000 0000 0000 0000 0000","centre=1971 min=920 max=2457 hex=05F3 064D 07B3 071B 0535",0,0,0,,0,,,None,Unavailable,NoWallUnderCrosshair,,,,"only 0 valid depth samples under crosshair (389 no-data, 0 out-of-range, 52 low-confidence)",0,,,None,Unavailable,NoWallInView,,,,-0.04264634,1.1976527,-0.150377154,0.1355681,-0.3106548,-0.0143206436,0.9406965,0,0,0,0,0,0,284792.557356326,284792.557356326,0.030557916994439438
29.13826821988091,ac3ae122,SessionTracking,Tracking,30.068346,29.9991264,1,0.039185938017908484,0.198541671,1.18444443,1,160x90 DepthUint16,"centre=0 min=919 max=27163 hex=0000 0000 0000 0000 0000","centre=1970 min=931 max=2456 hex=05C5 062A 07B2 0718 052A",0,0,0,,0,,,None,Unavailable,NoWallUnderCrosshair,,,,"only 0 valid depth samples under crosshair (389 no-data, 0 out-of-range, 52 low-confidence)",0,,,None,Unavailable,NoWallInView,,,,-0.0426751822,1.19763279,-0.150521785,0.136339545,-0.3118817,-0.0146242082,0.9401742,0,0,0,0,0,0,284792.590683409,284792.590683409,0.039133334008511156
29.167561708853963,ac3ae122,SessionTracking,Tracking,30.0672245,29.9991264,1,0.028589322988409549,0.196666673,1.18076384,1,160x90 DepthUint16,"centre=0 min=918 max=27330 hex=0000 0000 0000 0000 0000","centre=1912 min=873 max=2450 hex=05A2 05FD 0778 070B 0519",0,0,0,,0,,,None,Unavailable,NoWallUnderCrosshair,,,,"only 0 valid depth samples under crosshair (396 no-data, 0 out-of-range, 45 low-confidence)",0,,,None,Unavailable,NoWallInView,,,,-0.04257015,1.19751823,-0.150676638,0.137112826,-0.313018322,-0.0148796141,0.939679861,0,0,0,0,0,0,284792.623998083,284792.623998083,0.028522290987893939
29.199010146860882,ac3ae122,SessionTracking,Tracking,30.0686722,29.9991264,1,0.030729271005839109,0.19590278,1.206875,1,160x90 DepthUint16,"centre=0 min=917 max=27478 hex=0000 0000 0000 0000 0000","centre=1907 min=874 max=2453 hex=05B5 060B 0773 0701 050D",0,0,0,,0,,,None,Unavailable,NoWallUnderCrosshair,,,,"only 0 valid depth samples under crosshair (400 no-data, 0 out-of-range, 41 low-confidence)",0,,,None,Unavailable,NoWallInView,,,,-0.0427976623,1.19759035,-0.151063457,0.137564182,-0.313548952,-0.0147823393,0.939438462,0,0,0,0,0,0,284792.65732516604,284792.65732516604,0.030671093991259113
29.234443792861338,ac3ae122,SessionTracking,Tracking,30.0673752,29.9948616,1,0.034893125004600734,0.196041673,1.19166672,1,160x90 DepthUint16,"centre=0 min=917 max=27482 hex=0000 0000 0000 0000 0000","centre=1912 min=872 max=2461 hex=05B6 060D 0778 0701 0517",0,0,0,,0,,,None,Unavailable,NoWallUnderCrosshair,,,,"only 0 valid depth samples under crosshair (403 no-data, 0 out-of-range, 38 low-confidence)",0,,,None,Unavailable,NoWallInView,,,,-0.0430745855,1.19775176,-0.1515515,0.1380563,-0.3136921,-0.0147827575,0.9393185,0,0,0,0,0,0,284792.69065224903,284792.69065224903,0.034841979999328032
29.2660391568706,ac3ae122,SessionTracking,Tracking,30.06814,29.9948616,1,0.030997396010207012,0.193611115,1.16527772,1,160x90 DepthUint16,"centre=0 min=916 max=27353 hex=0000 0000 0000 0000 0000","centre=1915 min=863 max=2445 hex=05BB 0614 077B 0701 050C",0,0,0,,0,,,None,Unavailable,NoWallUnderCrosshair,,,,"only 0 valid depth samples under crosshair (403 no-data, 0 out-of-range, 38 low-confidence)",0,,,None,Unavailable,NoWallInView,,,,-0.04304493,1.19789374,-0.1519016,0.138458773,-0.3144629,-0.0151253054,0.938996,0,0,0,0,0,0,284792.723898223,284792.723898223,0.030942656012484804
29.297943948876263,ac3ae122,SessionTracking,Tracking,30.0664082,29.9948616,1,0.031388438015710562,0.190763891,1.19236112,1,160x90 DepthUint16,"centre=0 min=915 max=27102 hex=0000 0000 0000 0000 0000","centre=1945 min=863 max=2452 hex=05B1 0610 0799 071A 051B",0,0,0,,0,,,None,Unavailable,NoWallUnderCrosshair,,,,"only 0 valid depth samples under crosshair (404 no-data, 0 out-of-range, 37 low-confidence)",0,,,None,Unavailable,NoWallInView,,,,-0.04303714,1.19807184,-0.152285814,0.138984635,-0.315550625,-0.0155505845,0.93854636,0,0,0,0,0,0,284792.757225306,284792.757225306,0.031339114997535944
29.33526608387815,ac3ae122,SessionTracking,Tracking,30.0645561,29.9948616,1,0.036748125014128163,0.1879861,1.16888893,1,160x90 DepthUint16,"centre=0 min=914 max=27261 hex=0000 0000 0000 0000 0000","centre=1965 min=871 max=2466 hex=05B8 061A 07AD 0721 0512",0,0,0,,0,,,None,Unavailable,NoWallUnderCrosshair,,,,"only 0 valid depth samples under crosshair (413 no-data, 0 out-of-range, 28 low-confidence)",0,,,None,Unavailable,NoWallInView,,,,-0.0428943969,1.19820881,-0.152488649,0.1397908,-0.317293,-0.01616335,0.9378286,0,0,0,0,0,0,284792.790552389,284792.790552389,0.036680312012322247
29.36745514687841,ac3ae122,SessionTracking,Tracking,30.066103,29.9948616,1,0.031545365025522187,0.183125,1.13805556,1,160x90 DepthUint16,"centre=0 min=912 max=26979 hex=0000 0000 0000 0000 0000","centre=1939 min=871 max=2450 hex=054F 05BF 0793 071C 0514",0,0,0,,0,,,None,Unavailable,NoWallUnderCrosshair,,,,"only 0 valid depth samples under crosshair (413 no-data, 0 out-of-range, 28 low-confidence)",0,,,None,Unavailable,NoWallInView,,,,-0.0430855,1.198072,-0.152371436,0.140010536,-0.319029778,-0.0163953,0.937202334,0,0,0,0,0,0,284792.823850326,284792.823850326,0.031489115004660562
29.398572281867882,ac3ae122,SessionTracking,Tracking,30.0663242,29.9948616,1,0.030554427008610219,0.181597218,1.14340281,1,160x90 DepthUint16,"centre=0 min=911 max=27079 hex=0000 0000 0000 0000 0000","centre=1971 min=867 max=2457 hex=060D 065C 07B3 072E 0521",0,0,0,,0,,,None,Unavailable,NoWallUnderCrosshair,,,,"only 0 valid depth samples under crosshair (416 no-data, 0 out-of-range, 25 low-confidence)",0,,,None,Unavailable,NoWallInView,,,,-0.0431671366,1.1982429,-0.152805686,0.14033322,-0.3197359,-0.0162270684,0.936916351,0,0,0,0,0,0,284792.857177409,284792.857177409,0.030504010006552562
29.435594417874153,ac3ae122,SessionTracking,Tracking,30.0626812,29.9948616,1,0.036436823022086173,0.181527779,1.14423609,1,160x90 DepthUint16,"centre=0 min=912 max=27033 hex=0000 0000 0000 0000 0000","centre=1961 min=869 max=2451 hex=05C5 0620 07A9 0720 051C",0,0,0,,0,,,None,Unavailable,NoWallUnderCrosshair,,,,"only 0 valid depth samples under crosshair (416 no-data, 0 out-of-range, 25 low-confidence)",0,,,None,Unavailable,NoWallInView,,,,-0.043250557,1.198471,-0.153430492,0.1403473,-0.319509536,-0.01599297,0.9369955,0,0,0,0,0,0,284792.89050449204,284792.89050449204,0.036378334014443681
29.469362437862355,ac3ae122,SessionTracking,Tracking,30.06616,29.9948616,1,0.0331997909815982,0.18305555,1.15166664,1,160x90 DepthUint16,"centre=0 min=913 max=27025 hex=0000 0000 0000 0000 0000","centre=1949 min=873 max=2457 hex=0552 05C2 079D 0722 052F",0,0,0,,0,,,None,Unavailable,NoWallUnderCrosshair,,,,"only 0 valid depth samples under crosshair (413 no-data, 0 out-of-range, 28 low-confidence)",0,,,None,Unavailable,NoWallInView,,,,-0.04213159,1.19898939,-0.154016539,0.140365273,-0.319232166,-0.0164763927,0.937078953,0,0,0,0,0,0,284792.923951412,284792.923951412,0.033154478995129466
29.498553635864436,ac3ae122,SessionTracking,Tracking,30.0636482,29.9948616,1,0.028626979008549824,0.185486108,1.14826393,1,160x90 DepthUint16,"centre=0 min=915 max=27261 hex=0000 0000 0000 0000 0000","centre=1963 min=866 max=2467 hex=0602 0653 07AB 0716 051E",0,0,0,,0,,,None,Unavailable,NoWallUnderCrosshair,,,,"only 0 valid depth samples under crosshair (414 no-data, 0 out-of-range, 27 low-confidence)",0,,,None,Unavailable,NoWallInView,,,,-0.0421410725,1.199262,-0.15470621,0.140625983,-0.318120837,-0.016705662,0.9374137,0,0,0,0,0,0,284792.957278495,284792.957278495,0.02858182298950851
29.53833816787569,ac3ae122,SessionTracking,Tracking,30.0607929,29.9948616,1,0.039213698008097708,0.1892361,1.13715279,1,160x90 DepthUint16,"centre=0 min=917 max=27223 hex=0000 0000 0000 0000 0000","centre=1937 min=879 max=2461 hex=059F 05FE 0791 06FA 04E8",0,0,0,,0,,,None,Unavailable,NoWallUnderCrosshair,,,,"only 0 valid depth samples under crosshair (412 no-data, 0 out-of-range, 29 low-confidence)",0,,,None,Unavailable,NoWallInView,,,,-0.04226445,1.19951582,-0.155562729,0.1406493,-0.316307843,-0.01650366,0.938027,0,0,0,0,0,0,284792.990605578,284792.990605578,0.039167812996311113
29.567327698859071,ac3ae122,SessionTracking,Tracking,30.0662518,29.9948616,1,0.028496510989498347,0.197708338,1.15527773,1,160x90 DepthUint16,"centre=0 min=920 max=27331 hex=0000 0000 0000 0000 0000","centre=1930 min=890 max=2455 hex=05AB 0603 078A 06F1 04E2",0,0,0,,0,,,None,Unavailable,NoWallUnderCrosshair,,,,"only 0 valid depth samples under crosshair (404 no-data, 0 out-of-range, 37 low-confidence)",0,,,None,Unavailable,NoWallInView,,,,-0.0413562134,1.19973636,-0.156454474,0.140917435,-0.313096941,-0.016033411,0.939071655,0,0,0,0,0,0,284793.024371473,284793.024371473,0.028451770980609581
29.598725667855387,ac3ae122,SessionTracking,Tracking,30.0628223,29.9948616,1,0.030839999992167577,0.207222223,1.18868053,1,160x90 DepthUint16,"centre=0 min=762 max=27544 hex=0000 0000 0000 0000 0000","centre=1952 min=884 max=2459 hex=05B0 060E 07A0 0703 04F6",0,0,0,,0,,,None,Unavailable,NoWallUnderCrosshair,,,,"only 0 valid depth samples under crosshair (396 no-data, 0 out-of-range, 45 low-confidence)",0,,,None,Unavailable,NoWallInView,,,,-0.0416952521,1.2000562,-0.157664984,0.141422674,-0.308550954,-0.0155097554,0.940508068,0,0,0,0,0,0,284793.057698556,284793.057698556,0.030776093975873664
29.630431135875323,ac3ae122,SessionTracking,Tracking,30.064661,29.9948616,1,0.031150885013630614,0.220833331,1.23277783,1,160x90 DepthUint16,"centre=0 min=735 max=28046 hex=0000 0000 0000 0000 0000","centre=1943 min=890 max=2460 hex=05CC 0627 0797 06D7 04FD",0,0,0,,0,,,None,Unavailable,NoWallUnderCrosshair,,,,"only 0 valid depth samples under crosshair (387 no-data, 0 out-of-range, 54 low-confidence)",0,,,None,Unavailable,NoWallInView,,,,-0.0421481319,1.20032251,-0.159032077,0.141892746,-0.302794635,-0.0151416371,0.9423124,0,0,0,0,0,0,284793.09102563903,284793.09102563903,0.031096666003577411
29.670068948870675,ac3ae122,SessionTracking,Tracking,30.0634956,29.9948616,1,0.039107292017433792,0.238958329,1.268125,1,160x90 DepthUint16,"centre=0 min=710 max=28256 hex=0000 0000 0000 0000 0000","centre=1915 min=887 max=2444 hex=05A3 0602 077B 06AA 048D",0,0,0,,0,,,None,Unavailable,NoWallUnderCrosshair,,,,"only 0 valid depth samples under crosshair (381 no-data, 0 out-of-range, 60 low-confidence)",0,,,None,Unavailable,NoWallInView,,,,-0.0421601422,1.20062733,-0.160642862,0.142922372,-0.295439571,-0.0151076615,0.9444895,0,0,0,0,0,0,284793.127661989,284793.127661989,0.039060937997419387
29.70093873986384,ac3ae122,SessionTracking,Tracking,30.06525,29.9948616,1,0.030260467989137396,0.25125,1.34083331,1,160x90 DepthUint16,"centre=0 min=705 max=28317 hex=0000 0000 0000 0000 0000","centre=1909 min=897 max=2420 hex=0595 05F2 0775 06B3 049D",0,0,0,,0,,,None,Unavailable,NoWallUnderCrosshair,,,,"only 0 valid depth samples under crosshair (380 no-data, 0 out-of-range, 61 low-confidence)",0,,,None,Unavailable,NoWallInView,,,,-0.0423185267,1.20074558,-0.161763251,0.143729746,-0.289924741,-0.0150221884,0.946076035,0,0,0,0,0,0,284793.160989072,284793.160989072,0.030158228997606784
29.732247854865772,ac3ae122,SessionTracking,Tracking,30.064621,29.9948616,1,0.030773801991017535,0.260416657,1.35736108,1,160x90 DepthUint16,"centre=0 min=708 max=28420 hex=0000 0000 0000 0000 0000","centre=1915 min=897 max=2430 hex=05AD 0606 077B 06AE 0477",0,0,0,,0,,,None,Unavailable,NoWallUnderCrosshair,,,,"only 0 valid depth samples under crosshair (379 no-data, 0 out-of-range, 62 low-confidence)",0,,,None,Unavailable,NoWallInView,,,,-0.04218039,1.20075572,-0.162635714,0.1442633,-0.286250383,-0.0149170766,0.947114766,0,0,0,0,0,0,284793.19431615504,284793.19431615504,0.030721354007255286
29.765236916856292,ac3ae122,SessionTracking,Tracking,30.0659618,29.9948616,1,0.032451613980811089,0.263472229,1.35680556,1,160x90 DepthUint16,"centre=0 min=710 max=28541 hex=0000 0000 0000 0000 0000","centre=1898 min=899 max=2428 hex=05BB 060E 076A 06A6 0468",0,0,0,,0,,,None,Unavailable,NoWallUnderCrosshair,,,,"only 0 valid depth samples under crosshair (379 no-data, 0 out-of-range, 62 low-confidence)",0,,,None,Unavailable,NoWallInView,,,,-0.0425975025,1.201202,-0.163838744,0.144639075,-0.283756375,-0.0148958862,0.947808,0,0,0,0,0,0,284793.227285443,284793.227285443,0.0323914059845265
29.800562906856566,ac3ae122,SessionTracking,Tracking,30.0680866,29.9948616,1,0.034766458004014567,0.268125,1.36388886,1,160x90 DepthUint16,"centre=0 min=712 max=28535 hex=0000 0000 0000 0000 0000","centre=1899 min=893 max=2411 hex=05B2 0606 076B 06A9 046A",0,0,0,,0,,,None,Unavailable,NoWallUnderCrosshair,,,,"only 0 valid depth samples under crosshair (375 no-data, 0 out-of-range, 66 low-confidence)",0,,,None,Unavailable,NoWallInView,,,,-0.0420652963,1.20129192,-0.164617062,0.1445941,-0.282509059,-0.015191257,0.9481827,0,0,0,0,0,0,284793.26061252604,284793.26061252604,0.034722134994808584
29.83145545887869,ac3ae122,SessionTracking,Tracking,30.0660763,29.9948616,1,0.030347552004968747,0.269583344,1.39173615,1,160x90 DepthUint16,"centre=0 min=714 max=28505 hex=0000 0000 0000 0000 0000","centre=1883 min=900 max=2428 hex=059F 05F5 075B 06BB 047D",0,0,0,,0,,,None,Unavailable,NoWallUnderCrosshair,,,,"only 0 valid depth samples under crosshair (374 no-data, 0 out-of-range, 67 low-confidence)",0,,,None,Unavailable,NoWallInView,,,,-0.041515626,1.20144856,-0.165482879,0.144325748,-0.28121078,-0.0154080112,0.9486059,0,0,0,0,0,0,284793.293939609,284793.293939609,0.030296719021862373
29.86448514687704,ac3ae122,SessionTracking,Tracking,30.0691643,29.9948616,1,0.032507813011761755,0.276180565,1.3575,1,160x90 DepthUint16,"centre=0 min=712 max=28625 hex=0000 0000 0000 0000 0000","centre=1875 min=883 max=2438 hex=0596 05EE 0753 06AF 0465",0,0,0,,0,,,None,Unavailable,NoWallUnderCrosshair,,,,"only 0 valid depth samples under crosshair (371 no-data, 0 out-of-range, 70 low-confidence)",0,,,None,Unavailable,NoWallInView,,,,-0.0401409864,1.20130968,-0.159863949,0.1444589,-0.279334426,-0.0162007231,0.9491267,0,0,0,0,0,0,284793.327603787,284793.327603787,0.032463750016177073
29.903722906855318,ac3ae122,SessionTracking,Tracking,30.0662518,29.9948616,1,0.038724009995348752,0.281041652,1.41527772,1,160x90 DepthUint16,"centre=0 min=714 max=28589 hex=0000 0000 0000 0000 0000","centre=1905 min=891 max=2439 hex=05A3 05FD 0771 069E 0434",0,0,0,,0,,,None,Unavailable,NoWallUnderCrosshair,,,,"only 0 valid depth samples under crosshair (372 no-data, 0 out-of-range, 69 low-confidence)",0,,,None,Unavailable,NoWallInView,,,,-0.03973919,1.20157468,-0.160433292,0.144316956,-0.276651353,-0.01629397,0.9499322,0,0,0,0,0,0,284793.36093087,284793.36093087,0.038678384997183457
29.932892593867063,ac3ae122,SessionTracking,Tracking,30.0662537,29.9948616,1,0.028444374998798594,0.289652765,1.47444439,1,160x90 DepthUint16,"centre=0 min=717 max=28550 hex=0000 0000 0000 0000 0000","centre=1916 min=910 max=2445 hex=05B3 060B 077C 06B7 0433",0,0,0,,0,,,None,Unavailable,NoWallUnderCrosshair,,,,"only 0 valid depth samples under crosshair (370 no-data, 0 out-of-range, 71 low-confidence)",0,,,None,Unavailable,NoWallInView,,,,-0.03953225,1.20191467,-0.161048889,0.144582346,-0.272899449,-0.01637867,0.95097506,0,0,0,0,0,0,284793.39425795304,284793.39425795304,0.028397968009812757
29.964359312863007,ac3ae122,SessionTracking,Tracking,30.0677032,29.9948616,1,0.030859218997647986,0.303055555,1.52708328,1,160x90 DepthUint16,"centre=1438 min=713 max=28772 hex=0000 0000 059E 0000 0000","centre=1881 min=884 max=2437 hex=05B2 0604 0759 0698 03F5",0,0,0,,0,,,None,Unavailable,NoWallUnderCrosshair,,,,"only 0 valid depth samples under crosshair (369 no-data, 0 out-of-range, 72 low-confidence)",0,,,None,Unavailable,NoWallInView,,,,-0.0404218361,1.19870651,-0.1519976,0.145456642,-0.267886668,-0.0162052512,0.952269137,0,0,0,0,0,0,284793.427489657,284793.427489657,0.030813958001090214
30.005375354862689,ac3ae122,SessionTracking,Tracking,30.06684,29.9948616,1,0.040507708006771281,0.312916666,1.6044445,1,160x90 DepthUint16,"centre=0 min=715 max=28860 hex=0000 0000 0000 0000 0000","centre=1860 min=885 max=2419 hex=05AA 05FC 0744 0676 03EE",0,0,0,,0,,,None,Unavailable,NoWallUnderCrosshair,,,,"only 0 valid depth samples under crosshair (370 no-data, 0 out-of-range, 71 low-confidence)",0,,,None,Unavailable,NoWallInView,,,,-0.0402743071,1.19880283,-0.15187633,0.145858318,-0.26337114,-0.0161189437,0.953467965,0,0,0,0,0,0,284793.46081674,284793.46081674,0.040462917007971555
30.036598843863384,ac3ae122,SessionTracking,Tracking,30.06635,29.9948616,1,0.030393177003134042,0.319791675,1.69715273,1,160x90 DepthUint16,"centre=1494 min=717 max=28948 hex=0000 0000 05D6 0000 0000","centre=1869 min=878 max=2414 hex=05A8 05FE 074D 067C 03E5",0,0,0,,0,,,None,Unavailable,NoWallUnderCrosshair,,,,"only 0 valid depth samples under crosshair (365 no-data, 0 out-of-range, 76 low-confidence)",0,,,None,Unavailable,NoWallInView,,,,-0.0397222936,1.19883168,-0.151651561,0.145819515,-0.2602348,-0.0167358518,0.954324067,0,0,0,0,0,0,284793.49414382305,284793.49414382305,0.030283489002613351
30.066921448879793,ac3ae122,SessionTracking,Tracking,30.06709,29.9948616,1,0.029631198005517945,0.326805562,1.72215283,1,160x90 DepthUint16,"centre=1497 min=719 max=29071 hex=0000 0000 05D9 0000 0000","centre=1855 min=888 max=2419 hex=05C6 0612 073F 0663 03FA",0,0,0,,0,,,None,Unavailable,NoWallUnderCrosshair,,,,"only 0 valid depth samples under crosshair (357 no-data, 0 out-of-range, 84 low-confidence)",0,,,None,Unavailable,NoWallInView,,,,-0.0392596722,1.20044339,-0.154518545,0.145761892,-0.258670449,-0.0166931767,0.9547588,0,0,0,0,0,0,284793.527321607,284793.527321607,0.0295837500016205
30.098350250852445,ac3ae122,SessionTracking,Tracking,30.0670261,29.9948616,1,0.030841354979202151,0.328541666,1.76583338,1,160x90 DepthUint16,"centre=0 min=722 max=29038 hex=0000 0000 0000 0000 0000","centre=1856 min=896 max=2414 hex=05BE 060B 0740 066C 03F6",0,0,0,,0,,,None,Unavailable,NoWallUnderCrosshair,,,,"only 0 valid depth samples under crosshair (361 no-data, 0 out-of-range, 80 low-confidence)",0,,,None,Unavailable,NoWallInView,,,,-0.03872466,1.20055544,-0.154136717,0.1463205,-0.25706774,-0.01636815,0.9551118,0,0,0,0,0,0,284793.56064869004,284793.56064869004,0.0307908859977033
30.136177333878504,ac3ae122,SessionTracking,Tracking,30.0671539,29.9948616,1,0.037257292016875,0.331319451,1.72680557,1,160x90 DepthUint16,"centre=0 min=721 max=29037 hex=0000 0000 0000 0000 0000","centre=1857 min=897 max=2423 hex=05BF 060B 0741 0669 03F4",0,0,0,,0,,,None,Unavailable,NoWallUnderCrosshair,,,,"only 0 valid depth samples under crosshair (362 no-data, 0 out-of-range, 79 low-confidence)",0,,,None,Unavailable,NoWallInView,,,,-0.03812851,1.20058262,-0.153701544,0.146660388,-0.255811036,-0.01586026,0.955405653,0,0,0,0,0,0,284793.593975773,284793.593975773,0.037200521008344367
30.165173323874978,ac3ae122,SessionTracking,Tracking,30.0674019,29.9948616,1,0.028413959022145718,0.337152779,1.83333337,1,160x90 DepthUint16,"centre=1462 min=722 max=29140 hex=0000 0000 05B6 0000 0000","centre=1842 min=902 max=2425 hex=05C5 060B 0732 066B 03F2",0,0,0,,0,,,None,Unavailable,NoWallUnderCrosshair,,,,"only 0 valid depth samples under crosshair (361 no-data, 0 out-of-range, 80 low-confidence)",0,,,None,Unavailable,NoWallInView,,,,-0.0375992954,1.20007408,-0.153030336,0.1470047,-0.254207641,-0.0154110789,0.955788,0,0,0,0,0,0,284793.627346434,284793.627346434,0.02835713600507006
30.197163479860091,ac3ae122,SessionTracking,Tracking,30.0688572,29.9948616,1,0.031477655982598662,0.341597229,1.81083333,1,160x90 DepthUint16,"centre=1462 min=720 max=29050 hex=0000 0000 05B6 0000 0000","centre=1828 min=896 max=2413 hex=05B9 05FE 0724 0668 03F1",0,0,0,,0,,,None,Unavailable,NoWallUnderCrosshair,,,,"only 0 valid depth samples under crosshair (355 no-data, 0 out-of-range, 86 low-confidence)",0,,,None,Unavailable,NoWallInView,,,,-0.037062265,1.20004153,-0.152543217,0.147663385,-0.2521264,-0.0150798867,0.956242859,0,0,0,0,0,0,284793.660416698,284793.660416698,0.031430103990715
30.23610462588017,ac3ae122,SessionTracking,Tracking,30.0686665,29.9502583,1,0.038432291999924928,0.3492361,1.90375,1,160x90 DepthUint16,"centre=1473 min=721 max=29052 hex=0000 0000 05C1 0000 0000","centre=1827 min=882 max=2401 hex=05B2 05FA 0723 0657 03E2",0,0,0,,0,,,None,Unavailable,NoWallUnderCrosshair,,,,"only 0 valid depth samples under crosshair (348 no-data, 2 out-of-range, 91 low-confidence)",0,,,None,Unavailable,NoWallInView,,,,-0.03645426,1.200019,-0.152078271,0.148311138,-0.24975571,-0.0150379548,0.956765234,0,0,0,0,0,0,284793.693743781,284793.693743781,0.038379063014872372
30.266859156857162,ac3ae122,SessionTracking,Tracking,30.0668259,29.9502583,1,0.030189687997335568,0.355416656,1.90486109,1,160x90 DepthUint16,"centre=1486 min=722 max=29234 hex=0000 0000 05CE 0000 0000","centre=1825 min=831 max=2406 hex=05B8 05F8 0721 0665 041F",0,0,0,,0,,,None,Unavailable,NoWallUnderCrosshair,,,,"only 0 valid depth samples under crosshair (340 no-data, 1 out-of-range, 100 low-confidence)",0,,,None,Unavailable,NoWallInView,,,,-0.0359650254,1.19989371,-0.151950479,0.1486125,-0.247135863,-0.0150424559,0.957398534,0,0,0,0,0,0,284793.72706722503,284793.72706722503,0.030143905984004959
30.298415406860794,ac3ae122,SessionTracking,Tracking,30.0674324,29.9502583,1,0.03102906298590824,0.360069454,1.95673609,1,160x90 DepthUint16,"centre=1487 min=723 max=29311 hex=0000 0000 05CF 0000 0000","centre=1822 min=872 max=2407 hex=05BA 05F9 071E 0659 041B",0,0,0,,0,,,None,Unavailable,NoWallUnderCrosshair,,,,"only 0 valid depth samples under crosshair (334 no-data, 3 out-of-range, 104 low-confidence)",0,,,None,Unavailable,NoWallInView,,,,-0.0351043865,1.19969332,-0.151474744,0.14859286,-0.245247424,-0.0153148174,0.9578827,0,0,0,0,0,0,284793.760394308,284793.760394308,0.030977135989814997
30.331141239867929,ac3ae122,SessionTracking,Tracking,30.0669918,29.9502583,1,0.032177238987060264,0.3638889,1.94395828,1,160x90 DepthUint16,"centre=1476 min=723 max=29301 hex=0000 0000 05C4 0000 0000","centre=1823 min=844 max=2409 hex=05B8 05F6 071F 065B 041A",0,0,0,,0,,,None,Unavailable,NoWallUnderCrosshair,,,,"only 0 valid depth samples under crosshair (323 no-data, 1 out-of-range, 117 low-confidence)",0,,,None,Unavailable,NoWallInView,,,,-0.0342913941,1.19948483,-0.150832027,0.149047,-0.2433268,-0.0153752267,0.958300948,0,0,0,0,0,0,284793.793455716,284793.793455716,0.032124374993145466
30.367787125861422,ac3ae122,SessionTracking,Tracking,30.065897,29.9502583,1,0.036154739995254204,0.371041656,2.00527787,1,160x90 DepthUint16,"centre=1477 min=727 max=29138 hex=0000 0000 05C5 0000 0000","centre=1847 min=845 max=2386 hex=05CF 060E 0737 0645 0411",0,0,0,,0,,,None,Unavailable,NoWallUnderCrosshair,,,,"only 0 valid depth samples under crosshair (326 no-data, 4 out-of-range, 111 low-confidence)",0,,,None,Unavailable,NoWallInView,,,,-0.03430773,1.19892931,-0.151112348,0.150152415,-0.2406891,-0.01488024,0.958802164,0,0,0,0,0,0,284793.826764323,284793.826764323,0.036106249986914918
30.3994250418536,ac3ae122,SessionTracking,Tracking,30.0674877,29.9502583,1,0.031101926986593753,0.375902772,2.07583332,1,160x90 DepthUint16,"centre=1506 min=726 max=29296 hex=0000 462C 05E2 0000 0000","centre=1835 min=842 max=2395 hex=05C8 0607 072B 0642 0419",0,0,0,,0,,,None,Unavailable,NoWallUnderCrosshair,,,,"only 0 valid depth samples under crosshair (316 no-data, 3 out-of-range, 122 low-confidence)",0,,,None,Unavailable,NoWallInView,,,,-0.033704143,1.19878423,-0.150510639,0.150953114,-0.238331586,-0.0145054171,0.959271,0,0,0,0,0,0,284793.86009140604,284793.86009140604,0.031052915990585461
30.431491812857484,ac3ae122,SessionTracking,Tracking,30.0672474,29.9502583,1,0.031477240001549944,0.3825,2.07034731,1,160x90 DepthUint16,"centre=1506 min=390 max=29310 hex=0000 462C 05E2 0000 0000","centre=1820 min=817 max=2400 hex=05BD 05FB 071C 0633 0403",0,0,0,,0,,,None,Unavailable,NoWallUnderCrosshair,,,,"only 0 valid depth samples under crosshair (312 no-data, 6 out-of-range, 123 low-confidence)",0,,,None,Unavailable,NoWallInView,,,,-0.0329033136,1.19866252,-0.150024384,0.151066452,-0.236370087,-0.01449433,0.9597385,0,0,0,0,0,0,284793.893148387,284793.893148387,0.031413332995725796
30.471494989868869,ac3ae122,SessionTracking,Tracking,30.06684,29.9502583,1,0.039510311995400116,0.386319458,2.14347219,1,160x90 DepthUint16,"centre=1506 min=391 max=29403 hex=0000 4623 05E2 0000 0000","centre=1811 min=843 max=2403 hex=05AA 05E9 0713 0631 03EE",0,0,0,,0,,,None,Unavailable,NoWallUnderCrosshair,,,,"only 0 valid depth samples under crosshair (297 no-data, 4 out-of-range, 140 low-confidence)",0,,,None,Unavailable,NoWallInView,,,,-0.03316115,1.19918013,-0.150211275,0.151422873,-0.234045655,-0.0145347137,0.960251331,0,0,0,0,0,0,284793.926465776,284793.926465776,0.039462812012061477
30.500988583858042,ac3ae122,SessionTracking,Tracking,30.06591,29.9502583,1,0.028825155983213335,0.393819451,2.12569451,1,160x90 DepthUint16,"centre=0 min=389 max=29361 hex=0000 4606 0000 0000 0000","centre=1818 min=855 max=2360 hex=05B8 05F4 071A 0623 03F2",0,0,0,,0,,,None,Unavailable,NoWallUnderCrosshair,,,,"only 0 valid depth samples under crosshair (297 no-data, 6 out-of-range, 138 low-confidence)",0,,,None,Unavailable,NoWallInView,,,,-0.0324293,1.19929135,-0.1498593,0.1518142,-0.231537357,-0.0147554884,0.960794032,0,0,0,0,0,0,284793.95979285904,284793.95979285904,0.028751926991390064
30.53172722987706,ac3ae122,SessionTracking,Tracking,30.0665512,29.9502583,1,0.030184896022547036,0.400138885,2.14854169,1,160x90 DepthUint16,"centre=0 min=389 max=29665 hex=0000 45EA 0000 0000 0000","centre=1804 min=858 max=2395 hex=05C9 05FF 070C 0619 03F2",0,0,0,,0,,,None,Unavailable,NoWallUnderCrosshair,,,,"only 0 valid depth samples under crosshair (282 no-data, 4 out-of-range, 155 low-confidence)",0,,,None,Unavailable,NoWallInView,,,,-0.0317697,1.19938624,-0.149531588,0.1522726,-0.228584021,-0.01493022,0.9614258,0,0,0,0,0,0,284793.993119942,284793.993119942,0.030134636006550863
30.563874937876744,ac3ae122,SessionTracking,Tracking,30.06687,29.9502583,1,0.03161447899765335,0.4065278,2.18694448,1,160x90 DepthUint16,"centre=0 min=390 max=29630 hex=0000 0000 0000 0000 0000","centre=1812 min=870 max=2393 hex=05BB 05F4 0714 0626 03D2",0,0,0,,0,,,None,Unavailable,NoWallUnderCrosshair,,,,"only 0 valid depth samples under crosshair (270 no-data, 4 out-of-range, 167 low-confidence)",0,,,None,Unavailable,NoWallInView,,,,-0.03235314,1.199557,-0.150166035,0.152325287,-0.225452915,-0.0148208439,0.9621582,0,0,0,0,0,0,284794.02641925303,284794.02641925303,0.031558438000502065
30.60373696887741,ac3ae122,SessionTracking,Tracking,30.0676918,29.9502583,1,0.03926671901717782,0.41125,2.15111113,1,160x90 DepthUint16,"centre=0 min=390 max=29718 hex=0000 0000 0000 0000 0000","centre=1799 min=833 max=2357 hex=05C2 05F9 0707 060B 03CD",0,0,0,,0,,,None,Unavailable,NoWallUnderCrosshair,,,,"only 0 valid depth samples under crosshair (268 no-data, 4 out-of-range, 169 low-confidence)",0,,,None,Unavailable,NoWallInView,,,,-0.03172324,1.199463,-0.149817675,0.1526719,-0.223097831,-0.0149378777,0.962650239,0,0,0,0,0,0,284794.059471805,284794.059471805,0.039196927013108507
30.633561499874258,ac3ae122,SessionTracking,Tracking,30.066864,29.9502583,1,0.029197708005085588,0.419236124,2.233472,1,160x90 DepthUint16,"centre=0 min=389 max=29705 hex=0000 0000 0000 0000 0000","centre=1786 min=862 max=2385 hex=05D0 0605 06FA 0620 03D7",0,0,0,,0,,,None,Unavailable,NoWallUnderCrosshair,,,,"only 0 valid depth samples under crosshair (257 no-data, 4 out-of-range, 180 low-confidence)",0,,,None,Unavailable,NoWallInView,,,,-0.0310989842,1.19942224,-0.14941144,0.153098673,-0.22067517,-0.0148647428,0.9631419,0,0,0,0,0,0,284794.09279888804,284794.09279888804,0.029139843012671918
30.6648148858721,ac3ae122,SessionTracking,Tracking,30.0670624,29.9502583,1,0.030741146008949727,0.4213889,2.155139,1,160x90 DepthUint16,"centre=0 min=382 max=29776 hex=0000 0000 0000 0000 0000","centre=1780 min=864 max=2387 hex=05B8 05EF 06F4 05F3 03DE",0,0,0,,0,,,None,Unavailable,NoWallUnderCrosshair,,,,"only 0 valid depth samples under crosshair (258 no-data, 5 out-of-range, 178 low-confidence)",0,,,None,Unavailable,NoWallInView,,,,-0.0321219452,1.19952738,-0.150536388,0.1532554,-0.217688531,-0.0143119991,0.963804841,0,0,0,0,0,0,284794.126126529,284794.126126529,0.030536823003785685
30.697872177864109,ac3ae122,SessionTracking,Tracking,30.0665,29.9502583,1,0.032543437991989776,0.431666672,2.23041677,1,160x90 DepthUint16,"centre=0 min=383 max=29879 hex=0000 0000 0000 0000 0000","centre=1785 min=882 max=2356 hex=05D8 060D 06F9 05E5 03BF",0,0,0,,0,,,None,Unavailable,NoWallUnderCrosshair,,,,"only 0 valid depth samples under crosshair (243 no-data, 6 out-of-range, 192 low-confidence)",0,,,None,Unavailable,NoWallInView,,,,-0.031741824,1.199518,-0.150203824,0.153924376,-0.2150186,-0.0140448511,0.964301348,0,0,0,0,0,0,284794.159453612,284794.159453612,0.032499322987860069
30.734741291867021,ac3ae122,SessionTracking,Tracking,30.0666351,29.9502583,1,0.034759270987706259,0.4365278,2.250903,1,160x90 DepthUint16,"centre=0 min=384 max=29845 hex=0000 0000 0000 0000 0000","centre=1785 min=890 max=2387 hex=05CE 0604 06F9 05D7 03CD",0,0,0,,0,,,None,Unavailable,NoWallUnderCrosshair,,,,"only 0 valid depth samples under crosshair (236 no-data, 10 out-of-range, 195 low-confidence)",0,,,None,Unavailable,NoWallInView,,,,-0.0313586444,1.1994698,-0.14999792,0.154121727,-0.212386668,-0.013803333,0.9648564,0,0,0,0,0,0,284794.19249288103,284794.19249288103,0.034702551987720653
30.769270458861637,ac3ae122,SessionTracking,Tracking,30.0672035,29.9502583,1,0.033784636005293578,0.441527784,2.203889,1,160x90 DepthUint16,"centre=0 min=385 max=29848 hex=0000 0000 0000 0000 0000","centre=1783 min=865 max=2379 hex=05C3 05FA 06F7 05D5 03D0",0,0,0,,0,,,None,Unavailable,NoWallUnderCrosshair,,,,"only 0 valid depth samples under crosshair (228 no-data, 8 out-of-range, 205 low-confidence)",0,,,None,Unavailable,NoWallInView,,,,-0.03244199,1.19952583,-0.150995716,0.154179,-0.209223777,-0.0134305069,0.9655433,0,0,0,0,0,0,284794.22584384005,284794.22584384005,0.033699010993586853
30.802262489879421,ac3ae122,SessionTracking,Tracking,30.067894,29.9502583,1,0.032236146013019606,0.4488889,2.28166676,1,160x90 DepthUint16,"centre=0 min=383 max=29831 hex=0000 0000 0000 0000 0000","centre=1789 min=874 max=2355 hex=05D5 060D 06FD 05D9 03E4",0,0,0,,0,,,None,Unavailable,NoWallUnderCrosshair,,,,"only 0 valid depth samples under crosshair (218 no-data, 10 out-of-range, 213 low-confidence)",0,,,None,Unavailable,NoWallInView,,,,-0.0320263766,1.199504,-0.150776252,0.1546893,-0.207243636,-0.0133569539,0.9658897,0,0,0,0,0,0,284794.25917092303,284794.25917092303,0.032142292009666562
30.836600041852716,ac3ae122,SessionTracking,Tracking,30.0693054,29.9502583,1,0.033594218984944746,0.452083319,2.21631956,1,160x90 DepthUint16,"centre=0 min=384 max=29777 hex=0000 0000 0000 0000 0000","centre=1762 min=846 max=2376 hex=05C1 05F5 06E2 05D9 03E3",0,0,0,,0,,,None,Unavailable,NoWallUnderCrosshair,,,,"only 0 valid depth samples under crosshair (212 no-data, 10 out-of-range, 219 low-confidence)",0,,,None,Unavailable,NoWallInView,,,,-0.03168635,1.199488,-0.150696039,0.154812932,-0.204854488,-0.0132623315,0.9663808,0,0,0,0,0,0,284794.292498006,284794.292498006,0.0335067709966097
30.868925770852865,ac3ae122,SessionTracking,Tracking,30.0687866,29.9502583,1,0.031571093975799158,0.4604861,2.30951381,1,160x90 DepthUint16,"centre=0 min=385 max=29960 hex=0000 0000 0000 0000 0000","centre=1775 min=845 max=2366 hex=05C4 05FB 06EF 05D9 0406",0,0,0,,0,,,None,Unavailable,NoWallUnderCrosshair,,,,"only 0 valid depth samples under crosshair (198 no-data, 12 out-of-range, 231 low-confidence)",0,,,None,Unavailable,NoWallInView,,,,-0.0318322256,1.19935954,-0.151225626,0.154871732,-0.201527864,-0.0131964386,0.9670714,0,0,0,0,0,0,284794.325853808,284794.325853808,0.031488436972722411
30.903089676859008,ac3ae122,SessionTracking,Tracking,30.0690861,29.9502583,1,0.033449009992182255,0.46375,2.3209722,1,160x90 DepthUint16,"centre=0 min=386 max=29848 hex=0000 0000 0000 0000 0000","centre=1773 min=865 max=2357 hex=05CE 0605 06ED 05F5 0409",0,0,0,,0,,,None,Unavailable,NoWallUnderCrosshair,,,,"only 0 valid depth samples under crosshair (190 no-data, 16 out-of-range, 235 low-confidence)",0,,,None,Unavailable,NoWallInView,,,,-0.0315105841,1.19929874,-0.151033819,0.155282259,-0.1988908,-0.0133123994,0.9675498,0,0,0,0,0,0,284794.358893076,284794.358893076,0.03336244699312374
30.936856395876884,ac3ae122,SessionTracking,Tracking,30.0692272,29.9502583,1,0.032956719020148739,0.469166666,2.37319446,1,160x90 DepthUint16,"centre=0 min=387 max=30053 hex=0000 0000 0000 0000 0000","centre=1771 min=870 max=2347 hex=05BA 05F4 06EB 0615 0429",0,0,0,,0,,,None,Unavailable,NoWallUnderCrosshair,,,,"only 0 valid depth samples under crosshair (177 no-data, 16 out-of-range, 248 low-confidence)",0,,,None,Unavailable,NoWallInView,,,,-0.0309757255,1.199207,-0.150750861,0.155689344,-0.197125331,-0.0137946606,0.9678389,0,0,0,0,0,0,284794.392220159,284794.392220159,0.032873125019250438
30.970979520868195,ac3ae122,SessionTracking,Tracking,30.0686245,29.9502583,1,0.033134792000055313,0.470069438,2.33222222,1,160x90 DepthUint16,"centre=0 min=387 max=30110 hex=0000 0000 0000 0000 0000","centre=1770 min=850 max=2370 hex=05CF 0604 06EA 0636 042A",0,0,0,,0,,,None,Unavailable,NoWallUnderCrosshair,,,,"only 0 valid depth samples under crosshair (174 no-data, 16 out-of-range, 251 low-confidence)",0,,,None,Unavailable,NoWallInView,,,,-0.0313720256,1.19927323,-0.151318371,0.155943841,-0.195578471,-0.0141752679,0.96810627,0,0,0,0,0,0,284794.42557216604,284794.42557216604,0.033030624996172264
31.001331395868828,ac3ae122,SessionTracking,Tracking,30.0682545,29.9502583,1,0.029636457999004051,0.474097222,2.370139,1,160x90 DepthUint16,"centre=0 min=388 max=30106 hex=0000 0000 0000 0000 0000","centre=1786 min=884 max=2362 hex=05D5 060B 06FA 0630 0418",0,0,0,,0,,,None,Unavailable,NoWallUnderCrosshair,,,,"only 0 valid depth samples under crosshair (166 no-data, 17 out-of-range, 258 low-confidence)",0,,,None,Unavailable,NoWallInView,,,,-0.0309409276,1.19917071,-0.150986657,0.156548589,-0.193970591,-0.014149636,0.9683325,0,0,0,0,0,0,284794.45889924903,284794.45889924903,0.029554009990533814
31.038719989875016,ac3ae122,SessionTracking,Tracking,30.0677433,29.9502583,1,0.036694792011985555,0.477430552,2.388264,1,160x90 DepthUint16,"centre=0 min=388 max=30157 hex=0000 060F 0000 0000 0000","centre=1775 min=866 max=2341 hex=05CF 0605 06EF 0628 0429",0,0,0,,0,,,None,Unavailable,NoWallUnderCrosshair,,,,"only 0 valid depth samples under crosshair (155 no-data, 18 out-of-range, 268 low-confidence)",0,,,None,Unavailable,NoWallInView,,,,-0.030545529,1.19913852,-0.150684953,0.157237858,-0.192260146,-0.014329195,0.9685592,0,0,0,0,0,0,284794.492226332,284794.492226332,0.036612865020288154
31.070278166872367,ac3ae122,SessionTracking,Tracking,30.0681057,29.9502583,1,0.030624323000665754,0.481180549,2.434375,1,160x90 DepthUint16,"centre=0 min=390 max=30168 hex=0000 0610 0000 0000 0000","centre=1790 min=857 max=2341 hex=05EE 0621 06FE 063C 0430",0,0,0,,0,,,None,Unavailable,NoWallUnderCrosshair,,,,"only 0 valid depth samples under crosshair (152 no-data, 18 out-of-range, 271 low-confidence)",0,,,None,Unavailable,NoWallInView,,,,-0.029942587,1.19922149,-0.151726335,0.157275841,-0.189509675,-0.0144827068,0.9690927,0,0,0,0,0,0,284794.52554302604,284794.52554302604,0.030515051999827847
31.101688531859462,ac3ae122,SessionTracking,Tracking,30.0679474,29.9502583,1,0.029974739998579025,0.484791666,2.41104174,1,160x90 DepthUint16,"centre=0 min=391 max=30254 hex=0000 0610 0000 3B64 44D5","centre=1781 min=837 max=2363 hex=05D8 060E 06F5 0647 0432",0,0,0,,0,,,None,Unavailable,NoWallUnderCrosshair,,,,"only 0 valid depth samples under crosshair (135 no-data, 21 out-of-range, 285 low-confidence)",0,,,None,Unavailable,NoWallInView,,,,-0.0295557752,1.19925642,-0.151619643,0.157712936,-0.187328547,-0.0146241486,0.96944356,0,0,0,0,0,0,284794.55887010903,284794.55887010903,0.02988744800677523
31.134602124852744,ac3ae122,SessionTracking,Tracking,30.0678635,29.9502583,1,0.032242499990388751,0.4876389,2.541389,1,160x90 DepthUint16,"centre=0 min=392 max=30227 hex=0000 0610 0000 3A99 44D7","centre=1775 min=842 max=2342 hex=05C4 05FB 06EF 063A 0439",0,0,0,,0,,,None,Unavailable,NoWallUnderCrosshair,,,,"only 0 valid depth samples under crosshair (135 no-data, 22 out-of-range, 284 low-confidence)",0,,,None,Unavailable,NoWallInView,,,,-0.0292029381,1.19929576,-0.151564419,0.157941669,-0.1850805,-0.0147354612,0.969836354,0,0,0,0,0,0,284794.592197192,284794.592197192,0.032159947993932292
31.168783218853559,ac3ae122,SessionTracking,Tracking,30.0680771,29.9502583,1,0.033112707984400913,0.494027764,2.48305559,1,160x90 DepthUint16,"centre=0 min=393 max=30226 hex=0000 0000 0000 3B53 44CD","centre=1784 min=854 max=2325 hex=05D8 060D 06F8 0642 0448",0,0,0,,0,,,None,Unavailable,NoWallUnderCrosshair,,,,"only 0 valid depth samples under crosshair (114 no-data, 22 out-of-range, 305 low-confidence)",0,,,None,Unavailable,NoWallInView,,,,-0.028876,1.19947433,-0.152208269,0.1580003,-0.182288781,-0.0149439871,0.9703522,0,0,0,0,0,0,284794.62522266305,284794.62522266305,0.033007395977620035
31.201926968867109,ac3ae122,SessionTracking,Tracking,30.0682926,29.9502583,1,0.02981494800769724,0.494375,2.567014,1,160x90 DepthUint16,"centre=0 min=394 max=30127 hex=0000 0000 0000 3AA1 3AC0","centre=1777 min=853 max=2326 hex=05E1 0612 06F1 063C 044B",0,0,0,,0,,,None,Unavailable,NoWallUnderCrosshair,,,,"only 0 valid depth samples under crosshair (115 no-data, 23 out-of-range, 303 low-confidence)",0,,,None,Unavailable,NoWallInView,,,,-0.0283917412,1.19950378,-0.152124345,0.158255056,-0.18078728,-0.015236944,0.970587,0,0,0,0,0,0,284794.65824422,284794.65824422,0.029722239996772259
31.235978635863784,ac3ae122,SessionTracking,Tracking,30.0682983,29.9502583,1,0.033103489986388013,0.496111125,2.48694444,1,160x90 DepthUint16,"centre=3616 min=394 max=30174 hex=0000 0000 0E20 3A4F 34A9","centre=1782 min=843 max=2353 hex=05EB 061B 06F6 064D 0446",0,0,0,,0,,,None,Unavailable,NoWallUnderCrosshair,,,,"only 0 valid depth samples under crosshair (98 no-data, 23 out-of-range, 320 low-confidence)",0,,,None,Unavailable,NoWallInView,,,,-0.0279884785,1.199525,-0.1520252,0.1585421,-0.179175735,-0.0152283013,0.970839143,0,0,0,0,0,0,284794.690933684,284794.690933684,0.032988333987304941
31.26472264585659,ac3ae122,SessionTracking,Tracking,30.0681973,30.1375237,1,0.028093593980884179,0.4995139,2.557014,1,160x90 DepthUint16,"centre=3631 min=396 max=30157 hex=0000 0000 0E2F 3A3A 2E87","centre=1793 min=847 max=2319 hex=05EA 061B 0701 0651 044C",0,0,0,,0,,,None,Unavailable,NoWallUnderCrosshair,,,,"only 0 valid depth samples under crosshair (95 no-data, 22 out-of-range, 324 low-confidence)",0,,,None,Unavailable,NoWallInView,,,,-0.0277655944,1.19941616,-0.152702227,0.158622041,-0.176719323,-0.0151016712,0.9712782,0,0,0,0,0,0,284794.724259115,284794.724259115,0.028021926991641521
31.303572333875263,ac3ae122,SessionTracking,Tracking,30.0675735,30.1375237,1,0.038195989996893331,0.5004167,2.53416657,1,160x90 DepthUint16,"centre=3583 min=396 max=30149 hex=0000 0000 0DFF 3A25 2B8E","centre=1784 min=875 max=2293 hex=05E7 0617 06F8 0647 0450",0,0,0,,0,,,None,Unavailable,NoWallUnderCrosshair,,,,"only 0 valid depth samples under crosshair (84 no-data, 25 out-of-range, 332 low-confidence)",0,,,None,Unavailable,NoWallInView,,,,-0.027311381,1.199449,-0.15258944,0.158893213,-0.175161645,-0.0150618851,0.9715166,0,0,0,0,0,0,284794.75758619804,284794.75758619804,0.038130782020743936
31.335804885856259,ac3ae122,SessionTracking,Tracking,30.0677872,30.1375237,1,0.028709687991067767,0.502986133,2.50541663,1,160x90 DepthUint16,"centre=3573 min=397 max=30242 hex=0000 0000 0DF5 3A1E 28F6","centre=1794 min=872 max=2286 hex=05E9 061B 0702 0641 0442",0,0,0,,0,,,None,Unavailable,NoWallUnderCrosshair,,,,"only 0 valid depth samples under crosshair (74 no-data, 24 out-of-range, 343 low-confidence)",0,,,None,Unavailable,NoWallInView,,,,-0.0268090814,1.19953442,-0.152459219,0.159091279,-0.173847809,-0.0151522458,0.9717188,0,0,0,0,0,0,284794.790581187,284794.790581187,0.026198906998615712
31.366322958862792,ac3ae122,SessionTracking,Tracking,30.0696,30.1375237,1,0.026248178008245304,0.505625,2.60256934,1,160x90 DepthUint16,"centre=3433 min=400 max=30162 hex=0000 0BA8 0D69 3A3A 24ED","centre=1736 min=774 max=2243 hex=05EC 0619 06C8 05B1 043A",0,0,0,,0,,,None,Unavailable,NoWallUnderCrosshair,,,,"only 0 valid depth samples under crosshair (68 no-data, 25 out-of-range, 348 low-confidence)",0,,,None,Unavailable,NoWallInView,,,,-0.0255858861,1.20072222,-0.154550627,0.159383178,-0.171098888,-0.01530707,0.9721563,0,0,0,0,0,0,284794.823911688,284794.823911688,0.026162864989601076
31.401435718863421,ac3ae122,SessionTracking,Tracking,30.071804,30.1375237,1,0.034318072983296588,0.5088889,2.59715271,1,160x90 DepthUint16,"centre=3223 min=400 max=30382 hex=0000 0BA5 0C97 3A7A 235B","centre=1738 min=777 max=2252 hex=05E4 0611 06CA 05B0 0442",0,0,0,,0,,,None,Unavailable,NoWallUnderCrosshair,,,,"only 0 valid depth samples under crosshair (53 no-data, 25 out-of-range, 363 low-confidence)",0,,,None,Unavailable,NoWallInView,,,,-0.0251352116,1.20096636,-0.154549256,0.159546316,-0.1693283,-0.0152415643,0.972440541,0,0,0,0,0,0,284794.856897822,284794.856897822,0.034231926983920857
31.434914103875553,ac3ae122,SessionTracking,Tracking,30.0698681,30.1375237,1,0.032788854005048051,0.509375,2.676875,1,160x90 DepthUint16,"centre=2978 min=401 max=30246 hex=0000 0BA1 0BA2 4107 1F80","centre=1733 min=779 max=2225 hex=05EA 0617 06C5 05B1 0444",0,0,0,,0,,,None,Unavailable,NoWallUnderCrosshair,,,,"only 0 valid depth samples under crosshair (53 no-data, 23 out-of-range, 365 low-confidence)",0,,,None,Unavailable,NoWallInView,,,,-0.0247679837,1.20124209,-0.154651061,0.159377515,-0.167406291,-0.0149922967,0.9728048,0,0,0,0,0,0,284794.89022490504,284794.89022490504,0.032699531002435833
31.466456760876962,ac3ae122,SessionTracking,Tracking,30.0699253,30.1375237,1,0.030802969005890191,0.510902762,2.75159717,1,160x90 DepthUint16,"centre=2630 min=403 max=30482 hex=0443 0B91 0A46 4033 18B9","centre=1739 min=772 max=2239 hex=05F3 061E 06CB 05B1 0459",0,0,0,,0,,,None,Unavailable,NoWallUnderCrosshair,,,,"only 0 valid depth samples under crosshair (33 no-data, 24 out-of-range, 384 low-confidence)",0,,,None,Unavailable,NoWallInView,,,,-0.0241396874,1.20161963,-0.155270785,0.15949887,-0.1638878,-0.0145422826,0.9733907,0,0,0,0,0,0,284794.92356026004,284794.92356026004,0.030718282010639086
31.501798114876646,ac3ae122,SessionTracking,Tracking,30.07038,30.1375237,1,0.034535676997620612,0.5152778,2.757986,1,160x90 DepthUint16,"centre=2642 min=404 max=30460 hex=0441 0B7F 0A52 4042 1855","centre=1725 min=786 max=2222 hex=05F2 061B 06BD 05B6 046D",0,0,0,,0,,,None,Unavailable,NoWallUnderCrosshair,,,,"only 0 valid depth samples under crosshair (15 no-data, 25 out-of-range, 401 low-confidence)",0,,,None,Unavailable,NoWallInView,,,,-0.0240131728,1.20196652,-0.155477375,0.159523427,-0.1605669,-0.0140416333,0.973947346,0,0,0,0,0,0,284794.956541965,284794.956541965,0.034449688013410196
31.536087489853298,ac3ae122,SessionTracking,Tracking,30.0701714,30.1375237,1,0.033581406984012574,0.5175694,2.80625,1,160x90 DepthUint16,"centre=2678 min=405 max=30281 hex=0445 0B6E 0A76 4064 176D","centre=1744 min=783 max=2240 hex=060A 0632 06D0 05C0 046E",0,0,0,,0,,,None,Unavailable,NoWallUnderCrosshair,,,,"only 0 valid depth samples under crosshair (12 no-data, 25 out-of-range, 404 low-confidence)",0,,,None,Unavailable,NoWallInView,,,,-0.0237327479,1.20222044,-0.1556434,0.159267858,-0.157790318,-0.013893486,0.974445,0,0,0,0,0,0,284794.989869048,284794.989869048,0.033497500000521541
31.56954702088019,ac3ae122,SessionTracking,Tracking,30.0700226,30.1375237,1,0.032730938022723421,0.5184722,2.905139,1,160x90 DepthUint16,"centre=2678 min=406 max=30396 hex=0441 0769 0A76 3FAF 1915","centre=1757 min=770 max=2204 hex=05FC 0629 06DD 05D1 0468",0,0,0,,0,,,None,Unavailable,NoWallUnderCrosshair,,,,"only 0 valid depth samples under crosshair (3 no-data, 25 out-of-range, 413 low-confidence)",0,,,None,Unavailable,NoWallInView,,,,-0.0237557516,1.20210743,-0.1558033,0.159129545,-0.154577509,-0.0139864692,0.974981,0,0,0,0,0,0,284795.023183354,284795.023183354,0.032649427012074739
31.606978426853811,ac3ae122,SessionTracking,Tracking,30.069952,30.1375237,1,0.036706874991068617,0.519444466,2.85895824,1,160x90 DepthUint16,"centre=3426 min=406 max=30527 hex=04ED 06AA 0D62 3DDE 1983","centre=1745 min=780 max=2195 hex=05EE 061C 06D1 05B6 0462",0,0,0,,0,,,None,Unavailable,NoWallUnderCrosshair,,,,"only 0 valid depth samples under crosshair (0 no-data, 25 out-of-range, 416 low-confidence)",0,,,None,Unavailable,NoWallInView,,,,-0.0234493576,1.20218873,-0.155705422,0.159439266,-0.152239442,-0.0141436756,0.975296,0,0,0,0,0,0,284795.056510437,284795.056510437,0.036619843973312527
31.643687749855371,ac3ae122,SessionTracking,Tracking,30.070118,30.1375237,1,0.036023645981913432,0.521666646,2.98555565,1,160x90 DepthUint16,"centre=3427 min=407 max=30530 hex=04FF 069B 0D63 3E7D 19F0","centre=1742 min=794 max=2207 hex=05F3 0620 06CE 059B 0463",0,0,0,,0,,,None,Unavailable,NoWallUnderCrosshair,,,,"only 0 valid depth samples under crosshair (0 no-data, 30 out-of-range, 411 low-confidence)",0,,,None,Unavailable,NoWallInView,,,,-0.0230637155,1.20219052,-0.155457079,0.159877986,-0.15068081,-0.0142464936,0.9754647,0,0,0,0,0,0,284795.08983752003,284795.08983752003,0.035941353999078274
31.669399884870426,ac3ae122,SessionTracking,Tracking,20.0469952,30.1375237,1,0.024996613996336237,0.5220139,2.99951386,1,160x90 DepthUint16,"centre=4047 min=407 max=30580 hex=05F3 06BC 0FCF 3F22 1AE1","centre=1727 min=784 max=2207 hex=05EF 061A 06BF 0590 0461",0,0,0,,0,,,None,Unavailable,NoWallUnderCrosshair,,,,"only 0 valid depth samples under crosshair (0 no-data, 23 out-of-range, 418 low-confidence)",0,,,None,Unavailable,NoWallInView,,,,-0.0228634439,1.20192075,-0.155774564,0.160293147,-0.1492794,-0.0143033266,0.9756112,0,0,0,0,0,0,284795.123220212,284795.123220212,0.024909635016229004
31.701512176855385,ac3ae122,SessionTracking,Tracking,30.07045,30.1375237,1,0.031537499977275729,0.520694435,2.980625,1,160x90 DepthUint16,"centre=3978 min=407 max=30574 hex=05F6 06BD 0F8A 3F7C 1A7F","centre=1730 min=786 max=2200 hex=05F5 061F 06C2 059E 0459",0,0,0,,0,,,None,Unavailable,NoWallUnderCrosshair,,,,"only 0 valid depth samples under crosshair (0 no-data, 23 out-of-range, 418 low-confidence)",0,,,None,Unavailable,NoWallInView,,,,-0.022398971,1.20190609,-0.155587286,0.160467193,-0.148492888,-0.014334619,0.975702167,0,0,0,0,0,0,284795.15654729505,284795.15654729505,0.031489478977164254
31.743509207873057,ac3ae122,SessionTracking,Tracking,30.0710735,30.1375237,1,0.04130880199954845,0.5243056,3.04805565,1,160x90 DepthUint16,"centre=3812 min=408 max=30571 hex=05FB 0688 0EE4 3F67 19AC","centre=1731 min=790 max=2192 hex=0604 062C 06C3 05A7 0462",0,0,0,,0,,,None,Unavailable,NoWallUnderCrosshair,,,,"only 0 valid depth samples under crosshair (0 no-data, 22 out-of-range, 419 low-confidence)",0,,,None,Unavailable,NoWallInView,,,,-0.022138346,1.2020123,-0.155494988,0.160819456,-0.146784857,-0.0142068584,0.975904465,0,0,0,0,0,0,284795.18987437803,284795.18987437803,0.041221718012820929
31.770084207869285,ac3ae122,SessionTracking,Tracking,30.0716228,30.1375237,1,0.02124062500661239,0.5263889,3.15111113,1,160x90 DepthUint16,"centre=3518 min=409 max=30602 hex=060D 0A0F 0DBE 4094 196D","centre=1737 min=805 max=2199 hex=05E5 0613 06C9 0590 0470",0,0,0,,0,,,None,Unavailable,NoWallUnderCrosshair,,,,"only 0 valid depth samples under crosshair (0 no-data, 21 out-of-range, 420 low-confidence)",0,,,None,Unavailable,NoWallInView,,,,-0.0207252018,1.20224035,-0.155719265,0.160916492,-0.143092409,-0.0143110761,0.9764352,0,0,0,0,0,0,284795.222924493,284795.222924493,0.021118019998539239
31.799393999876838,ac3ae122,SessionTracking,Tracking,30.0697536,30.1375237,1,0.026612656016368419,0.5277778,3.16625,1,160x90 DepthUint16,"centre=3371 min=410 max=30637 hex=0609 0A1B 0D2B 4088 1888","centre=1744 min=788 max=2135 hex=05F3 0620 06D0 059A 0483",0,0,0,,0,,,None,Unavailable,NoWallUnderCrosshair,,,,"only 0 valid depth samples under crosshair (0 no-data, 17 out-of-range, 424 low-confidence)",0,,,None,Unavailable,NoWallInView,,,,-0.0206346326,1.20236528,-0.155838788,0.160733879,-0.139879644,-0.0142142186,0.976932049,0,0,0,0,0,0,284795.256251576,284795.256251576,0.026515469013247639
31.84317488487336,ac3ae122,SessionTracking,Tracking,30.0740356,30.1375237,1,0.043090363993542269,0.530625,3.28458333,1,160x90 DepthUint16,"centre=3086 min=411 max=30622 hex=0607 0A1C 0C0E 4075 1828","centre=1751 min=798 max=2125 hex=05E4 0615 06D7 05A1 0477",0,0,0,,0,,,None,Unavailable,NoWallUnderCrosshair,,,,"only 0 valid depth samples under crosshair (0 no-data, 18 out-of-range, 423 low-confidence)",0,,,None,Unavailable,NoWallInView,,,,-0.0205481723,1.20253086,-0.155879721,0.160834119,-0.136830375,-0.014079839,0.9773493,0,0,0,0,0,0,284795.289578659,284795.289578659,0.043007291009416804
31.870319832864833,ac3ae122,SessionTracking,Tracking,30.072752,30.1375237,1,0.023895207996247336,0.5309028,3.30368066,1,160x90 DepthUint16,"centre=3193 min=412 max=30649 hex=0606 0AEC 0C79 4363 181E","centre=1740 min=808 max=2094 hex=05F5 0623 06CC 0594 046F",0,0,0,,0,,,None,Unavailable,NoWallUnderCrosshair,,,,"only 0 valid depth samples under crosshair (0 no-data, 17 out-of-range, 424 low-confidence)",0,,,None,Unavailable,NoWallInView,,,,-0.0203581937,1.20250511,-0.156389266,0.160908148,-0.133639857,-0.0140814483,0.977778435,0,0,0,0,0,0,284795.32304046204,284795.32304046204,0.023837812012061477
31.901543061851907,ac3ae122,SessionTracking,Tracking,30.0702648,30.1375237,1,0.030487082985928282,0.530416667,3.32256937,1,160x90 DepthUint16,"centre=2930 min=413 max=30641 hex=060A 0ABB 0B72 43EF 184D","centre=1743 min=792 max=2061 hex=060C 0637 06CF 0595 0470",0,0,0,,0,,,None,Unavailable,NoWallUnderCrosshair,,,,"only 0 valid depth samples under crosshair (0 no-data, 16 out-of-range, 425 low-confidence)",0,,,None,Unavailable,NoWallInView,,,,-0.0201591812,1.20256221,-0.1564194,0.160632834,-0.131323,-0.0140185663,0.9781385,0,0,0,0,0,0,284795.356367545,284795.356367545,0.030402446980588138
31.932590926872717,ac3ae122,SessionTracking,Tracking,30.0737457,30.1375237,1,0.029869062011130154,0.531875,3.344653,1,160x90 DepthUint16,"centre=2474 min=413 max=30668 hex=060D 0AA9 09AA 4434 187A","centre=1751 min=802 max=2060 hex=05FF 062D 06D7 0595 046A",0,0,0,,0,,,None,Unavailable,NoWallUnderCrosshair,,,,"only 0 valid depth samples under crosshair (0 no-data, 18 out-of-range, 423 low-confidence)",0,,,None,Unavailable,NoWallInView,,,,-0.0197801441,1.20268083,-0.156434417,0.160275236,-0.129926369,-0.0141238868,0.9783821,0,0,0,0,0,0,284795.389694628,284795.389694628,0.029758854012470692
31.965522801873657,ac3ae122,SessionTracking,Tracking,30.0726643,30.1375237,1,0.032202083006268367,0.5352778,3.36847234,1,160x90 DepthUint16,"centre=2220 min=413 max=30657 hex=0612 0AA9 08AC 4458 189A","centre=1751 min=804 max=2042 hex=0614 063F 06D7 059D 0477",0,0,0,,0,,,None,Unavailable,NoWallUnderCrosshair,,,,"only 0 valid depth samples under crosshair (0 no-data, 17 out-of-range, 424 low-confidence)",0,,,None,Unavailable,NoWallInView,,,,-0.0193205588,1.20287931,-0.15637067,0.1600112,-0.129207313,-0.01415974,0.978520036,0,0,0,0,0,0,284795.423021712,284795.423021712,0.032117708004079759
32.003008947874108,ac3ae122,SessionTracking,Tracking,30.0699024,30.1375237,1,0.03680572900339385,0.533819437,3.391736,1,160x90 DepthUint16,"centre=2181 min=414 max=30650 hex=0617 0B9E 0885 447D 18B8","centre=1731 min=801 max=2032 hex=060A 0633 06C3 05A4 0480",0,0,0,,0,,,None,Unavailable,NoWallUnderCrosshair,,,,"only 0 valid depth samples under crosshair (0 no-data, 18 out-of-range, 423 low-confidence)",0,,,None,Unavailable,NoWallInView,,,,-0.0192704983,1.202952,-0.156597361,0.159729823,-0.127896681,-0.0141108045,0.978738844,0,0,0,0,0,0,284795.456347062,284795.456347062,0.0367192190024106
32.035931863872023,ac3ae122,SessionTracking,Tracking,30.07136,30.1375237,1,0.0320164060103707,0.5338889,3.34993052,1,160x90 DepthUint16,"centre=2119 min=414 max=30592 hex=061D 0B94 0847 44AC 18D8","centre=1734 min=798 max=2008 hex=061E 0644 06C6 05A0 0485",0,0,0,,0,,,None,Unavailable,NoWallUnderCrosshair,,,,"only 0 valid depth samples under crosshair (0 no-data, 11 out-of-range, 430 low-confidence)",0,,,None,Unavailable,NoWallInView,,,,-0.0190531351,1.2031734,-0.156613931,0.15940851,-0.126942635,-0.0140731046,0.978916,0,0,0,0,0,0,284795.489674145,284795.489674145,0.03192484300234355
32.06702259385834,ac3ae122,SessionTracking,Tracking,30.0700741,30.1375237,1,0.030399947980185971,0.53458333,3.39847231,1,160x90 DepthUint16,"centre=2582 min=414 max=30609 hex=0629 0B6D 0A16 4378 18D4","centre=1714 min=806 max=2010 hex=0609 0631 06B2 05A1 0492",0,0,0,,0,,,None,Unavailable,NoWallUnderCrosshair,,,,"only 0 valid depth samples under crosshair (0 no-data, 14 out-of-range, 427 low-confidence)",0,,,None,Unavailable,NoWallInView,,,,-0.0181873571,1.20306849,-0.156561509,0.159113765,-0.125468642,-0.0141080925,0.979153454,0,0,0,0,0,0,284795.52282634604,284795.52282634604,0.030313385999761522
32.104067853876543,ac3ae122,SessionTracking,Tracking,30.0691376,30.1375237,1,0.0362609900184907,0.535555542,3.46583343,1,160x90 DepthUint16,"centre=3508 min=414 max=30625 hex=0633 0B4C 0DB4 4B59 18D4","centre=1707 min=793 max=2005 hex=060F 0635 06AB 0599 0490",0,0,0,,0,,,None,Unavailable,NoWallUnderCrosshair,,,,"only 0 valid depth samples under crosshair (0 no-data, 9 out-of-range, 432 low-confidence)",0,,,None,Unavailable,NoWallInView,,,,-0.0182314813,1.20325971,-0.156640559,0.158930212,-0.123829879,-0.01362586,0.9793986,0,0,0,0,0,0,284795.55615342903,284795.55615342903,0.036174167005810887
32.134892124878164,ac3ae122,SessionTracking,Tracking,30.0686588,30.1375237,1,0.03011234401492402,0.5372222,3.43361115,1,160x90 DepthUint16,"centre=3363 min=415 max=30653 hex=0642 0B1A 0D23 4B56 18DD","centre=1711 min=796 max=2020 hex=0616 063C 06AF 0596 0480",0,0,0,,0,,,None,Unavailable,NoWallUnderCrosshair,,,,"only 0 valid depth samples under crosshair (0 no-data, 5 out-of-range, 436 low-confidence)",0,,,None,Unavailable,NoWallInView,,,,-0.0183217227,1.20343316,-0.156756192,0.158625931,-0.122143783,-0.0131745934,0.9796658,0,0,0,0,0,0,284795.589480512,284795.589480512,0.030028386012418196
32.166778009871408,ac3ae122,SessionTracking,Tracking,30.0671978,30.1375237,1,0.031200521014397964,0.5384028,3.51729178,1,160x90 DepthUint16,"centre=3235 min=415 max=30683 hex=0664 0A78 0CA3 6BA4 1908","centre=1722 min=787 max=2025 hex=05FE 062B 06BA 0594 047A",0,0,0,,0,,,None,Unavailable,NoWallUnderCrosshair,,,,"only 0 valid depth samples under crosshair (0 no-data, 5 out-of-range, 436 low-confidence)",0,,,None,Unavailable,NoWallInView,,,,-0.0184860714,1.20357859,-0.156917959,0.15822123,-0.119859561,-0.0128785372,0.9800173,0,0,0,0,0,0,284795.622807596,284795.622807596,0.031115937017602846
32.202643895862778,ac3ae122,SessionTracking,Tracking,30.0661087,30.1375237,1,0.035117343999445438,0.5399306,3.561389,1,160x90 DepthUint16,"centre=3231 min=416 max=30735 hex=0696 09A2 0C9F 6B63 1936","centre=1724 min=802 max=2037 hex=05F3 0622 06BC 0593 048C",0,0,0,,0,,,None,Unavailable,NoWallUnderCrosshair,,,,"only 0 valid depth samples under crosshair (0 no-data, 3 out-of-range, 438 low-confidence)",0,,,None,Unavailable,NoWallInView,,,,-0.01733924,1.20342469,-0.156595066,0.157919243,-0.1164474,-0.0129727134,0.9804761,0,0,0,0,0,0,284795.656130229,284795.656130229,0.035030937986448407
32.234780874880883,ac3ae122,SessionTracking,Tracking,30.0656471,30.1375237,1,0.030396146001294255,0.5414583,3.63097215,1,160x90 DepthUint16,"centre=3224 min=416 max=30752 hex=069A 08FD 0C98 68FC 1934","centre=1736 min=792 max=2052 hex=0609 0637 06C8 05A2 0494",0,0,0,,0,,,None,Unavailable,NoWallUnderCrosshair,,,,"only 0 valid depth samples under crosshair (0 no-data, 5 out-of-range, 436 low-confidence)",0,,,None,Unavailable,NoWallInView,,,,-0.0173502,1.2034117,-0.156712055,0.157613084,-0.113974378,-0.0130839646,0.980814338,0,0,0,0,0,0,284795.689457312,284795.689457312,0.03029963601147756
32.2656021248758,ac3ae122,SessionTracking,Tracking,30.0656147,29.9736385,1,0.030052240006625652,0.540833354,3.63743067,1,160x90 DepthUint16,"centre=3218 min=416 max=30795 hex=0731 087E 0C92 658C 2EA2","centre=1730 min=798 max=2045 hex=05FD 062B 06C2 056D 048B",0,0,0,,0,,,None,Unavailable,NoWallUnderCrosshair,,,,"only 0 valid depth samples under crosshair (0 no-data, 3 out-of-range, 438 low-confidence)",0,,,None,Unavailable,NoWallInView,,,,-0.0170887783,1.20322406,-0.156704575,0.157199845,-0.111566819,-0.01332602,0.981154144,0,0,0,0,0,0,284795.722892228,284795.722892228,0.029966146015794948
32.309129728869223,ac3ae122,SessionTracking,Tracking,30.0624332,29.9736385,1,0.041583801998058334,0.544861138,3.64715266,1,160x90 DepthUint16,"centre=3440 min=417 max=30836 hex=0732 082A 0D70 5B05 2EC4","centre=1738 min=806 max=2060 hex=061B 0645 06CA 054D 0483",0,0,0,,0,,,None,Unavailable,NoWallUnderCrosshair,,,,"only 0 valid depth samples under crosshair (0 no-data, 2 out-of-range, 439 low-confidence)",0,,,None,Unavailable,NoWallInView,,,,-0.0172925144,1.20346,-0.156922609,0.157168821,-0.108460322,-0.0125079751,0.9815182,0,0,0,0,0,0,284795.75621931104,284795.75621931104,0.041423438000492752
32.3379984788689,ac3ae122,SessionTracking,Tracking,30.064846,29.9736385,1,0.027343229012330994,0.546944439,3.679861,1,160x90 DepthUint16,"centre=1664 min=418 max=30882 hex=088B 07ED 0680 4B44 2EC0","centre=1728 min=796 max=2063 hex=0612 063E 06C0 055F 0471",0,0,0,,0,,,None,Unavailable,NoWallUnderCrosshair,,,,"only 0 valid depth samples under crosshair (0 no-data, 2 out-of-range, 439 low-confidence)",0,,,None,Unavailable,NoWallInView,,,,-0.01759671,1.20377934,-0.157308772,0.156783551,-0.104958683,-0.011663259,0.9819708,0,0,0,0,0,0,284795.789546394,284795.789546394,0.027168697997694835
32.376907749879095,ac3ae122,SessionTracking,Tracking,30.0685616,29.9736385,1,0.033692084020003676,0.5511111,3.74194455,1,160x90 DepthUint16,"centre=1431 min=419 max=30925 hex=0AB6 07AD 0597 1F8F 4CCB","centre=1757 min=809 max=2069 hex=0605 0634 06DD 053A 0461",0,0,0,,0,,,None,Unavailable,NoWallUnderCrosshair,,,,"only 0 valid depth samples under crosshair (0 no-data, 2 out-of-range, 439 low-confidence)",0,,,None,Unavailable,NoWallInView,,,,-0.0167955123,1.20436573,-0.157637239,0.155754432,-0.101335421,-0.011644572,0.9825152,0,0,0,0,0,0,284795.822970886,284795.822970886,0.033602084004087374
32.399648895857311,ac3ae122,SessionTracking,Tracking,30.0656013,29.9736385,1,0.022041980002541095,0.553194463,3.74965286,1,160x90 DepthUint16,"centre=2004 min=419 max=30964 hex=0C54 0792 07D4 1B8E 5C0C","centre=1754 min=816 max=2073 hex=0607 0634 06DA 051B 0458",0,0,0,,0,,,None,Unavailable,NoWallUnderCrosshair,,,,"only 0 valid depth samples under crosshair (0 no-data, 1 out-of-range, 440 low-confidence)",0,,,None,Unavailable,NoWallInView,,,,-0.0168521535,1.20449793,-0.157904223,0.1551309,-0.09820166,-0.0117511749,0.9829307,0,0,0,0,0,0,284795.856297969,284795.856297969,0.021957605000352487
32.434843686866728,ac3ae122,SessionTracking,Tracking,30.0632439,29.9736385,1,0.028760363988112658,0.553333342,3.77152777,1,160x90 DepthUint16,"centre=2437 min=419 max=30978 hex=0C55 078A 0985 1B7F 5C08","centre=1754 min=825 max=2072 hex=0625 064D 06DA 051C 0461",0,0,0,,0,,,None,Unavailable,NoWallUnderCrosshair,,,,"only 0 valid depth samples under crosshair (0 no-data, 1 out-of-range, 440 low-confidence)",0,,,None,Unavailable,NoWallInView,,,,-0.01661925,1.2045455,-0.157860368,0.155048639,-0.09653619,-0.0123254061,0.9831016,0,0,0,0,0,0,284795.889625052,284795.889625052,0.028672968008322641
32.467606499870229,ac3ae122,SessionTracking,Tracking,30.06782,29.9736385,1,0.032054896000772715,0.55354166,3.700625,1,160x90 DepthUint16,"centre=2586 min=420 max=30993 hex=0C55 078F 0A1A 1B6F 5C09","centre=1794 min=739 max=2064 hex=061B 0646 0702 0533 046D",0,0,0,,0,,,None,Unavailable,NoWallUnderCrosshair,,,,"only 0 valid depth samples under crosshair (0 no-data, 2 out-of-range, 439 low-confidence)",0,,,None,Unavailable,NoWallInView,,,,-0.0173763037,1.20437455,-0.1589653,0.155165434,-0.09524152,-0.0127531588,0.983204,0,0,0,0,0,0,284795.92291179404,284795.92291179404,0.031968229013727978
32.5010900928673,ac3ae122,SessionTracking,Tracking,30.0633049,29.9736385,1,0.0326606770104263,0.554305553,3.708889,1,160x90 DepthUint16,"centre=3244 min=420 max=30999 hex=0C52 079C 0CAC 1B6A 5C16","centre=1782 min=742 max=2062 hex=0618 0642 06F6 051A 0474",0,0,0,,0,,,None,Unavailable,NoWallUnderCrosshair,,,,"only 0 valid depth samples under crosshair (0 no-data, 4 out-of-range, 437 low-confidence)",0,,,None,Unavailable,NoWallInView,,,,-0.0170750227,1.20424116,-0.158670753,0.155782238,-0.09504727,-0.0126632759,0.983126462,0,0,0,0,0,0,284795.956238877,284795.956238877,0.032574738987023011
32.548337905863221,ac3ae122,SessionTracking,Tracking,30.066658,29.9736385,1,0.046526719001121819,0.553333342,3.72993064,1,160x90 DepthUint16,"centre=2813 min=420 max=31005 hex=0C46 07A9 0AFD 1B5F 5C24","centre=1781 min=735 max=2057 hex=061F 0648 06F5 0525 0425",0,0,0,,0,,,None,Unavailable,NoWallUnderCrosshair,,,,"only 0 valid depth samples under crosshair (0 no-data, 4 out-of-range, 437 low-confidence)",0,,,None,Unavailable,NoWallInView,,,,-0.01668153,1.20413566,-0.158433914,0.156454533,-0.0946899,-0.0127361417,0.9830532,0,0,0,0,0,0,284795.98956596,284795.98956596,0.046441509999567643
32.568698426874974,ac3ae122,SessionTracking,Tracking,30.067234,29.9736385,1,0.019632084004115313,0.5552083,3.73027778,1,160x90 DepthUint16,"centre=2701 min=421 max=31027 hex=0CF1 07AC 0A8D 1AD5 635D","centre=1779 min=740 max=2067 hex=0628 064F 06F3 050E 0422",0,0,0,,0,,,None,Unavailable,NoWallUnderCrosshair,,,,"only 0 valid depth samples under crosshair (0 no-data, 3 out-of-range, 438 low-confidence)",0,,,None,Unavailable,NoWallInView,,,,-0.0156120881,1.20425057,-0.1585986,0.15663521,-0.09350752,-0.0134234708,0.9831284,0,0,0,0,0,0,284796.022469246,284796.022469246,0.019493125000735745
32.599477697854084,ac3ae122,SessionTracking,Tracking,30.0642872,29.9736385,1,0.030116249981801957,0.5559028,3.68847227,1,160x90 DepthUint16,"centre=2643 min=421 max=31042 hex=0CD5 07BF 0A53 1A66 6359","centre=1763 min=730 max=2052 hex=0620 0646 06E3 0505 0446",0,0,0,,0,,,None,Unavailable,NoWallUnderCrosshair,,,,"only 0 valid depth samples under crosshair (0 no-data, 3 out-of-range, 438 low-confidence)",0,,,None,Unavailable,NoWallInView,,,,-0.0153429322,1.20427692,-0.158692569,0.156590924,-0.09152451,-0.0139942169,0.983314157,0,0,0,0,0,0,284796.055796329,284796.055796329,0.030044739978620782
32.637511030879025,ac3ae122,SessionTracking,Tracking,30.0653858,29.9736385,1,0.037292760011041537,0.55909723,3.735139,1,160x90 DepthUint16,"centre=2655 min=422 max=31081 hex=0CED 07BA 0A5F 1A66 65D3","centre=1771 min=739 max=2065 hex=0624 064C 06EB 04F7 0414",0,0,0,,0,,,None,Unavailable,NoWallUnderCrosshair,,,,"only 0 valid depth samples under crosshair (0 no-data, 3 out-of-range, 438 low-confidence)",0,,,None,Unavailable,NoWallInView,,,,-0.0153434072,1.204378,-0.158851281,0.156514391,-0.08840791,-0.0144122252,0.983605444,0,0,0,0,0,0,284796.08912341204,284796.08912341204,0.037222240003757179
32.668597957867817,ac3ae122,SessionTracking,Tracking,30.0649872,29.9736385,1,0.030434635002166033,0.5617361,3.72340274,1,160x90 DepthUint16,"centre=2610 min=423 max=31110 hex=0C5F 07E1 0A32 32F3 6623","centre=1771 min=751 max=2067 hex=0611 063F 06EB 04FE 0448",0,0,0,,0,,,None,Unavailable,NoWallUnderCrosshair,,,,"only 0 valid depth samples under crosshair (0 no-data, 6 out-of-range, 435 low-confidence)",0,,,None,Unavailable,NoWallInView,,,,-0.0150057636,1.20468915,-0.159529716,0.156557217,-0.08507559,-0.01504454,0.983883,0,0,0,0,0,0,284796.12248810503,284796.12248810503,0.030369426996912807
32.699831290860814,ac3ae122,SessionTracking,Tracking,30.06707,29.9736385,1,0.030604009982198477,0.5629167,3.69972229,1,160x90 DepthUint16,"centre=2590 min=423 max=31140 hex=0C6A 081F 0A1E 32F3 6626","centre=1761 min=751 max=2066 hex=060C 0639 06E1 04CE 0409",0,0,0,,0,,,None,Unavailable,NoWallUnderCrosshair,,,,"only 0 valid depth samples under crosshair (0 no-data, 6 out-of-range, 435 low-confidence)",0,,,None,Unavailable,NoWallInView,,,,-0.0148070157,1.20474684,-0.159359053,0.156792179,-0.08333319,-0.015361012,0.9839898,0,0,0,0,0,0,284796.155815188,284796.155815188,0.030538228980731219
32.733552280863435,ac3ae122,SessionTracking,Tracking,30.0636673,29.9736385,1,0.032918385986704379,0.562777758,3.67819452,1,160x90 DepthUint16,"centre=2589 min=423 max=31150 hex=0C0A 0823 0A1D 35A8 6E10","centre=1768 min=755 max=2076 hex=0616 0643 06E8 04C4 0408",0,0,0,,0,,,None,Unavailable,NoWallUnderCrosshair,,,,"only 0 valid depth samples under crosshair (0 no-data, 6 out-of-range, 435 low-confidence)",0,,,None,Unavailable,NoWallInView,,,,-0.0144929215,1.20473218,-0.159067,0.156995848,-0.08234489,-0.0156226754,0.9840364,0,0,0,0,0,0,284796.189142271,284796.189142271,0.032833072997163981
32.768958738880386,ac3ae122,SessionTracking,Tracking,30.0663948,29.9736385,1,0.034675364004215226,0.5640972,3.71333337,1,160x90 DepthUint16,"centre=2601 min=424 max=31170 hex=0C08 082F 0A29 35AB 6B83","centre=1775 min=755 max=2070 hex=060A 063C 06EF 04C8 0423",0,0,0,,0,,,None,Unavailable,NoWallUnderCrosshair,,,,"only 0 valid depth samples under crosshair (0 no-data, 9 out-of-range, 432 low-confidence)",0,,,None,Unavailable,NoWallInView,,,,-0.0142506082,1.204586,-0.15964672,0.157528147,-0.08098091,-0.0157853644,0.984061837,0,0,0,0,0,0,284796.222397045,284796.222397045,0.034586771012982354
32.809586342852484,ac3ae122,SessionTracking,Tracking,30.0651226,29.9736385,1,0.039920780982356519,0.564930558,3.704375,1,160x90 DepthUint16,"centre=2621 min=424 max=31190 hex=0C17 083F 0A3D 35AE 6A54","centre=1761 min=755 max=2069 hex=061B 0647 06E1 04CE 0411",0,0,0,,0,,,None,Unavailable,NoWallUnderCrosshair,,,,"only 0 valid depth samples under crosshair (0 no-data, 13 out-of-range, 428 low-confidence)",0,,,None,Unavailable,NoWallInView,,,,-0.0137645379,1.204584,-0.159331039,0.158184484,-0.0802485943,-0.0161986351,0.984009862,0,0,0,0,0,0,284796.25572412804,284796.25572412804,0.039838592987507582
32.844878061870034,ac3ae122,SessionTracking,Tracking,30.0644989,29.9736385,1,0.034568594011943787,0.5634722,3.72631955,1,160x90 DepthUint16,"centre=2628 min=424 max=31203 hex=0BE8 0895 0A44 35AF 6907","centre=1781 min=765 max=2078 hex=0615 0643 06F5 04C8 0429",0,0,0,,0,,,None,Unavailable,NoWallUnderCrosshair,,,,"only 0 valid depth samples under crosshair (0 no-data, 11 out-of-range, 430 low-confidence)",0,,,None,Unavailable,NoWallInView,,,,-0.0133234654,1.20454991,-0.159145892,0.158572137,-0.07900672,-0.0168395638,0.9840372,0,0,0,0,0,0,284796.28905121103,284796.28905121103,0.034482552000554278
32.871064676865856,ac3ae122,SessionTracking,Tracking,20.0417213,29.9736385,1,0.025499167008092627,0.564930558,3.73138881,1,160x90 DepthUint16,"centre=2581 min=425 max=31226 hex=099E 0899 0A15 3D20 65A9","centre=1768 min=767 max=2077 hex=0618 0645 06E8 04BA 0418",0,0,0,,0,,,None,Unavailable,NoWallUnderCrosshair,,,,"only 0 valid depth samples under crosshair (0 no-data, 12 out-of-range, 429 low-confidence)",0,,,None,Unavailable,NoWallInView,,,,-0.0131876823,1.20449424,-0.1597259,0.158772051,-0.07652819,-0.0174136758,0.9841909,0,0,0,0,0,0,284796.322381512,284796.322381512,0.025416874996153638
32.901130509874704,ac3ae122,SessionTracking,Tracking,30.0628433,29.9736385,1,0.029385469009866938,0.566319466,3.74930549,1,160x90 DepthUint16,"centre=2498 min=425 max=31257 hex=06C7 0907 09C2 38BE 56FA","centre=1774 min=767 max=2085 hex=060D 063C 06EE 04B3 0422",0,0,0,,0,,,None,Unavailable,NoWallUnderCrosshair,,,,"only 0 valid depth samples under crosshair (0 no-data, 17 out-of-range, 424 low-confidence)",0,,,None,Unavailable,NoWallInView,,,,-0.0132737737,1.20451283,-0.15982312,0.158840552,-0.07383053,-0.0172333121,0.984389,0,0,0,0,0,0,284796.355708595,284796.355708595,0.029299740010173991
32.932922332859519,ac3ae122,SessionTracking,Tracking,30.068922,29.9736385,1,0.031090312986634672,0.567083359,3.69916677,1,160x90 DepthUint16,"centre=2471 min=426 max=31281 hex=05E9 090D 09A7 339C 46DC","centre=1773 min=756 max=2087 hex=060F 0641 06ED 04AE 03FC",0,0,0,,0,,,None,Unavailable,NoWallUnderCrosshair,,,,"only 0 valid depth samples under crosshair (0 no-data, 23 out-of-range, 418 low-confidence)",0,,,None,Unavailable,NoWallInView,,,,-0.0134259816,1.204584,-0.1598506,0.159181148,-0.071125485,-0.0169523954,0.9845381,0,0,0,0,0,0,284796.389035678,284796.389035678,0.031004739983472973
32.972195457862611,ac3ae122,SessionTracking,Tracking,30.06491,29.9736385,1,0.038606563000939786,0.566458344,3.72152781,1,160x90 DepthUint16,"centre=1916 min=427 max=31311 hex=055E 097B 077C 30E4 3D97","centre=1778 min=762 max=2088 hex=0604 0639 06F2 0495 0411",0,0,0,,0,,,None,Unavailable,NoWallUnderCrosshair,,,,"only 0 valid depth samples under crosshair (0 no-data, 26 out-of-range, 415 low-confidence)",0,,,None,Unavailable,NoWallInView,,,,-0.0135388244,1.20447958,-0.160367638,0.159246355,-0.06857171,-0.0166825969,0.984713256,0,0,0,0,0,0,284796.422377954,284796.422377954,0.038522499991813675
33.00652425985659,ac3ae122,SessionTracking,Tracking,30.06598,29.9736385,1,0.033495572977699339,0.56701386,3.68194437,1,160x90 DepthUint16,"centre=1611 min=427 max=31324 hex=0529 0993 064B 2EBA 38AB","centre=1770 min=771 max=2097 hex=0619 064B 06EA 048D 03EE",0,0,0,,0,,,None,Unavailable,NoWallUnderCrosshair,,,,"only 0 valid depth samples under crosshair (0 no-data, 29 out-of-range, 412 low-confidence)",0,,,None,Unavailable,NoWallInView,,,,-0.0135191176,1.20457137,-0.160522267,0.159236953,-0.06670246,-0.0166394431,0.9848439,0,0,0,0,0,0,284796.456050415,284796.456050415,0.033390520984539762
33.034614051858583,ac3ae122,SessionTracking,Tracking,30.0668774,29.9736385,1,0.027205572987440974,0.567847252,3.69368052,1,160x90 DepthUint16,"centre=1383 min=427 max=31339 hex=051E 09A7 0567 2D36 354E","centre=1793 min=770 max=2097 hex=0617 064B 0701 0494 040B",0,0,0,,0,,,None,Unavailable,NoWallUnderCrosshair,,,,"only 0 valid depth samples under crosshair (0 no-data, 31 out-of-range, 410 low-confidence)",0,,,None,Unavailable,NoWallInView,,,,-0.0134982727,1.20466864,-0.16079472,0.158864275,-0.06487903,-0.0165503323,0.985027432,0,0,0,0,0,0,284796.48937749804,284796.48937749804,0.027115208999020979
33.066252019859306,ac3ae122,SessionTracking,Tracking,30.0713444,29.9736385,1,0.030899114004569128,0.567222238,3.618125,1,160x90 DepthUint16,"centre=1384 min=428 max=31361 hex=04FF 09B8 0568 2B8D 31B2","centre=1793 min=770 max=2108 hex=0628 0659 0701 047F 03FF",0,0,0,,0,,,None,Unavailable,NoWallUnderCrosshair,,,,"only 0 valid depth samples under crosshair (0 no-data, 32 out-of-range, 409 low-confidence)",0,,,None,Unavailable,NoWallInView,,,,-0.0131295491,1.204547,-0.161253661,0.15868,-0.0622408874,-0.01642442,0.985229433,0,0,0,0,0,0,284796.522682351,284796.522682351,0.030685207981150597
33.102874259863668,ac3ae122,SessionTracking,Tracking,30.070364,29.9736385,1,0.035935885010985658,0.569305539,3.62729168,1,160x90 DepthUint16,"centre=2782 min=428 max=31385 hex=04FF 09CE 0ADE 2A04 3112","centre=1797 min=772 max=2100 hex=061A 064E 0705 047D 03C3",0,0,0,,0,,,None,Unavailable,NoWallUnderCrosshair,,,,"only 0 valid depth samples under crosshair (0 no-data, 36 out-of-range, 405 low-confidence)",0,,,None,Unavailable,NoWallInView,,,,-0.0133693069,1.2046417,-0.161514759,0.158731669,-0.0594957359,-0.0162350535,0.9853938,0,0,0,0,0,0,284796.556009434,284796.556009434,0.035850832995492965
33.135249363861433,ac3ae122,SessionTracking,Tracking,30.063591,29.9736385,1,0.03136552099022083,0.57027775,3.55201387,1,160x90 DepthUint16,"centre=2823 min=429 max=31408 hex=07A8 09F3 0B07 2984 303E","centre=1772 min=768 max=2091 hex=0616 064B 06EC 0469 03D2",0,0,0,,0,,,None,Unavailable,NoWallUnderCrosshair,,,,"only 0 valid depth samples under crosshair (0 no-data, 44 out-of-range, 397 low-confidence)",0,,,None,Unavailable,NoWallInView,,,,-0.0137913749,1.20472574,-0.161865085,0.158485875,-0.0563351326,-0.0156983137,0.9856278,0,0,0,0,0,0,284796.58933651703,284796.58933651703,0.031274531007511541
33.166672957878248,ac3ae122,SessionTracking,Tracking,30.0682545,29.9736385,1,0.030697709007654339,0.5704861,3.53993058,1,160x90 DepthUint16,"centre=2830 min=430 max=31439 hex=07A9 0A27 0B0E 1FEF 31F8","centre=1785 min=767 max=2103 hex=0618 064F 06F9 0458 03BE",0,0,0,,0,,,None,Unavailable,NoWallUnderCrosshair,,,,"only 0 valid depth samples under crosshair (0 no-data, 51 out-of-range, 390 low-confidence)",0,,,None,Unavailable,NoWallInView,,,,-0.01306518,1.20456541,-0.1622652,0.158471078,-0.0523642153,-0.0151433051,0.985857844,0,0,0,0,0,0,284796.622756369,284796.622756369,0.030613698007073253
33.204516186865433,ac3ae122,SessionTracking,Tracking,30.0703,29.9736385,1,0.037122812995221466,0.5723611,3.498889,1,160x90 DepthUint16,"centre=2856 min=430 max=31462 hex=0CF7 0A38 0B28 1FEF 323B","centre=1803 min=772 max=2109 hex=0616 0651 070B 0449 03E1",0,0,0,,0,,,None,Unavailable,NoWallUnderCrosshair,,,,"only 0 valid depth samples under crosshair (0 no-data, 54 out-of-range, 387 low-confidence)",0,,,None,Unavailable,NoWallInView,,,,-0.0134115182,1.20464873,-0.162496537,0.158584774,-0.0491975173,-0.0145957768,0.9860109,0,0,0,0,0,0,284796.656083452,284796.656083452,0.03703854201012291
33.238696759878579,ac3ae122,SessionTracking,Tracking,30.066927,29.9736385,1,0.033376458013663068,0.5715972,3.55298615,1,160x90 DepthUint16,"centre=2916 min=430 max=31475 hex=0D15 0A31 0B64 1FF0 3D46","centre=1799 min=774 max=2107 hex=060D 0649 0707 0455 03E4",0,0,0,,0,,,None,Unavailable,NoWallUnderCrosshair,,,,"only 0 valid depth samples under crosshair (0 no-data, 59 out-of-range, 382 low-confidence)",0,,,None,Unavailable,NoWallInView,,,,-0.0133825578,1.20468616,-0.1625682,0.158921763,-0.0478427969,-0.0144831548,0.986025,0,0,0,0,0,0,284796.68941053504,284796.68941053504,0.033149271010188386
33.266866759854523,ac3ae122,SessionTracking,Tracking,30.06616,29.9621086,1,0.027454166993265972,0.573541641,3.556736,1,160x90 DepthUint16,"centre=3074 min=431 max=31489 hex=0D28 09C4 0C02 1FF1 3D4B","centre=1807 min=769 max=2115 hex=0607 0643 070F 046C 03D6",0,0,0,,0,,,None,Unavailable,NoWallUnderCrosshair,,,,"only 0 valid depth samples under crosshair (0 no-data, 62 out-of-range, 379 low-confidence)",0,,,None,Unavailable,NoWallInView,,,,-0.0135485809,1.20461667,-0.163262188,0.159244373,-0.0466097333,-0.0144101381,0.9860331,0,0,0,0,0,0,284796.72278403,284796.72278403,0.027369322982849553
33.303870561873694,ac3ae122,SessionTracking,Tracking,30.067831,29.9621086,1,0.036324426997452974,0.5754861,3.51375,1,160x90 DepthUint16,"centre=3397 min=432 max=31500 hex=0D4C 09C4 0D45 1FE5 3D4B","centre=1798 min=772 max=2113 hex=061A 0653 0706 045C 03E7",0,0,0,,0,,,None,Unavailable,NoWallUnderCrosshair,,,,"only 0 valid depth samples under crosshair (0 no-data, 60 out-of-range, 381 low-confidence)",0,,,None,Unavailable,NoWallInView,,,,-0.0136767216,1.20470691,-0.1635827,0.159313336,-0.0447086319,-0.0140194613,0.9861156,0,0,0,0,0,0,284796.756111113,284796.756111113,0.036238438013242558
33.336053425874482,ac3ae122,SessionTracking,Tracking,30.0667934,29.9621086,1,0.031408437003847212,0.575347245,3.52444434,1,160x90 DepthUint16,"centre=3457 min=432 max=31519 hex=0D79 09C4 0D81 1F6F 7234","centre=1793 min=777 max=2118 hex=0609 0644 0701 0455 03C4",0,0,0,,0,,,None,Unavailable,NoWallUnderCrosshair,,,,"only 0 valid depth samples under crosshair (0 no-data, 67 out-of-range, 374 low-confidence)",0,,,None,Unavailable,NoWallInView,,,,-0.0139513146,1.20484662,-0.16399084,0.1593241,-0.0422885753,-0.0135920653,0.986226559,0,0,0,0,0,0,284796.789438196,284796.789438196,0.031309322017477825
33.368525769873443,ac3ae122,SessionTracking,Tracking,30.0669842,29.9621086,1,0.031779531011125073,0.5738889,3.513125,1,160x90 DepthUint16,"centre=3797 min=433 max=31530 hex=0D94 0A3D 0ED5 1F43 0000","centre=1801 min=779 max=2125 hex=062C 0662 0709 0473 03EA",0,0,0,,0,,,None,Unavailable,NoWallUnderCrosshair,,,,"only 0 valid depth samples under crosshair (0 no-data, 62 out-of-range, 379 low-confidence)",0,,,None,Unavailable,NoWallInView,,,,-0.01285677,1.20508981,-0.164423078,0.159016639,-0.0397541448,-0.0134896636,0.986382961,0,0,0,0,0,0,284796.822546899,284796.822546899,0.0316959890187718
33.39847816587185,ac3ae122,SessionTracking,Tracking,30.0678444,29.9621086,1,0.029262708005262539,0.573819458,3.451875,1,160x90 DepthUint16,"centre=3761 min=433 max=31543 hex=0DBF 0B68 0EB1 1EDA 0000","centre=1789 min=772 max=2109 hex=061B 0654 06FD 046D 03D0",0,0,0,,0,,,None,Unavailable,NoWallUnderCrosshair,,,,"only 0 valid depth samples under crosshair (0 no-data, 70 out-of-range, 371 low-confidence)",0,,,None,Unavailable,NoWallInView,,,,-0.0129390415,1.2052536,-0.164857909,0.158678547,-0.037499126,-0.0130996117,0.98653096,0,0,0,0,0,0,284796.855873982,284796.855873982,0.02917760401032865
33.437178634855584,ac3ae122,SessionTracking,Tracking,30.0680122,29.9621086,1,0.037916458997642621,0.5734722,3.47319436,1,160x90 DepthUint16,"centre=4019 min=434 max=31551 hex=0DCC 0B50 0FB3 1E45 0000","centre=1790 min=771 max=2130 hex=0605 0645 06FE 0450 03CC",0,0,0,,0,,,None,Unavailable,NoWallUnderCrosshair,,,,"only 0 valid depth samples under crosshair (0 no-data, 64 out-of-range, 377 low-confidence)",0,,,None,Unavailable,NoWallInView,,,,-0.0130171953,1.20535326,-0.165218219,0.1583969,-0.03525341,-0.0127977142,0.986663,0,0,0,0,0,0,284796.889201065,284796.889201065,0.037832603993592784
33.468312123869467,ac3ae122,SessionTracking,Tracking,30.0665779,29.9621086,1,0.030443073017522693,0.574583352,3.42875,1,160x90 DepthUint16,"centre=3926 min=434 max=31555 hex=0DE7 0B3F 0F56 1E12 0000","centre=1784 min=774 max=2119 hex=061B 0655 06F8 044D 03E4",0,0,0,,0,,,None,Unavailable,NoWallUnderCrosshair,,,,"only 0 valid depth samples under crosshair (0 no-data, 71 out-of-range, 370 low-confidence)",0,,,None,Unavailable,NoWallInView,,,,-0.0127707794,1.20544934,-0.166211277,0.157995448,-0.03391618,-0.0129405558,0.9867724,0,0,0,0,0,0,284796.92251970404,284796.92251970404,0.030359947995748371
33.501144728877037,ac3ae122,SessionTracking,Tracking,30.0676785,29.9621086,1,0.032141980016604066,0.5742361,3.488889,1,160x90 DepthUint16,"centre=3906 min=434 max=31549 hex=0DDC 0B43 0F42 1E41 0000","centre=1789 min=773 max=2128 hex=061D 0658 06FD 0453 03F0",0,0,0,,0,,,None,Unavailable,NoWallUnderCrosshair,,,,"only 0 valid depth samples under crosshair (0 no-data, 62 out-of-range, 379 low-confidence)",0,,,None,Unavailable,NoWallInView,,,,-0.0122487191,1.20521283,-0.166146889,0.157914445,-0.0347169079,-0.0134045482,0.986751258,0,0,0,0,0,0,284796.955846787,284796.955846787,0.032059844001196325
33.536358686854285,ac3ae122,SessionTracking,Tracking,30.07008,29.9621086,1,0.034524635993875563,0.574375,3.469375,1,160x90 DepthUint16,"centre=4033 min=434 max=31553 hex=0DD7 0B28 0FC1 1E2C 0000","centre=1789 min=778 max=2120 hex=0625 065E 06FD 0441 03E4",0,0,0,,0,,,None,Unavailable,NoWallUnderCrosshair,,,,"only 0 valid depth samples under crosshair (0 no-data, 63 out-of-range, 378 low-confidence)",0,,,None,Unavailable,NoWallInView,,,,-0.011953786,1.20503855,-0.165963024,0.1583789,-0.0346156135,-0.0132642994,0.9866823,0,0,0,0,0,0,284796.98917387,284796.98917387,0.0344404169882182
33.571573217856852,ac3ae122,SessionTracking,Tracking,30.0670128,29.9621086,1,0.0345265619980637,0.5754167,3.44416666,1,160x90 DepthUint16,"centre=3976 min=435 max=31575 hex=0DF3 0A49 0F88 1DAF 0000","centre=1785 min=793 max=2020 hex=060C 0641 06F9 04AE 03C6",0,0,0,,0,,,None,Unavailable,NoWallUnderCrosshair,,,,"only 0 valid depth samples under crosshair (0 no-data, 74 out-of-range, 367 low-confidence)",0,,,None,Unavailable,NoWallInView,,,,-0.0119979251,1.20456934,-0.1662114,0.1587315,-0.0320794135,-0.013194561,0.986712337,0,0,0,0,0,0,284797.022075947,284797.022075947,0.034442968986695632
33.602814415868991,ac3ae122,SessionTracking,Tracking,30.0715351,29.9621086,1,0.030444739997619763,0.5772222,3.43465281,1,160x90 DepthUint16,"centre=3942 min=435 max=31578 hex=0DFE 0A4A 0F66 1D7F 75E6","centre=1770 min=790 max=2002 hex=0603 0639 06EA 04A3 03E3",0,0,0,,0,,,None,Unavailable,NoWallUnderCrosshair,,,,"only 0 valid depth samples under crosshair (0 no-data, 68 out-of-range, 373 low-confidence)",0,,,None,Unavailable,NoWallInView,,,,-0.0119015388,1.20453489,-0.166462481,0.158283234,-0.029797785,-0.012935102,0.986859262,0,0,0,0,0,0,284797.05540303,284797.05540303,0.030360000004293397
33.6367436868522,ac3ae122,SessionTracking,Tracking,30.06873,29.9621086,1,0.03321703098481521,0.5775694,3.449375,1,160x90 DepthUint16,"centre=4069 min=435 max=31587 hex=0EDC 0AFB 0FE5 1D6F 75D3","centre=1762 min=795 max=2027 hex=0605 063D 06E2 048C 03D5",0,0,0,,0,,,None,Unavailable,NoWallUnderCrosshair,,,,"only 0 valid depth samples under crosshair (0 no-data, 73 out-of-range, 368 low-confidence)",0,,,None,Unavailable,NoWallInView,,,,-0.0116729941,1.20453429,-0.166829109,0.157607809,-0.0275185872,-0.0133948931,0.9870274,0,0,0,0,0,0,284797.088730113,284797.088730113,0.033131405973108485
33.667944988867887,ac3ae122,SessionTracking,Tracking,30.0690727,29.9621086,1,0.030512917001033202,0.5788889,3.406875,1,160x90 DepthUint16,"centre=4087 min=436 max=31586 hex=0EE0 0AF5 0FF7 1D5D 75BC","centre=1757 min=786 max=2023 hex=0601 0633 06DD 048C 03D8",0,0,0,,0,,,None,Unavailable,NoWallUnderCrosshair,,,,"only 0 valid depth samples under crosshair (0 no-data, 68 out-of-range, 373 low-confidence)",0,,,None,Unavailable,NoWallInView,,,,-0.01146645,1.2051388,-0.167312816,0.15680781,-0.0251206327,-0.0137215862,0.987214267,0,0,0,0,0,0,284797.12223125703,284797.12223125703,0.030428802012465894
33.701304832872623,ac3ae122,SessionTracking,Tracking,30.0672169,29.9621086,1,0.032713855005567893,0.5784722,3.37152767,1,160x90 DepthUint16,"centre=4095 min=436 max=31580 hex=16B7 0AF4 0FFF 1D4E 75A0","centre=1782 min=804 max=2029 hex=05FE 0635 06F6 0482 03EA",0,0,0,,0,,,None,Unavailable,NoWallUnderCrosshair,,,,"only 0 valid depth samples under crosshair (0 no-data, 76 out-of-range, 365 low-confidence)",0,,,None,Unavailable,NoWallInView,,,,-0.0109788273,1.20511043,-0.167590469,0.155959666,-0.0241905823,-0.0138435662,0.987370133,0,0,0,0,0,0,284797.15555834,284797.15555834,0.03263015701668337
33.737302384854914,ac3ae122,SessionTracking,Tracking,30.0682545,29.9621086,1,0.035328801983268932,0.578958333,3.43104172,1,160x90 DepthUint16,"centre=4097 min=436 max=31578 hex=16EE 0AF3 1001 1D45 7590","centre=1791 min=805 max=2045 hex=0615 0648 06FF 0496 03E5",0,0,0,,0,,,None,Unavailable,NoWallUnderCrosshair,,,,"only 0 valid depth samples under crosshair (0 no-data, 77 out-of-range, 364 low-confidence)",0,,,None,Unavailable,NoWallInView,,,,-0.0104889553,1.20501673,-0.1677604,0.15551,-0.02359108,-0.0138389478,0.9874556,0,0,0,0,0,0,284797.188885423,284797.188885423,0.035246197978267446
33.769117852868433,ac3ae122,SessionTracking,Tracking,30.0668774,29.9621086,1,0.031136302015511319,0.5788889,3.35347223,1,160x90 DepthUint16,"centre=4055 min=436 max=31589 hex=1711 0AE3 0FD7 1D2F 757A","centre=1788 min=794 max=2035 hex=060C 0641 06FC 048D 03CE",0,0,0,,0,,,None,Unavailable,NoWallUnderCrosshair,,,,"only 0 valid depth samples under crosshair (0 no-data, 77 out-of-range, 364 low-confidence)",0,,,None,Unavailable,NoWallInView,,,,-0.010637003,1.20478332,-0.168176562,0.155166268,-0.0205111578,-0.01349923,0.98758316,0,0,0,0,0,0,284797.222150822,284797.222150822,0.031053384998813272
33.808627644865695,ac3ae122,SessionTracking,Tracking,30.0695171,29.9621086,1,0.038734686997486278,0.5818055,3.35666656,1,160x90 DepthUint16,"centre=3877 min=436 max=31601 hex=175B 0B06 0F25 1D08 6CDD","centre=1767 min=795 max=2025 hex=0618 0649 06E7 0499 0401",0,0,0,,0,,,None,Unavailable,NoWallUnderCrosshair,,,,"only 0 valid depth samples under crosshair (0 no-data, 84 out-of-range, 357 low-confidence)",0,,,None,Unavailable,NoWallInView,,,,-0.0108759152,1.2047323,-0.168515533,0.1548574,-0.016626792,-0.0128605086,0.9877132,0,0,0,0,0,0,284797.25547790504,284797.25547790504,0.038649635011097416
33.8530854048649,ac3ae122,SessionTracking,Tracking,30.0667629,29.9621086,1,0.043488124996656552,0.58263886,3.36083341,1,160x90 DepthUint16,"centre=3658 min=437 max=31614 hex=1C98 0B1A 0E4A 1D10 67AF","centre=1749 min=794 max=2012 hex=060F 0640 06D5 0491 03E7",0,0,0,,0,,,None,Unavailable,NoWallUnderCrosshair,,,,"only 0 valid depth samples under crosshair (0 no-data, 91 out-of-range, 350 low-confidence)",0,,,None,Unavailable,NoWallInView,,,,-0.0112075871,1.20473719,-0.168869853,0.154614374,-0.0122958058,-0.0121647129,0.9878235,0,0,0,0,0,0,284797.288804988,284797.288804988,0.04336755198892206
33.868647488873606,ac3ae122,SessionTracking,Tracking,30.06584,29.9621086,1,0.013210052013164386,0.5832639,3.33722234,1,160x90 DepthUint16,"centre=3623 min=437 max=31627 hex=23B5 0D6D 0E27 78F7 658F","centre=1783 min=794 max=2045 hex=05FE 0635 06F7 04B8 0403",0,0,0,,0,,,None,Unavailable,NoWallUnderCrosshair,,,,"only 0 valid depth samples under crosshair (0 no-data, 93 out-of-range, 348 low-confidence)",0,,,None,Unavailable,NoWallInView,,,,-0.0122745084,1.20514643,-0.169283479,0.154556274,-0.008010596,-0.0115960836,0.987883449,0,0,0,0,0,0,284797.321977787,284797.321977787,0.013129375001881272
33.901250769870742,ac3ae122,SessionTracking,Tracking,30.06496,29.9621086,1,0.032041146012488753,0.586527765,3.32972217,1,160x90 DepthUint16,"centre=3719 min=437 max=31627 hex=2481 0F4C 0E87 79C4 6604","centre=1778 min=806 max=2058 hex=05FC 0633 06F2 0494 0404",0,0,0,,0,,,None,Unavailable,NoWallUnderCrosshair,,,,"only 0 valid depth samples under crosshair (0 no-data, 91 out-of-range, 350 low-confidence)",0,,,None,Unavailable,NoWallInView,,,,-0.0123237707,1.20529926,-0.169711053,0.153833613,-0.00479392,-0.0115439305,0.9880177,0,0,0,0,0,0,284797.35530487,284797.35530487,0.031978801998775452
33.933161759857242,ac3ae122,SessionTracking,Tracking,30.0705414,29.9621086,1,0.031203021004330367,0.5872222,3.27243066,1,160x90 DepthUint16,"centre=3708 min=438 max=31626 hex=2487 0F43 0E7C 79DA 6720","centre=1768 min=804 max=2050 hex=0603 0636 06E8 0476 03ED",0,0,0,,0,,,None,Unavailable,NoWallUnderCrosshair,,,,"only 0 valid depth samples under crosshair (0 no-data, 84 out-of-range, 357 low-confidence)",0,,,None,Unavailable,NoWallInView,,,,-0.0123089394,1.2054528,-0.17014122,0.153115839,-0.00192824006,-0.0118173063,0.9881357,0,0,0,0,0,0,284797.38863195304,284797.38863195304,0.031114532001083717
33.968797279862841,ac3ae122,SessionTracking,Tracking,30.0591965,29.9621086,1,0.034922863997053355,0.588125,3.25020838,1,160x90 DepthUint16,"centre=4385 min=438 max=31630 hex=2485 0F22 1121 79F4 669E","centre=1778 min=803 max=2054 hex=05EE 0625 06F2 048E 03D5",0,0,0,,0,,,None,Unavailable,NoWallUnderCrosshair,,,,"only 0 valid depth samples under crosshair (0 no-data, 89 out-of-range, 352 low-confidence)",0,,,None,Unavailable,NoWallInView,,,,-0.0131445983,1.2055465,-0.17033428,0.15289253,0.00209754729,-0.0115719149,0.9881728,0,0,0,0,0,0,284797.42191015603,284797.42191015603,0.034836926992284134
34.004037800877043,ac3ae122,SessionTracking,Tracking,30.0695419,29.9621086,1,0.034454218024620786,0.586944461,3.249236,1,160x90 DepthUint16,"centre=6681 min=438 max=31629 hex=23F2 0EB7 1A19 7B17 6683","centre=1804 min=802 max=2071 hex=060C 0640 070C 047B 03D7",0,0,0,,0,,,None,Unavailable,NoWallUnderCrosshair,,,,"only 0 valid depth samples under crosshair (0 no-data, 93 out-of-range, 348 low-confidence)",0,,,None,Unavailable,NoWallInView,,,,-0.0136488872,1.205679,-0.1706982,0.152240634,0.006546937,-0.010987848,0.988260746,0,0,0,0,0,0,284797.455237239,284797.455237239,0.03433911400497891
34.034824675872144,ac3ae122,SessionTracking,Tracking,30.0655136,29.9621086,1,0.030016302014701068,0.586666644,3.17666674,1,160x90 DepthUint16,"centre=7064 min=438 max=31621 hex=23B0 0D8B 1B98 7B54 6676","centre=1827 min=806 max=2071 hex=05F7 062C 0723 04AF 03A2",0,0,0,,0,,,None,Unavailable,NoWallUnderCrosshair,,,,"only 0 valid depth samples under crosshair (2 no-data, 98 out-of-range, 341 low-confidence)",0,,,None,Unavailable,NoWallInView,,,,-0.0141011942,1.20578814,-0.17113024,0.151381925,0.01093074,-0.0106540928,0.988357544,0,0,0,0,0,0,284797.488564322,284797.488564322,0.02993239599163644
34.069344675858659,ac3ae122,SessionTracking,Tracking,30.0622272,29.9621086,1,0.0338392709963955,0.58375,3.18208337,1,160x90 DepthUint16,"centre=6624 min=438 max=31612 hex=24A3 0D49 19E0 7B06 666E","centre=1831 min=799 max=2076 hex=05F8 062B 0727 04C7 03B9",0,0,0,,0,,,None,Unavailable,NoWallUnderCrosshair,,,,"only 0 valid depth samples under crosshair (4 no-data, 102 out-of-range, 335 low-confidence)",0,,,None,Unavailable,NoWallInView,,,,-0.0141726257,1.20622373,-0.171736866,0.150397837,0.0144355968,-0.01066345,0.9884626,0,0,0,0,0,0,284797.52188854903,284797.52188854903,0.03375276000588201
34.104765248855031,ac3ae122,SessionTracking,Tracking,30.0653458,29.9621086,1,0.034655155992368236,0.583194435,3.14444447,1,160x90 DepthUint16,"centre=4976 min=438 max=31596 hex=0000 0D1D 1370 7AA8 6667","centre=1841 min=811 max=2082 hex=05F7 062D 0731 04A8 039B",0,0,0,,0,,,None,Unavailable,NoWallUnderCrosshair,,,,"only 0 valid depth samples under crosshair (2 no-data, 92 out-of-range, 347 low-confidence)",0,,,None,Unavailable,NoWallInView,,,,-0.0147083672,1.20630634,-0.172338277,0.149067536,0.01900381,-0.0103378007,0.98859036,0,0,0,0,0,0,284797.555215632,284797.555215632,0.034561770997243
34.134663894880717,ac3ae122,SessionTracking,Tracking,30.06454,29.9621086,1,0.029217760020401329,0.5748611,3.01722217,1,160x90 DepthUint16,"centre=3835 min=438 max=31575 hex=0000 0CC7 0EFB 7A7E 5931","centre=1856 min=810 max=2074 hex=0604 0636 0740 048F 03B3",0,0,0,,0,,,None,Unavailable,NoWallUnderCrosshair,,,,"only 0 valid depth samples under crosshair (8 no-data, 87 out-of-range, 346 low-confidence)",0,,,None,Unavailable,NoWallInView,,,,-0.0153764989,1.20632267,-0.172937721,0.147721663,0.0240505449,-0.009687812,0.988689065,0,0,0,0,0,0,284797.588542715,284797.588542715,0.029134479002095759
34.171108009867524,ac3ae122,SessionTracking,Tracking,30.0651455,29.9621086,1,0.035739999992074445,0.5659722,3.10131955,1,160x90 DepthUint16,"centre=3774 min=437 max=31553 hex=0000 0000 0EBE 7A78 5928","centre=1851 min=817 max=2076 hex=05F5 0626 073B 0497 03AD",0,0,0,,0,,,None,Unavailable,NoWallUnderCrosshair,,,,"only 0 valid depth samples under crosshair (8 no-data, 82 out-of-range, 351 low-confidence)",0,,,None,Unavailable,NoWallInView,,,,-0.0149750849,1.20651352,-0.173234463,0.146177024,0.02686027,-0.009369731,0.988849342,0,0,0,0,0,0,284797.62193097704,284797.62193097704,0.035654062987305224
34.203303321867637,ac3ae122,SessionTracking,Tracking,30.0703564,29.9621086,1,0.031345260009402409,0.562569439,3.04097223,1,160x90 DepthUint16,"centre=3782 min=437 max=31540 hex=0000 0000 0EC6 7A7E 591B","centre=1859 min=809 max=2080 hex=05FB 062E 0743 04A7 03AF",0,0,0,,0,,,None,Unavailable,NoWallUnderCrosshair,,,,"only 0 valid depth samples under crosshair (6 no-data, 79 out-of-range, 356 low-confidence)",0,,,None,Unavailable,NoWallInView,,,,-0.0149503518,1.20653272,-0.1734532,0.145353124,0.02881387,-0.009290935,0.9889166,0,0,0,0,0,0,284797.65525806,284797.65525806,0.031257291993824765
34.234374675862412,ac3ae122,SessionTracking,Tracking,30.0659046,29.9621086,1,0.030275311990408227,0.557569444,3.069375,1,160x90 DepthUint16,"centre=3796 min=437 max=31528 hex=0000 0000 0ED4 7A93 590C","centre=1871 min=817 max=2083 hex=05F8 062E 074F 04A7 03C1",0,0,0,,0,,,None,Unavailable,NoWallUnderCrosshair,,,,"only 0 valid depth samples under crosshair (6 no-data, 73 out-of-range, 362 low-confidence)",0,,,None,Unavailable,NoWallInView,,,,-0.0148663912,1.20657182,-0.1736427,0.144667238,0.0310423747,-0.009422392,0.988948464,0,0,0,0,0,0,284797.688585143,284797.688585143,0.03018958299071528
34.266405873865509,ac3ae122,SessionTracking,Tracking,30.069582,29.9621086,1,0.03127213500556536,0.554375,3.00333333,1,160x90 DepthUint16,"centre=3806 min=437 max=31518 hex=0000 0000 0EDE 7A92 576B","centre=1875 min=820 max=2104 hex=05FD 0632 0753 0491 03CB",0,0,0,,0,,,None,Unavailable,NoWallUnderCrosshair,,,,"only 0 valid depth samples under crosshair (10 no-data, 73 out-of-range, 358 low-confidence)",0,,,None,Unavailable,NoWallInView,,,,-0.0141631356,1.20648777,-0.173798084,0.144041762,0.032205455,-0.009865464,0.988998234,0,0,0,0,0,0,284797.721582208,284797.721582208,0.031188697990728542
34.303630040862984,ac3ae122,SessionTracking,Tracking,30.068737,29.9007511,1,0.036476823006523773,0.553194463,2.97597218,1,160x90 DepthUint16,"centre=3822 min=437 max=31510 hex=0000 0000 0EEE 7A8E 578D","centre=1867 min=818 max=2087 hex=05F1 0627 074B 0480 03C5",0,0,0,,0,,,None,Unavailable,NoWallUnderCrosshair,,,,"only 0 valid depth samples under crosshair (14 no-data, 70 out-of-range, 357 low-confidence)",0,,,None,Unavailable,NoWallInView,,,,-0.0137071861,1.20647,-0.17379199,0.143419474,0.0326426,-0.0100952089,0.989071965,0,0,0,0,0,0,284797.754909291,284797.754909291,0.036384270992130041
34.3348533218586,ac3ae122,SessionTracking,Tracking,30.0688877,29.9007511,1,0.030541562999133021,0.5497917,3.00131941,1,160x90 DepthUint16,"centre=3822 min=436 max=31501 hex=0000 0000 0EEE 7AA6 5747","centre=1875 min=822 max=2091 hex=05EF 0624 0753 0482 03BC",0,0,0,,0,,,None,Unavailable,NoWallUnderCrosshair,,,,"only 0 valid depth samples under crosshair (15 no-data, 64 out-of-range, 362 low-confidence)",0,,,None,Unavailable,NoWallInView,,,,-0.0135225188,1.20646024,-0.173781037,0.1430026,0.0340832435,-0.009848684,0.9890863,0,0,0,0,0,0,284797.78823637404,284797.78823637404,0.030456979002337903
34.366105144864335,ac3ae122,SessionTracking,Tracking,30.0660324,29.9007511,1,0.030594999989261851,0.5417361,2.912986,1,160x90 DepthUint16,"centre=3764 min=436 max=31493 hex=0000 0000 0EB4 7ADE 5728","centre=1866 min=820 max=2070 hex=05EC 0620 074A 04A0 03C2",0,0,0,,0,,,None,Unavailable,NoWallUnderCrosshair,,,,"only 0 valid depth samples under crosshair (21 no-data, 63 out-of-range, 357 low-confidence)",0,,,None,Unavailable,NoWallInView,,,,-0.0137565108,1.2065779,-0.173718408,0.1431451,0.03727457,-0.008900226,0.9889595,0,0,0,0,0,0,284797.821563458,284797.821563458,0.030509687989251688
34.404591081859465,ac3ae122,SessionTracking,Tracking,30.068985,29.9007511,1,0.037767342990264297,0.531875,2.84673619,1,160x90 DepthUint16,"centre=3671 min=435 max=31487 hex=0000 0000 0E57 7AF5 514F","centre=1863 min=810 max=2061 hex=05EB 0620 0747 04B5 03C3",0,0,0,,0,,,None,Unavailable,NoWallUnderCrosshair,,,,"only 0 valid depth samples under crosshair (22 no-data, 57 out-of-range, 362 low-confidence)",0,,,None,Unavailable,NoWallInView,,,,-0.0119590349,1.20682478,-0.1730108,0.14317669,0.0413174219,-0.008548648,0.988797367,0,0,0,0,0,0,284797.85377074603,284797.85377074603,0.037682499998481944
34.436076185861523,ac3ae122,SessionTracking,Tracking,30.0666351,29.9007511,1,0.030782290996285155,0.5204861,2.77076387,1,160x90 DepthUint16,"centre=3670 min=435 max=31477 hex=0000 0000 0E56 0000 5133","centre=1885 min=820 max=2066 hex=05EE 0623 075D 04D7 03BC",0,0,0,,0,,,None,Unavailable,NoWallUnderCrosshair,,,,"only 0 valid depth samples under crosshair (28 no-data, 51 out-of-range, 362 low-confidence)",0,,,None,Unavailable,NoWallInView,,,,-0.0121998079,1.20696521,-0.17299667,0.1427966,0.04619391,-0.007509738,0.988644958,0,0,0,0,0,0,284797.887097829,284797.887097829,0.030696821981109679
34.46665441587443,ac3ae122,SessionTracking,Tracking,30.0670967,29.9007511,1,0.02985942701343447,0.505694449,2.75590277,1,160x90 DepthUint16,"centre=3861 min=434 max=31472 hex=0000 3B12 0F15 0000 512D","centre=1902 min=832 max=2066 hex=05E0 0613 076E 04F9 03CC",0,0,0,,0,,,None,Unavailable,NoWallUnderCrosshair,,,,"only 0 valid depth samples under crosshair (30 no-data, 49 out-of-range, 362 low-confidence)",0,,,None,Unavailable,NoWallInView,,,,-0.0121428017,1.206837,-0.173473328,0.1431202,0.0533026271,-0.00684759,0.988245249,0,0,0,0,0,0,284797.921107398,284797.921107398,0.028696042019873857
34.50140108187675,ac3ae122,SessionTracking,Tracking,30.0659752,29.9007511,1,0.033976717997575179,0.494375,2.71715283,1,160x90 DepthUint16,"centre=3956 min=433 max=31473 hex=0000 3B21 0F74 0000 5149","centre=1915 min=813 max=2089 hex=05ED 061C 077B 04F3 03E7",0,0,0,,0,,,None,Unavailable,NoWallUnderCrosshair,,,,"only 0 valid depth samples under crosshair (34 no-data, 53 out-of-range, 354 low-confidence)",0,,,None,Unavailable,NoWallInView,,,,-0.0122601064,1.20709825,-0.173261732,0.144053176,0.0590517037,-0.0062764883,0.987786531,0,0,0,0,0,0,284797.95443448104,284797.95443448104,0.033891927014337853
34.539234415852619,ac3ae122,SessionTracking,Tracking,30.06573,29.9007511,1,0.037148958974285051,0.483472228,2.68993044,1,160x90 DepthUint16,"centre=3556 min=433 max=31465 hex=0000 1EC6 0DE4 0000 0000","centre=1943 min=813 max=2101 hex=05D7 060C 0797 04FF 03D3",0,0,0,,0,,,None,Unavailable,NoWallUnderCrosshair,,,,"only 0 valid depth samples under crosshair (42 no-data, 53 out-of-range, 346 low-confidence)",0,,,None,Unavailable,NoWallInView,,,,-0.0121722361,1.20719314,-0.173038408,0.144457638,0.06365916,-0.00567704439,0.9874448,0,0,0,0,0,0,284797.987761564,284797.987761564,0.037069166981382295
34.569143269872214,ac3ae122,SessionTracking,Tracking,30.0670052,29.9007511,1,0.029209166998043656,0.47319445,2.64694452,1,160x90 DepthUint16,"centre=3107 min=432 max=31456 hex=0000 1317 0C23 0000 0000","centre=1950 min=822 max=2097 hex=05C6 0602 079E 04E6 03E0",0,0,0,,0,,,None,Unavailable,NoWallUnderCrosshair,,,,"only 0 valid depth samples under crosshair (55 no-data, 49 out-of-range, 337 low-confidence)",0,,,None,Unavailable,NoWallInView,,,,-0.012094168,1.20722091,-0.172692657,0.145054013,0.06815129,-0.005181074,0.987060249,0,0,0,0,0,0,284798.021088648,284798.021088648,0.029125938017386943
34.601628790863245,ac3ae122,SessionTracking,Tracking,30.0620289,29.9007511,1,0.031797500007087365,0.467708319,2.57638884,1,160x90 DepthUint16,"centre=2960 min=433 max=31448 hex=0000 12A6 0B90 0000 0000","centre=1934 min=820 max=2083 hex=05DF 0614 078E 04E4 03D5",0,0,0,,0,,,None,Unavailable,NoWallUnderCrosshair,,,,"only 0 valid depth samples under crosshair (59 no-data, 51 out-of-range, 331 low-confidence)",0,,,None,Unavailable,NoWallInView,,,,-0.0122888628,1.20727468,-0.173535526,0.145029947,0.07070449,-0.00495305657,0.9868853,0,0,0,0,0,0,284798.054378981,284798.054378981,0.031712916999822482
34.63867863386163,ac3ae122,SessionTracking,Tracking,30.0625038,29.9007511,1,0.03637390598305501,0.462708324,2.641736,1,160x90 DepthUint16,"centre=2783 min=432 max=31433 hex=0000 12E7 0ADF 0000 0000","centre=1951 min=827 max=2095 hex=05CC 0607 079F 04D2 03C6",0,0,0,,0,,,None,Unavailable,NoWallUnderCrosshair,,,,"only 0 valid depth samples under crosshair (64 no-data, 45 out-of-range, 332 low-confidence)",0,,,None,Unavailable,NoWallInView,,,,-0.01184956,1.20723462,-0.173401445,0.144611672,0.07262914,-0.0043514967,0.9868098,0,0,0,0,0,0,284798.08736068604,284798.08736068604,0.036288384988438338
34.6706171238538,ac3ae122,SessionTracking,Tracking,30.0689983,29.9007511,1,0.031226978986524045,0.458819449,2.55430555,1,160x90 DepthUint16,"centre=2734 min=431 max=31426 hex=0000 128E 0AAE 0000 0000","centre=1878 min=798 max=2028 hex=05B2 05DA 0756 04D5 0386",0,0,0,,0,,,None,Unavailable,NoWallUnderCrosshair,,,,"only 0 valid depth samples under crosshair (68 no-data, 46 out-of-range, 327 low-confidence)",0,,,None,Unavailable,NoWallInView,,,,-0.0129473042,1.20637488,-0.17241466,0.144766,0.0745209754,-0.00332900882,0.9866501,0,0,0,0,0,0,284798.121582364,284798.121582364,0.030932395980926231
34.701104519880531,ac3ae122,SessionTracking,Tracking,30.0595436,29.9007511,1,0.0297613020229619,0.4553472,2.585625,1,160x90 DepthUint16,"centre=2706 min=431 max=31416 hex=0000 124A 0A92 0000 0000","centre=1887 min=789 max=2038 hex=05A4 05CC 075F 04E2 038B",0,0,0,,0,,,None,Unavailable,NoWallUnderCrosshair,,,,"only 0 valid depth samples under crosshair (72 no-data, 45 out-of-range, 324 low-confidence)",0,,,None,Unavailable,NoWallInView,,,,-0.0125324735,1.20635,-0.172165409,0.144641846,0.07615495,-0.003035009,0.98654443,0,0,0,0,0,0,284798.154909447,284798.154909447,0.029675834026420489
34.734229519867725,ac3ae122,SessionTracking,Tracking,30.0646343,29.9007511,1,0.032382344012148678,0.450694442,2.60930562,1,160x90 DepthUint16,"centre=2724 min=430 max=31405 hex=0000 124A 0AA4 0000 0000","centre=1888 min=775 max=2049 hex=05A5 05D0 0760 04CF 038A",0,0,0,,0,,,None,Unavailable,NoWallUnderCrosshair,,,,"only 0 valid depth samples under crosshair (76 no-data, 44 out-of-range, 321 low-confidence)",0,,,None,Unavailable,NoWallInView,,,,-0.0121429181,1.20626545,-0.171887815,0.144532859,0.07783328,-0.00283542275,0.986430049,0,0,0,0,0,0,284798.18823653,284798.18823653,0.03229723998811096
34.768751915856186,ac3ae122,SessionTracking,Tracking,30.0635262,29.9007511,1,0.033795833995100111,0.446944445,2.5197916,1,160x90 DepthUint16,"centre=2742 min=430 max=31399 hex=0000 151A 0AB6 0000 0000","centre=1865 min=785 max=2031 hex=05AF 05DC 0749 04EB 0399",0,0,0,,0,,,None,Unavailable,NoWallUnderCrosshair,,,,"only 0 valid depth samples under crosshair (81 no-data, 44 out-of-range, 316 low-confidence)",0,,,None,Unavailable,NoWallInView,,,,-0.01230737,1.20605481,-0.172115773,0.144865081,0.07990028,-0.00234171771,0.9862173,0,0,0,0,0,0,284798.22153567703,284798.22153567703,0.033712343982188031
34.799739883855139,ac3ae122,SessionTracking,Tracking,30.0628662,29.9007511,1,0.030234947975259274,0.440555543,2.56916666,1,160x90 DepthUint16,"centre=2748 min=429 max=31386 hex=0000 13FF 0ABC 0000 0000","centre=1871 min=787 max=2044 hex=05A7 05D4 074F 04D2 0397",0,0,0,,0,,,None,Unavailable,NoWallUnderCrosshair,,,,"only 0 valid depth samples under crosshair (94 no-data, 42 out-of-range, 305 low-confidence)",0,,,None,Unavailable,NoWallInView,,,,-0.0123823173,1.20596981,-0.17169103,0.14523752,0.082877785,-0.0011869669,0.9859188,0,0,0,0,0,0,284798.25486276,284798.25486276,0.030150573002174497
34.834619362859442,ac3ae122,SessionTracking,Tracking,30.0685749,29.9007511,1,0.034211874997708946,0.437291652,2.51152778,1,160x90 DepthUint16,"centre=2747 min=428 max=31377 hex=0000 137A 0ABB 0000 0000","centre=1855 min=785 max=2034 hex=05AE 05DA 073F 04E9 0388",0,0,0,,0,,,None,Unavailable,NoWallUnderCrosshair,,,,"only 0 valid depth samples under crosshair (97 no-data, 41 out-of-range, 303 low-confidence)",0,,,None,Unavailable,NoWallInView,,,,-0.0122454036,1.2058897,-0.171254337,0.145438343,0.0846871659,-0.0004259944,0.9857361,0,0,0,0,0,0,284798.288189843,284798.288189843,0.034124322002753615
34.87041884287369,ac3ae122,SessionTracking,Tracking,30.0625477,29.9007511,1,0.03509411500999704,0.434652776,2.536111,1,160x90 DepthUint16,"centre=2736 min=427 max=31367 hex=0000 1340 0AB0 0000 0000","centre=1842 min=780 max=2027 hex=059A 05C4 0732 04F9 0380",0,0,0,,0,,,None,Unavailable,NoWallUnderCrosshair,,,,"only 0 valid depth samples under crosshair (100 no-data, 38 out-of-range, 303 low-confidence)",0,,,None,Unavailable,NoWallInView,,,,-0.0123125613,1.20551109,-0.1708791,0.14534004,0.08584232,-9.518862E-05,0.9856508,0,0,0,0,0,0,284798.322118038,284798.322118038,0.035008230013772845
34.902135612871419,ac3ae122,SessionTracking,Tracking,30.067255,29.9007511,1,0.030988593003712595,0.43125,2.53625,1,160x90 DepthUint16,"centre=2710 min=427 max=31353 hex=0000 130B 0A96 0000 0000","centre=1845 min=777 max=2035 hex=059B 05C7 0735 04E5 0383",0,0,0,,0,,,None,Unavailable,NoWallUnderCrosshair,,,,"only 0 valid depth samples under crosshair (103 no-data, 40 out-of-range, 298 low-confidence)",0,,,None,Unavailable,NoWallInView,,,,-0.0121031152,1.2054435,-0.170616716,0.1450282,0.0873245,0.000224351883,0.9855665,0,0,0,0,0,0,284798.35508646,284798.35508646,0.030905624997103587
34.9332912378804,ac3ae122,SessionTracking,Tracking,30.06594,29.9007511,1,0.030371041008038446,0.42854166,2.49534726,1,160x90 DepthUint16,"centre=2604 min=426 max=31337 hex=0000 12EE 0A2C 0000 0000","centre=1843 min=792 max=2021 hex=0598 05C4 0733 04AD 037E",0,0,0,,0,,,None,Unavailable,NoWallUnderCrosshair,,,,"only 0 valid depth samples under crosshair (104 no-data, 39 out-of-range, 298 low-confidence)",0,,,None,Unavailable,NoWallInView,,,,-0.0118499678,1.20536554,-0.170434892,0.144460425,0.0886488259,0.000331759482,0.985531569,0,0,0,0,0,0,284798.388413543,284798.388413543,0.030281250015832484
34.969096237872648,ac3ae122,SessionTracking,Tracking,30.0686512,29.9007511,1,0.035103750007692724,0.4225,2.511875,1,160x90 DepthUint16,"centre=2504 min=426 max=31313 hex=0000 1332 09C8 0000 0000","centre=1857 min=790 max=2028 hex=05B0 05DA 0741 04B3 0384",0,0,0,,0,,,None,Unavailable,NoWallUnderCrosshair,,,,"only 0 valid depth samples under crosshair (114 no-data, 35 out-of-range, 292 low-confidence)",0,,,None,Unavailable,NoWallInView,,,,-0.0118008619,1.20537233,-0.171087921,0.143608853,0.09038964,0.000438153773,0.9854979,0,0,0,0,0,0,284798.42167734,284798.42167734,0.03502213500905782
35.002397487863121,ac3ae122,SessionTracking,Tracking,30.0691433,29.9007511,1,0.032573384989518672,0.418055564,2.47729158,1,160x90 DepthUint16,"centre=2376 min=425 max=31299 hex=0000 132E 0948 0000 0000","centre=1857 min=782 max=2033 hex=05A5 05D4 0741 04B7 037F",0,0,0,,0,,,None,Unavailable,NoWallUnderCrosshair,,,,"only 0 valid depth samples under crosshair (118 no-data, 36 out-of-range, 287 low-confidence)",0,,,None,Unavailable,NoWallInView,,,,-0.0116721634,1.20530927,-0.17081368,0.143640652,0.09256012,0.0005933345,0.98529166,0,0,0,0,0,0,284798.45500442304,284798.45500442304,0.032487082993611693
35.033834883876764,ac3ae122,SessionTracking,Tracking,30.06602,29.9007511,1,0.0306996870203875,0.415,2.48555565,1,160x90 DepthUint16,"centre=2373 min=425 max=31287 hex=0000 132E 0945 0000 0000","centre=1857 min=772 max=2029 hex=05A7 05D7 0741 04D0 037A",0,0,0,,0,,,None,Unavailable,NoWallUnderCrosshair,,,,"only 0 valid depth samples under crosshair (122 no-data, 36 out-of-range, 283 low-confidence)",0,,,None,Unavailable,NoWallInView,,,,-0.0114324251,1.20517409,-0.170489922,0.143417135,0.09369314,0.000769883452,0.985217035,0,0,0,0,0,0,284798.488331506,284798.488331506,0.030625208019046113
35.065842383853081,ac3ae122,SessionTracking,Tracking,30.0655575,29.9007511,1,0.031393384997500107,0.413472235,2.47909713,1,160x90 DepthUint16,"centre=2370 min=425 max=31276 hex=0000 1330 0942 0000 0000","centre=1863 min=764 max=2031 hex=05AA 05DD 0747 04CE 036F",0,0,0,,0,,,None,Unavailable,NoWallUnderCrosshair,,,,"only 0 valid depth samples under crosshair (130 no-data, 30 out-of-range, 281 low-confidence)",0,,,None,Unavailable,NoWallInView,,,,-0.0119279176,1.20507455,-0.170750469,0.14307873,0.0945223942,0.00106808555,0.985186756,0,0,0,0,0,0,284798.521578066,284798.521578066,0.031326665979577228
35.111849779866091,ac3ae122,SessionTracking,Tracking,30.0655975,29.9007511,1,0.045358228991972283,0.411319435,2.48027778,1,160x90 DepthUint16,"centre=2361 min=425 max=31265 hex=0000 1332 0939 0000 0000","centre=1864 min=766 max=2028 hex=05A7 05DE 0748 04BE 0371",0,0,0,,0,,,None,Unavailable,NoWallUnderCrosshair,,,,"only 0 valid depth samples under crosshair (133 no-data, 30 out-of-range, 278 low-confidence)",0,,,None,Unavailable,NoWallInView,,,,-0.0115656974,1.204892,-0.170486838,0.142547786,0.09493438,0.0009667872,0.9852241,0,0,0,0,0,0,284798.55490514904,284798.55490514904,0.04527244801283814
35.135606237853565,ac3ae122,SessionTracking,Tracking,30.0645638,29.9007511,1,0.021305311995092779,0.409166664,2.4644444,1,160x90 DepthUint16,"centre=2357 min=423 max=31253 hex=0000 1331 0935 0000 0000","centre=1859 min=770 max=2035 hex=05AE 05E4 0743 04AD 0371",0,0,0,,0,,,None,Unavailable,NoWallUnderCrosshair,,,,"only 0 valid depth samples under crosshair (135 no-data, 32 out-of-range, 274 low-confidence)",0,,,None,Unavailable,NoWallInView,,,,-0.0113423914,1.20473361,-0.170117617,0.142346084,0.09608675,0.0011546911,0.985141456,0,0,0,0,0,0,284798.588232232,284798.588232232,0.021197030990151688
35.168853425878254,ac3ae122,SessionTracking,Tracking,30.062561,29.9007511,1,0.032586719025857747,0.404444456,2.441111,1,160x90 DepthUint16,"centre=2358 min=423 max=31236 hex=0000 14CA 0936 0000 0000","centre=1852 min=769 max=2038 hex=05B8 05EB 073C 04B5 036D",0,0,0,,0,,,None,Unavailable,NoWallUnderCrosshair,,,,"only 0 valid depth samples under crosshair (142 no-data, 32 out-of-range, 267 low-confidence)",0,,,None,Unavailable,NoWallInView,,,,-0.0116893118,1.20480072,-0.170555532,0.142158687,0.0978596359,0.00146409881,0.9849936,0,0,0,0,0,0,284798.62151704304,284798.62151704304,0.03250619801110588
35.204184623863469,ac3ae122,SessionTracking,Tracking,30.06792,29.9007511,1,0.034448489983333275,0.4020139,2.44083333,1,160x90 DepthUint16,"centre=2351 min=423 max=31218 hex=0000 14CB 092F 0000 0000","centre=1854 min=779 max=2046 hex=05A7 05DB 073E 04D4 0379",0,0,0,,0,,,None,Unavailable,NoWallUnderCrosshair,,,,"only 0 valid depth samples under crosshair (144 no-data, 29 out-of-range, 268 low-confidence)",0,,,None,Unavailable,NoWallInView,,,,-0.0115305195,1.204604,-0.170368716,0.14163366,0.09910711,0.00171569,0.984944046,0,0,0,0,0,0,284798.654844126,284798.654844126,0.034326249995501712
35.236682227862687,ac3ae122,SessionTracking,Tracking,30.0631561,29.9007511,1,0.0318489579949528,0.3995139,2.43479156,1,160x90 DepthUint16,"centre=2650 min=422 max=31201 hex=0000 14CC 0A5A 0000 0000","centre=1860 min=780 max=2049 hex=05A8 05DB 0744 04CD 0370",0,0,0,,0,,,None,Unavailable,NoWallUnderCrosshair,,,,"only 0 valid depth samples under crosshair (148 no-data, 30 out-of-range, 263 low-confidence)",0,,,None,Unavailable,NoWallInView,,,,-0.01143938,1.204417,-0.170077831,0.141401321,0.100672022,0.0021943748,0.984817743,0,0,0,0,0,0,284798.688171209,284798.688171209,0.031783281010575593
35.268322904877053,ac3ae122,SessionTracking,Tracking,30.0602169,29.9007511,1,0.030944792000809684,0.3953472,2.38722229,1,160x90 DepthUint16,"centre=2698 min=422 max=31180 hex=0000 2127 0A8A 0000 0000","centre=1824 min=776 max=2021 hex=05B3 05E8 0720 04CD 036B",0,0,0,,0,,,None,Unavailable,NoWallUnderCrosshair,,,,"only 0 valid depth samples under crosshair (153 no-data, 31 out-of-range, 257 low-confidence)",0,,,None,Unavailable,NoWallInView,,,,-0.0119916741,1.20442712,-0.170262724,0.141187683,0.102788255,0.00278636813,0.9846283,0,0,0,0,0,0,284798.72145810304,284798.72145810304,0.030745780997676775
35.300845768876528,ac3ae122,SessionTracking,Tracking,30.0617352,29.9007511,1,0.031843177013797686,0.393402785,2.36166668,1,160x90 DepthUint16,"centre=2705 min=422 max=31167 hex=0000 2128 0A91 0000 0000","centre=1827 min=779 max=2029 hex=0591 05C7 0723 04C2 036B",0,0,0,,0,,,None,Unavailable,NoWallUnderCrosshair,,,,"only 0 valid depth samples under crosshair (152 no-data, 26 out-of-range, 263 low-confidence)",0,,,None,Unavailable,NoWallInView,,,,-0.0116353035,1.20410764,-0.169996873,0.14075394,0.103541993,0.00271970057,0.98461163,0,0,0,0,0,0,284798.754785186,284798.754785186,0.031757031014421955
35.33662962385911,ac3ae122,SessionTracking,Tracking,30.0634556,30.0096931,1,0.035109218995785341,0.3938889,2.38444448,1,160x90 DepthUint16,"centre=2703 min=421 max=31168 hex=0000 2128 0A8F 0000 0000","centre=1827 min=779 max=2029 hex=058F 05C5 0723 04BD 036C",0,0,0,,0,,,None,Unavailable,NoWallUnderCrosshair,,,,"only 0 valid depth samples under crosshair (152 no-data, 27 out-of-range, 262 low-confidence)",0,,,None,Unavailable,NoWallInView,,,,-0.0110632358,1.20373893,-0.169599861,0.140715644,0.103415623,0.0023261013,0.98463136,0,0,0,0,0,0,284798.788112269,284798.788112269,0.035024635988520458
35.36940545686862,ac3ae122,SessionTracking,Tracking,30.0634117,30.0096931,1,0.032035520998761058,0.394305557,2.38013887,1,160x90 DepthUint16,"centre=2701 min=421 max=31171 hex=0000 2127 0A8D 0000 0000","centre=1831 min=776 max=2032 hex=0599 05D2 0727 04BE 036F",0,0,0,,0,,,None,Unavailable,NoWallUnderCrosshair,,,,"only 0 valid depth samples under crosshair (150 no-data, 29 out-of-range, 262 low-confidence)",0,,,None,Unavailable,NoWallInView,,,,-0.0116434861,1.2037034,-0.169190645,0.140873313,0.103272364,0.00243088626,0.9846236,0,0,0,0,0,0,284798.82140016404,284798.82140016404,0.031942030997015536
35.40118207187966,ac3ae122,SessionTracking,Tracking,30.0677223,30.0096931,1,0.03079802100546658,0.394791663,2.374097,1,160x90 DepthUint16,"centre=2697 min=421 max=31174 hex=0000 2126 0A89 0000 0000","centre=1823 min=775 max=2024 hex=059E 05D2 071F 04C3 036B",0,0,0,,0,,,None,Unavailable,NoWallUnderCrosshair,,,,"only 0 valid depth samples under crosshair (152 no-data, 30 out-of-range, 259 low-confidence)",0,,,None,Unavailable,NoWallInView,,,,-0.0113193626,1.2033236,-0.168790519,0.140929312,0.102877006,0.00258609653,0.9846566,0,0,0,0,0,0,284798.85472724703,284798.85472724703,0.03068224000162445
35.4324028008768,ac3ae122,SessionTracking,Tracking,30.0647049,30.0096931,1,0.029077292012516409,0.394791663,2.41215277,1,160x90 DepthUint16,"centre=2687 min=420 max=31183 hex=0000 2125 0A7F 0000 0000","centre=1838 min=775 max=2031 hex=05B0 05E7 072E 04D7 036B",0,0,0,,0,,,None,Unavailable,NoWallUnderCrosshair,,,,"only 0 valid depth samples under crosshair (152 no-data, 30 out-of-range, 259 low-confidence)",0,,,None,Unavailable,NoWallInView,,,,-0.0109935785,1.20292318,-0.168336481,0.141117647,0.102073863,0.00274309516,0.984712839,0,0,0,0,0,0,284798.88805433,284798.88805433,0.028986927005462348
35.46937514386714,ac3ae122,SessionTracking,Tracking,30.0658131,30.0096931,1,0.028843437001341954,0.396319449,2.408264,1,160x90 DepthUint16,"centre=2675 min=419 max=31185 hex=0000 2124 0A73 0000 0000","centre=1845 min=778 max=2035 hex=05B3 05E8 0735 04D1 0374",0,0,0,,0,,,None,Unavailable,NoWallUnderCrosshair,,,,"only 0 valid depth samples under crosshair (151 no-data, 29 out-of-range, 261 low-confidence)",0,,,None,Unavailable,NoWallInView,,,,-0.0113199605,1.20291626,-0.1676543,0.141124114,0.101588629,0.00293132663,0.9847615,0,0,0,0,0,0,284798.921399254,284798.921399254,0.028722395014483482
35.501065404873728,ac3ae122,SessionTracking,Tracking,30.06716,30.0096931,1,0.030811927019385621,0.395486116,2.4083333,1,160x90 DepthUint16,"centre=2678 min=419 max=31181 hex=0000 2125 0A76 0000 0000","centre=1843 min=773 max=2032 hex=05B3 05E8 0733 04D1 0371",0,0,0,,0,,,None,Unavailable,NoWallUnderCrosshair,,,,"only 0 valid depth samples under crosshair (151 no-data, 29 out-of-range, 261 low-confidence)",0,,,None,Unavailable,NoWallInView,,,,-0.011277535,1.20246577,-0.167256385,0.140980676,0.101814643,0.00299415,0.9847585,0,0,0,0,0,0,284798.954726337,284798.954726337,0.030727396020665765
35.534509414856942,ac3ae122,SessionTracking,Tracking,30.0734463,30.0096931,1,0.032742915995186195,0.396319449,2.40972233,1,160x90 DepthUint16,"centre=2669 min=418 max=31181 hex=0000 2125 0A6D 0000 0000","centre=1842 min=776 max=2036 hex=05B3 05E7 0732 04CB 0374",0,0,0,,0,,,None,Unavailable,NoWallUnderCrosshair,,,,"only 0 valid depth samples under crosshair (153 no-data, 27 out-of-range, 261 low-confidence)",0,,,None,Unavailable,NoWallInView,,,,-0.0111217089,1.20200431,-0.166918635,0.140790537,0.101509459,0.00257027172,0.9848184,0,0,0,0,0,0,284798.98805342003,284798.98805342003,0.0326578639796935
35.56874410286305,ac3ae122,SessionTracking,Tracking,30.0701637,30.0096931,1,0.033491250011138618,0.4,2.43131948,1,160x90 DepthUint16,"centre=2340 min=418 max=31190 hex=0000 14CB 0924 0000 0000","centre=1847 min=775 max=2036 hex=05A1 05D2 0737 04BB 0379",0,0,0,,0,,,None,Unavailable,NoWallUnderCrosshair,,,,"only 0 valid depth samples under crosshair (145 no-data, 26 out-of-range, 270 low-confidence)",0,,,None,Unavailable,NoWallInView,,,,-0.0118086021,1.20213521,-0.166710526,0.1406608,0.1001703,0.00218302,0.98497504,0,0,0,0,0,0,284799.0214056,284799.0214056,0.033408438001060858
35.601325508868243,ac3ae122,SessionTracking,Tracking,30.062048,30.0096931,1,0.029577917011920363,0.402291656,2.41493058,1,160x90 DepthUint16,"centre=2338 min=419 max=31197 hex=0000 14CA 0922 0000 0000","centre=1852 min=773 max=2036 hex=059B 05CE 073C 04BD 0377",0,0,0,,0,,,None,Unavailable,NoWallUnderCrosshair,,,,"only 0 valid depth samples under crosshair (143 no-data, 26 out-of-range, 272 low-confidence)",0,,,None,Unavailable,NoWallInView,,,,-0.0117224967,1.201673,-0.166334957,0.140690461,0.09922575,0.00215587043,0.9850664,0,0,0,0,0,0,284799.054732683,284799.054732683,0.029475780989741907
35.633230456870436,ac3ae122,SessionTracking,Tracking,30.0754833,30.0096931,1,0.031224011006997898,0.4047222,2.416875,1,160x90 DepthUint16,"centre=2340 min=418 max=31206 hex=0000 14C9 0924 0000 0000","centre=1840 min=776 max=2023 hex=05B6 05EE 0730 04AE 0370",0,0,0,,0,,,None,Unavailable,NoWallUnderCrosshair,,,,"only 0 valid depth samples under crosshair (142 no-data, 29 out-of-range, 270 low-confidence)",0,,,None,Unavailable,NoWallInView,,,,-0.011715102,1.20117307,-0.165876329,0.140852466,0.09822224,0.00226032734,0.9851436,0,0,0,0,0,0,284799.08805976604,284799.08805976604,0.031137760990532115
35.669829831857854,ac3ae122,SessionTracking,Tracking,30.07096,30.0096931,1,0.035917500004870817,0.409930557,2.44319439,1,160x90 DepthUint16,"centre=2338 min=418 max=31220 hex=0000 1334 0922 0000 0000","centre=1868 min=770 max=2038 hex=05A3 05D5 074C 04A6 0373",0,0,0,,0,,,None,Unavailable,NoWallUnderCrosshair,,,,"only 0 valid depth samples under crosshair (131 no-data, 33 out-of-range, 277 low-confidence)",0,,,None,Unavailable,NoWallInView,,,,-0.01200928,1.20153677,-0.166112319,0.140811369,0.096123904,0.002462596,0.9853559,0,0,0,0,0,0,284799.121576007,284799.121576007,0.035831249988405034
35.701388216860281,ac3ae122,SessionTracking,Tracking,30.0630074,30.0096931,1,0.030832030985038728,0.4151389,2.440764,1,160x90 DepthUint16,"centre=2348 min=419 max=31236 hex=0000 1334 092C 0000 0000","centre=1863 min=769 max=2029 hex=05BA 05F1 0747 04B1 0379",0,0,0,,0,,,None,Unavailable,NoWallUnderCrosshair,,,,"only 0 valid depth samples under crosshair (123 no-data, 32 out-of-range, 286 low-confidence)",0,,,None,Unavailable,NoWallInView,,,,-0.0118480437,1.20101476,-0.16560626,0.1408849,0.09391683,0.00250989222,0.9855581,0,0,0,0,0,0,284799.15490309004,284799.15490309004,0.03065895798499696
35.734850404863167,ac3ae122,SessionTracking,Tracking,30.07811,30.0096931,1,0.032792240002891049,0.4196528,2.46354175,1,160x90 DepthUint16,"centre=2403 min=418 max=31255 hex=0000 1336 0963 0000 0000","centre=1879 min=768 max=2034 hex=05B9 05ED 0757 04AB 0382",0,0,0,,0,,,None,Unavailable,NoWallUnderCrosshair,,,,"only 0 valid depth samples under crosshair (118 no-data, 37 out-of-range, 286 low-confidence)",0,,,None,Unavailable,NoWallInView,,,,-0.0116833188,1.20048451,-0.165041223,0.141194761,0.09172918,0.00241628313,0.985720038,0,0,0,0,0,0,284799.188230173,284799.188230173,0.032705833989894018
35.766062539877524,ac3ae122,SessionTracking,Tracking,30.071991,30.0096931,1,0.030492812016746029,0.424305558,2.506389,1,160x90 DepthUint16,"centre=2566 min=419 max=31273 hex=0000 1341 0A06 0000 0000","centre=1894 min=771 max=2036 hex=05C6 05F2 0766 04AA 036B",0,0,0,,0,,,None,Unavailable,NoWallUnderCrosshair,,,,"only 0 valid depth samples under crosshair (109 no-data, 36 out-of-range, 296 low-confidence)",0,,,None,Unavailable,NoWallInView,,,,-0.0119683258,1.20069551,-0.1649772,0.1412704,0.08899208,0.00251045846,0.9859598,0,0,0,0,0,0,284799.221751493,284799.221751493,0.030408177000936121
35.802697695870805,ac3ae122,SessionTracking,Tracking,30.06976,30.0096931,1,0.03584869799669832,0.4292361,2.48694444,1,160x90 DepthUint16,"centre=2691 min=418 max=31287 hex=0000 134C 0A83 0000 0000","centre=1891 min=768 max=2026 hex=05B9 05E6 0763 049A 0369",0,0,0,,0,,,None,Unavailable,NoWallUnderCrosshair,,,,"only 0 valid depth samples under crosshair (104 no-data, 40 out-of-range, 297 low-confidence)",0,,,None,Unavailable,NoWallInView,,,,-0.0119442567,1.20014679,-0.164556056,0.141284853,0.08666726,0.00251844549,0.986164868,0,0,0,0,0,0,284799.25507857604,284799.25507857604,0.035649635014124215
35.834528997852388,ac3ae122,SessionTracking,Tracking,30.0692139,30.0096931,1,0.031063957983860746,0.433472216,2.49993062,1,160x90 DepthUint16,"centre=2712 min=419 max=31303 hex=0000 1358 0A98 0000 0000","centre=1890 min=771 max=2021 hex=05B1 05DD 0762 04A7 0366",0,0,0,,0,,,None,Unavailable,NoWallUnderCrosshair,,,,"only 0 valid depth samples under crosshair (97 no-data, 39 out-of-range, 305 low-confidence)",0,,,None,Unavailable,NoWallInView,,,,-0.0120753329,1.19958472,-0.164023131,0.141662419,0.0848502144,0.00273990631,0.9862681,0,0,0,0,0,0,284799.288405659,284799.288405659,0.030980207986431196
35.8675170188571,ac3ae122,SessionTracking,Tracking,30.0666447,30.0096931,1,0.032229842996457592,0.439444453,2.509861,1,160x90 DepthUint16,"centre=2730 min=420 max=31318 hex=0000 137E 0AAA 0000 0000","centre=1898 min=769 max=2036 hex=05AA 05D0 076A 049E 0365",0,0,0,,0,,,None,Unavailable,NoWallUnderCrosshair,,,,"only 0 valid depth samples under crosshair (92 no-data, 46 out-of-range, 303 low-confidence)",0,,,None,Unavailable,NoWallInView,,,,-0.0125900973,1.20027828,-0.16486153,0.141741872,0.08248233,0.00314706517,0.9864563,0,0,0,0,0,0,284799.321854299,284799.321854299,0.032142290991032496
35.902126237858241,ac3ae122,SessionTracking,Tracking,30.07261,30.0096931,1,0.033911770995473489,0.444027781,2.51701379,1,160x90 DepthUint16,"centre=2730 min=420 max=31337 hex=0000 1421 0AAA 0000 0000","centre=1899 min=765 max=2037 hex=05AA 05D5 076B 04AC 0364",0,0,0,,0,,,None,Unavailable,NoWallUnderCrosshair,,,,"only 0 valid depth samples under crosshair (85 no-data, 48 out-of-range, 308 low-confidence)",0,,,None,Unavailable,NoWallInView,,,,-0.0126373563,1.19972563,-0.164351448,0.1421615,0.07994209,0.003306568,0.9866046,0,0,0,0,0,0,284799.35518138204,284799.35518138204,0.033824582991655916
35.934988685875354,ac3ae122,SessionTracking,Tracking,30.0660458,30.0096931,1,0.032049948000349104,0.450555563,2.55416656,1,160x90 DepthUint16,"centre=2710 min=419 max=31359 hex=0000 1805 0A96 0000 0000","centre=1877 min=767 max=2032 hex=05AD 05DA 0755 0488 0373",0,0,0,,0,,,None,Unavailable,NoWallUnderCrosshair,,,,"only 0 valid depth samples under crosshair (77 no-data, 55 out-of-range, 309 low-confidence)",0,,,None,Unavailable,NoWallInView,,,,-0.0125206988,1.19912887,-0.163823068,0.142529324,0.07657846,0.00302857184,0.986819148,0,0,0,0,0,0,284799.388508465,284799.388508465,0.031962812994606793
35.966537122868388,ac3ae122,SessionTracking,Tracking,30.0688,30.0096931,1,0.030807291012024507,0.46,2.563125,1,160x90 DepthUint16,"centre=2737 min=422 max=31383 hex=0000 129E 0AB1 0000 0000","centre=1887 min=780 max=2037 hex=05C0 05E7 075F 049F 035B",0,0,0,,0,,,None,Unavailable,NoWallUnderCrosshair,,,,"only 0 valid depth samples under crosshair (67 no-data, 60 out-of-range, 314 low-confidence)",0,,,None,Unavailable,NoWallInView,,,,-0.0135763,1.20013678,-0.165025324,0.142951563,0.07327099,0.002924323,0.987009466,0,0,0,0,0,0,284799.421974792,284799.421974792,0.030721666000317782
36.005349883859665,ac3ae122,SessionTracking,Tracking,30.06812,30.0096931,1,0.038094688003184274,0.466319442,2.59784722,1,160x90 DepthUint16,"centre=2875 min=422 max=31395 hex=0000 136D 0B3B 0000 0000","centre=1878 min=780 max=2041 hex=05B5 05E1 0756 0490 0363",0,0,0,,0,,,None,Unavailable,NoWallUnderCrosshair,,,,"only 0 valid depth samples under crosshair (61 no-data, 58 out-of-range, 322 low-confidence)",0,,,None,Unavailable,NoWallInView,,,,-0.0137836533,1.19973207,-0.164593935,0.142967492,0.07039798,0.00278478861,0.987216651,0,0,0,0,0,0,284799.455301875,284799.455301875,0.038008698000339791
36.035402852859036,ac3ae122,SessionTracking,Tracking,30.068985,30.0096931,1,0.029233334003947675,0.4717361,2.59506941,1,160x90 DepthUint16,"centre=3042 min=422 max=31403 hex=0000 1768 0BE2 0000 0000","centre=1891 min=772 max=2034 hex=05B2 05DF 0763 04A0 0370",0,0,0,,0,,,None,Unavailable,NoWallUnderCrosshair,,,,"only 0 valid depth samples under crosshair (56 no-data, 61 out-of-range, 324 low-confidence)",0,,,None,Unavailable,NoWallInView,,,,-0.014051104,1.19943583,-0.164207667,0.1427121,0.06735107,0.00267916918,0.987466455,0,0,0,0,0,0,284799.488628958,284799.488628958,0.029130833980161697
36.070935508868345,ac3ae122,SessionTracking,Tracking,30.0688877,30.0096931,1,0.03482427098788321,0.479375,2.561875,1,160x90 DepthUint16,"centre=3207 min=423 max=31400 hex=0000 3960 0C87 0000 0000","centre=1885 min=775 max=2027 hex=05C8 05EC 075D 04AF 0374",0,0,0,,0,,,None,Unavailable,NoWallUnderCrosshair,,,,"only 0 valid depth samples under crosshair (48 no-data, 60 out-of-range, 333 low-confidence)",0,,,None,Unavailable,NoWallInView,,,,-0.0150752515,1.20100188,-0.165140808,0.141796,0.0646098,0.002910197,0.987780869,0,0,0,0,0,0,284799.52213645005,284799.52213645005,0.0347410420072265
36.101024674854628,ac3ae122,SessionTracking,Tracking,30.0699863,30.0096931,1,0.02921244699973613,0.4863889,2.64416671,1,160x90 DepthUint16,"centre=3522 min=423 max=31397 hex=0000 3B3C 0DC2 0000 0000","centre=1887 min=771 max=2039 hex=05C2 05ED 075F 04D9 0385",0,0,0,,0,,,None,Unavailable,NoWallUnderCrosshair,,,,"only 0 valid depth samples under crosshair (42 no-data, 54 out-of-range, 345 low-confidence)",0,,,None,Unavailable,NoWallInView,,,,-0.0154686421,1.20094788,-0.164952338,0.14091517,0.06151135,0.002614707,0.9881055,0,0,0,0,0,0,284799.55546353303,284799.55546353303,0.029103905981173739
36.135277018874106,ac3ae122,SessionTracking,Tracking,30.068531,30.0096931,1,0.03362005201051943,0.49215278,2.65680552,1,160x90 DepthUint16,"centre=3127 min=423 max=31388 hex=0000 3B38 0C37 0000 0000","centre=1891 min=770 max=2042 hex=05D6 0601 0763 04D4 0386",0,0,0,,0,,,None,Unavailable,NoWallUnderCrosshair,,,,"only 0 valid depth samples under crosshair (30 no-data, 53 out-of-range, 358 low-confidence)",0,,,None,Unavailable,NoWallInView,,,,-0.0158656873,1.2008599,-0.16486159,0.139690772,0.058267802,0.00236836076,0.9884765,0,0,0,0,0,0,284799.588790616,284799.588790616,0.033553437009686604
36.166484310865556,ac3ae122,SessionTracking,Tracking,30.0736446,30.0096931,1,0.030524011002853513,0.498958319,2.681875,1,160x90 DepthUint16,"centre=3100 min=425 max=31384 hex=0000 3B3F 0C1C 0000 0000","centre=1878 min=774 max=2041 hex=05CE 05F8 0756 04DF 03A3",0,0,0,,0,,,None,Unavailable,NoWallUnderCrosshair,,,,"only 0 valid depth samples under crosshair (31 no-data, 51 out-of-range, 359 low-confidence)",0,,,None,Unavailable,NoWallInView,,,,-0.01708349,1.20219,-0.1663743,0.138722658,0.0550568476,0.00220972323,0.9887972,0,0,0,0,0,0,284799.622234239,284799.622234239,0.030439322988968343
36.205631966869035,ac3ae122,SessionTracking,Tracking,30.07358,30.0096931,1,0.03844015600043349,0.5047917,2.70347214,1,160x90 DepthUint16,"centre=3109 min=425 max=31385 hex=0000 3B37 0C25 0000 0000","centre=1900 min=770 max=2049 hex=05D5 060A 076C 04FF 0399",0,0,0,,0,,,None,Unavailable,NoWallUnderCrosshair,,,,"only 0 valid depth samples under crosshair (27 no-data, 48 out-of-range, 366 low-confidence)",0,,,None,Unavailable,NoWallInView,,,,-0.0176889542,1.20199585,-0.16617915,0.13821353,0.0518903024,0.0020886662,0.98904,0,0,0,0,0,0,284799.655561322,284799.655561322,0.03835218699532561
36.235816810853933,ac3ae122,SessionTracking,Tracking,30.06755,30.0096931,1,0.029466718988260254,0.5084722,2.7209723,1,160x90 DepthUint16,"centre=3122 min=424 max=31386 hex=0000 3B38 0C32 0000 0000","centre=1876 min=770 max=2030 hex=05C2 05F7 0754 04FF 039B",0,0,0,,0,,,None,Unavailable,NoWallUnderCrosshair,,,,"only 0 valid depth samples under crosshair (31 no-data, 48 out-of-range, 362 low-confidence)",0,,,None,Unavailable,NoWallInView,,,,-0.0186467953,1.20164955,-0.16588375,0.138059691,0.05010398,0.00253045582,0.989152551,0,0,0,0,0,0,284799.68888840504,284799.68888840504,0.028911353991134092
36.269528060852238,ac3ae122,SessionTracking,Tracking,30.0702152,30.0096931,1,0.0329730209778063,0.5147222,2.784375,1,160x90 DepthUint16,"centre=3209 min=425 max=31399 hex=0000 0000 0C89 0000 0000","centre=1865 min=773 max=2047 hex=05BF 05F3 0749 04F3 038D",0,0,0,,0,,,None,Unavailable,NoWallUnderCrosshair,,,,"only 0 valid depth samples under crosshair (23 no-data, 44 out-of-range, 374 low-confidence)",0,,,None,Unavailable,NoWallInView,,,,-0.0193072818,1.20089328,-0.166241184,0.138968214,0.0489610173,0.00286486745,0.9890816,0,0,0,0,0,0,284799.72243836604,284799.72243836604,0.03288760400027968
36.300381393862111,ac3ae122,SessionTracking,Tracking,30.070343,30.0096931,1,0.030060260003665462,0.5186806,2.756875,1,160x90 DepthUint16,"centre=3320 min=425 max=31414 hex=0000 0000 0CF8 0000 50DC","centre=1875 min=771 max=2036 hex=05B1 05E8 0753 04FE 038F",0,0,0,,0,,,None,Unavailable,NoWallUnderCrosshair,,,,"only 0 valid depth samples under crosshair (16 no-data, 55 out-of-range, 370 low-confidence)",0,,,None,Unavailable,NoWallInView,,,,-0.0202091131,1.20022476,-0.165911376,0.139828265,0.0467518345,0.00323233,0.989066243,0,0,0,0,0,0,284799.755765449,284799.755765449,0.029973594006150961
36.337524883877407,ac3ae122,SessionTracking,Tracking,30.07413,29.9731655,1,0.036445938021643087,0.5263889,2.75006938,1,160x90 DepthUint16,"centre=3381 min=425 max=31422 hex=0000 0000 0D35 0000 50E1","centre=1851 min=768 max=2033 hex=05C0 05F7 073B 04E9 038D",0,0,0,,0,,,None,Unavailable,NoWallUnderCrosshair,,,,"only 0 valid depth samples under crosshair (12 no-data, 56 out-of-range, 373 low-confidence)",0,,,None,Unavailable,NoWallInView,,,,-0.0208979286,1.19935656,-0.165681958,0.140133172,0.0435147956,0.00327578187,0.989170551,0,0,0,0,0,0,284799.789092532,284799.789092532,0.036359792022267357
36.376324883857663,ac3ae122,SessionTracking,Tracking,30.0693626,29.9731655,1,0.0380343750002794,0.530416667,2.81715274,1,160x90 DepthUint16,"centre=3571 min=425 max=31436 hex=0000 0000 0DF3 0000 50F3","centre=1863 min=772 max=2027 hex=05E7 0623 0747 04CC 0387",0,0,0,,0,,,None,Unavailable,NoWallUnderCrosshair,,,,"only 0 valid depth samples under crosshair (22 no-data, 65 out-of-range, 354 low-confidence)",0,,,None,Unavailable,NoWallInView,,,,-0.0223479662,1.19911623,-0.16572082,0.140895531,0.04159106,0.00357332849,0.989144,0,0,0,0,0,0,284799.822285776,284799.822285776,0.03793098998721689
36.4007516018673,ac3ae122,SessionTracking,Tracking,30.0727,29.9731655,1,0.023717186995781958,0.536944449,2.78430557,1,160x90 DepthUint16,"centre=3661 min=425 max=31442 hex=0000 0000 0E4D 0000 50FA","centre=1846 min=780 max=2027 hex=05BD 05F9 0736 04BA 037A",0,0,0,,0,,,None,Unavailable,NoWallUnderCrosshair,,,,"only 0 valid depth samples under crosshair (21 no-data, 63 out-of-range, 357 low-confidence)",0,,,None,Unavailable,NoWallInView,,,,-0.0233223829,1.1983974,-0.165429249,0.141277522,0.0397559479,0.00350403786,0.989165246,0,0,0,0,0,0,284799.855612859,284799.855612859,0.023637656006030738
36.440326393864737,ac3ae122,SessionTracking,Tracking,30.0699863,29.9731655,1,0.038852759986184537,0.5404861,2.82951379,1,160x90 DepthUint16,"centre=3739 min=425 max=31447 hex=0000 0000 0E9B 7ACF 56FD","centre=1853 min=777 max=2039 hex=05D3 060F 073D 04DD 0389",0,0,0,,0,,,None,Unavailable,NoWallUnderCrosshair,,,,"only 0 valid depth samples under crosshair (20 no-data, 68 out-of-range, 353 low-confidence)",0,,,None,Unavailable,NoWallInView,,,,-0.0242699441,1.19778287,-0.165160239,0.1412871,0.0378327854,0.00317433476,0.9892404,0,0,0,0,0,0,284799.888939942,284799.888939942,0.038766354002291337
36.470149414867549,ac3ae122,SessionTracking,Tracking,30.0713367,29.9731655,1,0.029120572988176718,0.5472222,2.832639,1,160x90 DepthUint16,"centre=3804 min=424 max=31454 hex=0000 0000 0EDC 7AD0 5713","centre=1850 min=769 max=2035 hex=05C6 0602 073A 04C2 0377",0,0,0,,0,,,None,Unavailable,NoWallUnderCrosshair,,,,"only 0 valid depth samples under crosshair (20 no-data, 69 out-of-range, 352 low-confidence)",0,,,None,Unavailable,NoWallInView,,,,-0.0258525629,1.19751787,-0.164122164,0.141368747,0.035947606,0.00315287733,0.9892991,0,0,0,0,0,0,284799.922279794,284799.922279794,0.029032604012172669
36.501496341857049,ac3ae122,SessionTracking,Tracking,30.0699863,29.9731655,1,0.030369166983291507,0.54909724,2.84722233,1,160x90 DepthUint16,"centre=3858 min=424 max=31454 hex=0000 0000 0F12 7AC3 570F","centre=1847 min=767 max=2036 hex=05D0 060C 0737 04A6 0384",0,0,0,,0,,,None,Unavailable,NoWallUnderCrosshair,,,,"only 0 valid depth samples under crosshair (17 no-data, 73 out-of-range, 351 low-confidence)",0,,,None,Unavailable,NoWallInView,,,,-0.026820058,1.19718885,-0.163844347,0.141006246,0.034094166,0.00296413922,0.9894171,0,0,0,0,0,0,284799.955606877,284799.955606877,0.030131770996376872
36.5322446748532,ac3ae122,SessionTracking,Tracking,30.0702286,29.9731655,1,0.030080155993346125,0.554305553,2.903889,1,160x90 DepthUint16,"centre=3924 min=424 max=31449 hex=0000 0000 0F54 7AAF 56F7","centre=1840 min=769 max=2021 hex=05C3 0603 0730 04AA 037D",0,0,0,,0,,,None,Unavailable,NoWallUnderCrosshair,,,,"only 0 valid depth samples under crosshair (12 no-data, 71 out-of-range, 358 low-confidence)",0,,,None,Unavailable,NoWallInView,,,,-0.0278528817,1.19675756,-0.16359508,0.140262291,0.0324399,0.00262576342,0.9895793,0,0,0,0,0,0,284799.98893396003,284799.98893396003,0.030009009991772473
36.565461497862046,ac3ae122,SessionTracking,Tracking,30.0682926,29.9731655,1,0.032506822986761108,0.5586111,2.90458322,1,160x90 DepthUint16,"centre=3998 min=423 max=31452 hex=0000 0000 0F9E 7AA5 56E6","centre=1842 min=764 max=2036 hex=05C5 060C 0732 0499 038A",0,0,0,,0,,,None,Unavailable,NoWallUnderCrosshair,,,,"only 0 valid depth samples under crosshair (9 no-data, 72 out-of-range, 360 low-confidence)",0,,,None,Unavailable,NoWallInView,,,,-0.0293832328,1.19646668,-0.163167134,0.14011021,0.03043088,0.00232368731,0.989665449,0,0,0,0,0,0,284800.02236677404,284800.02236677404,0.032423072989331558
36.602092487874827,ac3ae122,SessionTracking,Tracking,30.0694065,29.9731655,1,0.035912969004129991,0.5602083,2.95243049,1,160x90 DepthUint16,"centre=4059 min=423 max=31451 hex=0000 0CCC 0FDB 7A9D 56DA","centre=1844 min=763 max=2030 hex=05C6 0608 0734 0491 0395",0,0,0,,0,,,None,Unavailable,NoWallUnderCrosshair,,,,"only 0 valid depth samples under crosshair (11 no-data, 74 out-of-range, 356 low-confidence)",0,,,None,Unavailable,NoWallInView,,,,-0.03066759,1.1960305,-0.162719071,0.139836177,0.0290396065,0.00262355828,0.9897453,0,0,0,0,0,0,284800.055693857,284800.055693857,0.035825886006932706
36.634512226874861,ac3ae122,SessionTracking,Tracking,30.0691376,29.9731655,1,0.031655572995077819,0.5652083,2.89159727,1,160x90 DepthUint16,"centre=4159 min=422 max=31453 hex=0000 0CCC 103F 7A8F 571A","centre=1809 min=764 max=2017 hex=05B9 05FA 0711 046C 038D",0,0,0,,0,,,None,Unavailable,NoWallUnderCrosshair,,,,"only 0 valid depth samples under crosshair (19 no-data, 71 out-of-range, 351 low-confidence)",0,,,None,Unavailable,NoWallInView,,,,-0.03177443,1.19567835,-0.162263364,0.139693722,0.0270052962,0.00276425481,0.9898226,0,0,0,0,0,0,284800.08902094,284800.08902094,0.031566198013024405
36.667535612875284,ac3ae122,SessionTracking,Tracking,30.06986,29.9731655,1,0.032292917021550238,0.5704167,2.98263884,1,160x90 DepthUint16,"centre=4554 min=422 max=31455 hex=0000 070E 11CA 7A70 5727","centre=1833 min=768 max=2028 hex=05C0 060A 0729 0491 037C",0,0,0,,0,,,None,Unavailable,NoWallUnderCrosshair,,,,"only 0 valid depth samples under crosshair (8 no-data, 73 out-of-range, 360 low-confidence)",0,,,None,Unavailable,NoWallInView,,,,-0.0331107,1.1959089,-0.162117124,0.1393912,0.0238855612,0.00259876275,0.9899459,0,0,0,0,0,0,284800.122466254,284800.122466254,0.032210886012762785
36.705743685880364,ac3ae122,SessionTracking,Tracking,30.0693264,29.9731655,1,0.037526823027292266,0.5713889,3.03263879,1,160x90 DepthUint16,"centre=5095 min=422 max=31450 hex=0000 0621 13E7 7A66 570B","centre=1813 min=765 max=2031 hex=05D1 0615 0715 04A8 0390",0,0,0,,0,,,None,Unavailable,NoWallUnderCrosshair,,,,"only 0 valid depth samples under crosshair (4 no-data, 72 out-of-range, 365 low-confidence)",0,,,None,Unavailable,NoWallInView,,,,-0.03408645,1.19566417,-0.161877662,0.138699681,0.0212950781,0.00226917863,0.990103,0,0,0,0,0,0,284800.15579333703,284800.15579333703,0.037443802022608
36.735486549870032,ac3ae122,SessionTracking,Tracking,30.0684967,29.9731655,1,0.028795833000913262,0.574930549,3.00375,1,160x90 DepthUint16,"centre=5417 min=422 max=31442 hex=0000 060E 1529 6620 56FA","centre=1815 min=753 max=2031 hex=05BF 0606 0717 046D 0391",0,0,0,,0,,,None,Unavailable,NoWallUnderCrosshair,,,,"only 0 valid depth samples under crosshair (6 no-data, 56 out-of-range, 379 low-confidence)",0,,,None,Unavailable,NoWallInView,,,,-0.0349881724,1.195423,-0.161703169,0.1378678,0.01862577,0.00175201893,0.990273952,0,0,0,0,0,0,284800.18912042,284800.18912042,0.028562396008055657
36.768818841860551,ac3ae122,SessionTracking,Tracking,30.0677166,29.9731655,1,0.03212083299877122,0.5758333,3.06854177,1,160x90 DepthUint16,"centre=5861 min=421 max=31440 hex=0000 0600 16E5 661E 5700","centre=1826 min=753 max=2050 hex=05C4 0609 0722 0495 039A",0,0,0,,0,,,None,Unavailable,NoWallUnderCrosshair,,,,"only 0 valid depth samples under crosshair (4 no-data, 61 out-of-range, 376 low-confidence)",0,,,None,Unavailable,NoWallInView,,,,-0.03624902,1.19517958,-0.161384687,0.1376664,0.0175070725,0.00167939067,0.9903226,0,0,0,0,0,0,284800.222447504,284800.222447504,0.030344530998263508
36.800888997872747,ac3ae122,SessionTracking,Tracking,30.06766,29.9731655,1,0.030820832995232195,0.5771528,3.02756953,1,160x90 DepthUint16,"centre=5937 min=422 max=31444 hex=0000 0602 1731 6621 5713","centre=1831 min=754 max=2041 hex=05B4 05FC 0727 0499 0393",0,0,0,,0,,,None,Unavailable,NoWallUnderCrosshair,,,,"only 0 valid depth samples under crosshair (4 no-data, 58 out-of-range, 379 low-confidence)",0,,,None,Unavailable,NoWallInView,,,,-0.0360446125,1.19552088,-0.161363214,0.137972787,0.0172042381,0.00133129966,0.9902857,0,0,0,0,0,0,284800.255812923,284800.255812923,0.030712708015926182
36.8352070188766,ac3ae122,SessionTracking,Tracking,30.0677738,29.9731655,1,0.033500573015771806,0.576041639,3.032361,1,160x90 DepthUint16,"centre=5851 min=421 max=31443 hex=0000 0602 16DB 6620 5708","centre=1820 min=751 max=2039 hex=05AA 05F4 071C 047C 0396",0,0,0,,0,,,None,Unavailable,NoWallUnderCrosshair,,,,"only 0 valid depth samples under crosshair (4 no-data, 55 out-of-range, 382 low-confidence)",0,,,None,Unavailable,NoWallInView,,,,-0.0376432277,1.19521213,-0.16103828,0.137880936,0.0176658835,0.00133731973,0.990290344,0,0,0,0,0,0,284800.289140006,284800.289140006,0.033415052021155134
36.865939101865436,ac3ae122,SessionTracking,Tracking,30.0679855,29.9731655,1,0.029890103993238881,0.5711111,2.97131944,1,160x90 DepthUint16,"centre=5446 min=421 max=31439 hex=0000 0614 1546 7A5C 56F9","centre=1838 min=751 max=2036 hex=05BA 0603 072E 0471 03A5",0,0,0,,0,,,None,Unavailable,NoWallUnderCrosshair,,,,"only 0 valid depth samples under crosshair (6 no-data, 61 out-of-range, 374 low-confidence)",0,,,None,Unavailable,NoWallInView,,,,-0.0398495346,1.19503284,-0.160781413,0.138001651,0.0212896839,0.00210016966,0.990201,0,0,0,0,0,0,284800.32246709004,284800.32246709004,0.029801405995385721
36.898887174865152,ac3ae122,SessionTracking,Tracking,30.06935,29.9731655,1,0.03226692700991407,0.565486133,2.93895841,1,160x90 DepthUint16,"centre=4554 min=421 max=31437 hex=0000 064F 11CA 19C9 570C","centre=1813 min=789 max=2029 hex=05CF 0612 0715 0488 0385",0,0,0,,0,,,None,Unavailable,NoWallUnderCrosshair,,,,"only 0 valid depth samples under crosshair (13 no-data, 62 out-of-range, 366 low-confidence)",0,,,None,Unavailable,NoWallInView,,,,-0.0400072075,1.19563246,-0.160994589,0.138281971,0.02535114,0.00313168764,0.9900634,0,0,0,0,0,0,284800.356481535,284800.356481535,0.0321811460016761
36.934594414858068,ac3ae122,SessionTracking,Tracking,30.0721378,29.9731655,1,0.034952135989442468,0.556597233,2.88506937,1,160x90 DepthUint16,"centre=4068 min=421 max=31425 hex=0000 0CCE 0FE4 19C8 56C4","centre=1808 min=777 max=2029 hex=05C4 0603 0710 0488 03B7",0,0,0,,0,,,None,Unavailable,NoWallUnderCrosshair,,,,"only 0 valid depth samples under crosshair (22 no-data, 59 out-of-range, 360 low-confidence)",0,,,None,Unavailable,NoWallInView,,,,-0.0421911739,1.19563663,-0.160770461,0.138167679,0.0303852856,0.003352791,0.989936948,0,0,0,0,0,0,284800.389808618,284800.389808618,0.03486401098780334
36.966239466876644,ac3ae122,SessionTracking,Tracking,30.0711384,29.9731655,1,0.030934427020838484,0.5422222,2.801597,1,160x90 DepthUint16,"centre=3713 min=421 max=31401 hex=0000 0000 0E81 7AA2 56F4","centre=1837 min=787 max=2053 hex=05A4 05E4 072D 047A 0396",0,0,0,,0,,,None,Unavailable,NoWallUnderCrosshair,,,,"only 0 valid depth samples under crosshair (28 no-data, 40 out-of-range, 373 low-confidence)",0,,,None,Unavailable,NoWallInView,,,,-0.0435689352,1.19655,-0.161068216,0.1380083,0.0382558554,0.00381702185,0.989684641,0,0,0,0,0,0,284800.42302607,284800.42302607,0.030850313021801412
36.999829935862138,ac3ae122,SessionTracking,Tracking,30.0718632,29.9731655,1,0.032753281993791461,0.521527767,2.67256951,1,160x90 DepthUint16,"centre=3229 min=421 max=31386 hex=0000 0000 0C9D 0000 0000","centre=1852 min=775 max=2045 hex=05AE 05EE 073C 049B 039E",0,0,0,,0,,,None,Unavailable,NoWallUnderCrosshair,,,,"only 0 valid depth samples under crosshair (34 no-data, 33 out-of-range, 374 low-confidence)",0,,,None,Unavailable,NoWallInView,,,,-0.0465565249,1.19675469,-0.1609276,0.138205335,0.0478472076,0.004840434,0.989235342,0,0,0,0,0,0,284800.45635315304,284800.45635315304,0.032669687992893159
37.035809726853543,ac3ae122,SessionTracking,Tracking,30.0727272,29.9731655,1,0.035279478994198143,0.505347252,2.621389,1,160x90 DepthUint16,"centre=3151 min=421 max=31368 hex=0000 3B37 0C4F 0000 0000","centre=1856 min=779 max=2037 hex=05B2 05EC 0740 04AA 03B4",0,0,0,,0,,,None,Unavailable,NoWallUnderCrosshair,,,,"only 0 valid depth samples under crosshair (37 no-data, 34 out-of-range, 370 low-confidence)",0,,,None,Unavailable,NoWallInView,,,,-0.04913289,1.19689775,-0.160750359,0.138012722,0.05534812,0.00541496323,0.988867939,0,0,0,0,0,0,284800.48968023603,284800.48968023603,0.035192915995139629
37.066836184872,ac3ae122,SessionTracking,Tracking,30.0732975,29.9731655,1,0.028722604009089991,0.492708325,2.528125,1,160x90 DepthUint16,"centre=3044 min=421 max=31349 hex=0000 3B55 0BE4 0000 0000","centre=1856 min=795 max=2023 hex=05B2 05E6 0740 04B3 03BB",0,0,0,,0,,,None,Unavailable,NoWallUnderCrosshair,,,,"only 0 valid depth samples under crosshair (40 no-data, 28 out-of-range, 373 low-confidence)",0,,,None,Unavailable,NoWallInView,,,,-0.0499320477,1.19783092,-0.1611252,0.137815237,0.06127581,0.00570687652,0.9885442,0,0,0,0,0,0,284800.522865941,284800.522865941,0.028545884997583926
37.098073059859374,ac3ae122,SessionTracking,Tracking,30.0792313,29.9731655,1,0.030587551998905838,0.481180549,2.493264,1,160x90 DepthUint16,"centre=2995 min=421 max=31327 hex=0000 392C 0BB3 0000 0000","centre=1871 min=802 max=2029 hex=05BA 05E9 074F 04D1 03C2",0,0,0,,0,,,None,Unavailable,NoWallUnderCrosshair,,,,"only 0 valid depth samples under crosshair (53 no-data, 21 out-of-range, 367 low-confidence)",0,,,None,Unavailable,NoWallInView,,,,-0.05207722,1.19794929,-0.1609517,0.137630984,0.06670694,0.00620922353,0.9882152,0,0,0,0,0,0,284800.55619302404,284800.55619302404,0.030501770001137629
37.136649987855847,ac3ae122,SessionTracking,Tracking,30.068737,29.9731655,1,0.036617812991607934,0.471180558,2.48090267,1,160x90 DepthUint16,"centre=2962 min=420 max=31303 hex=0000 366A 0B92 0000 0000","centre=1868 min=790 max=2006 hex=05BA 05E7 074C 04C6 03CA",0,0,0,,0,,,None,Unavailable,NoWallUnderCrosshair,,,,"only 0 valid depth samples under crosshair (68 no-data, 19 out-of-range, 354 low-confidence)",0,,,None,Unavailable,NoWallInView,,,,-0.05409229,1.19792116,-0.160735279,0.1372416,0.07106846,0.00681465957,0.987961352,0,0,0,0,0,0,284800.589520107,284800.589520107,0.036534947983454913
37.168425351867839,ac3ae122,SessionTracking,Tracking,30.0712662,29.9731655,1,0.031058177002705634,0.463888884,2.44791675,1,160x90 DepthUint16,"centre=2907 min=421 max=31290 hex=0000 3B7A 0B5B 0000 0000","centre=1870 min=775 max=2014 hex=05A6 05D3 074E 04B9 03C1",0,0,0,,0,,,None,Unavailable,NoWallUnderCrosshair,,,,"only 0 valid depth samples under crosshair (71 no-data, 24 out-of-range, 346 low-confidence)",0,,,None,Unavailable,NoWallInView,,,,-0.05266676,1.19847381,-0.162312448,0.137246892,0.07406883,0.00700044632,0.9877389,0,0,0,0,0,0,284800.622309738,284800.622309738,0.030972968990681693
37.198839466865095,ac3ae122,SessionTracking,Tracking,30.073452,29.9731655,1,0.029704479005886242,0.455069453,2.42583323,1,160x90 DepthUint16,"centre=2789 min=421 max=31275 hex=0000 3B74 0AE5 0000 0000","centre=1880 min=804 max=2032 hex=0599 05C4 0758 04E0 03D4",0,0,0,,0,,,None,Unavailable,NoWallUnderCrosshair,,,,"only 0 valid depth samples under crosshair (75 no-data, 32 out-of-range, 334 low-confidence)",0,,,None,Unavailable,NoWallInView,,,,-0.0546606854,1.19837165,-0.161858842,0.138045058,0.0788098946,0.00778237032,0.9872548,0,0,0,0,0,0,284800.655636821,284800.655636821,0.029621771012898535
37.235094101858479,ac3ae122,SessionTracking,Tracking,30.0771885,29.9731655,1,0.035568228980991989,0.444791675,2.43791676,1,160x90 DepthUint16,"centre=2741 min=421 max=31264 hex=0000 1706 0AB5 0000 0000","centre=1868 min=793 max=2027 hex=05B5 05DF 074C 04D7 03D5",0,0,0,,0,,,None,Unavailable,NoWallUnderCrosshair,,,,"only 0 valid depth samples under crosshair (79 no-data, 32 out-of-range, 330 low-confidence)",0,,,None,Unavailable,NoWallInView,,,,-0.056833908,1.198281,-0.16127795,0.139383718,0.0840513,0.008765251,0.986625969,0,0,0,0,0,0,284800.68896390405,284800.68896390405,0.035482134990161285
37.269232070880165,ac3ae122,SessionTracking,Tracking,30.071104,29.9731655,1,0.033464427018770948,0.430625,2.3875,1,160x90 DepthUint16,"centre=2733 min=421 max=31248 hex=0000 1365 0AAD 0000 0000","centre=1889 min=768 max=2026 hex=0589 05BB 0761 04B8 03DB",0,0,0,,0,,,None,Unavailable,NoWallUnderCrosshair,,,,"only 0 valid depth samples under crosshair (107 no-data, 23 out-of-range, 311 low-confidence)",0,,,None,Unavailable,NoWallInView,,,,-0.0528424,1.19918072,-0.1622675,0.140594974,0.08939106,0.009342552,0.985979259,0,0,0,0,0,0,284800.72208735504,284800.72208735504,0.033379947999492288
37.300390247858516,ac3ae122,SessionTracking,Tracking,30.0729713,29.9731655,1,0.030316353979287669,0.4186111,2.370139,1,160x90 DepthUint16,"centre=2672 min=421 max=31226 hex=0000 1341 0A70 0000 0000","centre=1872 min=781 max=2029 hex=0588 05B6 0750 04B6 03D0",0,0,0,,0,,,None,Unavailable,NoWallUnderCrosshair,,,,"only 0 valid depth samples under crosshair (130 no-data, 24 out-of-range, 287 low-confidence)",0,,,None,Unavailable,NoWallInView,,,,-0.0548637621,1.19896615,-0.161791384,0.141874552,0.09516461,0.0100569725,0.985248268,0,0,0,0,0,0,284800.755414438,284800.755414438,0.030231926997657865
37.33182108087108,ac3ae122,SessionTracking,Tracking,30.07233,29.9731655,1,0.030764530994929373,0.413541675,2.33819437,1,160x90 DepthUint16,"centre=2505 min=420 max=31218 hex=0000 1331 09C9 0000 0000","centre=1864 min=806 max=2032 hex=0581 05B0 0748 04C4 03D6",0,0,0,,0,,,None,Unavailable,NoWallUnderCrosshair,,,,"only 0 valid depth samples under crosshair (130 no-data, 34 out-of-range, 277 low-confidence)",0,,,None,Unavailable,NoWallInView,,,,-0.05634162,1.19868457,-0.161388651,0.14275758,0.09799112,0.0101357708,0.9848428,0,0,0,0,0,0,284800.788741521,284800.788741521,0.030682864016853273
37.369492382879756,ac3ae122,SessionTracking,Tracking,30.07254,30.0397053,1,0.036966354004107416,0.412777781,2.3209722,1,160x90 DepthUint16,"centre=2447 min=420 max=31229 hex=0000 132E 098F 0000 0000","centre=1859 min=775 max=2030 hex=0584 05B1 0743 04DD 03EA",0,0,0,,0,,,None,Unavailable,NoWallUnderCrosshair,,,,"only 0 valid depth samples under crosshair (127 no-data, 36 out-of-range, 278 low-confidence)",0,,,None,Unavailable,NoWallInView,,,,-0.05257859,1.19936013,-0.16171062,0.143455431,0.0980679,0.009818346,0.984737,0,0,0,0,0,0,284800.821813678,284800.821813678,0.036880364001262933
37.399573476860454,ac3ae122,SessionTracking,Tracking,30.0733814,30.0397053,1,0.029331875004572794,0.414305568,2.34895825,1,160x90 DepthUint16,"centre=2461 min=420 max=31231 hex=0000 132E 099D 0000 0000","centre=1859 min=816 max=2033 hex=0581 05B2 0743 04D3 03E6",0,0,0,,0,,,None,Unavailable,NoWallUnderCrosshair,,,,"only 0 valid depth samples under crosshair (126 no-data, 36 out-of-range, 279 low-confidence)",0,,,None,Unavailable,NoWallInView,,,,-0.0533644632,1.19913924,-0.161528513,0.143575072,0.0980017856,0.009847731,0.984725833,0,0,0,0,0,0,284800.855140761,284800.855140761,0.029248749982798472
37.432269934876743,ac3ae122,SessionTracking,Tracking,30.07358,30.0397053,1,0.032010625000111759,0.412222236,2.33645844,1,160x90 DepthUint16,"centre=2442 min=420 max=31224 hex=0000 132F 098A 0000 0000","centre=1864 min=774 max=2033 hex=057D 05B0 0748 04D9 03DB",0,0,0,,0,,,None,Unavailable,NoWallUnderCrosshair,,,,"only 0 valid depth samples under crosshair (126 no-data, 37 out-of-range, 278 low-confidence)",0,,,None,Unavailable,NoWallInView,,,,-0.05433,1.198971,-0.161477089,0.143361479,0.09846822,0.0100352475,0.9847085,0,0,0,0,0,0,284800.888467844,284800.888467844,0.031927656003972515
37.46514472687609,ac3ae122,SessionTracking,Tracking,30.0738735,30.0397053,1,0.032201615016674623,0.410833329,2.375903,1,160x90 DepthUint16,"centre=2381 min=420 max=31220 hex=0000 1330 094D 0000 0000","centre=1869 min=809 max=2042 hex=0590 05C0 074D 04E0 03DC",0,0,0,,0,,,None,Unavailable,NoWallUnderCrosshair,,,,"only 0 valid depth samples under crosshair (129 no-data, 29 out-of-range, 283 low-confidence)",0,,,None,Unavailable,NoWallInView,,,,-0.04912694,1.19943309,-0.162701458,0.14301306,0.09845735,0.009587885,0.9847647,0,0,0,0,0,0,284800.921060295,284800.921060295,0.032119531009811908
37.500059257864407,ac3ae122,SessionTracking,Tracking,30.07648,30.0397053,1,0.034187187004135922,0.409861118,2.34645844,1,160x90 DepthUint16,"centre=2380 min=420 max=31212 hex=0000 1332 094C 0000 0000","centre=1863 min=808 max=2031 hex=0599 05C9 0747 04AA 03DC",0,0,0,,0,,,None,Unavailable,NoWallUnderCrosshair,,,,"only 0 valid depth samples under crosshair (138 no-data, 28 out-of-range, 275 low-confidence)",0,,,None,Unavailable,NoWallInView,,,,-0.04968725,1.19933736,-0.162695348,0.142622992,0.09878162,0.009548873,0.984789133,0,0,0,0,0,0,284800.954387378,284800.954387378,0.034102915989933535
37.53490852886803,ac3ae122,SessionTracking,Tracking,30.072937,30.0397053,1,0.034086458006640896,0.41,2.33895826,1,160x90 DepthUint16,"centre=2380 min=420 max=31209 hex=0000 1332 094C 0000 0000","centre=1864 min=776 max=2035 hex=0594 05C8 0748 04AB 03D4",0,0,0,,0,,,None,Unavailable,NoWallUnderCrosshair,,,,"only 0 valid depth samples under crosshair (139 no-data, 27 out-of-range, 275 low-confidence)",0,,,None,Unavailable,NoWallInView,,,,-0.05016396,1.19929814,-0.162623763,0.142446548,0.09891892,0.00945180748,0.9848019,0,0,0,0,0,0,284800.987714461,284800.987714461,0.033999948005657643
37.567763320860607,ac3ae122,SessionTracking,Tracking,30.0725536,30.0397053,1,0.032145208999281749,0.413541675,2.40145826,1,160x90 DepthUint16,"centre=2418 min=420 max=31216 hex=0000 1334 0972 0000 0000","centre=1863 min=813 max=2023 hex=0591 05C3 0747 04A2 03DC",0,0,0,,0,,,None,Unavailable,NoWallUnderCrosshair,,,,"only 0 valid depth samples under crosshair (132 no-data, 29 out-of-range, 280 low-confidence)",0,,,None,Unavailable,NoWallInView,,,,-0.04471652,1.19950986,-0.163285017,0.14199543,0.09731938,0.008646012,0.985033751,0,0,0,0,0,0,284801.020561653,284801.020561653,0.032063697988633066
37.597286601862791,ac3ae122,SessionTracking,Tracking,30.0736313,30.0397053,1,0.028807969007175416,0.416180551,2.303264,1,160x90 DepthUint16,"centre=2548 min=420 max=31223 hex=0000 133D 09F4 0000 0000","centre=1866 min=808 max=2026 hex=058D 05BB 074A 04B4 03E4",0,0,0,,0,,,None,Unavailable,NoWallUnderCrosshair,,,,"only 0 valid depth samples under crosshair (138 no-data, 21 out-of-range, 282 low-confidence)",0,,,None,Unavailable,NoWallInView,,,,-0.0444667265,1.19940376,-0.1633477,0.141454563,0.09534967,0.0083168745,0.985307038,0,0,0,0,0,0,284801.053888736,284801.053888736,0.028723177005304024
37.634069309852705,ac3ae122,SessionTracking,Tracking,30.0726433,30.0397053,1,0.036089948000153527,0.421180546,2.41104174,1,160x90 DepthUint16,"centre=2667 min=420 max=31232 hex=0000 1346 0A6B 0000 0000","centre=1891 min=804 max=2043 hex=059C 05C8 0763 04D4 03E3",0,0,0,,0,,,None,Unavailable,NoWallUnderCrosshair,,,,"only 0 valid depth samples under crosshair (119 no-data, 23 out-of-range, 299 low-confidence)",0,,,None,Unavailable,NoWallInView,,,,-0.0442383,1.19925165,-0.163337648,0.141142517,0.0933516249,0.008347988,0.9855428,0,0,0,0,0,0,284801.08721581905,284801.08721581905,0.036003436980536208
37.665031236879216,ac3ae122,SessionTracking,Tracking,30.074831,30.0397053,1,0.030230937001761049,0.428402781,2.39680552,1,160x90 DepthUint16,"centre=2713 min=420 max=31258 hex=0000 1355 0A99 0000 0000","centre=1901 min=796 max=2039 hex=058E 05BB 076D 04A6 03F3",0,0,0,,0,,,None,Unavailable,NoWallUnderCrosshair,,,,"only 0 valid depth samples under crosshair (120 no-data, 23 out-of-range, 298 low-confidence)",0,,,None,Unavailable,NoWallInView,,,,-0.043662414,1.19901669,-0.163197547,0.141045392,0.0898666754,0.008056642,0.985883,0,0,0,0,0,0,284801.120542903,284801.120542903,0.0301443750213366
37.699135351859653,ac3ae122,SessionTracking,Tracking,30.0736542,30.0397053,1,0.03340359398862347,0.436041653,2.43138885,1,160x90 DepthUint16,"centre=2732 min=420 max=31283 hex=0000 137B 0AAC 0000 0000","centre=1887 min=779 max=2026 hex=059D 05CB 075F 04CF 03D4",0,0,0,,0,,,None,Unavailable,NoWallUnderCrosshair,,,,"only 0 valid depth samples under crosshair (105 no-data, 28 out-of-range, 308 low-confidence)",0,,,None,Unavailable,NoWallInView,,,,-0.0379316472,1.19876587,-0.163999647,0.141249448,0.08610868,0.007580012,0.986192942,0,0,0,0,0,0,284801.15367103304,284801.15367103304,0.033316978981019929
37.73674149787162,ac3ae122,SessionTracking,Tracking,30.0726643,30.0397053,1,0.036901354003930464,0.439652771,2.41888881,1,160x90 DepthUint16,"centre=2733 min=420 max=31296 hex=0000 13A5 0AAD 0000 0000","centre=1902 min=774 max=2033 hex=0597 05C8 076E 04CA 03E2",0,0,0,,0,,,None,Unavailable,NoWallUnderCrosshair,,,,"only 0 valid depth samples under crosshair (112 no-data, 24 out-of-range, 305 low-confidence)",0,,,None,Unavailable,NoWallInView,,,,-0.037348602,1.19847631,-0.163896024,0.141385123,0.08420264,0.007693083,0.9863372,0,0,0,0,0,0,284801.186998116,284801.186998116,0.036816250008996576
37.767398580871443,ac3ae122,SessionTracking,Tracking,30.0730286,30.0397053,1,0.030009634996531531,0.4445139,2.46854162,1,160x90 DepthUint16,"centre=2732 min=422 max=31312 hex=0000 168E 0AAC 0000 0000","centre=1894 min=784 max=2032 hex=05A6 05D4 0766 04DA 03D8",0,0,0,,0,,,None,Unavailable,NoWallUnderCrosshair,,,,"only 0 valid depth samples under crosshair (98 no-data, 32 out-of-range, 311 low-confidence)",0,,,None,Unavailable,NoWallInView,,,,-0.0292758681,1.19929528,-0.16629985,0.141355142,0.0818713158,0.007171721,0.9865416,0,0,0,0,0,0,284801.220160451,284801.220160451,0.029921094013843685
37.799048945852476,ac3ae122,SessionTracking,Tracking,30.0732136,30.0397053,1,0.030918697972083464,0.448541671,2.48631954,1,160x90 DepthUint16,"centre=2717 min=422 max=31328 hex=0000 17CF 0A9D 0000 0000","centre=1873 min=803 max=2009 hex=059E 05D0 0751 04B8 03EF",0,0,0,,0,,,None,Unavailable,NoWallUnderCrosshair,,,,"only 0 valid depth samples under crosshair (95 no-data, 31 out-of-range, 315 low-confidence)",0,,,None,Unavailable,NoWallInView,,,,-0.02826012,1.19905889,-0.16637367,0.1415756,0.07964125,0.00663644075,0.9866963,0,0,0,0,0,0,284801.253487534,284801.253487534,0.030831771000521258
37.835334153866782,ac3ae122,SessionTracking,Tracking,30.0730915,30.0397053,1,0.0356321349972859,0.451319456,2.50930548,1,160x90 DepthUint16,"centre=2708 min=422 max=31335 hex=0000 1877 0A94 0000 0000","centre=1910 min=807 max=2026 hex=05AA 05DC 0776 04BD 03F4",0,0,0,,0,,,None,Unavailable,NoWallUnderCrosshair,,,,"only 0 valid depth samples under crosshair (89 no-data, 33 out-of-range, 319 low-confidence)",0,,,None,Unavailable,NoWallInView,,,,-0.0275439471,1.198789,-0.166469663,0.141659409,0.078418605,0.006908417,0.986780345,0,0,0,0,0,0,284801.286814617,284801.286814617,0.035548541985917836
37.86938055988044,ac3ae122,SessionTracking,Tracking,30.0727,30.0397053,1,0.033313073014141992,0.44972223,2.50708342,1,160x90 DepthUint16,"centre=2713 min=423 max=31337 hex=0000 185C 0A99 0000 0000","centre=1901 min=805 max=2018 hex=05A3 05D5 076D 04B1 03D6",0,0,0,,0,,,None,Unavailable,NoWallUnderCrosshair,,,,"only 0 valid depth samples under crosshair (93 no-data, 33 out-of-range, 315 low-confidence)",0,,,None,Unavailable,NoWallInView,,,,-0.0269359648,1.199426,-0.1676732,0.14183645,0.07861596,0.00761541724,0.986734033,0,0,0,0,0,0,284801.319900217,284801.319900217,0.033230781002203
37.898712278859378,ac3ae122,SessionTracking,Tracking,30.0723953,30.0397053,1,0.028640000004088506,0.449027777,2.48534727,1,160x90 DepthUint16,"centre=2714 min=423 max=31338 hex=0000 185C 0A9A 0000 0000","centre=1898 min=807 max=2022 hex=05A6 05DA 076A 04B8 03DD",0,0,0,,0,,,None,Unavailable,NoWallUnderCrosshair,,,,"only 0 valid depth samples under crosshair (93 no-data, 33 out-of-range, 315 low-confidence)",0,,,None,Unavailable,NoWallInView,,,,-0.0264247283,1.19930625,-0.1677475,0.14198336,0.07860016,0.00780659961,0.986712635,0,0,0,0,0,0,284801.35322730005,284801.35322730005,0.028558072983287275
37.9316835288691,ac3ae122,SessionTracking,Tracking,30.0705147,30.0397053,1,0.032242134999250993,0.450763881,2.52229166,1,160x90 DepthUint16,"centre=2707 min=423 max=31341 hex=0000 1908 0A93 0000 0000","centre=1900 min=805 max=2023 hex=059C 05CD 076C 04BD 03D8",0,0,0,,0,,,None,Unavailable,NoWallUnderCrosshair,,,,"only 0 valid depth samples under crosshair (86 no-data, 33 out-of-range, 322 low-confidence)",0,,,None,Unavailable,NoWallInView,,,,-0.02564729,1.19921935,-0.167889789,0.1418237,0.07780258,0.007568449,0.9868007,0,0,0,0,0,0,284801.38655438303,284801.38655438303,0.032158802001504228
37.969621965857144,ac3ae122,SessionTracking,Tracking,30.0732536,30.0397053,1,0.037214947980828583,0.4513889,2.52965283,1,160x90 DepthUint16,"centre=2707 min=423 max=31338 hex=0000 1A5B 0A93 0000 0000","centre=1898 min=799 max=2031 hex=05A8 05D7 076A 04A6 03D1",0,0,0,,0,,,None,Unavailable,NoWallUnderCrosshair,,,,"only 0 valid depth samples under crosshair (88 no-data, 33 out-of-range, 320 low-confidence)",0,,,None,Unavailable,NoWallInView,,,,-0.0245332047,1.19919634,-0.167792112,0.141668141,0.077639766,0.007788211,0.986834168,0,0,0,0,0,0,284801.41942276503,284801.41942276503,0.037129531003301963
38.000855403856761,ac3ae122,SessionTracking,Tracking,30.07231,30.0397053,1,0.030430624989094213,0.449236125,2.5025,1,160x90 DepthUint16,"centre=2717 min=423 max=31331 hex=0000 1856 0A9D 0000 0000","centre=1898 min=800 max=2028 hex=05BA 05E8 076A 04B3 03C5",0,0,0,,0,,,None,Unavailable,NoWallUnderCrosshair,,,,"only 0 valid depth samples under crosshair (93 no-data, 33 out-of-range, 315 low-confidence)",0,,,None,Unavailable,NoWallInView,,,,-0.0239635054,1.19917417,-0.16800262,0.1414507,0.07851395,0.007764131,0.9867964,0,0,0,0,0,0,284801.452749848,284801.452749848,0.030316874996060506
38.033430924863708,ac3ae122,SessionTracking,Tracking,30.0722084,30.0397053,1,0.031847865000599995,0.4486111,2.49034715,1,160x90 DepthUint16,"centre=2718 min=423 max=31330 hex=0000 184C 0A9E 0000 0000","centre=1894 min=799 max=2024 hex=05BC 05EB 0766 04C6 03C9",0,0,0,,0,,,None,Unavailable,NoWallUnderCrosshair,,,,"only 0 valid depth samples under crosshair (94 no-data, 33 out-of-range, 314 low-confidence)",0,,,None,Unavailable,NoWallInView,,,,-0.0232018679,1.1990639,-0.168119833,0.141415715,0.07852386,0.007761508,0.986800551,0,0,0,0,0,0,284801.486076931,284801.486076931,0.031764635990839452
38.071591340870285,ac3ae122,SessionTracking,Tracking,30.0728283,30.0397053,1,0.037465311994310468,0.447777778,2.50159717,1,160x90 DepthUint16,"centre=2723 min=423 max=31324 hex=0000 1805 0AA3 0000 0000","centre=1894 min=789 max=2036 hex=05B5 05E0 0766 04C0 03CE",0,0,0,,0,,,None,Unavailable,NoWallUnderCrosshair,,,,"only 0 valid depth samples under crosshair (94 no-data, 33 out-of-range, 314 low-confidence)",0,,,None,Unavailable,NoWallInView,,,,-0.0221412089,1.19853222,-0.168373823,0.141214237,0.0789572448,0.008033574,0.9867926,0,0,0,0,0,0,284801.519593457,284801.519593457,0.037377656000899151
38.101152903857795,ac3ae122,SessionTracking,Tracking,30.0731125,30.0397053,1,0.026418280991492793,0.446041673,2.49715281,1,160x90 DepthUint16,"centre=2727 min=423 max=31323 hex=0000 17D3 0AA7 0000 0000","centre=1899 min=793 max=2036 hex=05A3 05D0 076B 0498 03CB",0,0,0,,0,,,None,Unavailable,NoWallUnderCrosshair,,,,"only 0 valid depth samples under crosshair (96 no-data, 33 out-of-range, 312 low-confidence)",0,,,None,Unavailable,NoWallInView,,,,-0.0213089269,1.19830108,-0.168537453,0.141308233,0.079333216,0.008350462,0.98674643,0,0,0,0,0,0,284801.55292054004,284801.55292054004,0.026185937982518226
38.131907070862283,ac3ae122,SessionTracking,Tracking,30.0749187,30.0397053,1,0.030056563002290204,0.445416659,2.49951386,1,160x90 DepthUint16,"centre=2728 min=423 max=31326 hex=0000 17DA 0AA8 0000 0000","centre=1909 min=785 max=2041 hex=05B0 05DC 0775 0490 03D0",0,0,0,,0,,,None,Unavailable,NoWallUnderCrosshair,,,,"only 0 valid depth samples under crosshair (95 no-data, 33 out-of-range, 313 low-confidence)",0,,,None,Unavailable,NoWallInView,,,,-0.0203377232,1.19804668,-0.168655753,0.141507939,0.07922931,0.008803189,0.986722231,0,0,0,0,0,0,284801.586247623,284801.586247623,0.029976510995766148
38.164769778863914,ac3ae122,SessionTracking,Tracking,30.0733986,30.0397053,1,0.029793072986649349,0.443819433,2.4893055,1,160x90 DepthUint16,"centre=2733 min=423 max=31323 hex=0000 179A 0AAD 0000 0000","centre=1902 min=787 max=2033 hex=05BB 05E8 076E 048D 03CB",0,0,0,,0,,,None,Unavailable,NoWallUnderCrosshair,,,,"only 0 valid depth samples under crosshair (94 no-data, 32 out-of-range, 315 low-confidence)",0,,,None,Unavailable,NoWallInView,,,,-0.019448828,1.197732,-0.1686759,0.141617984,0.07979729,0.009186745,0.986657143,0,0,0,0,0,0,284801.61970261805,284801.61970261805,0.027267708006547764
38.201544674861864,ac3ae122,SessionTracking,Tracking,30.07288,30.0397053,1,0.036050313006853685,0.443125,2.48416662,1,160x90 DepthUint16,"centre=2735 min=423 max=31324 hex=0000 1771 0AAF 0000 0000","centre=1919 min=785 max=2047 hex=05B3 05E3 077F 048C 03C6",0,0,0,,0,,,None,Unavailable,NoWallUnderCrosshair,,,,"only 0 valid depth samples under crosshair (95 no-data, 33 out-of-range, 313 low-confidence)",0,,,None,Unavailable,NoWallInView,,,,-0.0183603466,1.19747627,-0.168836683,0.1417895,0.08011028,0.009104133,0.9866079,0,0,0,0,0,0,284801.65302970103,284801.65302970103,0.035966563009424135
38.236917330875215,ac3ae122,SessionTracking,Tracking,30.0733624,30.0397053,1,0.034671719011384994,0.442083329,2.4950695,1,160x90 DepthUint16,"centre=2735 min=423 max=31325 hex=0000 1742 0AAF 0000 0000","centre=1921 min=763 max=2047 hex=05AC 05DB 0781 0488 03BF",0,0,0,,0,,,None,Unavailable,NoWallUnderCrosshair,,,,"only 0 valid depth samples under crosshair (96 no-data, 35 out-of-range, 310 low-confidence)",0,,,None,Unavailable,NoWallInView,,,,-0.0173586756,1.19725788,-0.169006512,0.142042249,0.0806266144,0.009325862,0.986527443,0,0,0,0,0,0,284801.686356784,284801.686356784,0.034588906011777
38.267006444852953,ac3ae122,SessionTracking,Tracking,30.0715084,30.0397053,1,0.022718176973285154,0.441805542,2.50965285,1,160x90 DepthUint16,"centre=2735 min=423 max=31322 hex=0000 174B 0AAF 0000 0000","centre=1909 min=790 max=2045 hex=05AF 05DB 0775 048E 03BD",0,0,0,,0,,,None,Unavailable,NoWallUnderCrosshair,,,,"only 0 valid depth samples under crosshair (96 no-data, 33 out-of-range, 312 low-confidence)",0,,,None,Unavailable,NoWallInView,,,,-0.0181955956,1.19753706,-0.168924868,0.141919374,0.08069364,0.009868056,0.986534357,0,0,0,0,0,0,284801.719547395,284801.719547395,0.021630363975418732
38.304967642869954,ac3ae122,SessionTracking,Tracking,30.0728664,30.0397053,1,0.037246769992634654,0.4438889,2.49416661,1,160x90 DepthUint16,"centre=2732 min=423 max=31330 hex=0000 17CD 0AAC 0000 0000","centre=1895 min=788 max=2042 hex=05C2 05ED 0767 0496 03CE",0,0,0,,0,,,None,Unavailable,NoWallUnderCrosshair,,,,"only 0 valid depth samples under crosshair (95 no-data, 33 out-of-range, 313 low-confidence)",0,,,None,Unavailable,NoWallInView,,,,-0.016882576,1.1973604,-0.169158876,0.141855329,0.07915584,0.009477437,0.986672,0,0,0,0,0,0,284801.752874478,284801.752874478,0.037162291002459824
38.333471132870685,ac3ae122,SessionTracking,Tracking,30.0691338,30.0397053,1,0.027806666999822482,0.451319456,2.52222228,1,160x90 DepthUint16,"centre=2713 min=424 max=31344 hex=0000 1FFD 0A99 0000 0000","centre=1912 min=798 max=2036 hex=05CB 05F8 0778 0498 03E3",0,0,0,,0,,,None,Unavailable,NoWallUnderCrosshair,,,,"only 0 valid depth samples under crosshair (92 no-data, 34 out-of-range, 315 low-confidence)",0,,,None,Unavailable,NoWallInView,,,,-0.0153106134,1.19720042,-0.1693553,0.1417792,0.07640806,0.009020598,0.986903846,0,0,0,0,0,0,284801.78620156104,284801.78620156104,0.019071615010034293
38.367399934874769,ac3ae122,SessionTracking,Tracking,30.0725937,30.0397053,1,0.033241875004023314,0.454375,2.548125,1,160x90 DepthUint16,"centre=2702 min=424 max=31352 hex=0000 24DD 0A8E 0000 0000","centre=1912 min=795 max=2044 hex=05CC 05F7 0778 0495 03DE",0,0,0,,0,,,None,Unavailable,NoWallUnderCrosshair,,,,"only 0 valid depth samples under crosshair (84 no-data, 35 out-of-range, 322 low-confidence)",0,,,None,Unavailable,NoWallInView,,,,-0.014005173,1.196995,-0.1695334,0.141744539,0.07473318,0.008890004,0.9870382,0,0,0,0,0,0,284801.819528645,284801.819528645,0.033155052020447329
38.40055613285854,ac3ae122,SessionTracking,Tracking,30.0695744,30.0660362,1,0.03244807300507091,0.4561111,2.536111,1,160x90 DepthUint16,"centre=2716 min=424 max=31356 hex=0000 261D 0A9C 0000 0000","centre=1896 min=800 max=2036 hex=05D1 05FA 0768 04A3 03CE",0,0,0,,0,,,None,Unavailable,NoWallUnderCrosshair,,,,"only 0 valid depth samples under crosshair (83 no-data, 35 out-of-range, 323 low-confidence)",0,,,None,Unavailable,NoWallInView,,,,-0.0159598161,1.19751692,-0.169069365,0.141894057,0.07434191,0.009155631,0.987043858,0,0,0,0,0,0,284801.852817328,284801.852817328,0.032361719000618905
38.434654621864823,ac3ae122,SessionTracking,Tracking,30.07254,30.0660362,1,0.033087290998082608,0.450277776,2.50104165,1,160x90 DepthUint16,"centre=2716 min=424 max=31343 hex=0000 1F06 0A9C 0000 0000","centre=1903 min=786 max=2036 hex=05CA 05F7 076F 0493 03CC",0,0,0,,0,,,None,Unavailable,NoWallUnderCrosshair,,,,"only 0 valid depth samples under crosshair (95 no-data, 34 out-of-range, 312 low-confidence)",0,,,None,Unavailable,NoWallInView,,,,-0.0155934123,1.19733071,-0.169338077,0.1418445,0.07675468,0.009419055,0.986863852,0,0,0,0,0,0,284801.886144411,284801.886144411,0.032955989008769393
38.468170090861307,ac3ae122,SessionTracking,Tracking,30.0713673,30.0660362,1,0.03277822898235172,0.439444453,2.47743058,1,160x90 DepthUint16,"centre=2735 min=423 max=31318 hex=0000 15F0 0AAF 0000 0000","centre=1891 min=784 max=2043 hex=05B6 05E3 0763 048E 03CF",0,0,0,,0,,,None,Unavailable,NoWallUnderCrosshair,,,,"only 0 valid depth samples under crosshair (107 no-data, 33 out-of-range, 301 low-confidence)",0,,,None,Unavailable,NoWallInView,,,,-0.0181668326,1.19771051,-0.1690675,0.142001733,0.08144665,0.010653914,0.98645246,0,0,0,0,0,0,284801.920008555,284801.920008555,0.032691875007003546
38.500468996869088,ac3ae122,SessionTracking,Tracking,30.0715561,30.0660362,1,0.031544010009383783,0.430069447,2.48305559,1,160x90 DepthUint16,"centre=2713 min=422 max=31285 hex=0000 1375 0A99 0000 0000","centre=1898 min=790 max=2050 hex=05A2 05CB 076A 0488 03DE",0,0,0,,0,,,None,Unavailable,NoWallUnderCrosshair,,,,"only 0 valid depth samples under crosshair (113 no-data, 29 out-of-range, 299 low-confidence)",0,,,None,Unavailable,NoWallInView,,,,-0.018379597,1.19753647,-0.169373065,0.141692892,0.08585565,0.0116480589,0.9861117,0,0,0,0,0,0,284801.95333563804,284801.95333563804,0.031458906014449894
38.535384101872253,ac3ae122,SessionTracking,Tracking,30.0716934,30.0660362,1,0.034214426996186376,0.416736126,2.42104173,1,160x90 DepthUint16,"centre=2464 min=422 max=31248 hex=0000 1347 09A0 0000 0000","centre=1870 min=783 max=2036 hex=05B6 05E8 074E 0494 03CF",0,0,0,,0,,,None,Unavailable,NoWallUnderCrosshair,,,,"only 0 valid depth samples under crosshair (131 no-data, 30 out-of-range, 280 low-confidence)",0,,,None,Unavailable,NoWallInView,,,,-0.0187291969,1.19741523,-0.1695976,0.141755983,0.0913943946,0.0128729343,0.9855895,0,0,0,0,0,0,284801.986662721,284801.986662721,0.034131198015529662
38.568015507879821,ac3ae122,SessionTracking,Tracking,30.0719051,30.0660362,1,0.03191161502036266,0.407708347,2.38798618,1,160x90 DepthUint16,"centre=2362 min=420 max=31214 hex=0000 1337 093A 0000 0000","centre=1850 min=793 max=2028 hex=05A7 05D6 073A 0496 03C2",0,0,0,,0,,,None,Unavailable,NoWallUnderCrosshair,,,,"only 0 valid depth samples under crosshair (141 no-data, 27 out-of-range, 273 low-confidence)",0,,,None,Unavailable,NoWallInView,,,,-0.02238577,1.19800711,-0.168643832,0.141910285,0.09598548,0.0142721832,0.9851115,0,0,0,0,0,0,284802.01899420004,284802.01899420004,0.031828177015995607
38.600857590869921,ac3ae122,SessionTracking,Tracking,30.0718346,30.0660362,1,0.032120780990226194,0.398819447,2.36534715,1,160x90 DepthUint16,"centre=2365 min=420 max=31180 hex=0000 14CE 093D 0000 0000","centre=1850 min=779 max=2045 hex=0593 05C2 073A 0497 03CE",0,0,0,,0,,,None,Unavailable,NoWallUnderCrosshair,,,,"only 0 valid depth samples under crosshair (153 no-data, 26 out-of-range, 262 low-confidence)",0,,,None,Unavailable,NoWallInView,,,,-0.0224134736,1.197839,-0.168778762,0.141921446,0.100282945,0.014909029,0.9846722,0,0,0,0,0,0,284802.05232128303,284802.05232128303,0.026772448007250205
38.631912851872542,ac3ae122,SessionTracking,Tracking,30.07172,30.0660362,1,0.030364219011971727,0.391944438,2.3054862,1,160x90 DepthUint16,"centre=2658 min=419 max=31156 hex=0000 14CC 0A62 0000 0000","centre=1830 min=773 max=2038 hex=0588 05B8 0726 0495 03BD",0,0,0,,0,,,None,Unavailable,NoWallUnderCrosshair,,,,"only 0 valid depth samples under crosshair (156 no-data, 27 out-of-range, 258 low-confidence)",0,,,None,Unavailable,NoWallInView,,,,-0.0222339146,1.19762409,-0.168846071,0.142259419,0.10369093,0.0154145369,0.984262645,0,0,0,0,0,0,284802.085648366,284802.085648366,0.030278541991719976
38.666544361875779,ac3ae122,SessionTracking,Tracking,30.0715561,30.0660362,1,0.033912604005308822,0.390069455,2.32680559,1,160x90 DepthUint16,"centre=2667 min=419 max=31149 hex=0000 2124 0A6B 0000 0000","centre=1827 min=773 max=2037 hex=0581 05B1 0723 0488 03C1",0,0,0,,0,,,None,Unavailable,NoWallUnderCrosshair,,,,"only 0 valid depth samples under crosshair (153 no-data, 29 out-of-range, 259 low-confidence)",0,,,None,Unavailable,NoWallInView,,,,-0.0217216667,1.1973002,-0.168931037,0.142583564,0.105569683,0.0154452622,0.984015465,0,0,0,0,0,0,284802.11897545,284802.11897545,0.033822344004875049
38.7020672788703,ac3ae122,SessionTracking,Tracking,30.0721684,30.0660362,1,0.033222032012417912,0.3861111,2.32875,1,160x90 DepthUint16,"centre=2695 min=418 max=31148 hex=0000 2120 0A87 0000 0000","centre=1805 min=781 max=2027 hex=0586 05B5 070D 0509 03BC",0,0,0,,0,,,None,Unavailable,NoWallUnderCrosshair,,,,"only 0 valid depth samples under crosshair (160 no-data, 27 out-of-range, 254 low-confidence)",0,,,None,Unavailable,NoWallInView,,,,-0.0263633132,1.19762063,-0.167289615,0.143353879,0.10628,0.0161684752,0.9838155,0,0,0,0,0,0,284802.15218153,284802.15218153,0.033137188002001494
38.731823371860585,ac3ae122,SessionTracking,Tracking,30.07244,30.0660362,1,0.028937655995832756,0.3873611,2.34895825,1,160x90 DepthUint16,"centre=2713 min=418 max=31158 hex=0000 212B 0A99 0000 0000","centre=1820 min=785 max=2035 hex=0597 05C3 071C 0509 03BB",0,0,0,,0,,,None,Unavailable,NoWallUnderCrosshair,,,,"only 0 valid depth samples under crosshair (163 no-data, 27 out-of-range, 251 low-confidence)",0,,,None,Unavailable,NoWallInView,,,,-0.0258247573,1.19735527,-0.167401642,0.143749535,0.105779335,0.0162066817,0.9838111,0,0,0,0,0,0,284802.185508613,284802.185508613,0.028852603980340064
38.771070663867206,ac3ae122,SessionTracking,Tracking,30.0737457,30.0660362,1,0.03832135398988612,0.391458333,2.34104156,1,160x90 DepthUint16,"centre=2680 min=418 max=31179 hex=0000 14C5 0A78 0000 0000","centre=1850 min=773 max=2048 hex=058E 05C4 073A 04C5 03C2",0,0,0,,0,,,None,Unavailable,NoWallUnderCrosshair,,,,"only 0 valid depth samples under crosshair (149 no-data, 31 out-of-range, 261 low-confidence)",0,,,None,Unavailable,NoWallInView,,,,-0.0250585657,1.19712,-0.167739123,0.143442109,0.103896171,0.01601282,0.984059751,0,0,0,0,0,0,284802.21883569704,284802.21883569704,0.038234167004702613
38.801501548869922,ac3ae122,SessionTracking,Tracking,30.0740852,30.0660362,1,0.029670156014617532,0.396805555,2.28604174,1,160x90 DepthUint16,"centre=2383 min=419 max=31193 hex=0000 14C6 094F 0000 0000","centre=1839 min=775 max=2031 hex=0597 05CA 072F 04AA 03CB",0,0,0,,0,,,None,Unavailable,NoWallUnderCrosshair,,,,"only 0 valid depth samples under crosshair (149 no-data, 28 out-of-range, 264 low-confidence)",0,,,None,Unavailable,NoWallInView,,,,-0.0262388978,1.20022547,-0.165037259,0.143524572,0.101383761,0.01593241,0.984311,0,0,0,0,0,0,284802.252956959,284802.252956959,0.029568489000666887
38.83257769486859,ac3ae122,SessionTracking,Tracking,30.0728626,30.0660362,1,0.030409895989578217,0.403819442,2.35402775,1,160x90 DepthUint16,"centre=2371 min=418 max=31216 hex=0000 1330 0943 0000 0000","centre=1859 min=780 max=2035 hex=05AD 05DE 0743 049E 03B9",0,0,0,,0,,,None,Unavailable,NoWallUnderCrosshair,,,,"only 0 valid depth samples under crosshair (141 no-data, 28 out-of-range, 272 low-confidence)",0,,,None,Unavailable,NoWallInView,,,,-0.0254725926,1.20023489,-0.1651761,0.1431878,0.0981854945,0.0149642536,0.9846994,0,0,0,0,0,0,284802.286284042,284802.286284042,0.030325208004796878
38.870726288870131,ac3ae122,SessionTracking,Tracking,30.0767784,30.0660362,1,0.037439167004777119,0.413819432,2.41458344,1,160x90 DepthUint16,"centre=2419 min=420 max=31246 hex=0000 133F 0973 0000 0000","centre=1882 min=801 max=2034 hex=05A9 05DA 075A 048B 03CD",0,0,0,,0,,,None,Unavailable,NoWallUnderCrosshair,,,,"only 0 valid depth samples under crosshair (130 no-data, 27 out-of-range, 284 low-confidence)",0,,,None,Unavailable,NoWallInView,,,,-0.0254927762,1.20059109,-0.165702909,0.14276436,0.09356765,0.0141756851,0.9852221,0,0,0,0,0,0,284802.31984594604,284802.31984594604,0.0373559900035616
38.902146809871695,ac3ae122,SessionTracking,Tracking,30.0730343,30.0660362,1,0.030588280991651118,0.424166679,2.42534733,1,160x90 DepthUint16,"centre=2692 min=420 max=31281 hex=0000 1359 0A84 0000 0000","centre=1897 min=800 max=2036 hex=0596 05C5 0769 049A 03BF",0,0,0,,0,,,None,Unavailable,NoWallUnderCrosshair,,,,"only 0 valid depth samples under crosshair (117 no-data, 29 out-of-range, 295 low-confidence)",0,,,None,Unavailable,NoWallInView,,,,-0.0246100239,1.20047808,-0.165695816,0.142806977,0.08874361,0.0134094357,0.985672832,0,0,0,0,0,0,284802.353173029,284802.353173029,0.030488905991660431
38.934439725874611,ac3ae122,SessionTracking,Tracking,30.0750332,30.0660362,1,0.030806927010416985,0.435555547,2.45618057,1,160x90 DepthUint16,"centre=2733 min=421 max=31319 hex=0000 13E6 0AAD 0000 0000","centre=1912 min=788 max=2045 hex=05B3 05E1 0778 04A3 03CE",0,0,0,,0,,,None,Unavailable,NoWallUnderCrosshair,,,,"only 0 valid depth samples under crosshair (103 no-data, 33 out-of-range, 305 low-confidence)",0,,,None,Unavailable,NoWallInView,,,,-0.0236863457,1.20026827,-0.165623873,0.143099368,0.08352045,0.0125641227,0.9860979,0,0,0,0,0,0,284802.386500112,284802.386500112,0.030722238996531814
38.9888579038588,ac3ae122,SessionTracking,Tracking,30.0767517,30.0660362,1,0.051700572978006676,0.453472227,2.484375,1,160x90 DepthUint16,"centre=2701 min=421 max=31359 hex=0000 12A0 0A8D 0000 0000","centre=1910 min=792 max=2048 hex=05B9 05E6 0776 049E 03C7",0,0,0,,0,,,None,Unavailable,NoWallUnderCrosshair,,,,"only 0 valid depth samples under crosshair (76 no-data, 38 out-of-range, 327 low-confidence)",0,,,None,Unavailable,NoWallInView,,,,-0.0225692634,1.19997227,-0.1655529,0.143357828,0.07728632,0.0115052462,0.9865815,0,0,0,0,0,0,284802.419827196,284802.419827196,0.051611614995636046
39.001635975865568,ac3ae122,SessionTracking,Tracking,30.07474,30.0660362,1,0.012049009994370863,0.468680561,2.554514,1,160x90 DepthUint16,"centre=2999 min=422 max=31398 hex=0000 1392 0BB7 0000 0000","centre=1906 min=801 max=2061 hex=05B4 05E5 0772 04A3 03C6",0,0,0,,0,,,None,Unavailable,NoWallUnderCrosshair,,,,"only 0 valid depth samples under crosshair (66 no-data, 44 out-of-range, 331 low-confidence)",0,,,None,Unavailable,NoWallInView,,,,-0.0225285869,1.19891977,-0.165021718,0.143673688,0.07014397,0.0107249022,0.9870779,0,0,0,0,0,0,284802.453287538,284802.453287538,0.011964790988713503
39.0336457158764,ac3ae122,SessionTracking,Tracking,30.07594,30.0660362,1,0.031084426998859271,0.4821528,2.62527776,1,160x90 DepthUint16,"centre=3430 min=423 max=31420 hex=0000 3B2A 0D66 0000 0000","centre=1900 min=791 max=2050 hex=05BC 05E7 076C 04B9 03D4",0,0,0,,0,,,None,Unavailable,NoWallUnderCrosshair,,,,"only 0 valid depth samples under crosshair (55 no-data, 46 out-of-range, 340 low-confidence)",0,,,None,Unavailable,NoWallInView,,,,-0.0217051879,1.1984309,-0.165017411,0.143666461,0.0645820946,0.01014492,0.987464547,0,0,0,0,0,0,284802.486614621,284802.486614621,0.030999740003608167
39.067601444860841,ac3ae122,SessionTracking,Tracking,30.0747662,30.0660362,1,0.033218436990864575,0.494722217,2.632986,1,160x90 DepthUint16,"centre=4059 min=425 max=31447 hex=0000 3B15 0FDB 0000 0000","centre=1885 min=797 max=2037 hex=05C9 05F6 075D 0503 03BF",0,0,0,,0,,,None,Unavailable,NoWallUnderCrosshair,,,,"only 0 valid depth samples under crosshair (49 no-data, 49 out-of-range, 343 low-confidence)",0,,,None,Unavailable,NoWallInView,,,,-0.0217205212,1.19927526,-0.166839287,0.144088864,0.0590397865,0.009841234,0.987753,0,0,0,0,0,0,284802.5196267,284802.5196267,0.033130416995845735
39.102682955874982,ac3ae122,SessionTracking,Tracking,30.073391,30.0660362,1,0.034398021001834422,0.5065972,2.64277768,1,160x90 DepthUint16,"centre=5022 min=426 max=31472 hex=0000 3AFF 139E 0000 0000","centre=1855 min=803 max=2025 hex=05CB 05F5 073F 0508 03CB",0,0,0,,0,,,None,Unavailable,NoWallUnderCrosshair,,,,"only 0 valid depth samples under crosshair (37 no-data, 51 out-of-range, 353 low-confidence)",0,,,None,Unavailable,NoWallInView,,,,-0.0210641082,1.19898176,-0.166697219,0.144826412,0.0537574738,0.009428383,0.9879507,0,0,0,0,0,0,284802.552953783,284802.552953783,0.034326510998653248
39.133022173852581,ac3ae122,SessionTracking,Tracking,30.0751438,30.0660362,1,0.02956275999895297,0.52125,2.660625,1,160x90 DepthUint16,"centre=4188 min=427 max=31487 hex=0000 0000 105C 0000 5146","centre=1864 min=801 max=2035 hex=05C3 05EE 0748 04ED 03B2",0,0,0,,0,,,None,Unavailable,NoWallUnderCrosshair,,,,"only 0 valid depth samples under crosshair (26 no-data, 52 out-of-range, 363 low-confidence)",0,,,None,Unavailable,NoWallInView,,,,-0.0203527622,1.1987251,-0.1666553,0.145051017,0.04791501,0.009152651,0.988221,0,0,0,0,0,0,284802.586280866,284802.586280866,0.029477134987246245
39.165592694879663,ac3ae122,SessionTracking,Tracking,30.0728149,30.0660362,1,0.031811771012144163,0.5336111,2.79965281,1,160x90 DepthUint16,"centre=3745 min=428 max=31493 hex=0000 0000 0EA1 0000 513C","centre=1862 min=791 max=2043 hex=05CB 0600 0746 04B3 039E",0,0,0,,0,,,None,Unavailable,NoWallUnderCrosshair,,,,"only 0 valid depth samples under crosshair (22 no-data, 58 out-of-range, 361 low-confidence)",0,,,None,Unavailable,NoWallInView,,,,-0.01954503,1.198533,-0.166710943,0.144953862,0.0417070948,0.008884848,0.988519132,0,0,0,0,0,0,284802.61960795004,284802.61960795004,0.031727656023576856
39.198647486852636,ac3ae122,SessionTracking,Tracking,30.073246,30.0660362,1,0.032243958994513378,0.549861133,2.8614583,1,160x90 DepthUint16,"centre=3743 min=427 max=31504 hex=0000 0000 0E9F 7B00 5162","centre=1842 min=792 max=2032 hex=05BB 05F3 0732 04B1 03A7",0,0,0,,0,,,None,Unavailable,NoWallUnderCrosshair,,,,"only 0 valid depth samples under crosshair (20 no-data, 66 out-of-range, 355 low-confidence)",0,,,None,Unavailable,NoWallInView,,,,-0.0195945781,1.19854712,-0.166298211,0.145237,0.0346055925,0.008755327,0.9887528,0,0,0,0,0,0,284802.652057013,284802.652057013,0.032159322989173234
39.233669569853149,ac3ae122,SessionTracking,Tracking,30.0723438,30.0660362,1,0.028358905983623117,0.5673611,3.023611,1,160x90 DepthUint16,"centre=3757 min=429 max=31525 hex=0000 0CC5 0EAD 7A90 5155","centre=1846 min=782 max=2034 hex=05C0 05F9 0736 04DB 03AB",0,0,0,,0,,,None,Unavailable,NoWallUnderCrosshair,,,,"only 0 valid depth samples under crosshair (13 no-data, 77 out-of-range, 351 low-confidence)",0,,,None,Unavailable,NoWallInView,,,,-0.0182785485,1.19846034,-0.1662451,0.145222574,0.0261362679,0.0076837847,0.9890239,0,0,0,0,0,0,284802.685384096,284802.685384096,0.028238957980647683
39.265390402862025,ac3ae122,SessionTracking,Tracking,30.0715027,30.0660362,1,0.031011510000098497,0.581875,3.125,1,160x90 DepthUint16,"centre=5516 min=429 max=31535 hex=1A97 0B50 158C 7A42 58ED","centre=1825 min=774 max=2024 hex=05C8 0604 0721 04F1 037D",0,0,0,,0,,,None,Unavailable,NoWallUnderCrosshair,,,,"only 0 valid depth samples under crosshair (2 no-data, 83 out-of-range, 356 low-confidence)",0,,,None,Unavailable,NoWallInView,,,,-0.0164147373,1.19825649,-0.166103676,0.1448329,0.0153095573,0.005985558,0.989319563,0,0,0,0,0,0,284802.71871118003,284802.71871118003,0.030928332998882979
39.299033736860068,ac3ae122,SessionTracking,Tracking,30.0690861,30.0660362,1,0.032954322989098728,0.5876389,3.18534732,1,160x90 DepthUint16,"centre=4061 min=428 max=31537 hex=1A91 094A 0FDD 7B15 6EC0","centre=1812 min=771 max=2026 hex=05CF 060A 0714 04B5 0361",0,0,0,,0,,,None,Unavailable,NoWallUnderCrosshair,,,,"only 0 valid depth samples under crosshair (0 no-data, 79 out-of-range, 362 low-confidence)",0,,,None,Unavailable,NoWallInView,,,,-0.0159558989,1.19832778,-0.165323377,0.145122647,0.00460203,0.005016446,0.9893903,0,0,0,0,0,0,284802.75230348704,284802.75230348704,0.032870313007151708
39.333088944861586,ac3ae122,SessionTracking,Tracking,30.072958,30.0660362,1,0.033103645982919261,0.5851389,3.21194434,1,160x90 DepthUint16,"centre=3600 min=428 max=31526 hex=1AA3 076D 0E10 72B1 70D4","centre=1807 min=766 max=2009 hex=05E3 061C 070F 04A1 0364",0,0,0,,0,,,None,Unavailable,NoWallUnderCrosshair,,,,"only 0 valid depth samples under crosshair (0 no-data, 73 out-of-range, 368 low-confidence)",0,,,None,Unavailable,NoWallInView,,,,-0.014598296,1.19782865,-0.164754957,0.1451798,-0.004814238,0.004330844,0.9893841,0,0,0,0,0,0,284802.78563057,284802.78563057,0.03302031199564226
39.367455819875389,ac3ae122,SessionTracking,Tracking,30.0710545,30.0660362,1,0.033666927018202841,0.583055556,3.21277785,1,160x90 DepthUint16,"centre=4694 min=427 max=31505 hex=1999 09AA 1256 5221 71B0","centre=1787 min=759 max=1993 hex=05E2 0617 06FB 048F 0361",0,0,0,,0,,,None,Unavailable,NoWallUnderCrosshair,,,,"only 0 valid depth samples under crosshair (0 no-data, 72 out-of-range, 369 low-confidence)",0,,,None,Unavailable,NoWallInView,,,,-0.0135209393,1.19730854,-0.164143711,0.145286664,-0.013427184,0.004390151,0.989288747,0,0,0,0,0,0,284802.818957654,284802.818957654,0.033583490003366023
39.398064257859872,ac3ae122,SessionTracking,Tracking,30.0712528,30.0660362,1,0.029844114993466064,0.5809722,3.254514,1,160x90 DepthUint16,"centre=4312 min=427 max=31497 hex=172F 0B97 10D8 1CCD 718A","centre=1785 min=777 max=1975 hex=05C0 05FF 06F9 049E 0362",0,0,0,,0,,,None,Unavailable,NoWallUnderCrosshair,,,,"only 0 valid depth samples under crosshair (0 no-data, 69 out-of-range, 372 low-confidence)",0,,,None,Unavailable,NoWallInView,,,,-0.0154827917,1.19798636,-0.163744479,0.146105647,-0.0197819546,0.00552338362,0.989055753,0,0,0,0,0,0,284802.85273142403,284802.85273142403,0.029758333985228091
39.433186444853121,ac3ae122,SessionTracking,Tracking,30.0710468,30.0204239,1,0.034401145996525884,0.5784722,3.29069448,1,160x90 DepthUint16,"centre=4175 min=427 max=31483 hex=1163 0B29 104F 1CD3 710C","centre=1802 min=758 max=1995 hex=05C3 0607 070A 04B6 0361",0,0,0,,0,,,None,Unavailable,NoWallUnderCrosshair,,,,"only 0 valid depth samples under crosshair (0 no-data, 67 out-of-range, 374 low-confidence)",0,,,None,Unavailable,NoWallInView,,,,-0.0153341843,1.197896,-0.1633996,0.146669373,-0.0251656529,0.005825967,0.988848269,0,0,0,0,0,0,284802.886058507,284802.886058507,0.034315311990212649
39.467197538869144,ac3ae122,SessionTracking,Tracking,30.0705986,30.0204239,1,0.033326094009680673,0.574583352,3.328889,1,160x90 DepthUint16,"centre=3555 min=426 max=31447 hex=0E18 0B29 0DE3 1CDA 6282","centre=1777 min=758 max=1968 hex=05CB 0607 06F1 04A3 0365",0,0,0,,0,,,None,Unavailable,NoWallUnderCrosshair,,,,"only 0 valid depth samples under crosshair (0 no-data, 66 out-of-range, 375 low-confidence)",0,,,None,Unavailable,NoWallInView,,,,-0.018334996,1.198869,-0.1633262,0.146453544,-0.0330633856,0.006068707,0.9886462,0,0,0,0,0,0,284802.91973420803,284802.91973420803,0.033248229010496289
39.49835509087184,ac3ae122,SessionTracking,Tracking,30.0701885,30.0204239,1,0.030389896011911333,0.5772222,3.179514,1,160x90 DepthUint16,"centre=2363 min=426 max=31409 hex=0DE7 0A86 093B 1E71 687C","centre=1782 min=769 max=1979 hex=05DA 0615 06F6 0455 0372",0,0,0,,0,,,None,Unavailable,NoWallUnderCrosshair,,,,"only 0 valid depth samples under crosshair (0 no-data, 60 out-of-range, 381 low-confidence)",0,,,None,Unavailable,NoWallInView,,,,-0.0181260183,1.198921,-0.163099736,0.146329522,-0.0398590341,0.00541061163,0.9884178,0,0,0,0,0,0,284802.953061291,284802.953061291,0.030311250011436641
39.533560819857442,ac3ae122,SessionTracking,Tracking,30.07015,30.0204239,1,0.034482499992009252,0.5732639,3.34916663,1,160x90 DepthUint16,"centre=2280 min=425 max=31373 hex=0E14 0A73 08E8 1F5E 6EF6","centre=1800 min=776 max=1973 hex=05C9 060A 0708 045E 037B",0,0,0,,0,,,None,Unavailable,NoWallUnderCrosshair,,,,"only 0 valid depth samples under crosshair (0 no-data, 56 out-of-range, 385 low-confidence)",0,,,None,Unavailable,NoWallInView,,,,-0.01801749,1.19911993,-0.162901685,0.146378979,-0.0461220928,0.004790396,0.988141239,0,0,0,0,0,0,284802.986388374,284802.986388374,0.034253228979650885
39.566635506859669,ac3ae122,SessionTracking,Tracking,30.0698681,30.0204239,1,0.03234104099101387,0.5744445,3.49708343,1,160x90 DepthUint16,"centre=2624 min=425 max=31326 hex=12CD 0A63 0A40 20E6 7390","centre=1783 min=768 max=1989 hex=05CB 0609 06F7 048D 037A",0,0,0,,0,,,None,Unavailable,NoWallUnderCrosshair,,,,"only 0 valid depth samples under crosshair (0 no-data, 45 out-of-range, 396 low-confidence)",0,,,None,Unavailable,NoWallInView,,,,-0.0178887453,1.19928527,-0.1628209,0.145823538,-0.0525832847,0.00415629148,0.9879035,0,0,0,0,0,0,284803.01971545804,284803.01971545804,0.032260988984489813
39.59987415285191,ac3ae122,SessionTracking,Tracking,30.06602,30.0204239,1,0.032488020980963483,0.5704167,3.56368065,1,160x90 DepthUint16,"centre=2366 min=423 max=31255 hex=0E4B 09E9 093E 20F7 0000","centre=1789 min=768 max=1986 hex=05E7 061D 06FD 04BF 0393",0,0,0,,0,,,None,Unavailable,NoWallUnderCrosshair,,,,"only 0 valid depth samples under crosshair (0 no-data, 43 out-of-range, 398 low-confidence)",0,,,None,Unavailable,NoWallInView,,,,-0.0225610025,1.20038033,-0.162397563,0.145073846,-0.0606061779,0.00388690829,0.987555265,0,0,0,0,0,0,284803.053009412,284803.053009412,0.032408645987743512
39.631832538862866,ac3ae122,SessionTracking,Tracking,30.07215,30.0204239,1,0.031238281982950866,0.5740278,3.56125,1,160x90 DepthUint16,"centre=2378 min=422 max=31192 hex=10DE 0894 094A 1D89 0000","centre=1790 min=746 max=1977 hex=05F8 062E 06FE 04B9 03C8",0,0,0,,0,,,None,Unavailable,NoWallUnderCrosshair,,,,"only 0 valid depth samples under crosshair (0 no-data, 25 out-of-range, 416 low-confidence)",0,,,None,Unavailable,NoWallInView,,,,-0.0227750987,1.200494,-0.162162468,0.1445083,-0.06752517,0.00290936255,0.987192631,0,0,0,0,0,0,284803.086336495,284803.086336495,0.031153907009866089
39.666849934866107,ac3ae122,SessionTracking,Tracking,30.07077,30.0204239,1,0.034308645990677178,0.572083354,3.51590276,1,160x90 DepthUint16,"centre=1376 min=418 max=31124 hex=1369 077A 0560 17CD 0000","centre=1772 min=758 max=1974 hex=05ED 0624 06EC 04C0 03F2",0,0,0,,0,,,None,Unavailable,NoWallUnderCrosshair,,,,"only 0 valid depth samples under crosshair (0 no-data, 18 out-of-range, 423 low-confidence)",0,,,None,Unavailable,NoWallInView,,,,-0.0283715036,1.20076907,-0.160738051,0.143880263,-0.07435034,0.0031594038,0.9867931,0,0,0,0,0,0,284803.119673838,284803.119673838,0.034228594013256952
39.698373788872189,ac3ae122,SessionTracking,Tracking,30.0706825,30.0204239,1,0.030822552012978122,0.5702083,3.56368065,1,160x90 DepthUint16,"centre=1630 min=417 max=31058 hex=1119 0758 065E 166B 74F6","centre=1786 min=734 max=1960 hex=05F1 062B 06FA 04F8 0428",0,0,0,,0,,,None,Unavailable,NoWallUnderCrosshair,,,,"only 0 valid depth samples under crosshair (0 no-data, 7 out-of-range, 434 low-confidence)",0,,,None,Unavailable,NoWallInView,,,,-0.0293240938,1.20066571,-0.160433084,0.143054813,-0.08028118,0.00252941251,0.9864502,0,0,0,0,0,0,284803.153000921,284803.153000921,0.030741511000087485
39.730803215867994,ac3ae122,SessionTracking,Tracking,30.0707531,30.0204239,1,0.031677448016125709,0.566666663,3.549375,1,160x90 DepthUint16,"centre=2157 min=416 max=30999 hex=0FDE 0732 086D 1649 750C","centre=1789 min=746 max=1970 hex=05EB 0626 06FD 0509 043D",0,0,0,,0,,,None,Unavailable,NoWallUnderCrosshair,,,,"only 0 valid depth samples under crosshair (0 no-data, 3 out-of-range, 438 low-confidence)",0,,,None,Unavailable,NoWallInView,,,,-0.0305913761,1.20059276,-0.160116911,0.14274013,-0.0853607,0.00212627673,0.9860701,0,0,0,0,0,0,284803.186328004,284803.186328004,0.031599948008079082
39.765233683857289,ac3ae122,SessionTracking,Tracking,30.07081,30.0204239,1,0.033692864002659917,0.560833335,3.54993057,1,160x90 DepthUint16,"centre=1249 min=415 max=30962 hex=0E42 0729 04E1 164B 7527","centre=1778 min=745 max=1978 hex=05F2 062C 06F2 052B 0470",0,0,0,,0,,,None,Unavailable,NoWallUnderCrosshair,,,,"only 0 valid depth samples under crosshair (0 no-data, 2 out-of-range, 439 low-confidence)",0,,,None,Unavailable,NoWallInView,,,,-0.0322801471,1.20058548,-0.159819961,0.142803341,-0.0890475,0.00220069312,0.985734761,0,0,0,0,0,0,284803.21965508803,284803.21965508803,0.033614790998399258
39.799893006877895,ac3ae122,SessionTracking,Tracking,30.07006,30.0204239,1,0.033931302023120224,0.558194458,3.52493048,1,160x90 DepthUint16,"centre=1260 min=413 max=30917 hex=0C02 072F 04EC 164C 7524","centre=1748 min=745 max=1963 hex=05E1 0618 06D4 0522 0496",0,0,0,,0,,,None,Unavailable,NoWallUnderCrosshair,,,,"only 0 valid depth samples under crosshair (0 no-data, 2 out-of-range, 439 low-confidence)",0,,,None,Unavailable,NoWallInView,,,,-0.0326615423,1.20122337,-0.15916279,0.142855361,-0.0928109661,0.00197398686,0.9853805,0,0,0,0,0,0,284803.253433244,284803.253433244,0.033849010011181235
39.831932486870713,ac3ae122,SessionTracking,Tracking,30.069191,30.0204239,1,0.031326302996603772,0.5545139,3.49965286,1,160x90 DepthUint16,"centre=1299 min=412 max=30866 hex=0AD0 0759 0513 1650 694E","centre=1741 min=733 max=1956 hex=05E1 0618 06CD 054E 04A9",0,0,0,,0,,,None,Unavailable,NoWallUnderCrosshair,,,,"only 0 valid depth samples under crosshair (0 no-data, 2 out-of-range, 439 low-confidence)",0,,,None,Unavailable,NoWallInView,,,,-0.03409214,1.2012521,-0.15887925,0.142553657,-0.0972377956,0.001624167,0.9849978,0,0,0,0,0,0,284803.286760327,284803.286760327,0.031243438017554581
39.863675298859519,ac3ae122,SessionTracking,Tracking,30.0682983,30.0204239,1,0.031062552006915212,0.5505555,3.52520823,1,160x90 DepthUint16,"centre=2265 min=410 max=30808 hex=08C5 07C1 08D9 17FB 641F","centre=1713 min=749 max=1959 hex=05D8 060D 06B1 0555 04C4",0,0,0,,0,,,None,Unavailable,NoWallUnderCrosshair,,,,"only 0 valid depth samples under crosshair (0 no-data, 2 out-of-range, 439 low-confidence)",0,,,None,Unavailable,NoWallInView,,,,-0.0359281972,1.20185,-0.15794234,0.142042369,-0.101939753,0.00135612488,0.98459655,0,0,0,0,0,0,284803.320244834,284803.320244834,0.030982759984908625
39.901373319872576,ac3ae122,SessionTracking,Tracking,30.0609074,30.0204239,1,0.036993229005020112,0.5467361,3.47409725,1,160x90 DepthUint16,"centre=1175 min=409 max=30750 hex=07C4 083C 0497 1DB6 5147","centre=1742 min=754 max=2037 hex=05F6 0628 06CE 0585 04C1",0,0,0,,0,,,None,Unavailable,NoWallUnderCrosshair,,,,"only 0 valid depth samples under crosshair (0 no-data, 1 out-of-range, 440 low-confidence)",0,,,None,Unavailable,NoWallInView,,,,-0.0375163034,1.20195031,-0.157639712,0.14166151,-0.106120765,0.00105869782,0.98421,0,0,0,0,0,0,284803.35357191705,284803.35357191705,0.0369097400107421
39.934744413875663,ac3ae122,SessionTracking,Tracking,30.0707035,30.0204239,1,0.032633073016768321,0.540555537,3.39569449,1,160x90 DepthUint16,"centre=1174 min=407 max=30665 hex=0734 08BB 0496 1F63 4B68","centre=1764 min=735 max=2030 hex=05F3 062B 06E4 0579 04EF",0,0,0,,0,,,None,Unavailable,NoWallUnderCrosshair,,,,"only 0 valid depth samples under crosshair (0 no-data, 2 out-of-range, 439 low-confidence)",0,,,None,Unavailable,NoWallInView,,,,-0.03901826,1.20198774,-0.157247871,0.141360208,-0.111149915,0.0006179512,0.9836985,0,0,0,0,0,0,284803.38689900003,284803.38689900003,0.032549010997172445
39.9650501948699,ac3ae122,SessionTracking,Tracking,30.0678368,30.0204239,1,0.029566823010100052,0.538125,3.36305547,1,160x90 DepthUint16,"centre=2987 min=405 max=30580 hex=071E 0916 0BAB 3997 18D3","centre=1749 min=726 max=2013 hex=05D9 0615 06D5 0592 0508",0,0,0,,0,,,None,Unavailable,NoWallUnderCrosshair,,,,"only 0 valid depth samples under crosshair (0 no-data, 1 out-of-range, 440 low-confidence)",0,,,None,Unavailable,NoWallInView,,,,-0.0407311134,1.20250309,-0.157004654,0.140707344,-0.117207676,0.000347971945,0.983088851,0,0,0,0,0,0,284803.420422628,284803.420422628,0.0294847920013126
39.998004100859319,ac3ae122,SessionTracking,Tracking,30.0683327,30.0204239,1,0.032287655980326235,0.534027755,3.17194438,1,160x90 DepthUint16,"centre=1223 min=403 max=30464 hex=04C6 094A 04C7 4C29 233C","centre=1746 min=719 max=1984 hex=05E4 061D 06D2 05C7 0523",0,0,0,,0,,,None,Unavailable,NoWallUnderCrosshair,,,,"only 0 valid depth samples under crosshair (0 no-data, 2 out-of-range, 439 low-confidence)",0,,,None,Unavailable,NoWallInView,,,,-0.04228094,1.20243716,-0.15654923,0.139912665,-0.12279173,-0.00019839406,0.9825206,0,0,0,0,0,0,284803.45374971104,284803.45374971104,0.032202917005633935
40.032568683868661,ac3ae122,SessionTracking,Tracking,30.0688,30.0204239,1,0.03382406200398691,0.5323611,3.10965276,1,160x90 DepthUint16,"centre=1350 min=401 max=30437 hex=04BF 0964 0546 5068 3B06","centre=1752 min=753 max=1970 hex=05D3 0610 06D8 05C5 0529",0,0,0,,0,,,None,Unavailable,NoWallUnderCrosshair,,,,"only 0 valid depth samples under crosshair (0 no-data, 1 out-of-range, 440 low-confidence)",0,,,None,Unavailable,NoWallInView,,,,-0.044382222,1.20246446,-0.156149119,0.139793426,-0.126063854,-4.458427E-05,0.982123,0,0,0,0,0,0,284803.48707679403,284803.48707679403,0.033699269988574088
40.065236444867836,ac3ae122,SessionTracking,Tracking,30.06912,30.0204239,1,0.031948958989232779,0.529583335,3.00972223,1,160x90 DepthUint16,"centre=1422 min=399 max=30393 hex=04BA 096E 058E 4C7A 38BF","centre=1751 min=752 max=1958 hex=05E9 061F 06D7 05DE 051D",0,0,0,,0,,,None,Unavailable,NoWallUnderCrosshair,,,,"only 0 valid depth samples under crosshair (0 no-data, 2 out-of-range, 439 low-confidence)",0,,,None,Unavailable,NoWallInView,,,,-0.04688634,1.20313835,-0.1548158,0.139778644,-0.129314452,-0.000182598829,0.981702447,0,0,0,0,0,0,284803.520179543,284803.520179543,0.031866511009866372
40.101112017865447,ac3ae122,SessionTracking,Tracking,30.0686817,30.0204239,1,0.03517291700700298,0.528125,2.92625,1,160x90 DepthUint16,"centre=1440 min=397 max=30347 hex=04D3 0976 05A0 37D1 38BE","centre=1751 min=750 max=1955 hex=05DE 0616 06D7 05F5 0527",0,0,0,,0,,,None,Unavailable,NoWallUnderCrosshair,,,,"only 0 valid depth samples under crosshair (0 no-data, 1 out-of-range, 440 low-confidence)",0,,,None,Unavailable,NoWallInView,,,,-0.0491224341,1.20321548,-0.154381454,0.139740378,-0.132423937,-0.0004451871,0.9812932,0,0,0,0,0,0,284803.553506626,284803.553506626,0.035089584009256214
40.135580298860944,ac3ae122,SessionTracking,Tracking,30.06821,30.0204239,1,0.033729062997736037,0.523194432,2.91381955,1,160x90 DepthUint16,"centre=1776 min=395 max=30317 hex=04FA 098B 06F0 37D5 377F","centre=1755 min=745 max=1928 hex=05F2 0627 06DB 05FD 051D",0,0,0,,0,,,None,Unavailable,NoWallUnderCrosshair,,,,"only 0 valid depth samples under crosshair (0 no-data, 1 out-of-range, 440 low-confidence)",0,,,None,Unavailable,NoWallInView,,,,-0.05146485,1.20328283,-0.154003352,0.139598146,-0.13526,-0.0006034374,0.980926454,0,0,0,0,0,0,284803.58683370904,284803.58683370904,0.033647551987087354
40.167284777874514,ac3ae122,SessionTracking,Tracking,30.06785,30.0204239,1,0.031002917006844655,0.520694435,2.83777785,1,160x90 DepthUint16,"centre=1818 min=402 max=30298 hex=04CC 09C7 071A 3493 2CE3","centre=1765 min=753 max=1920 hex=05EE 0624 06E5 0610 0543",0,0,0,,0,,,None,Unavailable,NoWallUnderCrosshair,,,,"only 0 valid depth samples under crosshair (0 no-data, 2 out-of-range, 439 low-confidence)",0,,,None,Unavailable,NoWallInView,,,,-0.0524038635,1.208247,-0.160988733,0.139397278,-0.1386423,-0.00018170476,0.980482936,0,0,0,0,0,0,284803.620883631,284803.620883631,0.030922812002245337
40.199234569873582,ac3ae122,SessionTracking,Tracking,30.0681133,30.0204239,1,0.031239688018104061,0.5183333,2.79659724,1,160x90 DepthUint16,"centre=1832 min=401 max=30211 hex=04BB 0A00 0728 3492 2CE4","centre=1804 min=779 max=1922 hex=05F0 0624 070C 069D 0462",0,0,0,,0,,,None,Unavailable,NoWallUnderCrosshair,,,,"only 0 valid depth samples under crosshair (0 no-data, 1 out-of-range, 440 low-confidence)",0,,,None,Unavailable,NoWallInView,,,,-0.0550075769,1.20843744,-0.160811827,0.13951163,-0.140542433,-0.000199437156,0.980196059,0,0,0,0,0,0,284803.65421071404,284803.65421071404,0.031159375008428469
40.231128787875562,ac3ae122,SessionTracking,Tracking,30.06937,30.0204239,1,0.031169583002338186,0.5163889,2.71791673,1,160x90 DepthUint16,"centre=1854 min=399 max=30290 hex=04B2 0A65 073E 3493 48F3","centre=1797 min=798 max=1911 hex=05F4 0626 0705 06AF 0460",0,0,0,,0,,,None,Unavailable,NoWallUnderCrosshair,,,,"only 0 valid depth samples under crosshair (0 no-data, 3 out-of-range, 438 low-confidence)",0,,,None,Unavailable,NoWallInView,,,,-0.0574658,1.20865846,-0.160679489,0.139205173,-0.14335309,-0.000422358542,0.9798325,0,0,0,0,0,0,284803.687537797,284803.687537797,0.031088125018868595
40.269144881857713,ac3ae122,SessionTracking,Tracking,30.0695171,30.0204239,1,0.037263905978761613,0.51222223,2.73833323,1,160x90 DepthUint16,"centre=1864 min=399 max=30340 hex=04C4 0AC2 0748 3595 4CF5","centre=1797 min=805 max=1901 hex=05E8 061E 0705 06BA 045D",0,0,0,,0,,,None,Unavailable,NoWallUnderCrosshair,,,,"only 0 valid depth samples under crosshair (0 no-data, 1 out-of-range, 440 low-confidence)",0,,,None,Unavailable,NoWallInView,,,,-0.05772357,1.20913529,-0.161739066,0.138742909,-0.145538077,-0.0008238852,0.979575634,0,0,0,0,0,0,284803.72082371404,284803.72082371404,0.037180415994953364
40.302721652863468,ac3ae122,SessionTracking,Tracking,30.0701637,30.0204239,1,0.03291416700812988,0.5109722,2.622639,1,160x90 DepthUint16,"centre=1887 min=398 max=30303 hex=0000 0B60 075F 3594 497C","centre=1789 min=804 max=1903 hex=05EA 061F 06FD 06A8 0427",0,0,0,,0,,,None,Unavailable,NoWallUnderCrosshair,,,,"only 0 valid depth samples under crosshair (0 no-data, 1 out-of-range, 440 low-confidence)",0,,,None,Unavailable,NoWallInView,,,,-0.0600404367,1.20938957,-0.161655515,0.138349131,-0.148547992,-0.001405418,0.9791788,0,0,0,0,0,0,284803.75415079703,284803.75415079703,0.032838020997587591
40.349206600853861,ac3ae122,SessionTracking,Tracking,30.07136,30.0204239,1,0.04574750000028871,0.509375,2.56791663,1,160x90 DepthUint16,"centre=1990 min=396 max=30315 hex=0000 0BF1 07C6 3569 4E97","centre=1788 min=797 max=1904 hex=05D4 060E 06FC 06BA 0428",0,0,0,,0,,,None,Unavailable,NoWallUnderCrosshair,,,,"only 0 valid depth samples under crosshair (1 no-data, 2 out-of-range, 438 low-confidence)",0,,,None,Unavailable,NoWallInView,,,,-0.0624877959,1.2095803,-0.161647856,0.137592718,-0.1515397,-0.00178718567,0.9788262,0,0,0,0,0,0,284803.78747788,284803.78747788,0.045684895972954109
40.367044725854569,ac3ae122,SessionTracking,Tracking,30.0728226,30.0204239,1,0.01722776098176837,0.505,2.50881934,1,160x90 DepthUint16,"centre=2070 min=394 max=30272 hex=0000 0C81 0816 350A 42BF","centre=1786 min=779 max=1911 hex=05E2 0619 06FA 06C8 041C",0,0,0,,0,,,None,Unavailable,NoWallUnderCrosshair,,,,"only 0 valid depth samples under crosshair (4 no-data, 1 out-of-range, 436 low-confidence)",0,,,None,Unavailable,NoWallInView,,,,-0.0650828257,1.20979214,-0.161407366,0.137817457,-0.154616639,-0.00187453628,0.9783131,0,0,0,0,0,0,284803.820804964,284803.820804964,0.017167968995636329
40.407409829865131,ac3ae122,SessionTracking,Tracking,30.0777245,30.0204239,1,0.039633645996218547,0.5027083,2.42020822,1,160x90 DepthUint16,"centre=2079 min=394 max=30241 hex=0000 0CC8 081F 33FB 0A6C","centre=1937 min=778 max=16335 hex=0607 063A 0791 08ED 0692",0,0,0,,0,,,None,Unavailable,NoWallUnderCrosshair,,,,"only 0 valid depth samples under crosshair (15 no-data, 0 out-of-range, 426 low-confidence)",0,,,None,Unavailable,NoWallInView,,,,-0.06392743,1.20992279,-0.163162231,0.137913123,-0.158472076,-0.00186064851,0.977682531,0,0,0,0,0,0,284803.85410293203,284803.85410293203,0.039550832996610552
40.4333896738744,ac3ae122,SessionTracking,Tracking,20.0481777,29.9939041,1,0.024952552019385621,0.5,2.34541678,1,160x90 DepthUint16,"centre=2069 min=392 max=30203 hex=0000 0CDF 0815 3374 0A5B","centre=1926 min=678 max=14850 hex=060E 0638 0786 08BD 06A3",0,0,0,,0,,,None,Unavailable,NoWallUnderCrosshair,,,,"only 0 valid depth samples under crosshair (26 no-data, 0 out-of-range, 415 low-confidence)",0,,,None,Unavailable,NoWallInView,,,,-0.06626826,1.21008635,-0.163059369,0.13762258,-0.162724271,-0.001593709,0.9770253,0,0,0,0,0,0,284803.887430015,284803.887430015,0.02481203101342544
40.465648058851869,ac3ae122,SessionTracking,Tracking,30.0766945,29.9939041,1,0.031722863990580663,0.497430563,2.27965283,1,160x90 DepthUint16,"centre=2077 min=392 max=30167 hex=0000 0000 081D 32B5 0A3F","centre=2017 min=584 max=12818 hex=0602 0650 07E1 0863 08B2",0,0,0,,0,,,None,Unavailable,NoWallUnderCrosshair,,,,"only 0 valid depth samples under crosshair (48 no-data, 0 out-of-range, 393 low-confidence)",0,,,None,Unavailable,NoWallInView,,,,-0.06468539,1.21058393,-0.164332867,0.13729845,-0.168318614,-0.002016008,0.9761219,0,0,0,0,0,0,284803.92087910604,284803.92087910604,0.031654582999181
40.498337381860395,ac3ae122,SessionTracking,Tracking,30.0724716,29.9939041,1,0.031949374999385327,0.4923611,2.262361,1,160x90 DepthUint16,"centre=1423 min=392 max=30133 hex=0000 0000 058F 3417 0C3F","centre=1782 min=861 max=3832 hex=05E6 061D 06F6 0797 061E",0,0,0,,0,,,None,Unavailable,NoWallUnderCrosshair,,,,"only 0 valid depth samples under crosshair (64 no-data, 0 out-of-range, 377 low-confidence)",0,,,None,Unavailable,NoWallInView,,,,-0.06677909,1.2108047,-0.164194673,0.137449712,-0.173180252,-0.002337426,0.975249052,0,0,0,0,0,0,284803.954206189,284803.954206189,0.031867448007687926
40.530930402855077,ac3ae122,SessionTracking,Tracking,30.0806179,29.9939041,1,0.031719063001219183,0.486319453,2.22277784,1,160x90 DepthUint16,"centre=1399 min=398 max=30089 hex=0000 0000 0577 3C6B 0C3E","centre=1795 min=881 max=5592 hex=05E4 061A 0703 0795 08E3",0,0,0,,0,,,None,Unavailable,NoWallUnderCrosshair,,,,"only 0 valid depth samples under crosshair (81 no-data, 0 out-of-range, 360 low-confidence)",0,,,None,Unavailable,NoWallInView,,,,-0.06911283,1.21108818,-0.164231092,0.13735643,-0.177111953,-0.002403587,0.974555731,0,0,0,0,0,0,284803.987533272,284803.987533272,0.031635728984838352
40.564862850870625,ac3ae122,SessionTracking,Tracking,30.0634766,29.9939041,1,0.033262707991525531,0.482083321,2.24340272,1,160x90 DepthUint16,"centre=1481 min=400 max=30050 hex=0000 0000 05C9 3F5A 29D6","centre=1778 min=882 max=3640 hex=05D6 060F 06F2 0773 06F8",0,0,0,,0,,,None,Unavailable,NoWallUnderCrosshair,,,,"only 0 valid depth samples under crosshair (90 no-data, 0 out-of-range, 351 low-confidence)",0,,,None,Unavailable,NoWallInView,,,,-0.06392307,1.21220148,-0.166010678,0.137468621,-0.1813911,-0.00301823043,0.97375077,0,0,0,0,0,0,284804.021060876,284804.021060876,0.033180313010234386
40.600845871863342,ac3ae122,SessionTracking,Tracking,30.0733414,29.9939041,1,0.035292865009978414,0.4773611,2.21256948,1,160x90 DepthUint16,"centre=1878 min=400 max=30075 hex=0000 0000 0756 3F79 3254","centre=1904 min=514 max=12861 hex=05E3 062E 0770 08D8 0734",0,0,0,,0,,,None,Unavailable,NoWallUnderCrosshair,,,,"only 0 valid depth samples under crosshair (105 no-data, 0 out-of-range, 336 low-confidence)",0,,,None,Unavailable,NoWallInView,,,,-0.06613411,1.21251464,-0.16618368,0.137420833,-0.184683621,-0.00301724672,0.9731384,0,0,0,0,0,0,284804.05504329,284804.05504329,0.03520916699199006
40.632861548851864,ac3ae122,SessionTracking,Tracking,30.0740089,29.9939041,1,0.031356614985270426,0.473402768,2.16020823,1,160x90 DepthUint16,"centre=1903 min=399 max=30010 hex=0000 0000 076F 3F86 4709","centre=1947 min=281 max=10621 hex=05E5 0632 079B 08A8 0AA8",0,0,0,,0,,,None,Unavailable,NoWallUnderCrosshair,,,,"only 0 valid depth samples under crosshair (117 no-data, 0 out-of-range, 324 low-confidence)",0,,,None,Unavailable,NoWallInView,,,,-0.06851238,1.21287549,-0.1663904,0.1376893,-0.1870402,-0.002908796,0.972650647,0,0,0,0,0,0,284804.088370373,284804.088370373,0.03127755198511295
40.66745613185681,ac3ae122,SessionTracking,Tracking,30.07413,29.9939041,1,0.033930520992726088,0.470069438,2.16256952,1,160x90 DepthUint16,"centre=1906 min=402 max=29966 hex=0000 0000 0772 3F95 531B","centre=1881 min=717 max=14115 hex=05C8 063F 0759 0719 0488",0,0,0,,0,,,None,Unavailable,NoWallUnderCrosshair,,,,"only 0 valid depth samples under crosshair (126 no-data, 0 out-of-range, 315 low-confidence)",0,,,None,Unavailable,NoWallInView,,,,-0.0628558844,1.21402514,-0.167775035,0.137858719,-0.189754471,-0.00339028286,0.9720992,0,0,0,0,0,0,284804.121832947,284804.121832947,0.033851927000796422
40.701408319865507,ac3ae122,SessionTracking,Tracking,30.0775528,29.9939041,1,0.033251771004870534,0.464444458,2.07909727,1,160x90 DepthUint16,"centre=0 min=402 max=29974 hex=0000 0000 0000 3FA2 5508","centre=1867 min=399 max=6772 hex=05BF 0635 074B 06FA 04CB",0,0,0,,0,,,None,Unavailable,NoWallUnderCrosshair,,,,"only 0 valid depth samples under crosshair (136 no-data, 0 out-of-range, 305 low-confidence)",0,,,None,Unavailable,NoWallInView,,,,-0.06459348,1.214426,-0.168046415,0.13796255,-0.192403823,-0.00347644114,0.9715632,0,0,0,0,0,0,284804.15516003,284804.15516003,0.033170312992297113
40.733238527863207,ac3ae122,SessionTracking,Tracking,30.070118,29.9939041,1,0.031046093994518742,0.457916677,2.01159716,1,160x90 DepthUint16,"centre=0 min=403 max=29926 hex=0000 0000 0000 0000 5591","centre=1833 min=274 max=8341 hex=05E3 062C 0729 0717 04C4",0,0,0,,0,,,None,Unavailable,NoWallUnderCrosshair,,,,"only 0 valid depth samples under crosshair (143 no-data, 0 out-of-range, 298 low-confidence)",0,,,None,Unavailable,NoWallInView,,,,-0.06632654,1.21491361,-0.168190464,0.138606,-0.195105776,-0.00351950526,0.9709325,0,0,0,0,0,0,284804.18848711305,284804.18848711305,0.030965260986704379
40.766040454872339,ac3ae122,SessionTracking,Tracking,30.0732632,29.9939041,1,0.032125469006132334,0.455277771,1.98763883,1,160x90 DepthUint16,"centre=0 min=405 max=29953 hex=0000 0000 0000 0000 5612","centre=1768 min=835 max=5861 hex=05D0 0621 06E8 06A9 044E",0,0,0,,0,,,None,Unavailable,NoWallUnderCrosshair,,,,"only 0 valid depth samples under crosshair (160 no-data, 0 out-of-range, 281 low-confidence)",0,,,None,Unavailable,NoWallInView,,,,-0.0625112355,1.21553731,-0.17008099,0.139080927,-0.197851315,-0.00363102555,0.9703083,0,0,0,0,0,0,284804.221910413,284804.221910413,0.032044999999925494
40.79949587186907,ac3ae122,SessionTracking,Tracking,30.075592,29.9939041,1,0.032707968988688663,0.450347215,2.00347233,1,160x90 DepthUint16,"centre=0 min=408 max=29892 hex=0000 0000 0000 0000 5626","centre=1766 min=866 max=5440 hex=05DD 0627 06E6 06B2 0458",0,0,0,,0,,,None,Unavailable,NoWallUnderCrosshair,,,,"only 0 valid depth samples under crosshair (161 no-data, 0 out-of-range, 280 low-confidence)",0,,,None,Unavailable,NoWallInView,,,,-0.06404743,1.2160573,-0.170408726,0.1396461,-0.199940845,-0.00343191624,0.9697994,0,0,0,0,0,0,284804.255237496,284804.255237496,0.032619687990518287
40.834333891855707,ac3ae122,SessionTracking,Tracking,30.0718117,29.9939041,1,0.034077290998538956,0.44645834,1.98083329,1,160x90 DepthUint16,"centre=0 min=751 max=29911 hex=0000 0000 0000 0000 562F","centre=1770 min=892 max=4954 hex=05DA 061A 06EA 06B8 0465",0,0,0,,0,,,None,Unavailable,NoWallUnderCrosshair,,,,"only 0 valid depth samples under crosshair (174 no-data, 0 out-of-range, 267 low-confidence)",0,,,None,Unavailable,NoWallInView,,,,-0.06559134,1.21659124,-0.170733944,0.140274286,-0.202012718,-0.00340250134,0.9692794,0,0,0,0,0,0,284804.288878961,284804.288878961,0.033993801975157112
40.865641704868679,ac3ae122,SessionTracking,Tracking,30.0737381,29.9939041,1,0.030589219008106738,0.4429861,2.02736115,1,160x90 DepthUint16,"centre=0 min=753 max=29849 hex=0000 0000 0000 0000 0000","centre=1799 min=766 max=6861 hex=05DB 064B 0707 077D 0B4C",0,0,0,,0,,,None,Unavailable,NoWallUnderCrosshair,,,,"only 0 valid depth samples under crosshair (174 no-data, 0 out-of-range, 267 low-confidence)",0,,,None,Unavailable,NoWallInView,,,,-0.06238469,1.21747339,-0.170935,0.140341878,-0.203883111,-0.003437817,0.968877733,0,0,0,0,0,0,284804.322365803,284804.322365803,0.030509114993037656
40.89833097586866,ac3ae122,SessionTracking,Tracking,30.0745411,29.9939041,1,0.032015417004004121,0.437638879,2.002361,1,160x90 DepthUint16,"centre=0 min=749 max=29810 hex=0000 0000 0000 0000 0000","centre=1811 min=794 max=6597 hex=05C6 0647 0713 078A 0D10",0,0,0,,0,,,None,Unavailable,NoWallUnderCrosshair,,,,"only 0 valid depth samples under crosshair (182 no-data, 1 out-of-range, 258 low-confidence)",0,,,None,Unavailable,NoWallInView,,,,-0.0637127757,1.21802473,-0.171289727,0.140628263,-0.205765,-0.003479004,0.9684381,0,0,0,0,0,0,284804.355692886,284804.355692886,0.03193302100407891
40.935361183880516,ac3ae122,SessionTracking,Tracking,30.0827637,29.9939041,1,0.036267187009798363,0.436666667,1.98756945,1,160x90 DepthUint16,"centre=0 min=750 max=29811 hex=0000 0000 0000 0000 0000","centre=1810 min=827 max=6319 hex=05CE 064A 0712 0765 0CF4",0,0,0,,0,,,None,Unavailable,NoWallUnderCrosshair,,,,"only 0 valid depth samples under crosshair (184 no-data, 2 out-of-range, 255 low-confidence)",0,,,None,Unavailable,NoWallInView,,,,-0.06518009,1.21861589,-0.1716771,0.141250074,-0.206983685,-0.003314704,0.968088448,0,0,0,0,0,0,284804.38901996904,284804.38901996904,0.036179062008159235
40.96677191286922,ac3ae122,SessionTracking,Tracking,30.072155,29.9939041,1,0.030744062009034678,0.434930563,1.97395837,1,160x90 DepthUint16,"centre=0 min=750 max=29795 hex=0000 0000 0000 0000 0000","centre=1786 min=1080 max=6057 hex=05DD 0612 06FA 0761 0D56",0,0,0,,0,,,None,Unavailable,NoWallUnderCrosshair,,,,"only 0 valid depth samples under crosshair (191 no-data, 2 out-of-range, 248 low-confidence)",0,,,None,Unavailable,NoWallInView,,,,-0.0613550022,1.21840215,-0.173096359,0.141781658,-0.207942277,-0.003066808,0.9678061,0,0,0,0,0,0,284804.42245804204,284804.42245804204,0.030661302007501945
41.000683006880493,ac3ae122,SessionTracking,Tracking,30.0782585,29.9939041,1,0.033227083011297509,0.431180567,1.97208333,1,160x90 DepthUint16,"centre=0 min=750 max=29831 hex=0000 0000 0000 0000 0000","centre=1776 min=1034 max=6013 hex=05D7 0602 06F0 0773 0D98",0,0,0,,0,,,None,Unavailable,NoWallUnderCrosshair,,,,"only 0 valid depth samples under crosshair (194 no-data, 1 out-of-range, 246 low-confidence)",0,,,None,Unavailable,NoWallInView,,,,-0.06273422,1.21885073,-0.173451632,0.142847061,-0.2088232,-0.00241959118,0.9674615,0,0,0,0,0,0,284804.455785125,284804.455785125,0.03314151000813581
41.032558110854509,ac3ae122,SessionTracking,Tracking,30.0779076,29.9939041,1,0.028640624979743734,0.427013874,1.97576392,1,160x90 DepthUint16,"centre=0 min=748 max=29844 hex=0000 0000 0000 0000 0000","centre=1797 min=1010 max=7115 hex=05E6 061C 0705 0739 0E51",0,0,0,,0,,,None,Unavailable,NoWallUnderCrosshair,,,,"only 0 valid depth samples under crosshair (199 no-data, 1 out-of-range, 241 low-confidence)",0,,,None,Unavailable,NoWallInView,,,,-0.06397786,1.21924961,-0.1737983,0.1436525,-0.210457146,-0.002210915,0.966988564,0,0,0,0,0,0,284804.489112208,284804.489112208,0.028549947979627177
41.067870298857954,ac3ae122,SessionTracking,Tracking,30.0816116,29.9939041,1,0.0346454169775825,0.425069451,2.001875,1,160x90 DepthUint16,"centre=0 min=749 max=29861 hex=0000 0000 0000 0000 0000","centre=1768 min=813 max=1924 hex=05C2 05FB 06E8 06A1 0404",0,0,0,,0,,,None,Unavailable,NoWallUnderCrosshair,,,,"only 0 valid depth samples under crosshair (208 no-data, 2 out-of-range, 231 low-confidence)",0,,,None,Unavailable,NoWallInView,,,,-0.06415884,1.21821964,-0.173604667,0.144079074,-0.211990252,-0.00186517835,0.9665909,0,0,0,0,0,0,284804.522361462,284804.522361462,0.034562760993139818
41.107892381863124,ac3ae122,SessionTracking,Tracking,30.071104,29.9939041,1,0.039285000006202608,0.4240972,1.98986113,1,160x90 DepthUint16,"centre=0 min=745 max=29872 hex=0000 0000 0000 0000 0000","centre=1775 min=809 max=1926 hex=05B6 05F1 06EF 06AB 0403",0,0,0,,0,,,None,Unavailable,NoWallUnderCrosshair,,,,"only 0 valid depth samples under crosshair (205 no-data, 2 out-of-range, 234 low-confidence)",0,,,None,Unavailable,NoWallInView,,,,-0.06560439,1.21876752,-0.174214914,0.1444166,-0.212430447,-0.001517117,0.966444433,0,0,0,0,0,0,284804.555688545,284804.555688545,0.039198073005536571
41.134105193857025,ac3ae122,SessionTracking,Tracking,30.0730152,29.9939041,1,0.025274738989537582,0.423333347,2.010625,1,160x90 DepthUint16,"centre=0 min=749 max=29882 hex=0000 0000 0000 0000 0000","centre=1761 min=806 max=1919 hex=05BC 05F4 06E1 06AA 03E6",0,0,0,,0,,,None,Unavailable,NoWallUnderCrosshair,,,,"only 0 valid depth samples under crosshair (202 no-data, 1 out-of-range, 238 low-confidence)",0,,,None,Unavailable,NoWallInView,,,,-0.06701109,1.21940756,-0.174977839,0.144349039,-0.212930888,-0.001258254,0.9663448,0,0,0,0,0,0,284804.58901562804,284804.58901562804,0.024720677000004798
41.170663266871045,ac3ae122,SessionTracking,Tracking,30.0737953,29.9939041,1,0.03552401001797989,0.422013879,1.99875,1,160x90 DepthUint16,"centre=0 min=747 max=29886 hex=0000 0000 0000 0000 0000","centre=1767 min=810 max=1914 hex=05BF 05F8 06E7 06A7 03F9",0,0,0,,0,,,None,Unavailable,NoWallUnderCrosshair,,,,"only 0 valid depth samples under crosshair (204 no-data, 1 out-of-range, 236 low-confidence)",0,,,None,Unavailable,NoWallInView,,,,-0.06845403,1.22008121,-0.175769508,0.144422263,-0.213095024,-0.0009869338,0.966298,0,0,0,0,0,0,284804.622342712,284804.622342712,0.035410364012932405
41.201356808879567,ac3ae122,SessionTracking,Tracking,30.0724964,29.9939041,1,0.029945729009341449,0.416458338,1.99048615,1,160x90 DepthUint16,"centre=0 min=746 max=29793 hex=0000 0000 0000 0000 0000","centre=1774 min=821 max=1916 hex=05C2 05FB 06EE 0697 03E3",0,0,0,,0,,,None,Unavailable,NoWallUnderCrosshair,,,,"only 0 valid depth samples under crosshair (214 no-data, 1 out-of-range, 226 low-confidence)",0,,,None,Unavailable,NoWallInView,,,,-0.0662592053,1.219786,-0.175411433,0.144260511,-0.2150249,-0.00131094467,0.9658941,0,0,0,0,0,0,284804.65565902204,284804.65565902204,0.02986156300175935
41.243159100870756,ac3ae122,SessionTracking,Tracking,30.0716133,29.9939041,1,0.041087188001256436,0.41180557,1.9709028,1,160x90 DepthUint16,"centre=0 min=747 max=29820 hex=0000 0000 0000 0000 0000","centre=1764 min=837 max=1924 hex=05C2 05F9 06E4 06A5 03ED",0,0,0,,0,,,None,Unavailable,NoWallUnderCrosshair,,,,"only 0 valid depth samples under crosshair (216 no-data, 1 out-of-range, 224 low-confidence)",0,,,None,Unavailable,NoWallInView,,,,-0.06707579,1.22024846,-0.176053137,0.14378567,-0.217488214,-0.00163373363,0.9654128,0,0,0,0,0,0,284804.68898610503,284804.68898610503,0.0410050000064075
41.264255558859944,ac3ae122,SessionTracking,Tracking,30.0752583,29.9939041,1,0.020294062996981665,0.5832639,12.56125,1,160x90 DepthUint16,"centre=1676 min=756 max=29150 hex=0000 0000 068C 067C 0625","centre=1591 min=1152 max=7774 hex=05C0 05DC 0637 069E 0649",0,0,0,,0,,,None,Unavailable,NoWallUnderCrosshair,,,,"only 0 valid depth samples under crosshair (12 no-data, 0 out-of-range, 429 low-confidence)",0,,,None,Unavailable,NoWallInView,,,,-0.06392291,1.22538519,-0.184983239,0.143353373,-0.220153242,-0.00146958232,0.9648732,0,0,0,0,0,0,284804.722271858,284804.722271858,0.020217395998770371
41.298875558880312,ac3ae122,SessionTracking,Tracking,30.0668068,29.9939041,1,0.033750261005479842,0.583611131,13.3002777,1,160x90 DepthUint16,"centre=1679 min=273 max=29129 hex=0000 0000 068F 069B 063A","centre=1603 min=1123 max=6887 hex=05CA 05F6 0643 06A9 063A",0,0,0,,0,,,None,Unavailable,NoWallUnderCrosshair,,,,"only 0 valid depth samples under crosshair (12 no-data, 0 out-of-range, 429 low-confidence)",0,,,None,Unavailable,NoWallInView,,,,-0.06475073,1.22599721,-0.186035633,0.142951712,-0.221318588,-0.00156784069,0.964666,0,0,0,0,0,0,284804.755598941,284804.755598941,0.033676563005428761
