# WallDistance benchmark log; measurement revision=raw-confidence-v2
# device=OnePlus CPH2691 os=Android OS 16 / API-36 (UKQ1.231108.001/V.R4T3.3237bb8-cff9dc-d57a61) unity=6000.3.5f1
# condition=
# config: {"minTestedRangeMeters":0.5,"maxTestedRangeMeters":3.0,"depthMaxAgeSeconds":0.5,"depthMinConfidence":128,"depthInlierThresholdMeters":0.05000000074505806,"depthMinInlierFraction":0.6000000238418579,"depthMinValidSamples":12,"depthDisagreementThresholdMeters":0.10000000149011612,"depthSampleGridSize":12,"depthMinValidMeters":0.10000000149011612,"depthMaxValidMeters":8.0,"depthOnlyPatchRadiusPixels":10,"depthOnlyMinInliers":60,"depthOnlyRefitRounds":2,"depthOnlyMaxRmsMeters":0.019999999552965165,"depthOnlyMaxTiltFromVerticalDeg":20.0,"filterTimeConstantSeconds":0.25,"minCandidateAreaSquareMeters":0.20000000298023225}
t,session,arState,trackingState,fps,updRate,depthSupported,depthAgeS,depthValidFrac,depthMeanConf,denseValidFrac,depthFormat,rawValues,denseValues,planesTotal,planesVerticalTracked,largestVerticalArea_m2,reference_m,aimed_valid,aimed_raw_m,aimed_filtered_m,aimed_source,aimed_quality,aimed_failure,aimed_candidate,aimed_depthResidual_m,aimed_depthInlier,aimed_reason,nearest_valid,nearest_raw_m,nearest_filtered_m,nearest_source,nearest_quality,nearest_failure,nearest_candidate,nearest_depthResidual_m,nearest_depthInlier,cam_x,cam_y,cam_z,cam_qx,cam_qy,cam_qz,cam_qw,aimed_pt_x,aimed_pt_y,aimed_pt_z,aimed_n_x,aimed_n_y,aimed_n_z,rawProviderTimestampS,denseProviderTimestampS,denseAgeS
52.920079408478841,d62bf83a,SessionTracking,Tracking,30.0699387,29.8083534,1,0.042781355004990473,0.856597245,3.97479177,1,160x90 DepthUint16,"centre=6525 min=1814 max=39872 hex=234D 235A 197D 1270 1532","centre=9830 min=3626 max=10049 hex=25E6 265F 2666 2582 1BAC",0,0,0,,0,,,None,Unavailable,NoWallUnderCrosshair,,,,"only 0 valid depth samples under crosshair (1 no-data, 107 out-of-range, 333 low-confidence)",0,,,None,Unavailable,NoWallInView,,,,-2.300791,1.36751282,0.244805083,-0.00479177153,-0.01653354,-0.004772723,0.9998405,0,0,0,0,0,0,283690.676454304,283690.676454304,0.042735886003356427
52.938596647469012,d62bf83a,SessionTracking,Tracking,20.0469761,29.8083534,1,0.017699374991934747,0.857291639,3.91902781,1,160x90 DepthUint16,"centre=6804 min=1822 max=39868 hex=2349 23F4 1A94 127B 1538","centre=9851 min=3599 max=10055 hex=25FF 2671 267B 259B 1BEF",0,0,0,,0,,,None,Unavailable,NoWallUnderCrosshair,,,,"only 0 valid depth samples under crosshair (1 no-data, 104 out-of-range, 336 low-confidence)",0,,,None,Unavailable,NoWallInView,,,,-2.30841851,1.36836815,0.242413461,-0.00463389233,-0.0166280027,-0.004651696,0.9998402,0,0,0,0,0,0,283690.709781387,283690.709781387,0.017605936998734251
52.96318909546585,d62bf83a,SessionTracking,Tracking,30.07163,29.8083534,1,0.024071771011222154,0.857291639,3.91902781,1,160x90 DepthUint16,"centre=6804 min=1822 max=39868 hex=2349 23F4 1A94 127B 1538","centre=9851 min=3599 max=10055 hex=25FF 2671 267B 259B 1BEF",0,0,0,,0,,,None,Unavailable,NoWallUnderCrosshair,,,,"only 0 valid depth samples under crosshair (1 no-data, 104 out-of-range, 336 low-confidence)",0,,,None,Unavailable,NoWallInView,,,,-2.31589913,1.36926258,0.240196049,-0.003745629,-0.01739655,-0.00453105569,0.999831438,0,0,0,0,0,0,283690.74310847104,283690.74310847104,0.024009218992432579
53.028505710451782,d62bf83a,SessionTracking,Tracking,30.07208,29.8083534,1,0.0643815629882738,0.881805539,3.99,1,160x90 DepthUint16,"centre=4896 min=1827 max=39742 hex=2316 235A 1320 149D 155E","centre=9989 min=3719 max=10155 hex=2708 2720 2705 2614 1C43",0,0,0,,0,,,None,Unavailable,NoWallUnderCrosshair,,,,"only 0 valid depth samples under crosshair (0 no-data, 94 out-of-range, 347 low-confidence)",0,,,None,Unavailable,NoWallInView,,,,-2.323252,1.37015724,0.238103032,-0.00249461,-0.01893076,-0.00440305471,0.999808,0,0,0,0,0,0,283690.776435554,283690.776435554,0.064302499988116324
53.064331126460957,d62bf83a,SessionTracking,Tracking,30.0689449,29.8083534,1,0.030178176995832473,0.8740278,4.32138872,1,160x90 DepthUint16,"centre=4881 min=1798 max=39680 hex=2342 1E63 1311 149D 14F9","centre=9894 min=3504 max=10079 hex=2630 26A9 26A6 2592 1AE5",0,0,0,,0,,,None,Unavailable,NoWallUnderCrosshair,,,,"only 0 valid depth samples under crosshair (5 no-data, 123 out-of-range, 313 low-confidence)",0,,,None,Unavailable,NoWallInView,,,,-2.17755985,1.33747244,0.2677548,-0.00219640718,-0.0203137919,-0.005692572,0.999775052,0,0,0,0,0,0,283690.809814687,283690.809814687,0.030122135009150952
53.15730222047182,d62bf83a,SessionTracking,Tracking,30.0689659,29.8083534,1,0.092443333007395267,0.875486135,4.3257637,1,160x90 DepthUint16,"centre=4882 min=1806 max=39714 hex=2348 1DED 1312 1599 14F5","centre=9885 min=3492 max=10079 hex=2640 26A1 269D 2589 1ABB",0,0,0,,0,,,None,Unavailable,NoWallUnderCrosshair,,,,"only 0 valid depth samples under crosshair (5 no-data, 122 out-of-range, 314 low-confidence)",0,,,None,Unavailable,NoWallInView,,,,-2.09198523,1.30909193,0.27915436,-0.0018322292,-0.0191482063,-0.006413073,0.9997944,0,0,0,0,0,0,283690.843261192,283690.843261192,0.092398281005444
53.166387272478232,d62bf83a,SessionTracking,Tracking,10.0230255,29.8083534,1,0.0080673960037529469,0.8713889,4.303403,1,160x90 DepthUint16,"centre=5878 min=1789 max=39719 hex=236D 1CAA 16F6 1603 144C","centre=10972 min=3551 max=13092 hex=2CE1 2BCF 2ADC 289B 14FA",0,0,0,,0,,,None,Unavailable,NoWallUnderCrosshair,,,,"only 0 valid depth samples under crosshair (15 no-data, 127 out-of-range, 299 low-confidence)",0,,,None,Unavailable,NoWallInView,,,,-2.09575343,1.30923426,0.276894,-0.00237071514,-0.0192953348,-0.006656617,0.9997889,0,0,0,0,0,0,283690.876588275,283690.876588275,0.00801817700266838
53.250532168461859,d62bf83a,SessionTracking,Tracking,30.0690422,29.8083534,1,0.083580312988488,0.8900694,4.4234724,1,160x90 DepthUint16,"centre=5799 min=1768 max=39636 hex=2346 1BFD 16A7 172D 13E8","centre=14306 min=4712 max=20533 hex=40CC 3E9E 37E2 332E 25A3",0,0,0,,0,,,None,Unavailable,NoWallUnderCrosshair,,,,"only 0 valid depth samples under crosshair (23 no-data, 126 out-of-range, 292 low-confidence)",0,,,None,Unavailable,NoWallInView,,,,-2.05255032,1.29168081,0.3115226,0.00041461084,-0.0189411268,-0.00702422857,0.999795854,0,0,0,0,0,0,283690.943306897,283690.943306897,0.083520938002038747
53.258224095454125,d62bf83a,SessionTracking,Tracking,20.0444164,29.8083534,1,0.0071692709752824157,0.905972242,4.38722229,1,160x90 DepthUint16,"centre=5830 min=1762 max=39695 hex=234A 1BFB 16C6 1759 13FE","centre=14733 min=4702 max=20915 hex=4580 4192 398D 3487 258C",0,0,0,,0,,,None,Unavailable,NoWallUnderCrosshair,,,,"only 0 valid depth samples under crosshair (8 no-data, 139 out-of-range, 294 low-confidence)",0,,,None,Unavailable,NoWallInView,,,,-2.05593,1.291649,0.3099289,0.00049573,-0.0178012848,-0.00678622769,0.9998184,0,0,0,0,0,0,283690.97663398,283690.97663398,0.007124791998649016
53.359301387452206,d62bf83a,SessionTracking,Tracking,30.0688572,29.8083534,1,0.10054786497494206,0.918125,4.438611,1,160x90 DepthUint16,"centre=5813 min=1735 max=39905 hex=2332 1BC4 16B5 16A8 1410","centre=12640 min=3165 max=18633 hex=3EB4 377E 3160 2EAF 1D1D",0,0,0,,0,,,None,Unavailable,NoWallUnderCrosshair,,,,"only 0 valid depth samples under crosshair (3 no-data, 151 out-of-range, 287 low-confidence)",0,,,None,Unavailable,NoWallInView,,,,-2.046594,1.291459,0.345107973,0.000720935932,-0.0154893557,-0.006593884,0.9998581,0,0,0,0,0,0,283691.010023566,283691.010023566,0.099246406985912472
53.362707064461347,d62bf83a,SessionTracking,Tracking,12.0266066,29.8083534,1,0.0027504689933266491,0.9344444,4.31381941,1,160x90 DepthUint16,"centre=5814 min=1740 max=39791 hex=232C 1BB5 16B6 16DD 144E","centre=10898 min=3257 max=14513 hex=320E 2D90 2A92 2A65 1D81",0,0,0,,0,,,None,Unavailable,NoWallUnderCrosshair,,,,"only 0 valid depth samples under crosshair (0 no-data, 143 out-of-range, 298 low-confidence)",0,,,None,Unavailable,NoWallInView,,,,-2.05244756,1.29136217,0.342400372,0.00162697828,-0.0129907681,-0.005922497,0.999896765,0,0,0,0,0,0,283691.07667773304,283691.07667773304,0.0027045840106438845
53.468655970474856,d62bf83a,SessionTracking,Tracking,30.06848,29.8083534,1,0.10553984402213246,0.934305549,4.34618044,1,160x90 DepthUint16,"centre=5816 min=1744 max=39754 hex=2327 1BAC 16B8 1774 142A","centre=11397 min=3418 max=15638 hex=37AD 3133 2C85 2B5B 1D61",0,0,0,,0,,,None,Unavailable,NoWallUnderCrosshair,,,,"only 0 valid depth samples under crosshair (0 no-data, 143 out-of-range, 298 low-confidence)",0,,,None,Unavailable,NoWallInView,,,,-2.05716252,1.29110312,0.3390298,0.00230188877,-0.0143336551,-0.00551125454,0.9998794,0,0,0,0,0,0,283691.1433319,283691.1433319,0.10549697899841703
53.508206855450908,d62bf83a,SessionTracking,Tracking,15.033186,29.8083534,1,0.039044426986947656,0.9363195,4.22916651,1,160x90 DepthUint16,"centre=5780 min=1711 max=39705 hex=2300 1B88 1694 173D 13F8","centre=10692 min=3361 max=12905 hex=2E9E 2BED 29C4 2946 1D37",0,0,0,,0,,,None,Unavailable,NoWallUnderCrosshair,,,,"only 0 valid depth samples under crosshair (0 no-data, 133 out-of-range, 308 low-confidence)",0,,,None,Unavailable,NoWallInView,,,,-2.06776476,1.295931,0.367443,0.00250708428,-0.015174415,-0.005110175,0.9998687,0,0,0,0,0,0,283691.176515528,283691.176515528,0.0390018229954876
53.54438643946537,d62bf83a,SessionTracking,Tracking,20.0454483,29.8083534,1,0.035605624987510964,0.94416666,4.27354145,1,160x90 DepthUint16,"centre=5803 min=1708 max=39701 hex=2306 1B95 16AB 1720 1409","centre=11159 min=3329 max=13869 hex=31D3 2E84 2B97 2AC6 1D0C",0,0,0,,0,,,None,Unavailable,NoWallUnderCrosshair,,,,"only 0 valid depth samples under crosshair (0 no-data, 146 out-of-range, 295 low-confidence)",0,,,None,Unavailable,NoWallInView,,,,-2.07009673,1.29589319,0.365571022,0.00196739123,-0.0152648753,-0.00502801,0.9998689,0,0,0,0,0,0,283691.20984261105,283691.20984261105,0.0355499479919672
53.58072503246126,d62bf83a,SessionTracking,Tracking,30.0663586,29.8083534,1,0.035697448009159416,0.943819463,4.01763868,1,160x90 DepthUint16,"centre=5793 min=1673 max=39636 hex=22F0 1B8A 16A1 16AD 13E3","centre=10751 min=3351 max=16423 hex=2F44 2C8D 29FF 2A33 205C",0,0,0,,0,,,None,Unavailable,NoWallUnderCrosshair,,,,"only 0 valid depth samples under crosshair (0 no-data, 145 out-of-range, 296 low-confidence)",0,,,None,Unavailable,NoWallInView,,,,-2.0804503,1.29181969,0.396432579,0.000404467748,-0.0160994586,-0.00504997326,0.999857545,0,0,0,0,0,0,283691.276510131,283691.276510131,0.033050311991246417
53.6899140434723,d62bf83a,SessionTracking,Tracking,30.06452,29.8083534,1,0.10856724000768736,0.9384722,3.91597223,1,160x90 DepthUint16,"centre=5808 min=1672 max=39376 hex=2303 1BD3 16B0 166D 13FD","centre=11507 min=3318 max=16041 hex=3604 3132 2CF3 2C65 20D6",0,0,0,,0,,,None,Unavailable,NoWallUnderCrosshair,,,,"only 0 valid depth samples under crosshair (0 no-data, 126 out-of-range, 315 low-confidence)",0,,,None,Unavailable,NoWallInView,,,,-2.04349566,1.27671289,0.4368704,-0.001893417,-0.017623648,-0.005587131,0.999827266,0,0,0,0,0,0,283691.376438371,283691.376438371,0.10849677101941779
53.694678418458125,d62bf83a,SessionTracking,Tracking,10.0217791,29.8083534,1,0.0041427609976381063,0.9422917,3.780486,1,160x90 DepthUint16,"centre=5764 min=1635 max=39315 hex=22E0 1B76 1684 1558 13D4","centre=11622 min=3380 max=14719 hex=3550 3143 2D66 2C79 2132",0,0,0,,0,,,None,Unavailable,NoWallUnderCrosshair,,,,"only 0 valid depth samples under crosshair (0 no-data, 142 out-of-range, 299 low-confidence)",0,,,None,Unavailable,NoWallInView,,,,-2.04466629,1.27652466,0.4358947,-0.00189613935,-0.01859853,-0.00549256848,0.999810159,0,0,0,0,0,0,283691.409765454,283691.409765454,0.0040929690003395081
53.762937897470465,d62bf83a,SessionTracking,Tracking,30.06327,20.9004879,1,0.067844636010704562,0.939166665,3.66333342,1,160x90 DepthUint16,"centre=9206 min=1627 max=39502 hex=22E6 1B60 23F6 142C 1461","centre=10869 min=3366 max=13241 hex=303E 2D3B 2A75 2971 1E66",0,0,0,,0,,,None,Unavailable,NoWallUnderCrosshair,,,,"only 0 valid depth samples under crosshair (3 no-data, 168 out-of-range, 270 low-confidence)",0,,,None,Unavailable,NoWallInView,,,,-1.93149948,1.27605724,0.447452366,-0.001664158,-0.0184603,-0.006364733,0.999807954,0,0,0,0,0,0,283691.442626151,283691.442626151,0.067799479002133012
53.814564720468979,d62bf83a,SessionTracking,Tracking,20.0416737,20.9004879,1,0.050992188014788553,0.9384028,3.672986,1,160x90 DepthUint16,"centre=8435 min=1624 max=39220 hex=22E2 1B5A 20F3 1457 1434","centre=10582 min=3287 max=12438 hex=2D71 2B4F 2956 28C7 1EAE",0,0,0,,0,,,None,Unavailable,NoWallUnderCrosshair,,,,"only 0 valid depth samples under crosshair (2 no-data, 170 out-of-range, 269 low-confidence)",0,,,None,Unavailable,NoWallInView,,,,-1.93035078,1.27571666,0.4469279,-0.00124999334,-0.0211425442,-0.006225765,0.999756336,0,0,0,0,0,0,283691.475953234,283691.475953234,0.050947292009368539
53.830380397473846,d62bf83a,SessionTracking,Tracking,15.0327177,20.9004879,1,0.015195573010714725,0.940069437,3.72,1,160x90 DepthUint16,"centre=6848 min=1623 max=39156 hex=22DD 1B57 1AC0 14A1 1421","centre=11035 min=3332 max=13843 hex=32B2 2E97 2B1B 29D9 1E8A",0,0,0,,0,,,None,Unavailable,NoWallUnderCrosshair,,,,"only 0 valid depth samples under crosshair (2 no-data, 164 out-of-range, 275 low-confidence)",0,,,None,Unavailable,NoWallInView,,,,-1.929257,1.27529287,0.44626832,-0.00100553979,-0.0229933616,-0.0060818796,0.99971664,0,0,0,0,0,0,283691.509280317,283691.509280317,0.015128594008274376
53.865107272464,d62bf83a,SessionTracking,Tracking,30.0665874,20.9004879,1,0.033964636008022353,0.935486138,3.790139,1,160x90 DepthUint16,"centre=5939 min=1619 max=39066 hex=22E9 1B7C 1733 1403 1418","centre=11000 min=4103 max=13689 hex=3176 2E16 2AF8 28CC 1B3A",0,0,0,,0,,,None,Unavailable,NoWallUnderCrosshair,,,,"only 0 valid depth samples under crosshair (3 no-data, 163 out-of-range, 275 low-confidence)",0,,,None,Unavailable,NoWallInView,,,,-1.90180957,1.27177846,0.4486125,-0.00305873249,-0.02608268,-0.00600218773,0.9996371,0,0,0,0,0,0,283691.609200784,283691.609200784,0.03391463600564748
53.904599355478922,d62bf83a,SessionTracking,Tracking,30.0665874,20.9004879,1,0.038695104012731463,0.933125,3.696875,1,160x90 DepthUint16,"centre=5877 min=1619 max=38536 hex=22EE 1B9A 16F5 13E0 1403","centre=11141 min=3114 max=15501 hex=3286 2EB0 2B85 2B57 19E0",0,0,0,,0,,,None,Unavailable,NoWallUnderCrosshair,,,,"only 0 valid depth samples under crosshair (4 no-data, 169 out-of-range, 268 low-confidence)",0,,,None,Unavailable,NoWallInView,,,,-1.89989889,1.2713604,0.4473772,-0.004203309,-0.0277434178,-0.005920143,0.9995887,0,0,0,0,0,0,283691.64252786804,283691.64252786804,0.038611354015301913
53.933123678467155,d62bf83a,SessionTracking,Tracking,30.056778,20.9004879,1,0.015966979000950232,0.925694466,3.71,1,160x90 DepthUint16,"centre=5911 min=1609 max=38373 hex=2307 1BC8 1717 1345 1416","centre=11682 min=3072 max=15826 hex=370D 31A0 2DA2 2D27 1927",0,0,0,,0,,,None,Unavailable,NoWallUnderCrosshair,,,,"only 0 valid depth samples under crosshair (8 no-data, 167 out-of-range, 266 low-confidence)",0,,,None,Unavailable,NoWallInView,,,,-1.861114,1.26943183,0.455843,-0.006972043,-0.0293646846,-0.00621646643,0.9995251,0,0,0,0,0,0,283691.70925201103,283691.70925201103,0.015919530997052789
53.9711832094506,d62bf83a,SessionTracking,Tracking,30.0660057,20.9004879,1,0.037404843984404579,0.9230555,3.78055549,1,160x90 DepthUint16,"centre=5917 min=1601 max=38284 hex=2315 1BF3 171D 1308 140D","centre=11159 min=3126 max=16815 hex=3520 2F54 2B97 2BBC 1A95",0,0,0,,0,,,None,Unavailable,NoWallUnderCrosshair,,,,"only 0 valid depth samples under crosshair (9 no-data, 174 out-of-range, 258 low-confidence)",0,,,None,Unavailable,NoWallInView,,,,-1.85084128,1.26905751,0.463219255,-0.008480379,-0.0297938865,-0.00585362362,0.999502957,0,0,0,0,0,0,283691.742637611,283691.742637611,0.037340520997531712
54.00519143845645,d62bf83a,SessionTracking,Tracking,30.0604153,20.9004879,1,0.033195052004884928,0.9206945,3.777639,1,160x90 DepthUint16,"centre=5911 min=1594 max=38281 hex=2314 1C04 1717 12D5 1408","centre=11471 min=4522 max=16248 hex=33C6 2F1D 2CCF 2E65 1EA6",0,0,0,,0,,,None,Unavailable,NoWallUnderCrosshair,,,,"only 0 valid depth samples under crosshair (8 no-data, 175 out-of-range, 258 low-confidence)",0,,,None,Unavailable,NoWallInView,,,,-1.84801185,1.26866722,0.462406218,-0.009542495,-0.0313477553,-0.00572729157,0.99944663,0,0,0,0,0,0,283691.77596469404,283691.77596469404,0.033111041004303843
54.032693261458689,d62bf83a,SessionTracking,Tracking,30.0660458,20.9004879,1,0.026527187001192942,0.920416653,3.620278,1,160x90 DepthUint16,"centre=5905 min=1599 max=38140 hex=230C 1C1C 1711 12DA 13F6","centre=12409 min=4286 max=18031 hex=3955 3367 3079 32C3 1E23",0,0,0,,0,,,None,Unavailable,NoWallUnderCrosshair,,,,"only 0 valid depth samples under crosshair (8 no-data, 172 out-of-range, 261 low-confidence)",0,,,None,Unavailable,NoWallInView,,,,-1.84496474,1.26832306,0.461837679,-0.009811921,-0.0334312,-0.005519628,0.9993776,0,0,0,0,0,0,283691.809291777,283691.809291777,0.02645130199380219
54.07375831346485,d62bf83a,SessionTracking,Tracking,30.0671978,20.9004879,1,0.040457552007865161,0.920416653,3.61993051,1,160x90 DepthUint16,"centre=5861 min=1577 max=37965 hex=22EA 1C12 16E5 12DB 13D6","centre=11960 min=4535 max=18588 hex=35D1 30FE 2EB8 31B0 1EFB",0,0,0,,0,,,None,Unavailable,NoWallUnderCrosshair,,,,"only 0 valid depth samples under crosshair (11 no-data, 170 out-of-range, 260 low-confidence)",0,,,None,Unavailable,NoWallInView,,,,-1.84038317,1.26680148,0.481032968,-0.009530932,-0.035515327,-0.005159468,0.9993104,0,0,0,0,0,0,283691.842793177,283691.842793177,0.040392238995991647
54.098838157460477,d62bf83a,SessionTracking,Tracking,30.06719,20.9004879,1,0.024298020987771451,0.9215278,3.64180565,1,160x90 DepthUint16,"centre=5826 min=1574 max=37876 hex=22E5 1C44 16C2 12E5 13D0","centre=12404 min=4670 max=16350 hex=3983 33D3 3074 31D7 1E94",0,0,0,,0,,,None,Unavailable,NoWallUnderCrosshair,,,,"only 0 valid depth samples under crosshair (9 no-data, 172 out-of-range, 260 low-confidence)",0,,,None,Unavailable,NoWallInView,,,,-1.83732593,1.26638854,0.480919361,-0.00992893,-0.03739499,-0.00504136132,0.999238551,0,0,0,0,0,0,283691.87612026004,283691.87612026004,0.024234009993961081
54.13648992847061,d62bf83a,SessionTracking,Tracking,30.068306,20.9004879,1,0.019613957992987707,0.920208335,3.61076379,1,160x90 DepthUint16,"centre=6189 min=1577 max=37895 hex=22E0 1CAB 182D 12E3 13D1","centre=11944 min=4571 max=15241 hex=3686 3152 2EA8 30E4 1E0B",0,0,0,,0,,,None,Unavailable,NoWallUnderCrosshair,,,,"only 0 valid depth samples under crosshair (8 no-data, 170 out-of-range, 263 low-confidence)",0,,,None,Unavailable,NoWallInView,,,,-1.83407223,1.26592553,0.480708539,-0.01043619,-0.0392292,-0.004958093,0.999163449,0,0,0,0,0,0,283691.90944734303,283691.90944734303,0.019550521014025435
54.162950813453563,d62bf83a,SessionTracking,Tracking,30.06486,20.9004879,1,0.025859947985736653,0.9184028,3.56534719,1,160x90 DepthUint16,"centre=7564 min=1576 max=37914 hex=22D9 1D4F 1D8C 12D7 13D6","centre=11004 min=4830 max=15148 hex=3626 3016 2AFC 28C7 1BF3",0,0,0,,0,,,None,Unavailable,NoWallUnderCrosshair,,,,"only 0 valid depth samples under crosshair (10 no-data, 167 out-of-range, 264 low-confidence)",0,,,None,Unavailable,NoWallInView,,,,-1.81497061,1.26857471,0.478049874,-0.0106815826,-0.0419348329,-0.00465965271,0.9990524,0,0,0,0,0,0,283691.942713979,283691.942713979,0.02579932298976928
54.205565553452971,d62bf83a,SessionTracking,Tracking,30.0700874,20.9004879,1,0.042009374999906868,0.91854167,3.50527787,1,160x90 DepthUint16,"centre=8643 min=1575 max=37809 hex=22D3 1DFC 21C3 12D6 13D7","centre=10747 min=4873 max=13977 hex=3200 2DCB 29FB 2823 1BF0",0,0,0,,0,,,None,Unavailable,NoWallUnderCrosshair,,,,"only 0 valid depth samples under crosshair (10 no-data, 167 out-of-range, 264 low-confidence)",0,,,None,Unavailable,NoWallInView,,,,-1.81158137,1.26817453,0.4779212,-0.0107252318,-0.04352411,-0.004576087,0.998984337,0,0,0,0,0,0,283691.97604106204,283691.97604106204,0.041945520992157981
54.225798522474861,d62bf83a,SessionTracking,Tracking,30.0693188,20.9004879,1,0.018884062999859452,0.9192361,3.54458332,1,160x90 DepthUint16,"centre=11032 min=1573 max=37748 hex=22C5 1F6E 2B18 12CF 13DE","centre=11198 min=4532 max=15342 hex=358D 2FD6 2BBE 2AD8 1D63",0,0,0,,0,,,None,Unavailable,NoWallUnderCrosshair,,,,"only 0 valid depth samples under crosshair (14 no-data, 160 out-of-range, 267 low-confidence)",0,,,None,Unavailable,NoWallInView,,,,-1.80140042,1.26561,0.476086438,-0.010735618,-0.0461812466,-0.00433221459,0.998865962,0,0,0,0,0,0,283692.009231023,283692.009231023,0.018836614995962009
54.260276438468054,d62bf83a,SessionTracking,Tracking,30.066267,20.9004879,1,0.033797656011302024,0.9342361,3.91194439,1,160x90 DepthUint16,"centre=14644 min=402 max=38998 hex=22BA 25D6 3934 14E2 13E9","centre=10268 min=3938 max=16642 hex=2B86 294E 281C 26B5 1833",0,0,0,,0,,,None,Unavailable,NoWallUnderCrosshair,,,,"only 0 valid depth samples under crosshair (3 no-data, 147 out-of-range, 291 low-confidence)",0,,,None,Unavailable,NoWallInView,,,,-1.79790187,1.26516378,0.476189345,-0.0108152684,-0.04835745,-0.004522711,0.9987613,0,0,0,0,0,0,283692.042558107,283692.042558107,0.0336639579909388
54.29199419945121,d62bf83a,SessionTracking,Tracking,30.07638,20.9004879,1,0.0308311459957622,0.9344444,4.006181,1,160x90 DepthUint16,"centre=14644 min=397 max=39057 hex=22B0 219A 3934 14E3 13F6","centre=10050 min=4029 max=16402 hex=2C0A 294E 2742 25DA 17F4",0,0,0,,0,,,None,Unavailable,NoWallUnderCrosshair,,,,"only 0 valid depth samples under crosshair (2 no-data, 137 out-of-range, 302 low-confidence)",0,,,None,Unavailable,NoWallInView,,,,-1.79431438,1.26472855,0.476333767,-0.0106713856,-0.0503438935,-0.004691184,0.9986639,0,0,0,0,0,0,283692.07588519005,283692.07588519005,0.030752447986742482
54.327200344476068,d62bf83a,SessionTracking,Tracking,30.0649242,20.9004879,1,0.034542239009169862,0.944930553,4.07791662,1,160x90 DepthUint16,"centre=15233 min=401 max=39127 hex=22A9 2216 3B81 1551 13FE","centre=10297 min=4007 max=17414 hex=2B0E 2952 2839 26E9 18C3",0,0,0,,0,,,None,Unavailable,NoWallUnderCrosshair,,,,"only 0 valid depth samples under crosshair (0 no-data, 124 out-of-range, 317 low-confidence)",0,,,None,Unavailable,NoWallInView,,,,-1.79068017,1.26427507,0.476425767,-0.0107109761,-0.0519234,-0.004646391,0.99858284,0,0,0,0,0,0,283692.10921227303,283692.10921227303,0.034469114005332813
54.393708886465674,d62bf83a,SessionTracking,Tracking,30.0719776,20.9004879,1,0.0659102599893231,0.942083359,3.935139,1,160x90 DepthUint16,"centre=21317 min=401 max=39198 hex=229B 253E 5345 1552 1406","centre=10012 min=3140 max=11324 hex=281E 2749 271C 25C2 1427",0,0,0,,0,,,None,Unavailable,NoWallUnderCrosshair,,,,"only 0 valid depth samples under crosshair (1 no-data, 142 out-of-range, 298 low-confidence)",0,,,None,Unavailable,NoWallInView,,,,-1.77496874,1.25915873,0.4731895,-0.0109950379,-0.0540579334,-0.004302919,0.998468,0,0,0,0,0,0,283692.142225105,283692.142225105,0.06585098899086006
54.419535865457647,d62bf83a,SessionTracking,Tracking,30.0761814,20.9004879,1,0.020107655989704654,0.9427083,4.15055561,1,160x90 DepthUint16,"centre=21463 min=407 max=39346 hex=229B 2872 53D7 117B 1412","centre=9949 min=2982 max=13607 hex=2773 267C 26DD 268F 164A",0,0,0,,0,,,None,Unavailable,NoWallUnderCrosshair,,,,"only 0 valid depth samples under crosshair (5 no-data, 114 out-of-range, 322 low-confidence)",0,,,None,Unavailable,NoWallInView,,,,-1.77112854,1.2586807,0.47301805,-0.0113005778,-0.0566769168,-0.004470945,0.9983187,0,0,0,0,0,0,283692.175552188,283692.175552188,0.020061771007021889
54.462352949459955,d62bf83a,SessionTracking,Tracking,30.0681,20.9004879,1,0.042255937994923443,0.9403472,4.305625,1,160x90 DepthUint16,"centre=22231 min=408 max=39450 hex=2292 2B81 56D7 1164 141C","centre=9696 min=2973 max=13427 hex=2652 257F 25E0 25AA 15F9",0,0,0,,0,,,None,Unavailable,NoWallUnderCrosshair,,,,"only 0 valid depth samples under crosshair (5 no-data, 123 out-of-range, 313 low-confidence)",0,,,None,Unavailable,NoWallInView,,,,-1.76351845,1.24969888,0.471885324,-0.0119067412,-0.05825939,-0.004329145,0.9982211,0,0,0,0,0,0,283692.20877553005,283692.20877553005,0.042197343980660662
54.4824992514657,d62bf83a,SessionTracking,Tracking,30.0703926,20.9004879,1,0.01871151098748669,0.93125,4.14020824,1,160x90 DepthUint16,"centre=22549 min=414 max=39593 hex=2293 2EDC 5815 1166 1420","centre=9785 min=2776 max=9889 hex=2532 25D3 2639 249A 1093",0,0,0,,0,,,None,Unavailable,NoWallUnderCrosshair,,,,"only 0 valid depth samples under crosshair (14 no-data, 130 out-of-range, 297 low-confidence)",0,,,None,Unavailable,NoWallInView,,,,-1.75978661,1.24912,0.471433461,-0.0125897154,-0.0603104457,-0.00436291145,0.998090744,0,0,0,0,0,0,283692.242102614,283692.242102614,0.0186437499942258
54.516177688466769,d62bf83a,SessionTracking,Tracking,30.068716,20.9004879,1,0.032987915998091921,0.946805537,4.50819445,1,160x90 DepthUint16,"centre=22637 min=399 max=39812 hex=228D 0560 586D 115A 1437","centre=9667 min=3740 max=11810 hex=249A 2543 25C3 24FF 1427",0,0,0,,0,,,None,Unavailable,NoWallUnderCrosshair,,,,"only 0 valid depth samples under crosshair (8 no-data, 130 out-of-range, 303 low-confidence)",0,,,None,Unavailable,NoWallInView,,,,-1.74858975,1.24624848,0.465071857,-0.01310799,-0.0641474947,-0.00417685555,0.9978456,0,0,0,0,0,0,283692.308760875,283692.308760875,0.032760364003479481
54.55426888645502,d62bf83a,SessionTracking,Tracking,30.0671673,20.9004879,1,0.037541561992838979,0.941041648,4.25881958,1,160x90 DepthUint16,"centre=0 min=400 max=39922 hex=2280 04CA 0000 11FD 1441","centre=9707 min=3390 max=9778 hex=2508 258A 25EB 24E7 125F",0,0,0,,0,,,None,Unavailable,NoWallUnderCrosshair,,,,"only 0 valid depth samples under crosshair (15 no-data, 115 out-of-range, 311 low-confidence)",0,,,None,Unavailable,NoWallInView,,,,-1.74440825,1.24557543,0.4647588,-0.0134096853,-0.06657994,-0.004309118,0.9976817,0,0,0,0,0,0,283692.342087959,283692.342087959,0.037480311992112547
54.5837030534783,d62bf83a,SessionTracking,Tracking,30.0678711,20.9004879,1,0.028695573011646047,0.957430542,4.11833334,1,160x90 DepthUint16,"centre=6659 min=401 max=38467 hex=0397 0461 1A03 13A7 144E","centre=9715 min=3736 max=11201 hex=24AA 2572 25F3 2503 1394",0,0,0,,0,,,None,Unavailable,NoWallUnderCrosshair,,,,"only 0 valid depth samples under crosshair (2 no-data, 102 out-of-range, 337 low-confidence)",0,,,None,Unavailable,NoWallInView,,,,-1.74016154,1.24495435,0.464572847,-0.0132526616,-0.06915077,-0.004356057,0.9975087,0,0,0,0,0,0,283692.37541504204,283692.37541504204,0.028613542002858594
54.623005605451681,d62bf83a,SessionTracking,Tracking,30.068306,20.9004879,1,0.0369170309859328,0.953819454,4.24180555,1,160x90 DepthUint16,"centre=6659 min=402 max=38563 hex=0398 0475 1A03 13E4 145A","centre=9742 min=3823 max=11492 hex=24D6 2591 260E 2532 1410",0,0,0,,0,,,None,Unavailable,NoWallUnderCrosshair,,,,"only 0 valid depth samples under crosshair (7 no-data, 102 out-of-range, 332 low-confidence)",0,,,None,Unavailable,NoWallInView,,,,-1.73584366,1.244337,0.4643597,-0.0131066367,-0.0713908747,-0.0045338273,0.997352064,0,0,0,0,0,0,283692.40874212503,283692.40874212503,0.03684447897830978
54.656239042469451,d62bf83a,SessionTracking,Tracking,30.06726,20.9004879,1,0.029863333009416237,0.948055565,4.18875,1,160x90 DepthUint16,"centre=0 min=405 max=38629 hex=039C 04D8 0000 148A 1466","centre=9805 min=4221 max=11861 hex=248C 2581 264D 2536 157A",0,0,0,,0,,,None,Unavailable,NoWallUnderCrosshair,,,,"only 0 valid depth samples under crosshair (15 no-data, 93 out-of-range, 333 low-confidence)",0,,,None,Unavailable,NoWallInView,,,,-1.73075676,1.24241793,0.462111831,-0.0131315105,-0.0730691552,-0.00470748544,0.997229338,0,0,0,0,0,0,283692.442083952,283692.442083952,0.029797082999721169
54.683731803470209,d62bf83a,SessionTracking,Tracking,30.0672817,20.9004879,1,0.026941979012917727,0.954791665,4.34458351,1,160x90 DepthUint16,"centre=0 min=408 max=38682 hex=039D 04BC 0000 152C 146D","centre=9754 min=3919 max=11590 hex=24AB 2568 261A 252E 1413",0,0,0,,0,,,None,Unavailable,NoWallUnderCrosshair,,,,"only 0 valid depth samples under crosshair (15 no-data, 104 out-of-range, 322 low-confidence)",0,,,None,Unavailable,NoWallInView,,,,-1.72639763,1.241757,0.461622775,-0.0132806078,-0.07434766,-0.004894465,0.997131944,0,0,0,0,0,0,283692.475411035,283692.475411035,0.026787031994899735
54.716896542467794,d62bf83a,SessionTracking,Tracking,30.0681477,20.9004879,1,0.032558645994868129,0.9479861,4.34972239,1,160x90 DepthUint16,"centre=0 min=412 max=38738 hex=03A4 04D5 0000 1512 1469","centre=9733 min=3164 max=16630 hex=253E 257C 2605 25EF 1644",0,0,0,,0,,,None,Unavailable,NoWallUnderCrosshair,,,,"only 0 valid depth samples under crosshair (19 no-data, 106 out-of-range, 316 low-confidence)",0,,,None,Unavailable,NoWallInView,,,,-1.71692193,1.23902857,0.459549755,-0.0139643336,-0.074886106,-0.004922152,0.9970822,0,0,0,0,0,0,283692.50873514,283692.50873514,0.032497083011548966
54.764011542461731,d62bf83a,SessionTracking,Tracking,30.0679989,28.9688969,1,0.046520364005118608,0.94645834,4.349653,1,160x90 DepthUint16,"centre=0 min=413 max=38813 hex=03A7 04D7 0000 1584 146D","centre=9783 min=2980 max=16983 hex=256B 25A0 2637 2608 1673",0,0,0,,0,,,None,Unavailable,NoWallUnderCrosshair,,,,"only 0 valid depth samples under crosshair (22 no-data, 96 out-of-range, 323 low-confidence)",0,,,None,Unavailable,NoWallInView,,,,-1.71250045,1.23825216,0.458770841,-0.0144650713,-0.07613665,-0.00504919933,0.9969797,0,0,0,0,0,0,283692.542062224,283692.542062224,0.046461302001262084
54.792617271453992,d62bf83a,SessionTracking,Tracking,30.0682926,28.9688969,1,0.027548436977667734,0.9436806,4.41993046,1,160x90 DepthUint16,"centre=1275 min=415 max=38923 hex=03AB 04D9 04FB 15B9 1471","centre=9718 min=2670 max=17231 hex=258F 25A1 25F6 25FA 15EF",0,0,0,,0,,,None,Unavailable,NoWallUnderCrosshair,,,,"only 0 valid depth samples under crosshair (18 no-data, 96 out-of-range, 327 low-confidence)",0,,,None,Unavailable,NoWallInView,,,,-1.7079103,1.23744476,0.457934022,-0.0150477923,-0.07764967,-0.005033493,0.9968544,0,0,0,0,0,0,283692.575389307,283692.575389307,0.027496144990436733
54.825613417462364,d62bf83a,SessionTracking,Tracking,30.0682926,28.9688969,1,0.031719530990812927,0.950555563,4.404028,1,160x90 DepthUint16,"centre=1287 min=426 max=39014 hex=03B9 0516 0507 162D 1487","centre=9640 min=2371 max=9743 hex=2555 2580 25A8 249A 0F8E",0,0,0,,0,,,None,Unavailable,NoWallUnderCrosshair,,,,"only 0 valid depth samples under crosshair (18 no-data, 105 out-of-range, 318 low-confidence)",0,,,None,Unavailable,NoWallInView,,,,-1.69956887,1.23577356,0.450507224,-0.0153336525,-0.07937624,-0.004960537,0.9967145,0,0,0,0,0,0,283692.60874584405,283692.60874584405,0.031655052007408813
54.8554130534792,d62bf83a,SessionTracking,Tracking,30.0665512,28.9688969,1,0.019855625025229529,0.94625,4.443611,1,160x90 DepthUint16,"centre=1288 min=429 max=39130 hex=03DF 0512 0508 1608 1489","centre=9692 min=2417 max=9784 hex=2554 25AE 25DC 24C6 0FA4",0,0,0,,0,,,None,Unavailable,NoWallUnderCrosshair,,,,"only 0 valid depth samples under crosshair (19 no-data, 104 out-of-range, 318 low-confidence)",0,,,None,Unavailable,NoWallInView,,,,-1.6949054,1.23498487,0.449710667,-0.0162441246,-0.08096492,-0.005111873,0.9965715,0,0,0,0,0,0,283692.642072928,283692.642072928,0.019808386015938595
54.888074667458341,d62bf83a,SessionTracking,Tracking,30.0679646,28.9688969,1,0.0316411980020348,0.9536806,4.245972,1,160x90 DepthUint16,"centre=1290 min=431 max=39200 hex=03E2 04FB 050A 1605 1489","centre=9681 min=2265 max=9774 hex=2563 25AD 25D1 24C6 0F7F",0,0,0,,0,,,None,Unavailable,NoWallUnderCrosshair,,,,"only 0 valid depth samples under crosshair (14 no-data, 91 out-of-range, 336 low-confidence)",0,,,None,Unavailable,NoWallInView,,,,-1.69019175,1.23420882,0.4489753,-0.016947994,-0.08189174,-0.00525558041,0.9964833,0,0,0,0,0,0,283692.675400011,283692.675400011,0.031544947996735573
54.920712115479319,d62bf83a,SessionTracking,Tracking,30.0665436,28.9688969,1,0.031893646024400368,0.953055561,4.332847,1,160x90 DepthUint16,"centre=1291 min=432 max=39235 hex=03E6 0502 050B 166D 1491","centre=9674 min=2256 max=9776 hex=2552 2596 25CA 24E0 0F8E",0,0,0,,0,,,None,Unavailable,NoWallUnderCrosshair,,,,"only 0 valid depth samples under crosshair (14 no-data, 89 out-of-range, 338 low-confidence)",0,,,None,Unavailable,NoWallInView,,,,-1.6854229,1.23350382,0.448390722,-0.016936766,-0.08286936,-0.005228043,0.9964028,0,0,0,0,0,0,283692.708727094,283692.708727094,0.031803593999939039
54.952827428470982,d62bf83a,SessionTracking,Tracking,30.065897,28.9688969,1,0.031389687996124849,0.95125,4.307639,1,160x90 DepthUint16,"centre=1293 min=434 max=39270 hex=03F2 050C 050D 16EA 149B","centre=9676 min=2266 max=9770 hex=254D 259C 25CC 24E2 0F75",0,0,0,,0,,,None,Unavailable,NoWallUnderCrosshair,,,,"only 0 valid depth samples under crosshair (21 no-data, 90 out-of-range, 330 low-confidence)",0,,,None,Unavailable,NoWallInView,,,,-1.68062377,1.2327919,0.447819024,-0.0168735981,-0.0839087144,-0.00518927,0.996317,0,0,0,0,0,0,283692.74205417803,283692.74205417803,0.031316198001150042
54.998351490477717,d62bf83a,SessionTracking,Tracking,30.0667229,28.9688969,1,0.043658228998538107,0.949166656,4.45291662,1,160x90 DepthUint16,"centre=1294 min=436 max=39386 hex=0435 050D 050E 17F0 14AA","centre=9705 min=2265 max=9796 hex=256F 25BF 25E9 250D 0F8C",0,0,0,,0,,,None,Unavailable,NoWallUnderCrosshair,,,,"only 0 valid depth samples under crosshair (22 no-data, 97 out-of-range, 322 low-confidence)",0,,,None,Unavailable,NoWallInView,,,,-1.6699729,1.22992015,0.4441902,-0.0170669165,-0.08576349,-0.004913241,0.9961572,0,0,0,0,0,0,283692.775394153,283692.775394153,0.04358541700639762
55.020931490467547,d62bf83a,SessionTracking,Tracking,30.0673313,28.9688969,1,0.02178156201262027,0.953611135,4.26840258,1,160x90 DepthUint16,"centre=2895 min=452 max=39384 hex=046D 051E 0B4F 1845 14BB","centre=9769 min=2437 max=9857 hex=2573 25F0 2629 252E 0F37",0,0,0,,0,,,None,Unavailable,NoWallUnderCrosshair,,,,"only 0 valid depth samples under crosshair (20 no-data, 71 out-of-range, 350 low-confidence)",0,,,None,Unavailable,NoWallInView,,,,-1.66272461,1.22930086,0.435864627,-0.01702014,-0.0868552,-0.004750639,0.9960642,0,0,0,0,0,0,283692.808781579,283692.808781579,0.020506927015958354
55.054694094465731,d62bf83a,SessionTracking,Tracking,30.0673256,28.9688969,1,0.033055208012228832,0.95125,4.31006956,1,160x90 DepthUint16,"centre=2896 min=454 max=39466 hex=0511 0520 0B50 18B3 14BF","centre=9740 min=2384 max=9841 hex=256F 25E2 260C 2522 0F1D",0,0,0,,0,,,None,Unavailable,NoWallUnderCrosshair,,,,"only 0 valid depth samples under crosshair (24 no-data, 81 out-of-range, 336 low-confidence)",0,,,None,Unavailable,NoWallInView,,,,-1.65789616,1.228318,0.4351625,-0.0173808355,-0.08784993,-0.00473269867,0.995970845,0,0,0,0,0,0,283692.842108663,283692.842108663,0.0329922910023015
55.085195032475667,d62bf83a,SessionTracking,Tracking,30.0679646,28.9688969,1,0.029920625005615875,0.9458333,4.5172224,1,160x90 DepthUint16,"centre=2898 min=458 max=39552 hex=0533 0522 0B52 19A4 14C8","centre=9689 min=2301 max=9805 hex=2580 259F 25D9 2519 0F34",0,0,0,,0,,,None,Unavailable,NoWallUnderCrosshair,,,,"only 0 valid depth samples under crosshair (25 no-data, 79 out-of-range, 337 low-confidence)",0,,,None,Unavailable,NoWallInView,,,,-1.65279472,1.22727621,0.434495479,-0.0178350154,-0.08955351,-0.004916101,0.995810151,0,0,0,0,0,0,283692.87543574604,283692.87543574604,0.02985963600804098
55.124541438479127,d62bf83a,SessionTracking,Tracking,30.0676079,28.9688969,1,0.038737188006052747,0.9429167,4.480347,1,160x90 DepthUint16,"centre=2900 min=462 max=39590 hex=0544 05DF 0B54 1AA8 14D0","centre=9709 min=2340 max=9812 hex=2573 25B5 25ED 252F 0F2D",0,0,0,,0,,,None,Unavailable,NoWallUnderCrosshair,,,,"only 0 valid depth samples under crosshair (30 no-data, 80 out-of-range, 331 low-confidence)",0,,,None,Unavailable,NoWallInView,,,,-1.64773929,1.226278,0.433915228,-0.01774248,-0.09067126,-0.005174369,0.99570936,0,0,0,0,0,0,283692.908762829,283692.908762829,0.038675781019264832
55.156095917456469,d62bf83a,SessionTracking,Tracking,30.0678444,28.9688969,1,0.030884167004842311,0.9548611,4.4515276,1,160x90 DepthUint16,"centre=2967 min=467 max=39604 hex=0531 05A1 0B97 1B02 14D6","centre=9712 min=2380 max=9795 hex=2593 25CC 25F0 2523 0ECF",0,0,0,,0,,,None,Unavailable,NoWallUnderCrosshair,,,,"only 0 valid depth samples under crosshair (19 no-data, 63 out-of-range, 359 low-confidence)",0,,,None,Unavailable,NoWallInView,,,,-1.63899124,1.22382689,0.430693746,-0.0177359357,-0.09175994,-0.00504639745,0.9956105,0,0,0,0,0,0,283692.942066396,283692.942066396,0.03081989599741064
55.185642480475281,d62bf83a,SessionTracking,Tracking,30.0685177,28.9688969,1,0.028928282001288608,0.952638865,4.497847,1,160x90 DepthUint16,"centre=2968 min=469 max=39676 hex=0561 05A2 0B98 1BFD 14DB","centre=9740 min=2315 max=9815 hex=25D5 25F1 260C 2545 0EB0",0,0,0,,0,,,None,Unavailable,NoWallUnderCrosshair,,,,"only 0 valid depth samples under crosshair (22 no-data, 64 out-of-range, 355 low-confidence)",0,,,None,Unavailable,NoWallInView,,,,-1.6340133,1.22284281,0.43021524,-0.0179089364,-0.09313605,-0.004992128,0.9954798,0,0,0,0,0,0,283692.975393479,283692.975393479,0.028865886008134112
55.221113938463304,d62bf83a,SessionTracking,Tracking,30.06876,28.9688969,1,0.034691823006141931,0.949166656,4.51465273,1,160x90 DepthUint16,"centre=2970 min=471 max=39743 hex=04BB 05A5 0B9A 1DB9 14E0","centre=9765 min=2358 max=9839 hex=2602 2619 2625 2560 0EA7",0,0,0,,0,,,None,Unavailable,NoWallUnderCrosshair,,,,"only 0 valid depth samples under crosshair (24 no-data, 59 out-of-range, 358 low-confidence)",0,,,None,Unavailable,NoWallInView,,,,-1.62883413,1.22181177,0.429616868,-0.0182895809,-0.09469101,-0.00499454141,0.995326161,0,0,0,0,0,0,283693.00872056204,283693.00872056204,0.034629583009518683
55.249337063465418,d62bf83a,SessionTracking,Tracking,30.0687084,28.9688969,1,0.02523484401172027,0.944305539,4.568681,1,160x90 DepthUint16,"centre=2977 min=480 max=39832 hex=04C1 05AB 0BA1 1EEA 14EA","centre=9830 min=2289 max=10078 hex=251A 25C8 2666 25C6 0FFE",0,0,0,,0,,,None,Unavailable,NoWallUnderCrosshair,,,,"only 0 valid depth samples under crosshair (26 no-data, 51 out-of-range, 364 low-confidence)",0,,,None,Unavailable,NoWallInView,,,,-1.61996794,1.21919918,0.425392777,-0.0183684248,-0.09635345,-0.004658014,0.9951668,0,0,0,0,0,0,283693.042027461,283693.042027461,0.02517322899075225
55.287581125452334,d62bf83a,SessionTracking,Tracking,20.0461063,28.9688969,1,0.028540988976601511,0.9552778,4.614028,1,160x90 DepthUint16,"centre=2979 min=482 max=39898 hex=04C3 0672 0BA3 2062 14E8","centre=9854 min=2283 max=10127 hex=2564 25E6 267E 25D1 0FEE",0,0,0,,0,,,None,Unavailable,NoWallUnderCrosshair,,,,"only 0 valid depth samples under crosshair (16 no-data, 51 out-of-range, 374 low-confidence)",0,,,None,Unavailable,NoWallInView,,,,-1.6148715,1.21807742,0.424673,-0.0190365836,-0.0979787856,-0.004789382,0.9949949,0,0,0,0,0,0,283693.07535454404,283693.07535454404,0.028476979001425207
55.313691438470187,d62bf83a,SessionTracking,Tracking,30.0699024,28.9688969,1,0.025074063014471903,0.959027767,4.57180548,1,160x90 DepthUint16,"centre=3008 min=488 max=39991 hex=04C7 06FF 0BC0 2055 14E6","centre=9853 min=2477 max=9948 hex=2641 266F 267D 259E 0E84",0,0,0,,0,,,None,Unavailable,NoWallUnderCrosshair,,,,"only 0 valid depth samples under crosshair (12 no-data, 42 out-of-range, 387 low-confidence)",0,,,None,Unavailable,NoWallInView,,,,-1.60676217,1.21439207,0.4221653,-0.0199745186,-0.09946497,-0.00474649668,0.994829237,0,0,0,0,0,0,283693.108691943,283693.108691943,0.025014843995450065
55.349988469479058,d62bf83a,SessionTracking,Tracking,30.06986,28.9688969,1,0.02896369801601395,0.9577778,4.501528,1,160x90 DepthUint16,"centre=3010 min=491 max=39996 hex=04CA 0763 0BC2 2214 14E5","centre=9822 min=2433 max=9913 hex=261C 264D 265E 258F 0E65",0,0,0,,0,,,None,Unavailable,NoWallUnderCrosshair,,,,"only 0 valid depth samples under crosshair (8 no-data, 47 out-of-range, 386 low-confidence)",0,,,None,Unavailable,NoWallInView,,,,-1.60188007,1.21320617,0.421558857,-0.0206356943,-0.101044118,-0.00505721569,0.9946551,0,0,0,0,0,0,283693.14201902703,283693.14201902703,0.028898281016154215
55.378451802451082,d62bf83a,SessionTracking,Tracking,30.0712967,28.9688969,1,0.027835155982756987,0.953819454,4.473611,1,160x90 DepthUint16,"centre=3011 min=493 max=39957 hex=04CC 0669 0BC3 24E4 14E9","centre=9728 min=2390 max=9786 hex=2583 25CE 2600 2597 0E23",0,0,0,,0,,,None,Unavailable,NoWallUnderCrosshair,,,,"only 0 valid depth samples under crosshair (11 no-data, 30 out-of-range, 400 low-confidence)",0,,,None,Unavailable,NoWallInView,,,,-1.5965575,1.212004,0.4209156,-0.0213701185,-0.104019471,-0.005164117,0.994332254,0,0,0,0,0,0,283693.17534611,283693.17534611,0.027773540990892798
55.4223572194785,d62bf83a,SessionTracking,Tracking,30.0675163,28.9688969,1,0.036662240017903969,0.957430542,4.265347,1,160x90 DepthUint16,"centre=1411 min=504 max=36636 hex=04D6 07D4 0583 2717 14F4","centre=9823 min=2434 max=9880 hex=263D 2658 265F 25BD 0E02",0,0,0,,0,,,None,Unavailable,NoWallUnderCrosshair,,,,"only 0 valid depth samples under crosshair (4 no-data, 23 out-of-range, 414 low-confidence)",0,,,None,Unavailable,NoWallInView,,,,-1.59230113,1.21340215,0.414739549,-0.02244608,-0.107796356,-0.00537177967,0.993905067,0,0,0,0,0,0,283693.208683437,283693.208683437,0.036543177004205063
55.44729633446309,d62bf83a,SessionTracking,Tracking,30.0685749,28.9688969,1,0.024147396004991606,0.954166651,4.408056,1,160x90 DepthUint16,"centre=1511 min=508 max=36651 hex=04D9 0849 05E7 26FD 14F8","centre=9845 min=2401 max=9904 hex=265E 2670 2675 25E4 0E33",0,0,0,,0,,,None,Unavailable,NoWallUnderCrosshair,,,,"only 0 valid depth samples under crosshair (4 no-data, 25 out-of-range, 412 low-confidence)",0,,,None,Unavailable,NoWallInView,,,,-1.58663714,1.21221054,0.413895458,-0.0231375843,-0.110454947,-0.00530913472,0.9935976,0,0,0,0,0,0,283693.242010521,283693.242010521,0.02405442699091509
55.485569719461409,d62bf83a,SessionTracking,Tracking,30.0685749,28.9688969,1,0.037573020992567763,0.9525694,4.30680561,1,160x90 DepthUint16,"centre=1383 min=510 max=36823 hex=1435 07F5 0567 250D 14FB","centre=9890 min=2433 max=9959 hex=269B 26AB 26A2 25FE 0E44",0,0,0,,0,,,None,Unavailable,NoWallUnderCrosshair,,,,"only 0 valid depth samples under crosshair (6 no-data, 14 out-of-range, 421 low-confidence)",0,,,None,Unavailable,NoWallInView,,,,-1.58095336,1.21095872,0.413036764,-0.0237048529,-0.112720765,-0.00532269524,0.9933297,0,0,0,0,0,0,283693.275337604,283693.275337604,0.037486822984647006
55.515794771464925,d62bf83a,SessionTracking,Tracking,30.0681763,28.9688969,1,0.0291822389990557,0.952083349,4.3794446,1,160x90 DepthUint16,"centre=1508 min=529 max=36805 hex=1EF1 0869 05E4 23DF 150D","centre=9868 min=2415 max=9926 hex=2685 268D 268C 2623 0E5E",0,0,0,,0,,,None,Unavailable,NoWallUnderCrosshair,,,,"only 0 valid depth samples under crosshair (0 no-data, 18 out-of-range, 423 low-confidence)",0,,,None,Unavailable,NoWallInView,,,,-1.57864535,1.214862,0.402346015,-0.0240338445,-0.115148544,-0.00574818254,0.9930409,0,0,0,0,0,0,283693.308667709,283693.308667709,0.029099270992446691
55.550383834462764,d62bf83a,SessionTracking,Tracking,30.0687389,28.9688969,1,0.03386848999070935,0.951805532,4.38611126,1,160x90 DepthUint16,"centre=1510 min=532 max=36847 hex=1516 086C 05E6 23E1 1510","centre=9839 min=2395 max=9896 hex=2665 266D 266F 2625 0E46",0,0,0,,0,,,None,Unavailable,NoWallUnderCrosshair,,,,"only 0 valid depth samples under crosshair (0 no-data, 15 out-of-range, 426 low-confidence)",0,,,None,Unavailable,NoWallInView,,,,-1.57261324,1.21364379,0.401525527,-0.02409392,-0.116676867,-0.00582820224,0.992860556,0,0,0,0,0,0,283693.34199479304,283693.34199479304,0.033789843990234658
55.582991229460958,d62bf83a,SessionTracking,Tracking,30.0684338,28.9688969,1,0.03190692700445652,0.954375,4.53083324,1,160x90 DepthUint16,"centre=1515 min=536 max=36864 hex=14B3 08FF 05EB 245C 1512","centre=9862 min=2458 max=9908 hex=2667 2676 2686 2648 0E84",0,0,0,,0,,,None,Unavailable,NoWallUnderCrosshair,,,,"only 0 valid depth samples under crosshair (0 no-data, 13 out-of-range, 428 low-confidence)",0,,,None,Unavailable,NoWallInView,,,,-1.56649053,1.21236229,0.400680959,-0.0242917668,-0.117865495,-0.00568583654,0.992716134,0,0,0,0,0,0,283693.375321876,283693.375321876,0.031827967992285267
55.612686438460287,d62bf83a,SessionTracking,Tracking,30.06873,28.9688969,1,0.028931510983966291,0.953958333,4.414375,1,160x90 DepthUint16,"centre=1525 min=557 max=36905 hex=14F6 090D 05F5 2472 151E","centre=9846 min=2443 max=9877 hex=2625 2658 2676 263F 0E16",0,0,0,,0,,,None,Unavailable,NoWallUnderCrosshair,,,,"only 0 valid depth samples under crosshair (0 no-data, 14 out-of-range, 427 low-confidence)",0,,,None,Unavailable,NoWallInView,,,,-1.560303,1.21095479,0.392941773,-0.024380317,-0.11910934,-0.00492131757,0.9925696,0,0,0,0,0,0,283693.40866113803,283693.40866113803,0.028854687989223748
55.648488156471785,d62bf83a,SessionTracking,Tracking,30.0681343,28.9688969,1,0.03477541601751,0.95375,4.45875,1,160x90 DepthUint16,"centre=1528 min=552 max=36951 hex=147B 0910 05F8 2469 1520","centre=9813 min=2439 max=9840 hex=25CC 261D 2655 263F 0E01",0,0,0,,0,,,None,Unavailable,NoWallUnderCrosshair,,,,"only 0 valid depth samples under crosshair (0 no-data, 15 out-of-range, 426 low-confidence)",0,,,None,Unavailable,NoWallInView,,,,-1.55429113,1.20966256,0.392056316,-0.0245344825,-0.120242551,-0.00492230058,0.992429137,0,0,0,0,0,0,283693.441988222,283693.441988222,0.034644791012397036
55.688286490450764,d62bf83a,SessionTracking,Tracking,30.06737,28.9688969,1,0.038954530988121405,0.9558333,4.33159733,1,160x90 DepthUint16,"centre=1583 min=568 max=36970 hex=18AE 092E 062F 2539 1524","centre=9885 min=2432 max=9917 hex=2681 2697 269D 2645 0E0A",0,0,0,,0,,,None,Unavailable,NoWallUnderCrosshair,,,,"only 0 valid depth samples under crosshair (0 no-data, 2 out-of-range, 439 low-confidence)",0,,,None,Unavailable,NoWallInView,,,,-1.548061,1.2083739,0.39127183,-0.0245065168,-0.122170858,-0.00494298339,0.9921942,0,0,0,0,0,0,283693.475315305,283693.475315305,0.038859322987264022
55.714746646470076,d62bf83a,SessionTracking,Tracking,30.0689144,28.9688969,1,0.025761458004126325,0.955625,4.39513874,1,160x90 DepthUint16,"centre=1487 min=572 max=37040 hex=1AE2 093D 05CF 2500 1529","centre=9877 min=2419 max=9915 hex=2683 2693 2695 265F 0DE0",0,0,0,,0,,,None,Unavailable,NoWallUnderCrosshair,,,,"only 0 valid depth samples under crosshair (0 no-data, 3 out-of-range, 438 low-confidence)",0,,,None,Unavailable,NoWallInView,,,,-1.54168284,1.20708418,0.390550077,-0.0243071355,-0.124569446,-0.00486004353,0.9919012,0,0,0,0,0,0,283693.50864238804,283693.50864238804,0.025689010013593361
55.745028521461563,d62bf83a,SessionTracking,Tracking,30.0678,28.9688969,1,0.029159322992200032,0.9550694,4.483889,1,160x90 DepthUint16,"centre=1494 min=567 max=36974 hex=1ED1 0968 05D6 26B4 1535","centre=9894 min=2370 max=10101 hex=25D0 2658 26A6 2676 0EB7",0,0,0,,0,,,None,Unavailable,NoWallUnderCrosshair,,,,"only 0 valid depth samples under crosshair (0 no-data, 5 out-of-range, 436 low-confidence)",0,,,None,Unavailable,NoWallInView,,,,-1.53844285,1.20816994,0.385934085,-0.0236518569,-0.126966015,-0.00479567051,0.991613448,0,0,0,0,0,0,283693.541891073,283693.541891073,0.029086146008921787
55.783607011460617,d62bf83a,SessionTracking,Tracking,30.0665073,30.4042149,1,0.037826666986802593,0.95868057,4.41270828,1,160x90 DepthUint16,"centre=1471 min=590 max=36844 hex=20A6 09B7 05BF 28DF 153A","centre=9971 min=2367 max=10144 hex=262B 26AA 26F3 2690 0E98",0,0,0,,0,,,None,Unavailable,NoWallUnderCrosshair,,,,"only 0 valid depth samples under crosshair (0 no-data, 1 out-of-range, 440 low-confidence)",0,,,None,Unavailable,NoWallInView,,,,-1.53154707,1.20692873,0.3852111,-0.0234172437,-0.129779473,-0.004533768,0.991255939,0,0,0,0,0,0,283693.57521815604,283693.57521815604,0.037743177002994344
55.817195031475194,d62bf83a,SessionTracking,Tracking,30.068346,30.4042149,1,0.031253854016540572,0.955902755,4.568264,1,160x90 DepthUint16,"centre=1474 min=623 max=36907 hex=1C57 0A08 05C2 2903 153C","centre=9897 min=2407 max=9943 hex=2640 2676 26A9 2666 0E02",0,0,0,,0,,,None,Unavailable,NoWallUnderCrosshair,,,,"only 0 valid depth samples under crosshair (0 no-data, 6 out-of-range, 435 low-confidence)",0,,,None,Unavailable,NoWallInView,,,,-1.52624238,1.20554149,0.38413468,-0.02357553,-0.132198974,-0.00417313026,0.990934,0,0,0,0,0,0,283693.608525978,283693.608525978,0.031168229004833847
55.864784354463836,d62bf83a,SessionTracking,Tracking,30.0633926,30.4042149,1,0.046792395994998515,0.956319451,4.532639,1,160x90 DepthUint16,"centre=1477 min=629 max=36973 hex=1CD9 0A7E 05C5 2920 1542","centre=9879 min=2366 max=9894 hex=2629 265C 2697 2685 0DA5",0,0,0,,0,,,None,Unavailable,NoWallUnderCrosshair,,,,"only 0 valid depth samples under crosshair (0 no-data, 4 out-of-range, 437 low-confidence)",0,,,None,Unavailable,NoWallInView,,,,-1.51916432,1.20421755,0.383195579,-0.02324068,-0.13432844,-0.00368532585,0.990657449,0,0,0,0,0,0,283693.641853062,283693.641853062,0.046703072992386296
55.882304823466029,d62bf83a,SessionTracking,Tracking,30.0692215,30.4042149,1,0.016749114991398528,0.9604861,4.542014,1,160x90 DepthUint16,"centre=1536 min=645 max=36947 hex=197C 0AEE 0600 2940 1548","centre=9902 min=2343 max=9947 hex=2635 2672 26AE 267E 0DAC",0,0,0,,0,,,None,Unavailable,NoWallUnderCrosshair,,,,"only 0 valid depth samples under crosshair (0 no-data, 0 out-of-range, 441 low-confidence)",0,,,None,Unavailable,NoWallInView,,,,-1.51190746,1.20279694,0.382168323,-0.0228775255,-0.136613339,-0.00336626172,0.990354538,0,0,0,0,0,0,283693.675180145,283693.675180145,0.01669557299464941
55.915968313467374,d62bf83a,SessionTracking,Tracking,30.06455,30.4042149,1,0.03305276099126786,0.9579861,4.59375,1,160x90 DepthUint16,"centre=1474 min=636 max=37007 hex=15B7 0CB6 05C2 2974 1556","centre=10027 min=2326 max=10254 hex=2692 26EF 272B 269A 0D70",0,0,0,,0,,,None,Unavailable,NoWallUnderCrosshair,,,,"only 0 valid depth samples under crosshair (0 no-data, 0 out-of-range, 441 low-confidence)",0,,,None,Unavailable,NoWallInView,,,,-1.50977206,1.20287263,0.374285042,-0.022474708,-0.139127225,-0.00254976773,0.990016162,0,0,0,0,0,0,283693.708529155,283693.708529155,0.032992916996590793
55.94939570845213,d62bf83a,SessionTracking,Tracking,30.0646915,30.4042149,1,0.032655207993229851,0.958194435,4.64618063,1,160x90 DepthUint16,"centre=1477 min=658 max=37054 hex=158C 0F52 05C5 298F 155E","centre=9975 min=2324 max=10153 hex=25F9 2685 26F7 26CF 0D73",0,0,0,,0,,,None,Unavailable,NoWallUnderCrosshair,,,,"only 0 valid depth samples under crosshair (0 no-data, 1 out-of-range, 440 low-confidence)",0,,,None,Unavailable,NoWallInView,,,,-1.50307953,1.20154917,0.373402059,-0.0219007228,-0.141047552,-0.0022273066,0.9897581,0,0,0,0,0,0,283693.74185623904,283693.74185623904,0.032575833000009879
55.986095031464856,d62bf83a,SessionTracking,Tracking,30.0692616,30.4042149,1,0.035776823002379388,0.9550694,4.7072916,1,160x90 DepthUint16,"centre=1480 min=643 max=36877 hex=15D7 1002 05C8 3979 1564","centre=9895 min=2414 max=10121 hex=257B 262E 26A7 264D 0D50",0,0,0,,0,,,None,Unavailable,NoWallUnderCrosshair,,,,"only 0 valid depth samples under crosshair (0 no-data, 1 out-of-range, 440 low-confidence)",0,,,None,Unavailable,NoWallInView,,,,-1.50297129,1.20134079,0.366467237,-0.02151218,-0.142708316,-0.00142878294,0.98953,0,0,0,0,0,0,283693.77520010504,283693.77520010504,0.03569791599875316
56.017991594478872,d62bf83a,SessionTracking,Tracking,30.0628357,30.4042149,1,0.031285365024814382,0.9600694,4.75381947,1,160x90 DepthUint16,"centre=1539 min=676 max=36801 hex=14A7 120E 0603 38F9 1573","centre=10829 min=2479 max=11704 hex=2B6B 2B2A 2A4D 275F 0DE6",0,0,0,,0,,,None,Unavailable,NoWallUnderCrosshair,,,,"only 0 valid depth samples under crosshair (0 no-data, 1 out-of-range, 440 low-confidence)",0,,,None,Unavailable,NoWallInView,,,,-1.49667728,1.20003819,0.365682721,-0.021265706,-0.144469872,-0.00108689081,0.989280045,0,0,0,0,0,0,283693.808527188,283693.808527188,0.0307243230054155
56.047347375457093,d62bf83a,SessionTracking,Tracking,30.0687237,30.4042149,1,0.028623594000237063,0.95763886,4.575625,1,160x90 DepthUint16,"centre=1537 min=679 max=36653 hex=15ED 13EF 0601 2A5C 157A","centre=11012 min=2440 max=11733 hex=2C83 2C21 2B04 2795 0D6E",0,0,0,,0,,,None,Unavailable,NoWallUnderCrosshair,,,,"only 0 valid depth samples under crosshair (0 no-data, 1 out-of-range, 440 low-confidence)",0,,,None,Unavailable,NoWallInView,,,,-1.49037254,1.19878066,0.364811838,-0.020850867,-0.145952761,-0.000693559647,0.989071548,0,0,0,0,0,0,283693.841854272,283693.841854272,0.028561093989992514
56.097052740460413,d62bf83a,SessionTracking,Tracking,30.062809,30.4042149,1,0.048963593988446519,0.956944466,4.47805548,1,160x90 DepthUint16,"centre=1537 min=682 max=36706 hex=1564 15D5 0601 34E8 1580","centre=10931 min=2534 max=11600 hex=2C76 2BD0 2AB3 274F 0E02",0,0,0,,0,,,None,Unavailable,NoWallUnderCrosshair,,,,"only 0 valid depth samples under crosshair (0 no-data, 1 out-of-range, 440 low-confidence)",0,,,None,Unavailable,NoWallInView,,,,-1.48382044,1.19747114,0.3638004,-0.02065251,-0.147654682,-0.000314027071,0.9888233,0,0,0,0,0,0,283693.875801263,283693.875801263,0.048902968992479146
56.114237531470053,d62bf83a,SessionTracking,Tracking,30.0687466,30.4042149,1,0.01635369801078923,0.9593056,4.22798634,1,160x90 DepthUint16,"centre=1558 min=697 max=36537 hex=1218 133C 0616 31A4 158B","centre=10175 min=2639 max=10325 hex=266A 270E 27BF 26B2 0DBC",0,0,0,,0,,,None,Unavailable,NoWallUnderCrosshair,,,,"only 0 valid depth samples under crosshair (0 no-data, 1 out-of-range, 440 low-confidence)",0,,,None,Unavailable,NoWallInView,,,,-1.4788475,1.19741893,0.3587559,-0.0206679478,-0.149005383,-0.000223457813,0.988620341,0,0,0,0,0,0,283693.90988703,283693.90988703,0.016256614006124437
56.154584667474182,d62bf83a,SessionTracking,Tracking,30.064661,30.4042149,1,0.038495729007991031,0.956111133,4.23451376,1,160x90 DepthUint16,"centre=1562 min=703 max=36719 hex=120C 138C 061A 31A7 1592","centre=10086 min=2661 max=10213 hex=263C 26CB 2766 267B 0DC1",0,0,0,,0,,,None,Unavailable,NoWallUnderCrosshair,,,,"only 0 valid depth samples under crosshair (0 no-data, 2 out-of-range, 439 low-confidence)",0,,,None,Unavailable,NoWallInView,,,,-1.47196627,1.19609189,0.357566535,-0.0206384137,-0.15065825,-0.000160992146,0.9883705,0,0,0,0,0,0,283693.943887157,283693.943887157,0.038426511018769816
56.181532063466648,d62bf83a,SessionTracking,Tracking,30.068409,30.4042149,1,0.026224895991617814,0.9548611,4.240139,1,160x90 DepthUint16,"centre=1561 min=708 max=36594 hex=11C9 140F 0619 2D1D 159D","centre=10069 min=2694 max=10210 hex=25D0 2690 2755 2620 0D6B",0,0,0,,0,,,None,Unavailable,NoWallUnderCrosshair,,,,"only 0 valid depth samples under crosshair (0 no-data, 2 out-of-range, 439 low-confidence)",0,,,None,Unavailable,NoWallInView,,,,-1.46492076,1.1947664,0.356461734,-0.0205650553,-0.1531747,-9.414554E-05,0.987985134,0,0,0,0,0,0,283693.97721424,283693.97721424,0.026145990006625652
56.219904823464958,d62bf83a,SessionTracking,Tracking,30.068985,30.4042149,1,0.037554582988377661,0.953125,4.155972,1,160x90 DepthUint16,"centre=1582 min=718 max=36575 hex=0E26 128A 062E 2860 15B8","centre=10034 min=2543 max=10038 hex=26F4 2710 2732 262D 0E4F",0,0,0,,0,,,None,Unavailable,NoWallUnderCrosshair,,,,"only 0 valid depth samples under crosshair (0 no-data, 4 out-of-range, 437 low-confidence)",0,,,None,Unavailable,NoWallInView,,,,-1.45672715,1.19780874,0.351869822,-0.0201429371,-0.155962512,-0.000469595223,0.9875575,0,0,0,0,0,0,283694.01120645803,283694.01120645803,0.037475938006537035
56.251104562459432,d62bf83a,SessionTracking,Tracking,30.0668259,30.4042149,1,0.030330571986269206,0.952291667,4.094514,1,160x90 DepthUint16,"centre=1591 min=725 max=36466 hex=0CBB 132D 0637 2861 15C5","centre=10109 min=2527 max=10111 hex=2731 2752 277D 260A 0E39",0,0,0,,0,,,None,Unavailable,NoWallUnderCrosshair,,,,"only 0 valid depth samples under crosshair (0 no-data, 6 out-of-range, 435 low-confidence)",0,,,None,Unavailable,NoWallInView,,,,-1.44904768,1.196302,0.350722671,-0.02056162,-0.157876641,-0.0007457435,0.9872445,0,0,0,0,0,0,283694.044533542,283694.044533542,0.029945936985313892
56.28288024047265,d62bf83a,SessionTracking,Tracking,30.0789814,30.4042149,1,0.03084526100428775,0.953055561,4.405139,1,160x90 DepthUint16,"centre=1607 min=732 max=35538 hex=0C04 15AB 0647 2C0A 15D2","centre=9964 min=2433 max=9994 hex=26DB 26D6 26EC 2615 0E59",0,0,0,,0,,,None,Unavailable,NoWallUnderCrosshair,,,,"only 0 valid depth samples under crosshair (0 no-data, 7 out-of-range, 434 low-confidence)",0,,,None,Unavailable,NoWallInView,,,,-1.44122517,1.19470692,0.34950307,-0.0211741552,-0.1599339,-0.00112268329,0.9869,0,0,0,0,0,0,283694.077860625,283694.077860625,0.030760938010644168
56.320280604475329,d62bf83a,SessionTracking,Tracking,30.0628166,30.4042149,1,0.0366692710085772,0.95125,3.69333339,1,160x90 DepthUint16,"centre=1637 min=741 max=35696 hex=0A88 1368 0665 2C11 15EA","centre=10065 min=2665 max=10105 hex=2756 275E 2751 2625 0F92",0,0,0,,0,,,None,Unavailable,NoWallUnderCrosshair,,,,"only 0 valid depth samples under crosshair (0 no-data, 9 out-of-range, 432 low-confidence)",0,,,None,Unavailable,NoWallInView,,,,-1.432608,1.19659877,0.34537375,-0.0213092584,-0.162045822,-0.00141415012,0.9865521,0,0,0,0,0,0,283694.111493234,283694.111493234,0.036584739020327106
56.352029719451593,d62bf83a,SessionTracking,Tracking,30.07015,30.4042149,1,0.030899583973223343,0.9483333,3.72701383,1,160x90 DepthUint16,"centre=1624 min=747 max=36804 hex=0ACF 13EE 0658 2BBD 1603","centre=10073 min=2609 max=10078 hex=273A 275A 2759 25F7 0F6B",0,0,0,,0,,,None,Unavailable,NoWallUnderCrosshair,,,,"only 0 valid depth samples under crosshair (0 no-data, 12 out-of-range, 429 low-confidence)",0,,,None,Unavailable,NoWallInView,,,,-1.42447209,1.19520485,0.344525784,-0.0209367368,-0.164490268,-0.00120586168,0.986155748,0,0,0,0,0,0,283694.14484325703,283694.14484325703,0.03083755198167637
56.381760187450482,d62bf83a,SessionTracking,Tracking,30.07015,30.4042149,1,0.02655369698186405,0.948958337,3.623889,1,160x90 DepthUint16,"centre=1624 min=753 max=36659 hex=0B56 088E 0658 274A 1623","centre=10136 min=2643 max=10166 hex=279C 27AF 2798 25E0 0F5E",0,0,0,,0,,,None,Unavailable,NoWallUnderCrosshair,,,,"only 0 valid depth samples under crosshair (0 no-data, 11 out-of-range, 430 low-confidence)",0,,,None,Unavailable,NoWallInView,,,,-1.41616237,1.19378161,0.3435548,-0.0210257042,-0.167118326,-0.0009042025,0.98571223,0,0,0,0,0,0,283694.17817034,283694.17817034,0.02560499997343868
56.421830031471245,d62bf83a,SessionTracking,Tracking,30.0706959,30.4042149,1,0.039203698019264266,0.94375,3.479514,1,160x90 DepthUint16,"centre=1599 min=750 max=35232 hex=0B36 0918 063F 2AF6 1660","centre=10101 min=2606 max=10131 hex=2776 2782 2775 25E0 0FA2",0,0,0,,0,,,None,Unavailable,NoWallUnderCrosshair,,,,"only 0 valid depth samples under crosshair (0 no-data, 22 out-of-range, 419 low-confidence)",0,,,None,Unavailable,NoWallInView,,,,-1.42624414,1.19509983,0.3403332,-0.0213281065,-0.169651046,0.00019800663,0.985273361,0,0,0,0,0,0,283694.211519229,283694.211519229,0.039119271008530632
56.4563081044505,d62bf83a,SessionTracking,Tracking,30.0712852,30.4042149,1,0.033779374993173406,0.943402767,3.69944453,1,160x90 DepthUint16,"centre=1602 min=756 max=35577 hex=0B33 0904 0642 2B0D 1687","centre=10133 min=2609 max=10174 hex=27A5 27AC 2795 25D4 0F49",0,0,0,,0,,,None,Unavailable,NoWallUnderCrosshair,,,,"only 0 valid depth samples under crosshair (0 no-data, 23 out-of-range, 418 low-confidence)",0,,,None,Unavailable,NoWallInView,,,,-1.41870713,1.19360316,0.339543879,-0.0217259731,-0.171749249,0.000487476529,0.984900951,0,0,0,0,0,0,283694.244846313,283694.244846313,0.033700884989229962
56.490226021476474,d62bf83a,SessionTracking,Tracking,30.0715027,30.4042149,1,0.032927500025834888,0.9498611,3.19756937,1,160x90 DepthUint16,"centre=1610 min=761 max=34375 hex=0B00 08D8 064A 29C4 1687","centre=10142 min=2721 max=10146 hex=2780 2791 279E 25D5 1042",0,0,0,,0,,,None,Unavailable,NoWallUnderCrosshair,,,,"only 0 valid depth samples under crosshair (0 no-data, 15 out-of-range, 426 low-confidence)",0,,,None,Unavailable,NoWallInView,,,,-1.411191,1.19199252,0.338628173,-0.0217374861,-0.172217742,0.0005361438,0.9848189,0,0,0,0,0,0,283694.278474494,283694.278474494,0.032842240005265921
56.51909133346976,d62bf83a,SessionTracking,Tracking,30.0727215,30.4042149,1,0.028089583007385954,0.9502778,3.24097228,1,160x90 DepthUint16,"centre=1607 min=760 max=35280 hex=0B24 0827 0647 28B3 07E8","centre=10146 min=2681 max=10148 hex=2789 2794 27A2 25B2 0FB5",0,0,0,,0,,,None,Unavailable,NoWallUnderCrosshair,,,,"only 0 valid depth samples under crosshair (0 no-data, 18 out-of-range, 423 low-confidence)",0,,,None,Unavailable,NoWallInView,,,,-1.42220259,1.19554055,0.3348591,-0.0215950254,-0.172174051,0.0010520519,0.984829247,0,0,0,0,0,0,283694.31182834104,283694.31182834104,0.028004583000438288
56.553596177461941,d62bf83a,SessionTracking,Tracking,30.0705929,30.4042149,1,0.033771457994589582,0.9496528,3.45291662,1,160x90 DepthUint16,"centre=1609 min=764 max=34164 hex=0B1B 0865 0649 28B6 07EB","centre=10089 min=2589 max=10090 hex=275A 275D 2769 2542 0F14",0,0,0,,0,,,None,Unavailable,NoWallUnderCrosshair,,,,"only 0 valid depth samples under crosshair (0 no-data, 18 out-of-range, 423 low-confidence)",0,,,None,Unavailable,NoWallInView,,,,-1.41538978,1.193968,0.334394574,-0.0215695146,-0.172823623,0.0009912552,0.9847161,0,0,0,0,0,0,283694.345155425,283694.345155425,0.033688489987980574
56.581066437476466,d62bf83a,SessionTracking,Tracking,30.0685482,30.4042149,1,0.026621823024470359,0.949583352,3.39145827,1,160x90 DepthUint16,"centre=1611 min=768 max=34342 hex=0B37 08B5 064B 28BA 16B5","centre=10138 min=2560 max=10139 hex=276F 2781 279A 25A0 0F45",0,0,0,,0,,,None,Unavailable,NoWallUnderCrosshair,,,,"only 0 valid depth samples under crosshair (0 no-data, 18 out-of-range, 423 low-confidence)",0,,,None,Unavailable,NoWallInView,,,,-1.40834486,1.19243515,0.333982825,-0.0213896576,-0.174228683,0.00104728353,0.984472334,0,0,0,0,0,0,283694.378482508,283694.378482508,0.026538853999227285
56.616313000474975,d62bf83a,SessionTracking,Tracking,30.0663815,30.4042149,1,0.0344904689991381,0.9454167,3.40222216,1,160x90 DepthUint16,"centre=1612 min=773 max=33852 hex=0B65 08C1 064C 28BD 1715","centre=10184 min=2579 max=10188 hex=27B1 27C2 27C8 25BC 0F41",0,0,0,,0,,,None,Unavailable,NoWallUnderCrosshair,,,,"only 0 valid depth samples under crosshair (0 no-data, 21 out-of-range, 420 low-confidence)",0,,,None,Unavailable,NoWallInView,,,,-1.40098429,1.190898,0.333566755,-0.02142299,-0.176548481,0.00118047,0.9840581,0,0,0,0,0,0,283694.411809591,283694.411809591,0.034397552022710443
56.65014622945796,d62bf83a,SessionTracking,Tracking,30.0689716,30.4042149,1,0.033055676991352811,0.9494445,3.314861,1,160x90 DepthUint16,"centre=1610 min=777 max=31379 hex=0B8D 08BC 064A 2823 17C4","centre=10218 min=2613 max=10222 hex=27C6 27DC 27EA 25A5 0FA2",0,0,0,,0,,,None,Unavailable,NoWallUnderCrosshair,,,,"only 0 valid depth samples under crosshair (0 no-data, 21 out-of-range, 420 low-confidence)",0,,,None,Unavailable,NoWallInView,,,,-1.39496219,1.19149911,0.335471749,-0.0211071465,-0.178763136,0.00140458357,0.983664751,0,0,0,0,0,0,283694.44515993603,283694.44515993603,0.03297208299045451
56.685607427472632,d62bf83a,SessionTracking,Tracking,30.06643,30.4042149,1,0.034704115008935332,0.948402762,3.30972219,1,160x90 DepthUint16,"centre=1617 min=782 max=30504 hex=0B9B 08C0 0651 2A3A 1805","centre=10283 min=2621 max=10307 hex=2795 27E1 282B 25F0 0FA2",0,0,0,,0,,,None,Unavailable,NoWallUnderCrosshair,,,,"only 0 valid depth samples under crosshair (0 no-data, 20 out-of-range, 421 low-confidence)",0,,,None,Unavailable,NoWallInView,,,,-1.3875308,1.19005167,0.33506012,-0.02121102,-0.180118,0.00165045261,0.9834149,0,0,0,0,0,0,283694.478487019,283694.478487019,0.034617240016814321
56.713096698458457,d62bf83a,SessionTracking,Tracking,30.066843,30.4042149,1,0.0266083859896753,0.950138867,3.958611,1,160x90 DepthUint16,"centre=1646 min=790 max=37342 hex=0B49 0835 066E 2BC4 1828","centre=10105 min=2516 max=10106 hex=274C 276D 2779 2556 0F12",0,0,0,,0,,,None,Unavailable,NoWallUnderCrosshair,,,,"only 0 valid depth samples under crosshair (0 no-data, 24 out-of-range, 417 low-confidence)",0,,,None,Unavailable,NoWallInView,,,,-1.380186,1.1930995,0.3332249,-0.0212625135,-0.181621179,0.00152877,0.9831375,0,0,0,0,0,0,283694.512152063,283694.512152063,0.026523124979576096
56.746978469458327,d62bf83a,SessionTracking,Tracking,30.0637054,30.4042149,1,0.033109270996646956,0.950555563,3.78340268,1,160x90 DepthUint16,"centre=1646 min=795 max=37357 hex=0B48 082F 066E 2C51 1857","centre=10036 min=2616 max=10040 hex=26E9 2722 2734 2520 0F42",0,0,0,,0,,,None,Unavailable,NoWallUnderCrosshair,,,,"only 0 valid depth samples under crosshair (0 no-data, 24 out-of-range, 417 low-confidence)",0,,,None,Unavailable,NoWallInView,,,,-1.37249231,1.19159365,0.333083153,-0.02143848,-0.183633223,0.00152295828,0.982759833,0,0,0,0,0,0,283694.545479147,283694.545479147,0.033028593985363841
56.78089758346664,d62bf83a,SessionTracking,Tracking,30.0648327,30.4042149,1,0.033191458001965657,0.9469444,3.79548621,1,160x90 DepthUint16,"centre=1648 min=800 max=37406 hex=0B44 082E 0670 2CD6 1874","centre=10138 min=2657 max=10148 hex=2785 27A2 279A 2551 0F1C",0,0,0,,0,,,None,Unavailable,NoWallUnderCrosshair,,,,"only 0 valid depth samples under crosshair (0 no-data, 27 out-of-range, 414 low-confidence)",0,,,None,Unavailable,NoWallInView,,,,-1.36475277,1.190048,0.3328896,-0.0216687564,-0.185321435,0.00163242233,0.9824377,0,0,0,0,0,0,283694.57880623004,283694.57880623004,0.033112186996731907
56.811314823458588,d62bf83a,SessionTracking,Tracking,30.0652161,30.1642151,1,0.029649426985997707,0.9438889,3.67666674,1,160x90 DepthUint16,"centre=1660 min=829 max=34336 hex=0B37 0784 067C 29B6 080A","centre=12560 min=2767 max=33626 hex=368A 342C 3110 2ACB 10B9",0,0,0,,0,,,None,Unavailable,NoWallUnderCrosshair,,,,"only 0 valid depth samples under crosshair (0 no-data, 23 out-of-range, 418 low-confidence)",0,,,None,Unavailable,NoWallInView,,,,-1.35722947,1.19131267,0.32745108,-0.0215229113,-0.187368914,0.00204113149,0.9820517,0,0,0,0,0,0,283694.61215204204,283694.61215204204,0.029527031991165131
56.8496043024677,d62bf83a,SessionTracking,Tracking,30.0669689,30.1642151,1,0.037572500004898757,0.944722235,3.520486,1,160x90 DepthUint16,"centre=1658 min=834 max=35712 hex=0B53 07B6 067A 29BB 080E","centre=12195 min=2803 max=31978 hex=33F9 3232 2FA3 29FE 115D",0,0,0,,0,,,None,Unavailable,NoWallUnderCrosshair,,,,"only 0 valid depth samples under crosshair (0 no-data, 21 out-of-range, 420 low-confidence)",0,,,None,Unavailable,NoWallInView,,,,-1.34913838,1.1898663,0.3271459,-0.021322377,-0.1891202,0.00258591771,0.981719,0,0,0,0,0,0,283694.64576694,283694.64576694,0.037491197988856584
56.884390291470254,d62bf83a,SessionTracking,Tracking,30.0705414,30.1642151,1,0.033837916009360924,0.9411805,3.5554862,1,160x90 DepthUint16,"centre=1659 min=839 max=33566 hex=0B66 07A8 067B 2A2A 0811","centre=12131 min=2851 max=32268 hex=33D9 3202 2F63 29A9 1151",0,0,0,,0,,,None,Unavailable,NoWallUnderCrosshair,,,,"only 0 valid depth samples under crosshair (0 no-data, 26 out-of-range, 415 low-confidence)",0,,,None,Unavailable,NoWallInView,,,,-1.34077835,1.18828189,0.326691926,-0.0217985231,-0.191675574,0.00281024,0.981212258,0,0,0,0,0,0,283694.679094023,283694.679094023,0.033756302000256255
56.915993833452148,d62bf83a,SessionTracking,Tracking,30.06778,30.1642151,1,0.030878697987645864,0.9388889,3.71770835,1,160x90 DepthUint16,"centre=1684 min=861 max=36398 hex=0ADB 0775 0694 2F2D 0819","centre=10537 min=2949 max=15571 hex=297D 2924 2929 2802 15B9",0,0,0,,0,,,None,Unavailable,NoWallUnderCrosshair,,,,"only 0 valid depth samples under crosshair (0 no-data, 31 out-of-range, 410 low-confidence)",0,,,None,Unavailable,NoWallInView,,,,-1.32748854,1.18889928,0.323186278,-0.022161128,-0.194264591,0.00286018872,0.980694652,0,0,0,0,0,0,283694.712439753,283694.712439753,0.030798228981439024
56.948765083452372,d62bf83a,SessionTracking,Tracking,30.0638943,30.1642151,1,0.0320178649853915,0.9370833,3.71895838,1,160x90 DepthUint16,"centre=1686 min=867 max=36902 hex=0AB7 0776 0696 2FF8 081C","centre=10624 min=3057 max=15529 hex=29D2 299D 2980 2815 1541",0,0,0,,0,,,None,Unavailable,NoWallUnderCrosshair,,,,"only 0 valid depth samples under crosshair (0 no-data, 33 out-of-range, 408 low-confidence)",0,,,None,Unavailable,NoWallInView,,,,-1.31881726,1.187204,0.32278353,-0.0223775264,-0.196358711,0.00264683343,0.9802731,0,0,0,0,0,0,283694.74576683703,283694.74576683703,0.031935989973135293
56.9814271144603,d62bf83a,SessionTracking,Tracking,30.0691566,30.1642151,1,0.031989999988581985,0.9338889,3.54583335,1,160x90 DepthUint16,"centre=1677 min=872 max=34726 hex=0AED 07AC 068D 29A5 2B1C","centre=10777 min=2994 max=16543 hex=2A19 2A2E 2A19 28F0 152C",0,0,0,,0,,,None,Unavailable,NoWallUnderCrosshair,,,,"only 0 valid depth samples under crosshair (0 no-data, 19 out-of-range, 422 low-confidence)",0,,,None,Unavailable,NoWallInView,,,,-1.31006992,1.18560088,0.322651923,-0.0216516871,-0.1986765,0.00248289132,0.9798228,0,0,0,0,0,0,283694.77909392,283694.77909392,0.031922603986458853
57.015459927471738,d62bf83a,SessionTracking,Tracking,30.0662613,30.1642151,1,0.0332763540209271,0.915,3.50069451,1,160x90 DepthUint16,"centre=1603 min=984 max=35474 hex=07CC 0719 0643 2918 0826","centre=10730 min=2598 max=15333 hex=29BF 29F0 29EA 28D9 13A1",0,0,0,,0,,,None,Unavailable,NoWallUnderCrosshair,,,,"only 0 valid depth samples under crosshair (0 no-data, 22 out-of-range, 419 low-confidence)",0,,,None,Unavailable,NoWallInView,,,,-1.34116566,1.1880039,0.32541424,-0.0204057414,-0.20136264,0.00331449532,0.9792986,0,0,0,0,0,0,283694.81247475103,283694.81247475103,0.0331969789986033
57.044057218477747,d62bf83a,SessionTracking,Tracking,30.0675945,30.1642151,1,0.027909635013202205,0.9110417,3.92104173,1,160x90 DepthUint16,"centre=1603 min=988 max=34861 hex=07CF 072C 0643 292A 0829","centre=10640 min=2686 max=15317 hex=2923 2973 2990 2856 1281",0,0,0,,0,,,None,Unavailable,NoWallUnderCrosshair,,,,"only 0 valid depth samples under crosshair (0 no-data, 19 out-of-range, 422 low-confidence)",0,,,None,Unavailable,NoWallInView,,,,-1.33362126,1.18647075,0.325367719,-0.0201912746,-0.203659832,0.002959311,0.978829,0,0,0,0,0,0,283694.846076366,283694.846076366,0.027839009999297559
57.083453208473429,d62bf83a,SessionTracking,Tracking,30.0694771,30.1642151,1,0.038755000015953556,0.910416663,3.84770823,1,160x90 DepthUint16,"centre=1609 min=992 max=35186 hex=07D3 0724 0649 292C 082C","centre=10675 min=2647 max=15675 hex=292C 2987 29B3 28C7 1305",0,0,0,,0,,,None,Unavailable,NoWallUnderCrosshair,,,,"only 0 valid depth samples under crosshair (0 no-data, 20 out-of-range, 421 low-confidence)",0,,,None,Unavailable,NoWallInView,,,,-1.32609677,1.18488932,0.325054824,-0.0205032378,-0.205271289,0.00295361876,0.978485942,0,0,0,0,0,0,283694.879403449,283694.879403449,0.038691146008204669
57.113700656456558,d62bf83a,SessionTracking,Tracking,30.0685043,30.1642151,1,0.027331666991813108,0.9084028,3.7677083,1,160x90 DepthUint16,"centre=1553 min=1064 max=35228 hex=08A0 077A 0611 27D9 082F","centre=10727 min=2741 max=17921 hex=2A38 2A0A 29E7 2936 1517",0,0,0,,0,,,None,Unavailable,NoWallUnderCrosshair,,,,"only 0 valid depth samples under crosshair (0 no-data, 17 out-of-range, 424 low-confidence)",0,,,None,Unavailable,NoWallInView,,,,-1.35293233,1.18612182,0.326752752,-0.0203687474,-0.205749452,0.00401091576,0.9783845,0,0,0,0,0,0,283694.91274364304,283694.91274364304,0.027260312985163182
57.144559718468145,d62bf83a,SessionTracking,Tracking,30.066927,30.1642151,1,0.030095312016783282,0.909236133,3.766736,1,160x90 DepthUint16,"centre=1562 min=1068 max=35235 hex=0893 076B 061A 27DC 082F","centre=10726 min=2730 max=18231 hex=2A00 29F9 29E6 296F 1537",0,0,0,,0,,,None,Unavailable,NoWallUnderCrosshair,,,,"only 0 valid depth samples under crosshair (0 no-data, 17 out-of-range, 424 low-confidence)",0,,,None,Unavailable,NoWallInView,,,,-1.346652,1.18460047,0.326443344,-0.02046258,-0.2063157,0.004175782,0.978262544,0,0,0,0,0,0,283694.946070727,283694.946070727,0.030027864006115124
57.181395500465214,d62bf83a,SessionTracking,Tracking,30.0686455,30.1642151,1,0.036290782009018585,0.909236133,3.795625,1,160x90 DepthUint16,"centre=1570 min=1071 max=35255 hex=0890 0765 0622 27DF 082F","centre=10768 min=2571 max=17816 hex=2A8E 2A31 2A10 2903 14CE",0,0,0,,0,,,None,Unavailable,NoWallUnderCrosshair,,,,"only 0 valid depth samples under crosshair (0 no-data, 18 out-of-range, 423 low-confidence)",0,,,None,Unavailable,NoWallInView,,,,-1.34022951,1.18302178,0.326100528,-0.0205817819,-0.2072179,0.00431633,0.978068769,0,0,0,0,0,0,283694.97939781,283694.97939781,0.036232240003300831
57.218302948462,d62bf83a,SessionTracking,Tracking,30.0695248,30.1642151,1,0.035733333992538974,0.911875,3.62479162,1,160x90 DepthUint16,"centre=1573 min=1076 max=37487 hex=08CB 0776 0625 27FB 0831","centre=10947 min=2748 max=18891 hex=2A7A 2AB8 2AC3 2AD8 16C4",0,0,0,,0,,,None,Unavailable,NoWallUnderCrosshair,,,,"only 0 valid depth samples under crosshair (0 no-data, 14 out-of-range, 427 low-confidence)",0,,,None,Unavailable,NoWallInView,,,,-1.33361483,1.18147326,0.3258666,-0.02041843,-0.209030911,0.00450182,0.9776855,0,0,0,0,0,0,283695.012724893,283695.012724893,0.035672500001965091
57.246601437454729,d62bf83a,SessionTracking,Tracking,30.06755,30.1642151,1,0.027618384978268296,0.9109028,4.06180573,1,160x90 DepthUint16,"centre=1571 min=1079 max=39639 hex=08DB 0790 0623 27FC 0833","centre=10027 min=2630 max=10063 hex=274D 2744 272B 2407 0F39",0,0,0,,0,,,None,Unavailable,NoWallUnderCrosshair,,,,"only 0 valid depth samples under crosshair (0 no-data, 15 out-of-range, 426 low-confidence)",0,,,None,Unavailable,NoWallInView,,,,-1.32796752,1.179942,0.328230739,-0.0204276089,-0.211274385,0.004618198,0.9772024,0,0,0,0,0,0,283695.046465319,283695.046465319,0.027557499997783452
57.285119458454346,d62bf83a,SessionTracking,Tracking,30.0679722,30.1642151,1,0.037739739986136556,0.9066667,4.00375,1,160x90 DepthUint16,"centre=1576 min=1083 max=37728 hex=08C6 078E 0628 29A3 0835","centre=10044 min=2702 max=10075 hex=2754 2757 273C 2421 0F78",0,0,0,,0,,,None,Unavailable,NoWallUnderCrosshair,,,,"only 0 valid depth samples under crosshair (0 no-data, 18 out-of-range, 423 low-confidence)",0,,,None,Unavailable,NoWallInView,,,,-1.32113409,1.17836273,0.327954739,-0.0206599832,-0.212605789,0.004701525,0.9769083,0,0,0,0,0,0,283695.07979240204,283695.07979240204,0.037661249982193112
57.316711385475855,d62bf83a,SessionTracking,Tracking,30.0683956,30.1642151,1,0.030879583006026223,0.9060417,4.099236,1,160x90 DepthUint16,"centre=1586 min=1087 max=39530 hex=0905 078A 0632 28D8 0835","centre=10022 min=2961 max=10048 hex=272F 2740 2726 23FA 0F7C",0,0,0,,0,,,None,Unavailable,NoWallUnderCrosshair,,,,"only 0 valid depth samples under crosshair (0 no-data, 14 out-of-range, 427 low-confidence)",0,,,None,Unavailable,NoWallInView,,,,-1.31425238,1.1766243,0.32775414,-0.0207972918,-0.213328138,0.00485184835,0.9767472,0,0,0,0,0,0,283695.113174922,283695.113174922,0.030799115018453449
57.3592102394648,d62bf83a,SessionTracking,Tracking,30.0701313,30.1642151,1,0.041726978990482166,0.9061111,4.137778,1,160x90 DepthUint16,"centre=1596 min=1091 max=39340 hex=08CB 0770 063C 2E29 0835","centre=9976 min=3003 max=9996 hex=26CB 26EF 26F8 23C1 0F45",0,0,0,,0,,,None,Unavailable,NoWallUnderCrosshair,,,,"only 0 valid depth samples under crosshair (0 no-data, 20 out-of-range, 421 low-confidence)",0,,,None,Unavailable,NoWallInView,,,,-1.3073014,1.17492378,0.327247977,-0.021335857,-0.213948876,0.004982174,0.976599157,0,0,0,0,0,0,283695.14650200604,283695.14650200604,0.0416436459927354
57.386009302459343,d62bf83a,SessionTracking,Tracking,30.0680218,30.1642151,1,0.026095834007719532,0.905763865,4.13284731,1,160x90 DepthUint16,"centre=1606 min=1095 max=39255 hex=08C5 076C 0646 2E5C 0835","centre=9957 min=3055 max=9996 hex=267B 26C0 26E5 23AD 0F3D",0,0,0,,0,,,None,Unavailable,NoWallUnderCrosshair,,,,"only 0 valid depth samples under crosshair (0 no-data, 20 out-of-range, 421 low-confidence)",0,,,None,Unavailable,NoWallInView,,,,-1.30030048,1.17327,0.326753527,-0.02147077,-0.214606851,0.005086541,0.9764513,0,0,0,0,0,0,283695.17982908903,283695.17982908903,0.026018125005066395
57.418178416471847,d62bf83a,SessionTracking,Tracking,30.0687084,30.1642151,1,0.031460155994864181,0.8942361,3.965486,1,160x90 DepthUint16,"centre=1539 min=1081 max=36479 hex=0882 07F5 0603 299C 0853","centre=9997 min=2828 max=10025 hex=26F7 2723 270D 23D6 1012",0,0,0,,0,,,None,Unavailable,NoWallUnderCrosshair,,,,"only 0 valid depth samples under crosshair (0 no-data, 20 out-of-range, 421 low-confidence)",0,,,None,Unavailable,NoWallInView,,,,-1.33115256,1.17629087,0.331676573,-0.0212701038,-0.215550512,0.005736649,0.9762442,0,0,0,0,0,0,283695.21318970603,283695.21318970603,0.031377864012029022
57.4482601354573,d62bf83a,SessionTracking,Tracking,30.0704346,30.1642151,1,0.029362656001467258,0.8890972,3.94354177,1,160x90 DepthUint16,"centre=1535 min=1086 max=38985 hex=086F 0826 05FF 308A 0854","centre=9879 min=2901 max=9903 hex=2655 2687 2697 2389 0F9D",0,0,0,,0,,,None,Unavailable,NoWallUnderCrosshair,,,,"only 0 valid depth samples under crosshair (0 no-data, 19 out-of-range, 422 low-confidence)",0,,,None,Unavailable,NoWallInView,,,,-1.324726,1.17472255,0.331557423,-0.0216643158,-0.218020543,0.00577703165,0.9756866,0,0,0,0,0,0,283695.24651679,283695.24651679,0.029279374983161688
57.479868364465574,d62bf83a,SessionTracking,Tracking,30.06887,30.1642151,1,0.030850676994305104,0.8821528,4.0640974,1,160x90 DepthUint16,"centre=1528 min=1090 max=36383 hex=0821 086A 05F8 319C 0856","centre=9912 min=2974 max=9941 hex=2698 26BE 26B8 2377 0FBB",0,0,0,,0,,,None,Unavailable,NoWallUnderCrosshair,,,,"only 0 valid depth samples under crosshair (0 no-data, 17 out-of-range, 424 low-confidence)",0,,,None,Unavailable,NoWallInView,,,,-1.318195,1.173201,0.3314578,-0.0218829382,-0.220749989,0.00602069544,0.975066364,0,0,0,0,0,0,283695.279843873,283695.279843873,0.030767448013648391
57.5236156564531,d62bf83a,SessionTracking,Tracking,30.0700035,30.1642151,1,0.042940780986100435,0.880069435,4.00743055,1,160x90 DepthUint16,"centre=1379 min=1080 max=35347 hex=083E 099C 0563 339B 084B","centre=9920 min=2664 max=9960 hex=26BB 26D2 26C0 2383 1054",0,0,0,,0,,,None,Unavailable,NoWallUnderCrosshair,,,,"only 0 valid depth samples under crosshair (0 no-data, 22 out-of-range, 419 low-confidence)",0,,,None,Unavailable,NoWallInView,,,,-1.345138,1.17514849,0.334151536,-0.0219621137,-0.223373473,0.00688436627,0.9744612,0,0,0,0,0,0,283695.31350492,283695.31350492,0.04286265600239858
57.550779093467781,d62bf83a,SessionTracking,Tracking,30.0684128,30.1642151,1,0.026460572989890352,0.8730556,3.8239584,1,160x90 DepthUint16,"centre=1382 min=1085 max=35337 hex=0831 096C 0566 349F 084E","centre=9912 min=2832 max=9968 hex=2696 26C2 26B8 2375 10AD",0,0,0,,0,,,None,Unavailable,NoWallUnderCrosshair,,,,"only 0 valid depth samples under crosshair (0 no-data, 21 out-of-range, 420 low-confidence)",0,,,None,Unavailable,NoWallInView,,,,-1.33958542,1.17354155,0.334009737,-0.02259613,-0.2251742,0.00686129974,0.974032342,0,0,0,0,0,0,283695.346832004,283695.346832004,0.026372811989858747
57.581757843468722,d62bf83a,SessionTracking,Tracking,30.0672684,30.1642151,1,0.030269166018115357,0.8732639,3.776875,1,160x90 DepthUint16,"centre=1393 min=1088 max=35203 hex=081A 093D 0571 3577 084F","centre=9926 min=2918 max=9954 hex=2680 26BD 26C6 239B 1099",0,0,0,,0,,,None,Unavailable,NoWallUnderCrosshair,,,,"only 0 valid depth samples under crosshair (0 no-data, 20 out-of-range, 421 low-confidence)",0,,,None,Unavailable,NoWallInView,,,,-1.33405387,1.17188883,0.333904743,-0.0231730435,-0.226361081,0.00672170566,0.9737446,0,0,0,0,0,0,283695.380159087,283695.380159087,0.030190988996764645
57.618742843452992,d62bf83a,SessionTracking,Tracking,30.0684338,30.1642151,1,0.036444999976083636,0.865625,3.593611,1,160x90 DepthUint16,"centre=1286 min=1078 max=35571 hex=0743 08DF 0506 370A 1410","centre=9911 min=3017 max=9954 hex=266D 26AF 26B7 237B 109E",0,0,0,,0,,,None,Unavailable,NoWallUnderCrosshair,,,,"only 0 valid depth samples under crosshair (0 no-data, 19 out-of-range, 422 low-confidence)",0,,,None,Unavailable,NoWallInView,,,,-1.35702765,1.17324781,0.3354148,-0.0231260229,-0.227611348,0.00739178155,0.973449349,0,0,0,0,0,0,283695.413497982,283695.413497982,0.036397915973793715
57.653074874458753,d62bf83a,SessionTracking,Tracking,30.0673962,30.1642151,1,0.033389635005733,0.870833337,3.73340273,1,160x90 DepthUint16,"centre=1296 min=1080 max=34620 hex=0763 08D9 0510 3387 14AC","centre=9832 min=2858 max=9876 hex=260A 2647 2668 2333 1060",0,0,0,,0,,,None,Unavailable,NoWallUnderCrosshair,,,,"only 0 valid depth samples under crosshair (0 no-data, 12 out-of-range, 429 low-confidence)",0,,,None,Unavailable,NoWallInView,,,,-1.35237515,1.17186284,0.3357063,-0.0223838761,-0.228794724,0.007707566,0.973186851,0,0,0,0,0,0,283695.447081885,283695.447081885,0.033305624994682148
57.683329145456582,d62bf83a,SessionTracking,Tracking,30.0710945,30.1642151,1,0.029148957983125,0.8659028,3.72444439,1,160x90 DepthUint16,"centre=1302 min=1083 max=34302 hex=0771 08F0 0516 338A 0868","centre=9809 min=2988 max=9856 hex=25F6 262B 2651 232E 10BA",0,0,0,,0,,,None,Unavailable,NoWallUnderCrosshair,,,,"only 0 valid depth samples under crosshair (0 no-data, 12 out-of-range, 429 low-confidence)",0,,,None,Unavailable,NoWallInView,,,,-1.34761989,1.17039967,0.3358854,-0.022243144,-0.230389282,0.008045168,0.972811043,0,0,0,0,0,0,283695.480408968,283695.480408968,0.029059530992526561
57.714641072470613,d62bf83a,SessionTracking,Tracking,30.0699024,30.1642151,1,0.03043755199178122,0.871805549,3.56861115,1,160x90 DepthUint16,"centre=1291 min=1046 max=33907 hex=074D 0956 050B 3620 0843","centre=9716 min=2382 max=9804 hex=2550 259D 25F4 22D9 0FCE",0,0,0,,0,,,None,Unavailable,NoWallUnderCrosshair,,,,"only 0 valid depth samples under crosshair (0 no-data, 9 out-of-range, 432 low-confidence)",0,,,None,Unavailable,NoWallInView,,,,-1.36228561,1.16247463,0.373766452,-0.0218696613,-0.231575742,0.008614303,0.9725329,0,0,0,0,0,0,283695.513819921,283695.513819921,0.030336458003148437
57.749020395454636,d62bf83a,SessionTracking,Tracking,30.0731125,30.1642151,1,0.033667082985630259,0.8711111,3.59979177,1,160x90 DepthUint16,"centre=1292 min=1048 max=37306 hex=0744 0958 050C 3809 0845","centre=9782 min=2440 max=9858 hex=257A 25D4 2636 2313 0FD6",0,0,0,,0,,,None,Unavailable,NoWallUnderCrosshair,,,,"only 0 valid depth samples under crosshair (0 no-data, 7 out-of-range, 434 low-confidence)",0,,,None,Unavailable,NoWallInView,,,,-1.35759521,1.16073263,0.374661446,-0.0218871552,-0.233784258,0.008881987,0.972001553,0,0,0,0,0,0,283695.54714700504,283695.54714700504,0.033584686985705048
57.780112270472955,d62bf83a,SessionTracking,Tracking,30.0671978,30.1642151,1,0.030425625009229407,0.86493057,3.5382638,1,160x90 DepthUint16,"centre=1290 min=1052 max=32887 hex=0738 095A 050A 38DE 0847","centre=9693 min=2529 max=9753 hex=25DE 25E5 25DD 229E 1087",0,0,0,,0,,,None,Unavailable,NoWallUnderCrosshair,,,,"only 0 valid depth samples under crosshair (0 no-data, 10 out-of-range, 431 low-confidence)",0,,,None,Unavailable,NoWallInView,,,,-1.35281384,1.1588608,0.3755401,-0.0221612547,-0.236295268,0.008941681,0.971387446,0,0,0,0,0,0,283695.580474088,283695.580474088,0.030323854007292539
57.811839510457276,d62bf83a,SessionTracking,Tracking,30.0708256,29.9842682,1,0.030738959001610056,0.858333349,3.64333344,1,160x90 DepthUint16,"centre=1287 min=1055 max=32618 hex=0728 094D 0507 3A6E 084A","centre=9686 min=2468 max=9777 hex=25C8 25E3 25D6 2279 1055",0,0,0,,0,,,None,Unavailable,NoWallUnderCrosshair,,,,"only 0 valid depth samples under crosshair (0 no-data, 9 out-of-range, 432 low-confidence)",0,,,None,Unavailable,NoWallInView,,,,-1.347858,1.15698886,0.376527131,-0.0221648533,-0.239625216,0.008954645,0.97057116,0,0,0,0,0,0,283695.613801171,283695.613801171,0.0306740109808743
57.843604458470281,d62bf83a,SessionTracking,Tracking,30.0711384,29.9842682,1,0.030948697996791452,0.85597223,3.567222,1,160x90 DepthUint16,"centre=1259 min=1032 max=33353 hex=0706 0991 04EB 3C1D 0835","centre=9633 min=2376 max=9720 hex=255B 2587 25A1 2258 1003",0,0,0,,0,,,None,Unavailable,NoWallUnderCrosshair,,,,"only 0 valid depth samples under crosshair (0 no-data, 6 out-of-range, 435 low-confidence)",0,,,None,Unavailable,NoWallInView,,,,-1.36483169,1.15242219,0.3972272,-0.022027351,-0.242620736,0.009319693,0.969826341,0,0,0,0,0,0,283695.64718267304,283695.64718267304,0.03086786501808092
57.880856749459554,d62bf83a,SessionTracking,Tracking,30.0749817,29.9842682,1,0.036533436999889091,0.8425,3.51298618,1,160x90 DepthUint16,"centre=1260 min=1036 max=33697 hex=070F 097F 04EC 3EBB 0836","centre=9426 min=2449 max=9540 hex=24FC 24FF 24D2 2173 1020",0,0,0,,0,,,None,Unavailable,NoWallUnderCrosshair,,,,"only 0 valid depth samples under crosshair (0 no-data, 13 out-of-range, 428 low-confidence)",0,,,None,Unavailable,NoWallInView,,,,-1.36041594,1.1504153,0.3985666,-0.0222682375,-0.245387822,0.009380818,0.96912384,0,0,0,0,0,0,283695.680624882,283695.680624882,0.03645176999270916
57.913893416469136,d62bf83a,SessionTracking,Tracking,30.0690861,29.9842682,1,0.032275677018333226,0.8059722,3.19277787,1,160x90 DepthUint16,"centre=1308 min=873 max=31623 hex=0542 0955 051C 4428 0835","centre=9321 min=2430 max=9412 hex=245C 2470 2469 215A 1150",0,0,0,,0,,,None,Unavailable,NoWallUnderCrosshair,,,,"only 0 valid depth samples under crosshair (0 no-data, 10 out-of-range, 431 low-confidence)",0,,,None,Unavailable,NoWallInView,,,,-1.39035428,1.15171885,0.404206157,-0.0222471133,-0.24727276,0.0103178918,0.968635559,0,0,0,0,0,0,283695.713932637,283695.713932637,0.032189896010095254
57.947430551462958,d62bf83a,SessionTracking,Tracking,30.069767,29.9842682,1,0.032831718010129407,0.80125,3.105625,1,160x90 DepthUint16,"centre=1344 min=873 max=33405 hex=0544 093F 0540 4640 07F8","centre=9418 min=2404 max=9509 hex=2457 249D 24CA 21CB 1125",0,0,0,,0,,,None,Unavailable,NoWallUnderCrosshair,,,,"only 0 valid depth samples under crosshair (0 no-data, 9 out-of-range, 432 low-confidence)",0,,,None,Unavailable,NoWallInView,,,,-1.38695359,1.149709,0.40544492,-0.0227835178,-0.249298841,0.01054126,0.9681012,0,0,0,0,0,0,283695.74725972104,283695.74725972104,0.032747760007623583
57.990097999459749,d62bf83a,SessionTracking,Tracking,30.0689087,29.9842682,1,0.041915520007023588,0.7984028,2.96819448,1,160x90 DepthUint16,"centre=1371 min=872 max=33092 hex=054B 08BB 055B 4AC7 07FA","centre=9456 min=2623 max=9562 hex=2468 24B2 24F0 2205 11A2",0,0,0,,0,,,None,Unavailable,NoWallUnderCrosshair,,,,"only 0 valid depth samples under crosshair (0 no-data, 10 out-of-range, 431 low-confidence)",0,,,None,Unavailable,NoWallInView,,,,-1.38361263,1.14773881,0.40668115,-0.0229385123,-0.25107044,0.0106716752,0.9676382,0,0,0,0,0,0,283695.78058680403,283695.78058680403,0.041846092994092032
58.015023208459525,d62bf83a,SessionTracking,Tracking,30.0697536,29.9842682,1,0.024322343990206718,0.7582639,2.74159718,1,160x90 DepthUint16,"centre=1624 min=862 max=33765 hex=0544 087A 0658 48D4 07FA","centre=9424 min=2667 max=9483 hex=24C6 24DB 24D0 2208 1384",0,0,0,,0,,,None,Unavailable,NoWallUnderCrosshair,,,,"only 0 valid depth samples under crosshair (0 no-data, 16 out-of-range, 425 low-confidence)",0,,,None,Unavailable,NoWallInView,,,,-1.40587115,1.14969432,0.404738069,-0.0233791713,-0.253074855,0.0111027965,0.9671005,0,0,0,0,0,0,283695.81387276604,283695.81387276604,0.02426239600754343
58.045771072476555,d62bf83a,SessionTracking,Tracking,30.0682545,29.9842682,1,0.030143489013426006,0.75333333,2.80090284,1,160x90 DepthUint16,"centre=1654 min=861 max=32022 hex=054B 0875 0676 4314 07FD","centre=9401 min=2670 max=9468 hex=24CF 24C8 24B9 21FD 13B6",0,0,0,,0,,,None,Unavailable,NoWallUnderCrosshair,,,,"only 0 valid depth samples under crosshair (0 no-data, 17 out-of-range, 424 low-confidence)",0,,,None,Unavailable,NoWallInView,,,,-1.40298593,1.1477313,0.405985057,-0.023925148,-0.255672842,0.0111761093,0.96640265,0,0,0,0,0,0,283695.84719985,283695.84719985,0.030076354014454409
58.082495291458827,d62bf83a,SessionTracking,Tracking,30.070364,29.9842682,1,0.035723957989830524,0.752986133,2.80145836,1,160x90 DepthUint16,"centre=1718 min=859 max=32296 hex=054D 0812 06B6 420B 07FE","centre=9396 min=2682 max=9448 hex=24D0 24C8 24B4 2201 13D2",0,0,0,,0,,,None,Unavailable,NoWallUnderCrosshair,,,,"only 0 valid depth samples under crosshair (0 no-data, 17 out-of-range, 424 low-confidence)",0,,,None,Unavailable,NoWallInView,,,,-1.40008461,1.14571512,0.407188535,-0.0246526673,-0.257865846,0.0113017261,0.965800047,0,0,0,0,0,0,283695.880526933,283695.880526933,0.035656146006658673
58.114192635464633,d62bf83a,SessionTracking,Tracking,30.0688076,29.9842682,1,0.03103260399075225,0.7572917,2.773611,1,160x90 DepthUint16,"centre=1789 min=858 max=31812 hex=0559 084D 06FD 3D0B 0801","centre=9395 min=2660 max=9452 hex=24A6 24B8 24B3 21EE 13A9",0,0,0,,0,,,None,Unavailable,NoWallUnderCrosshair,,,,"only 0 valid depth samples under crosshair (0 no-data, 14 out-of-range, 427 low-confidence)",0,,,None,Unavailable,NoWallInView,,,,-1.39716744,1.1437366,0.408450127,-0.0248622764,-0.2600865,0.0114318142,0.9651975,0,0,0,0,0,0,283695.913854016,283695.913854016,0.030958438001107424
58.152788312468829,d62bf83a,SessionTracking,Tracking,30.06555,29.9842682,1,0.037877761002164334,0.7522917,2.59194446,1,160x90 DepthUint16,"centre=2199 min=840 max=31776 hex=05A1 074D 0897 32C5 07DF","centre=9308 min=3156 max=9463 hex=23A7 2401 245C 21E6 1488",0,0,0,,0,,,None,Unavailable,NoWallUnderCrosshair,,,,"only 0 valid depth samples under crosshair (0 no-data, 13 out-of-range, 428 low-confidence)",0,,,None,Unavailable,NoWallInView,,,,-1.42199075,1.14618957,0.4133892,-0.0248366985,-0.2631599,0.0119109759,0.9643589,0,0,0,0,0,0,283695.94711933704,283695.94711933704,0.037795729003846645
58.18727404147262,d62bf83a,SessionTracking,Tracking,30.0645981,29.9842682,1,0.033680469001410529,0.7515972,2.49159718,1,160x90 DepthUint16,"centre=2285 min=838 max=31975 hex=05AF 0758 08ED 3132 07F9","centre=9348 min=3031 max=9427 hex=243E 2463 2484 21F2 142B",0,0,0,,0,,,None,Unavailable,NoWallUnderCrosshair,,,,"only 0 valid depth samples under crosshair (0 no-data, 15 out-of-range, 426 low-confidence)",0,,,None,Unavailable,NoWallInView,,,,-1.41953492,1.14400733,0.415014625,-0.025445858,-0.265915722,0.0117085287,0.963589251,0,0,0,0,0,0,283695.98044642,283695.98044642,0.033584115008125082
58.227400135456037,d62bf83a,SessionTracking,Tracking,30.0717411,29.9842682,1,0.039326926984358579,0.7313194,2.32284713,1,160x90 DepthUint16,"centre=2661 min=847 max=31383 hex=05D2 06B2 0A65 1644 0819","centre=9309 min=2919 max=9486 hex=24C2 249E 245D 21D1 1570",0,0,0,,0,,,None,Unavailable,NoWallUnderCrosshair,,,,"only 0 valid depth samples under crosshair (0 no-data, 24 out-of-range, 417 low-confidence)",0,,,None,Unavailable,NoWallInView,,,,-1.4390775,1.14734137,0.41743806,-0.0249719843,-0.268063068,0.0120204389,0.9630027,0,0,0,0,0,0,283696.013836756,283696.013836756,0.039230886002769694
58.254725812472088,d62bf83a,SessionTracking,Tracking,30.059742,29.9842682,1,0.026600261015119031,0.732708335,2.08583331,1,160x90 DepthUint16,"centre=2727 min=846 max=31430 hex=05F7 06BD 0AA7 2C5E 081C","centre=9562 min=3132 max=9793 hex=2616 25CB 255A 22A2 162A",0,0,0,,0,,,None,Unavailable,NoWallUnderCrosshair,,,,"only 0 valid depth samples under crosshair (0 no-data, 18 out-of-range, 423 low-confidence)",0,,,None,Unavailable,NoWallInView,,,,-1.43748748,1.145228,0.419372946,-0.0243527461,-0.269172221,0.0118149826,0.962711632,0,0,0,0,0,0,283696.04716384003,283696.04716384003,0.026527552021434531
58.287298416460317,d62bf83a,SessionTracking,Tracking,30.066082,29.9842682,1,0.031930833007209,0.7311111,2.08201385,1,160x90 DepthUint16,"centre=2746 min=846 max=31517 hex=0614 06C9 0ABA 2F50 0819","centre=9647 min=3093 max=9831 hex=2633 2605 25AF 2323 16B5",0,0,0,,0,,,None,Unavailable,NoWallUnderCrosshair,,,,"only 0 valid depth samples under crosshair (0 no-data, 19 out-of-range, 422 low-confidence)",0,,,None,Unavailable,NoWallInView,,,,-1.43608928,1.14312756,0.421124756,-0.02364912,-0.269454151,0.0118478248,0.9626499,0,0,0,0,0,0,283696.080490923,283696.080490923,0.03186765598366037
58.327305655464215,d62bf83a,SessionTracking,Tracking,30.0643139,29.9842682,1,0.039370832993881777,0.63125,2.03993058,1,160x90 DepthUint16,"centre=2759 min=999 max=31293 hex=0000 06C2 0AC7 17A3 081C","centre=9535 min=3060 max=9741 hex=25E2 25A2 253F 229B 15FF",0,0,0,,0,,,None,Unavailable,NoWallUnderCrosshair,,,,"only 0 valid depth samples under crosshair (8 no-data, 35 out-of-range, 398 low-confidence)",0,,,None,Unavailable,NoWallInView,,,,-1.44071174,1.14194536,0.418536544,-0.0241643563,-0.268981427,0.012057662,0.9627667,0,0,0,0,0,0,283696.11375679204,283696.11375679204,0.039304739009821787
58.356064666473458,d62bf83a,SessionTracking,Tracking,30.0681973,29.9842682,1,0.028156562999356538,0.631875,2.08131933,1,160x90 DepthUint16,"centre=2747 min=998 max=31112 hex=0000 06CA 0ABB 15F1 0818","centre=9516 min=3021 max=9721 hex=25CF 258D 252C 2293 15DB",0,0,0,,0,,,None,Unavailable,NoWallUnderCrosshair,,,,"only 0 valid depth samples under crosshair (4 no-data, 28 out-of-range, 409 low-confidence)",0,,,None,Unavailable,NoWallInView,,,,-1.43952417,1.13962138,0.419887841,-0.02456619,-0.268991262,0.0121319005,0.9627529,0,0,0,0,0,0,283696.147083876,283696.147083876,0.028093386004911736
58.388788364452694,d62bf83a,SessionTracking,Tracking,30.0652237,29.9842682,1,0.032210312987444922,0.627777755,2.13381934,1,160x90 DepthUint16,"centre=2830 min=998 max=31435 hex=0000 06B7 0B0E 27A8 081D","centre=9442 min=2907 max=9658 hex=2595 254C 24E2 223B 1590",0,0,0,,0,,,None,Unavailable,NoWallUnderCrosshair,,,,"only 0 valid depth samples under crosshair (4 no-data, 28 out-of-range, 409 low-confidence)",0,,,None,Unavailable,NoWallInView,,,,-1.43821406,1.137394,0.4215263,-0.0240028221,-0.270521224,0.0123915086,0.962335,0,0,0,0,0,0,283696.180410959,283696.180410959,0.032147968973731622
58.416368885463953,d62bf83a,SessionTracking,Tracking,30.0616817,29.9842682,1,0.026665468991268426,0.6302083,2.38270831,1,160x90 DepthUint16,"centre=2831 min=1109 max=30548 hex=0000 06E1 0B0F 2854 0813","centre=9314 min=2925 max=9526 hex=250C 24CC 2462 21B5 14E9",0,0,0,,0,,,None,Unavailable,NoWallUnderCrosshair,,,,"only 0 valid depth samples under crosshair (10 no-data, 29 out-of-range, 402 low-confidence)",0,,,None,Unavailable,NoWallInView,,,,-1.41348422,1.13415325,0.426825285,-0.0238683373,-0.273997784,0.0122787356,0.9613557,0,0,0,0,0,0,283696.21374837,283696.21374837,0.026462865003850311
58.447832010456978,d62bf83a,SessionTracking,Tracking,30.0645142,29.9842682,1,0.029189844004577026,0.641666651,2.19256949,1,160x90 DepthUint16,"centre=2968 min=1004 max=29098 hex=0000 06C5 0B98 254C 0821","centre=9314 min=2862 max=9563 hex=2529 24DC 2462 21AE 14F1",0,0,0,,0,,,None,Unavailable,NoWallUnderCrosshair,,,,"only 0 valid depth samples under crosshair (0 no-data, 19 out-of-range, 422 low-confidence)",0,,,None,Unavailable,NoWallInView,,,,-1.41149914,1.13175464,0.428952128,-0.023753332,-0.276797026,0.0123564014,0.9605553,0,0,0,0,0,0,283696.24707545404,283696.24707545404,0.029117447993485257
58.479610447455116,d62bf83a,SessionTracking,Tracking,30.0642,29.9842682,1,0.030719531001523137,0.641666651,2.14854169,1,160x90 DepthUint16,"centre=2904 min=1008 max=29196 hex=0000 06DC 0B58 25B7 0816","centre=9386 min=3067 max=9642 hex=257C 252B 24AA 2208 159A",0,0,0,,0,,,None,Unavailable,NoWallUnderCrosshair,,,,"only 0 valid depth samples under crosshair (0 no-data, 18 out-of-range, 423 low-confidence)",0,,,None,Unavailable,NoWallInView,,,,-1.41009438,1.12935221,0.430823833,-0.0235582758,-0.2759563,0.0121772,0.9608043,0,0,0,0,0,0,283696.280402537,283696.280402537,0.030635572999017313
58.513824405472178,d62bf83a,SessionTracking,Tracking,30.06386,29.9842682,1,0.033346092997817323,0.6421528,2.12555552,1,160x90 DepthUint16,"centre=2801 min=1003 max=29252 hex=0000 06E7 0AF1 2617 0807","centre=13719 min=3117 max=28261 hex=3D49 38D6 3597 3079 1B16",0,0,0,,0,,,None,Unavailable,NoWallUnderCrosshair,,,,"only 0 valid depth samples under crosshair (3 no-data, 19 out-of-range, 419 low-confidence)",0,,,None,Unavailable,NoWallInView,,,,-1.40910935,1.12691128,0.432587475,-0.0234821476,-0.2746026,0.012022974,0.9611959,0,0,0,0,0,0,283696.31375607103,283696.31375607103,0.033267395017901435
58.548628468477318,d62bf83a,SessionTracking,Tracking,30.0667362,29.9842682,1,0.033729271002812311,0.6492361,2.10930562,1,160x90 DepthUint16,"centre=2621 min=1003 max=29123 hex=0000 06E6 0A3D 2A9F 07F2","centre=13243 min=3081 max=27999 hex=3B96 371F 33BB 2ED3 1A2B",0,0,0,,0,,,None,Unavailable,NoWallUnderCrosshair,,,,"only 0 valid depth samples under crosshair (6 no-data, 25 out-of-range, 410 low-confidence)",0,,,None,Unavailable,NoWallInView,,,,-1.40793014,1.12443841,0.434164643,-0.0237742439,-0.2721437,0.0116099119,0.961892843,0,0,0,0,0,0,283696.347083155,283696.347083155,0.033668593998299912
58.583621853471186,d62bf83a,SessionTracking,Tracking,30.0640087,29.9842682,1,0.033964322996325791,0.6092361,2.15486121,1,160x90 DepthUint16,"centre=2476 min=1033 max=29972 hex=0000 0000 09AC 2ABB 07E2","centre=13464 min=3059 max=28041 hex=3C4D 37F7 3498 2F87 1A43",0,0,0,,0,,,None,Unavailable,NoWallUnderCrosshair,,,,"only 0 valid depth samples under crosshair (67 no-data, 39 out-of-range, 335 low-confidence)",0,,,None,Unavailable,NoWallInView,,,,-1.40670955,1.12196755,0.435798824,-0.0238981415,-0.270371526,0.0112362215,0.9623938,0,0,0,0,0,0,283696.380410238,283696.380410238,0.033855937013868243
58.621843989476247,d62bf83a,SessionTracking,Tracking,30.06678,29.9842682,1,0.037511302012717351,0.611875,2.1761806,1,160x90 DepthUint16,"centre=2349 min=1032 max=30049 hex=0000 0000 092D 3371 07CA","centre=9307 min=3013 max=9539 hex=251C 24D5 245B 2198 148F",0,0,0,,0,,,None,Unavailable,NoWallUnderCrosshair,,,,"only 0 valid depth samples under crosshair (62 no-data, 44 out-of-range, 335 low-confidence)",0,,,None,Unavailable,NoWallInView,,,,-1.40071285,1.12076163,0.447279453,-0.0237656552,-0.270330966,0.010977746,0.9624115,0,0,0,0,0,0,283696.413879251,283696.413879251,0.037426875001983717
58.657642999463633,d62bf83a,SessionTracking,Tracking,30.0664024,29.9842682,1,0.034991927008377388,0.606875,2.194375,1,160x90 DepthUint16,"centre=2422 min=1032 max=29547 hex=0000 06DD 0976 27CD 07CE","centre=9292 min=3029 max=9556 hex=2525 24D1 244C 2190 14DD",0,0,0,,0,,,None,Unavailable,NoWallUnderCrosshair,,,,"only 0 valid depth samples under crosshair (38 no-data, 53 out-of-range, 350 low-confidence)",0,,,None,Unavailable,NoWallInView,,,,-1.39896035,1.11827135,0.4494931,-0.0241186488,-0.271979064,0.011137248,0.9619364,0,0,0,0,0,0,283696.447206335,283696.447206335,0.034911822993308306
58.685630551455461,d62bf83a,SessionTracking,Tracking,30.0675735,29.9842682,1,0.027183697995496914,0.6024306,2.18618059,1,160x90 DepthUint16,"centre=2574 min=1031 max=29816 hex=0000 06DD 0A0E 2B07 07DB","centre=9245 min=2931 max=9361 hex=2462 2453 241D 218C 1436",0,0,0,,0,,,None,Unavailable,NoWallUnderCrosshair,,,,"only 0 valid depth samples under crosshair (36 no-data, 55 out-of-range, 350 low-confidence)",0,,,None,Unavailable,NoWallInView,,,,-1.39712918,1.11576056,0.45188874,-0.0243255664,-0.274834841,0.0113537917,0.9611166,0,0,0,0,0,0,283696.480533418,283696.480533418,0.027087499998742715
58.723315447455889,d62bf83a,SessionTracking,Tracking,30.0713024,29.9842682,1,0.036909947986714542,0.6017361,2.15930557,1,160x90 DepthUint16,"centre=2745 min=1034 max=29239 hex=0000 06D3 0AB9 25B1 07EB","centre=9223 min=2966 max=9359 hex=2444 243B 2407 217B 1441",0,0,0,,0,,,None,Unavailable,NoWallUnderCrosshair,,,,"only 0 valid depth samples under crosshair (31 no-data, 48 out-of-range, 362 low-confidence)",0,,,None,Unavailable,NoWallInView,,,,-1.396674,1.11368,0.453728348,-0.0244042,-0.2777052,0.0116065154,0.9602862,0,0,0,0,0,0,283696.513716791,283696.513716791,0.0366759899770841
58.750108989453793,d62bf83a,SessionTracking,Tracking,30.0719128,29.9842682,1,0.026034010981675237,0.6188889,2.21722221,1,160x90 DepthUint16,"centre=2824 min=1056 max=28036 hex=0000 06C6 0B08 2509 07F0","centre=9164 min=2955 max=9345 hex=2449 2424 23CC 211B 13CE",0,0,0,,0,,,None,Unavailable,NoWallUnderCrosshair,,,,"only 0 valid depth samples under crosshair (19 no-data, 42 out-of-range, 380 low-confidence)",0,,,None,Unavailable,NoWallInView,,,,-1.39525187,1.111015,0.456369936,-0.0240781344,-0.279452384,0.0117025981,0.9597863,0,0,0,0,0,0,283696.54704387503,283696.54704387503,0.025955937977414578
58.785467530458618,d62bf83a,SessionTracking,Tracking,30.070322,29.9842682,1,0.034182863979367539,0.6188889,2.1959722,1,160x90 DepthUint16,"centre=2844 min=1055 max=28243 hex=0000 06C4 0B1C 25C0 07ED","centre=9157 min=2938 max=9294 hex=2431 2412 23C5 2121 13BE",0,0,0,,0,,,None,Unavailable,NoWallUnderCrosshair,,,,"only 0 valid depth samples under crosshair (19 no-data, 42 out-of-range, 380 low-confidence)",0,,,None,Unavailable,NoWallInView,,,,-1.39412129,1.10825288,0.4590893,-0.0236022621,-0.279948354,0.01171881,0.9596533,0,0,0,0,0,0,283696.580370958,283696.580370958,0.0341236460080836
58.816957478473114,d62bf83a,SessionTracking,Tracking,30.070364,29.8472424,1,0.025969895999878645,0.6225,2.297639,1,160x90 DepthUint16,"centre=2442 min=1088 max=28279 hex=0000 0000 098A 2B4D 07D4","centre=9242 min=2865 max=9522 hex=2506 24AB 241A 210E 124E",0,0,0,,0,,,None,Unavailable,NoWallUnderCrosshair,,,,"only 0 valid depth samples under crosshair (35 no-data, 48 out-of-range, 358 low-confidence)",0,,,None,Unavailable,NoWallInView,,,,-1.37956321,1.11433554,0.493432283,-0.0220595766,-0.278728217,0.0109619806,0.9600541,0,0,0,0,0,0,283696.614535584,283696.614535584,0.02587317701545544
58.8513352914631,d62bf83a,SessionTracking,Tracking,30.0732136,29.8472424,1,0.033555103989783674,0.63395834,2.26152778,1,160x90 DepthUint16,"centre=2350 min=1086 max=26676 hex=0000 0000 092E 2BFF 07CE","centre=9171 min=2905 max=9503 hex=24E6 247F 23D3 20AE 11C1",0,0,0,,0,,,None,Unavailable,NoWallUnderCrosshair,,,,"only 0 valid depth samples under crosshair (18 no-data, 52 out-of-range, 371 low-confidence)",0,,,None,Unavailable,NoWallInView,,,,-1.37829232,1.111737,0.497134954,-0.021675691,-0.276944757,0.0109967291,0.960578442,0,0,0,0,0,0,283696.64786266803,283696.64786266803,0.033464167005149648
58.88489638446822,d62bf83a,SessionTracking,Tracking,30.07067,29.8472424,1,0.032468905992573127,0.6361806,2.164375,1,160x90 DepthUint16,"centre=2290 min=1084 max=26385 hex=0000 0000 08F2 2C09 07C8","centre=9183 min=2941 max=9506 hex=24F2 2486 23DF 20C5 11F7",0,0,0,,0,,,None,Unavailable,NoWallUnderCrosshair,,,,"only 0 valid depth samples under crosshair (18 no-data, 52 out-of-range, 371 low-confidence)",0,,,None,Unavailable,NoWallInView,,,,-1.37677872,1.109095,0.5007407,-0.0217686743,-0.27610755,0.011090517,0.9608162,0,0,0,0,0,0,283696.681189751,283696.681189751,0.032343697006581351
58.913907114477979,d62bf83a,SessionTracking,Tracking,30.0687523,29.8472424,1,0.022462917026132345,0.6367361,2.44458342,1,160x90 DepthUint16,"centre=2330 min=1020 max=27419 hex=0000 0000 091A 2C28 07DE","centre=9132 min=2976 max=9463 hex=24C0 2458 23AC 2079 1156",0,0,0,,0,,,None,Unavailable,NoWallUnderCrosshair,,,,"only 0 valid depth samples under crosshair (18 no-data, 64 out-of-range, 359 low-confidence)",0,,,None,Unavailable,NoWallInView,,,,-1.34457707,1.08921993,0.489083141,-0.0227334946,-0.276723683,0.01087904,0.960619032,0,0,0,0,0,0,283696.714546344,283696.714546344,0.022370053018676117
58.955445186471252,d62bf83a,SessionTracking,Tracking,30.0684471,29.8472424,1,0.030362656019860879,0.6413889,2.5604167,1,160x90 DepthUint16,"centre=2316 min=794 max=28170 hex=0000 0000 090C 2DE5 07DB","centre=8736 min=2913 max=9157 hex=2360 22E4 2220 1F0F 1135",0,0,0,,0,,,None,Unavailable,NoWallUnderCrosshair,,,,"only 0 valid depth samples under crosshair (1 no-data, 69 out-of-range, 371 low-confidence)",0,,,None,Unavailable,NoWallInView,,,,-1.34223115,1.08623791,0.491878241,-0.0231713057,-0.276522368,0.0106875,0.9606687,0,0,0,0,0,0,283696.74787342804,283696.74787342804,0.0302791660069488
58.983997322476853,d62bf83a,SessionTracking,Tracking,30.0689526,29.8472424,1,0.027664375025779009,0.645694435,2.60326385,1,160x90 DepthUint16,"centre=2197 min=825 max=27890 hex=0000 0000 0895 3105 06F5","centre=8855 min=2885 max=9268 hex=23DA 2361 2297 1F63 10FF",0,0,0,,0,,,None,Unavailable,NoWallUnderCrosshair,,,,"only 0 valid depth samples under crosshair (3 no-data, 69 out-of-range, 369 low-confidence)",0,,,None,Unavailable,NoWallInView,,,,-1.340455,1.08331668,0.494575471,-0.0230890661,-0.2728222,0.0103865862,0.9617313,0,0,0,0,0,0,283696.78120051103,283696.78120051103,0.027583802002482116
59.014676957452821,d62bf83a,SessionTracking,Tracking,30.0675869,29.8472424,1,0.029949895979370922,0.654166639,2.74958324,1,160x90 DepthUint16,"centre=2284 min=930 max=28002 hex=0000 0000 08EC 439E 0560","centre=8935 min=2632 max=9269 hex=2404 2398 22E7 1F76 0F79",0,0,0,,0,,,None,Unavailable,NoWallUnderCrosshair,,,,"only 0 valid depth samples under crosshair (7 no-data, 77 out-of-range, 357 low-confidence)",0,,,None,Unavailable,NoWallInView,,,,-1.32692921,1.0786047,0.5104254,-0.0228348151,-0.2650798,0.009336621,0.9639108,0,0,0,0,0,0,283696.814485366,283696.814485366,0.029853853979147971
59.045979145452065,d62bf83a,SessionTracking,Tracking,30.0644989,29.8472424,1,0.030558801983715966,0.66854167,2.81604171,1,160x90 DepthUint16,"centre=2419 min=873 max=38336 hex=0000 0000 0973 58D1 0594","centre=8772 min=2552 max=8960 hex=22C2 22A0 2244 1EDC 0E84",0,0,0,,0,,,None,Unavailable,NoWallUnderCrosshair,,,,"only 0 valid depth samples under crosshair (2 no-data, 90 out-of-range, 349 low-confidence)",0,,,None,Unavailable,NoWallInView,,,,-1.32608259,1.07561111,0.5132667,-0.0219536368,-0.253374666,0.008594752,0.9670809,0,0,0,0,0,0,283696.84781245,283696.84781245,0.030474426981527358
59.084557166471996,d62bf83a,SessionTracking,Tracking,30.0674973,29.8472424,1,0.037910938001004979,0.683680534,2.70118046,1,160x90 DepthUint16,"centre=3062 min=785 max=38885 hex=0000 0A6B 0BF6 3278 057D","centre=9167 min=2478 max=9303 hex=244B 242A 23CF 2031 0E34",0,0,0,,0,,,None,Unavailable,NoWallUnderCrosshair,,,,"only 0 valid depth samples under crosshair (2 no-data, 80 out-of-range, 359 low-confidence)",0,,,None,Unavailable,NoWallInView,,,,-1.32576609,1.07269859,0.516068161,-0.0197977889,-0.2382491,0.007858754,0.9709705,0,0,0,0,0,0,283696.881139533,283696.881139533,0.037838542019017041
59.118386436460924,d62bf83a,SessionTracking,Tracking,30.0654221,29.8472424,1,0.0330048949981574,0.675069451,2.83791661,1,160x90 DepthUint16,"centre=4121 min=869 max=39375 hex=0000 0000 1019 2574 04F7","centre=8915 min=2378 max=8950 hex=22E1 22E2 22D3 1F98 0D8E",0,0,0,,0,,,None,Unavailable,NoWallUnderCrosshair,,,,"only 0 valid depth samples under crosshair (0 no-data, 58 out-of-range, 383 low-confidence)",0,,,None,Unavailable,NoWallInView,,,,-1.31114435,1.06635559,0.5012376,-0.0179616064,-0.221259326,0.006897211,0.975025237,0,0,0,0,0,0,283696.91384333,283696.91384333,0.032923177001066506
59.148051697473193,d62bf83a,SessionTracking,Tracking,30.06557,29.8472424,1,0.026174323022132739,0.6514583,2.973264,1,160x90 DepthUint16,"centre=3437 min=855 max=39950 hex=0000 0000 0D6D 20C4 052D","centre=9325 min=2332 max=9327 hex=23F6 242D 246D 2142 0D57",0,0,0,,0,,,None,Unavailable,NoWallUnderCrosshair,,,,"only 0 valid depth samples under crosshair (0 no-data, 47 out-of-range, 394 low-confidence)",0,,,None,Unavailable,NoWallInView,,,,-1.31120288,1.06317127,0.50320816,-0.0166698266,-0.202422038,0.0056749885,0.9791401,0,0,0,0,0,0,283696.94717041403,283696.94717041403,0.026056511007482186
59.187998780460248,d62bf83a,SessionTracking,Tracking,30.0653725,29.8472424,1,0.037357499997597188,0.6267361,2.95895839,1,160x90 DepthUint16,"centre=3557 min=1073 max=38411 hex=0000 0000 0DE5 1C9C 0527","centre=8764 min=2457 max=9013 hex=2315 22BA 223C 1EE0 0D84",0,0,0,,0,,,None,Unavailable,NoWallUnderCrosshair,,,,"only 0 valid depth samples under crosshair (0 no-data, 26 out-of-range, 415 low-confidence)",0,,,None,Unavailable,NoWallInView,,,,-1.31098425,1.05997729,0.505207062,-0.0159659926,-0.185737059,0.004964978,0.9824572,0,0,0,0,0,0,283696.980497497,283696.980497497,0.037285052007064223
59.217760030474665,d62bf83a,SessionTracking,Tracking,30.0649738,29.8472424,1,0.028803749999497086,0.598680556,3.21993065,1,160x90 DepthUint16,"centre=5435 min=1088 max=38684 hex=0000 0000 153B 1BB1 05F8","centre=8598 min=2665 max=8791 hex=2222 21DE 2196 1E5E 0D2D",0,0,0,,0,,,None,Unavailable,NoWallUnderCrosshair,,,,"only 0 valid depth samples under crosshair (0 no-data, 17 out-of-range, 424 low-confidence)",0,,,None,Unavailable,NoWallInView,,,,-1.28124452,1.04175568,0.512238264,-0.01673277,-0.176085636,0.004001439,0.9842245,0,0,0,0,0,0,283697.013416221,283697.013416221,0.028731146012432873
59.253300343468936,d62bf83a,SessionTracking,Tracking,30.0633144,29.8472424,1,0.0339586460031569,0.579930544,3.78388882,1,160x90 DepthUint16,"centre=5470 min=1082 max=38893 hex=0000 0000 155E 1C0B 0601","centre=8948 min=2467 max=9012 hex=231A 22FF 22F4 1FC3 0CD1",0,0,0,,0,,,None,Unavailable,NoWallUnderCrosshair,,,,"only 0 valid depth samples under crosshair (0 no-data, 12 out-of-range, 429 low-confidence)",0,,,None,Unavailable,NoWallInView,,,,-1.278603,1.0382421,0.5145603,-0.0170606375,-0.168678626,0.00375464559,0.9855163,0,0,0,0,0,0,283697.046743305,283697.046743305,0.033876563014928252
59.282914926475996,d62bf83a,SessionTracking,Tracking,30.0669613,29.8472424,1,0.027877760003320873,0.5923611,4.18951368,1,160x90 DepthUint16,"centre=5519 min=1087 max=39265 hex=0000 0000 158F 1BA3 0619","centre=7105 min=2651 max=7895 hex=16EE 1930 1BC1 1AD4 0CF8",0,0,0,,0,,,None,Unavailable,NoWallUnderCrosshair,,,,"only 0 valid depth samples under crosshair (0 no-data, 8 out-of-range, 433 low-confidence)",0,,,None,Unavailable,NoWallInView,,,,-1.275731,1.03479624,0.5171411,-0.0165951122,-0.1626295,0.00329607748,0.986542165,0,0,0,0,0,0,283697.079955262,283697.079955262,0.02780609400360845
59.313153988452314,d62bf83a,SessionTracking,Tracking,30.0656624,29.8472424,1,0.029601665999507532,0.5810417,4.108611,1,160x90 DepthUint16,"centre=5541 min=1080 max=39507 hex=0000 0000 15A5 203E 0647","centre=7108 min=2508 max=7861 hex=13E6 1761 1BC4 1D8C 0C83",0,0,0,,0,,,None,Unavailable,NoWallUnderCrosshair,,,,"only 0 valid depth samples under crosshair (3 no-data, 2 out-of-range, 436 low-confidence)",0,,,None,Unavailable,NoWallInView,,,,-1.273146,1.03150225,0.5200343,-0.0148794129,-0.1560747,0.00264951587,0.987629652,0,0,0,0,0,0,283697.113282345,283697.113282345,0.029524218000005931
59.351034301452955,d62bf83a,SessionTracking,Tracking,30.066658,29.8472424,1,0.037060572998598218,0.5646528,4.30055571,1,160x90 DepthUint16,"centre=5449 min=1079 max=39748 hex=0000 0000 1549 21CB 067F","centre=6459 min=2789 max=9570 hex=12B3 156F 193B 1AD2 0D68",0,0,0,,0,,,None,Unavailable,NoWallUnderCrosshair,,,,"only 0 valid depth samples under crosshair (9 no-data, 0 out-of-range, 432 low-confidence)",0,,,None,Unavailable,NoWallInView,,,,-1.27161074,1.034029,0.510698855,-0.0138916969,-0.148786142,0.00188419223,0.98877,0,0,0,0,0,0,283697.147569492,283697.147569492,0.036991249973652884
59.391046853477519,d62bf83a,SessionTracking,Tracking,30.06744,29.8472424,1,0.039393438026309013,0.548888862,4.30145836,1,160x90 DepthUint16,"centre=5015 min=956 max=39788 hex=0000 0000 1397 21FF 0687","centre=6053 min=2771 max=8374 hex=10F2 13C8 17A5 191C 0D31",0,0,0,,0,,,None,Unavailable,NoWallUnderCrosshair,,,,"only 0 valid depth samples under crosshair (16 no-data, 0 out-of-range, 425 low-confidence)",0,,,None,Unavailable,NoWallInView,,,,-1.26990056,1.030705,0.513382435,-0.0127271265,-0.139878914,0.00123018026,0.9900861,0,0,0,0,0,0,283697.180639756,283697.180639756,0.039331927022431046
59.422088207476691,d62bf83a,SessionTracking,Tracking,30.0697536,29.8472424,1,0.03034979201038368,0.5565278,4.219236,1,160x90 DepthUint16,"centre=4135 min=696 max=39926 hex=0000 0000 1027 23D3 069D","centre=5662 min=2680 max=6888 hex=0F43 1205 161E 185D 0CBA",0,0,0,,0,,,None,Unavailable,NoWallUnderCrosshair,,,,"only 0 valid depth samples under crosshair (22 no-data, 3 out-of-range, 416 low-confidence)",0,,,None,Unavailable,NoWallInView,,,,-1.26913452,1.02738571,0.5171121,-0.0104931556,-0.130005762,0.00101730227,0.9914572,0,0,0,0,0,0,283697.21368726104,283697.21368726104,0.030287083005532622
59.454176020462683,d62bf83a,SessionTracking,Tracking,30.0670185,29.8472424,1,0.0313568229903467,0.541388869,4.12479162,1,160x90 DepthUint16,"centre=3550 min=669 max=39884 hex=0000 0000 0DDE 2339 070D","centre=5167 min=2354 max=6583 hex=0DC1 105F 142F 1578 0B68",0,0,0,,0,,,None,Unavailable,NoWallUnderCrosshair,,,,"only 0 valid depth samples under crosshair (24 no-data, 22 out-of-range, 395 low-confidence)",0,,,None,Unavailable,NoWallInView,,,,-1.26747108,1.02403677,0.5197758,-0.009098485,-0.122161165,0.0007328689,0.992468357,0,0,0,0,0,0,283697.247014345,283697.247014345,0.031288645986933261
59.48851190545588,d62bf83a,SessionTracking,Tracking,30.0683765,29.8472424,1,0.0337058849981986,0.5331944,4.435694,1,160x90 DepthUint16,"centre=3289 min=665 max=39910 hex=0000 0000 0CD9 22C4 074F","centre=5095 min=2431 max=6642 hex=0DE8 104B 13E7 158A 0CDC",0,0,0,,0,,,None,Unavailable,NoWallUnderCrosshair,,,,"only 0 valid depth samples under crosshair (24 no-data, 37 out-of-range, 380 low-confidence)",0,,,None,Unavailable,NoWallInView,,,,-1.26545143,1.02052665,0.5222745,-0.008890645,-0.116901323,0.000569284,0.9931036,0,0,0,0,0,0,283697.27950898104,283697.27950898104,0.03363984398311004
59.514737270455726,d62bf83a,SessionTracking,Tracking,30.07025,29.8472424,1,0.024442395981168374,0.5534722,4.44201374,1,160x90 DepthUint16,"centre=3159 min=662 max=39984 hex=0000 0000 0C57 2264 072D","centre=5149 min=2548 max=6413 hex=0E37 1081 141D 15AE 0BFC",0,0,0,,0,,,None,Unavailable,NoWallUnderCrosshair,,,,"only 0 valid depth samples under crosshair (12 no-data, 48 out-of-range, 381 low-confidence)",0,,,None,Unavailable,NoWallInView,,,,-1.26334071,1.01710248,0.524820447,-0.008280695,-0.113026485,0.000656128,0.9935573,0,0,0,0,0,0,283697.311304006,283697.311304006,0.024376249988563359
59.578766384456458,d62bf83a,SessionTracking,Tracking,30.0683632,29.8472424,1,0.057318749983096495,0.552916646,4.47208357,1,160x90 DepthUint16,"centre=3086 min=663 max=39975 hex=0000 0000 0C0E 2227 0745","centre=5368 min=2527 max=6428 hex=10C9 1250 14F8 15F3 0C4C",0,0,0,,0,,,None,Unavailable,NoWallUnderCrosshair,,,,"only 0 valid depth samples under crosshair (12 no-data, 62 out-of-range, 367 low-confidence)",0,,,None,Unavailable,NoWallInView,,,,-1.26060033,1.01316178,0.526401639,-0.00734687224,-0.110128641,0.000575721264,0.9938901,0,0,0,0,0,0,283697.342776045,283697.342776045,0.057252186990808696
59.590121592456626,d62bf83a,SessionTracking,Tracking,20.04548,29.8472424,1,0.009725936979521066,0.544791639,4.54131937,1,160x90 DepthUint16,"centre=3033 min=660 max=39969 hex=0000 0000 0BD9 21F7 0776","centre=5293 min=2134 max=6391 hex=1025 11DA 14AD 15D9 0CD3",0,0,0,,0,,,None,Unavailable,NoWallUnderCrosshair,,,,"only 0 valid depth samples under crosshair (13 no-data, 75 out-of-range, 353 low-confidence)",0,,,None,Unavailable,NoWallInView,,,,-1.25824952,1.009568,0.5293243,-0.0064182356,-0.107978627,0.000675469637,0.9941323,0,0,0,0,0,0,283697.376103128,283697.376103128,0.009677030990133062
59.652540290469688,d62bf83a,SessionTracking,Tracking,30.0676289,29.8472424,1,0.061883489019237459,0.550416648,4.662431,1,160x90 DepthUint16,"centre=3040 min=658 max=39761 hex=0000 0000 0BE0 21BE 0786","centre=4868 min=2562 max=6100 hex=0DF2 0FD6 1304 14AC 0BB2",0,0,0,,0,,,None,Unavailable,NoWallUnderCrosshair,,,,"only 0 valid depth samples under crosshair (12 no-data, 76 out-of-range, 353 low-confidence)",0,,,None,Unavailable,NoWallInView,,,,-1.25694144,1.00570619,0.532736242,-0.00614075735,-0.105768979,0.0005803704,0.9943716,0,0,0,0,0,0,283697.409382485,283697.409382485,0.061824895004974678
59.704410603477072,d62bf83a,SessionTracking,Tracking,12.02767,29.8472424,1,0.051215886021964252,0.557777762,4.674375,1,160x90 DepthUint16,"centre=3480 min=658 max=39940 hex=0000 0000 0D98 2187 07D1","centre=4654 min=2156 max=5969 hex=0CC0 0EAC 122E 140D 0BAE",0,0,0,,0,,,None,Unavailable,NoWallUnderCrosshair,,,,"only 0 valid depth samples under crosshair (6 no-data, 77 out-of-range, 358 low-confidence)",0,,,None,Unavailable,NoWallInView,,,,-1.25453365,1.00197828,0.5356187,-0.00604697,-0.103970028,0.000479370385,0.994562,0,0,0,0,0,0,283697.442709569,283697.442709569,0.051159948023268953
59.736044197463116,d62bf83a,SessionTracking,Tracking,30.0695114,29.8472424,1,0.029673646000446752,0.5563889,4.99868059,1,160x90 DepthUint16,"centre=3548 min=655 max=39989 hex=0000 0000 0DDC 216A 07D9","centre=4671 min=1907 max=6115 hex=0BF2 0E43 123F 147C 0BEF",0,0,0,,0,,,None,Unavailable,NoWallUnderCrosshair,,,,"only 0 valid depth samples under crosshair (6 no-data, 88 out-of-range, 347 low-confidence)",0,,,None,Unavailable,NoWallInView,,,,-1.25206161,0.9984453,0.5386894,-0.004951146,-0.102955312,0.000611990748,0.9946735,0,0,0,0,0,0,283697.476036652,283697.476036652,0.029592656996101141
59.80524320746531,d62bf83a,SessionTracking,Tracking,30.0684261,29.8472424,1,0.068450104008661583,0.5605556,5.09541655,1,160x90 DepthUint16,"centre=3608 min=652 max=39904 hex=0000 0000 0E18 2141 07D8","centre=4367 min=1712 max=5617 hex=0B16 0D3F 110F 133B 0C00",0,0,0,,0,,,None,Unavailable,NoWallUnderCrosshair,,,,"only 0 valid depth samples under crosshair (6 no-data, 89 out-of-range, 346 low-confidence)",0,,,None,Unavailable,NoWallInView,,,,-1.24964261,0.994900644,0.5417256,-0.0039033033,-0.101718679,0.000439524651,0.994805455,0,0,0,0,0,0,283697.50936373504,283697.50936373504,0.068369635002454743
59.820066905467456,d62bf83a,SessionTracking,Tracking,20.0449848,27.9132061,1,0.014216667012078688,0.5873611,5.242639,1,160x90 DepthUint16,"centre=3900 min=653 max=39984 hex=0000 0000 0F3C 20C5 07AF","centre=4435 min=1573 max=5708 hex=0A30 0CCF 1153 13D6 0BEF",0,0,0,,0,,,None,Unavailable,NoWallUnderCrosshair,,,,"only 0 valid depth samples under crosshair (2 no-data, 92 out-of-range, 347 low-confidence)",0,,,None,Unavailable,NoWallInView,,,,-1.24563277,0.9889642,0.542849064,-0.003877737,-0.0988100246,-0.0006316603,0.9950986,0,0,0,0,0,0,283697.542276317,283697.542276317,0.014162865001708269
59.863380707454553,d62bf83a,SessionTracking,Tracking,30.068018,27.9132061,1,0.04274781298590824,0.5875,5.756111,1,160x90 DepthUint16,"centre=4255 min=651 max=39174 hex=0000 0000 109F 1FC7 07AE","centre=3848 min=1374 max=5029 hex=091F 0B4F 0F08 1169 0C0E",0,0,0,,0,,,None,Unavailable,NoWallUnderCrosshair,,,,"only 0 valid depth samples under crosshair (2 no-data, 120 out-of-range, 319 low-confidence)",0,,,None,Unavailable,NoWallInView,,,,-1.24077237,0.9816704,0.5481114,-0.00295257964,-0.09291103,-0.00148153317,0.995668948,0,0,0,0,0,0,283697.60867366404,283697.60867366404,0.042686614993726835
59.89739086345412,d62bf83a,SessionTracking,Tracking,30.0667057,27.9132061,1,0.031528020976111293,0.5913889,5.9825,1,160x90 DepthUint16,"centre=4277 min=650 max=39192 hex=0000 0000 10B5 1F66 07BB","centre=3495 min=1249 max=5327 hex=080C 0A1D 0DA7 101B 0BFB",0,0,0,,0,,,None,Unavailable,NoWallUnderCrosshair,,,,"only 0 valid depth samples under crosshair (2 no-data, 119 out-of-range, 320 low-confidence)",0,,,None,Unavailable,NoWallInView,,,,-1.23826778,0.977906,0.5507021,-0.00297129946,-0.0904023,-0.00195568823,0.995899,0,0,0,0,0,0,283697.642000748,283697.642000748,0.031447968998691067
59.930583936456742,d62bf83a,SessionTracking,Tracking,20.0460262,27.9132061,1,0.03000276000238955,0.58479166,6.149236,1,160x90 DepthUint16,"centre=4261 min=637 max=39368 hex=0000 0000 10A5 1EE7 07E6","centre=3753 min=1215 max=5548 hex=082D 0AC9 0EA9 1140 0B7B",0,0,0,,0,,,None,Unavailable,NoWallUnderCrosshair,,,,"only 0 valid depth samples under crosshair (0 no-data, 133 out-of-range, 308 low-confidence)",0,,,None,Unavailable,NoWallInView,,,,-1.23365855,0.9705502,0.556493163,-0.0014864133,-0.086121425,-0.002310455,0.996280849,0,0,0,0,0,0,283697.708654914,283697.708654914,0.029902759997639805
59.962580863477115,d62bf83a,SessionTracking,Tracking,30.0684338,27.9132061,1,0.031385937007144094,0.5835417,6.45986128,1,160x90 DepthUint16,"centre=4256 min=634 max=39445 hex=0000 0000 10A0 1F09 07EA","centre=4012 min=1211 max=5607 hex=087E 0B69 0FAC 125C 0BC5",0,0,0,,0,,,None,Unavailable,NoWallUnderCrosshair,,,,"only 0 valid depth samples under crosshair (0 no-data, 135 out-of-range, 306 low-confidence)",0,,,None,Unavailable,NoWallInView,,,,-1.23798573,0.9675827,0.5670508,0.000191036626,-0.08371014,-0.00301551842,0.9964856,0,0,0,0,0,0,283697.741812521,283697.741812521,0.031307864002883434
59.9971116964623,d62bf83a,SessionTracking,Tracking,30.068737,27.9132061,1,0.033825051999883726,0.60159725,6.621736,1,160x90 DepthUint16,"centre=4308 min=632 max=39244 hex=0000 0000 10D4 1F26 07F7","centre=4067 min=1197 max=5231 hex=08E9 0B9E 0FE3 123A 0BA5",0,0,0,,0,,,None,Unavailable,NoWallUnderCrosshair,,,,"only 0 valid depth samples under crosshair (0 no-data, 137 out-of-range, 304 low-confidence)",0,,,None,Unavailable,NoWallInView,,,,-1.23550951,0.963921,0.570157766,0.000661130936,-0.0817510262,-0.00315135671,0.996647537,0,0,0,0,0,0,283697.775139604,283697.775139604,0.033753436990082264
60.029439613459317,d62bf83a,SessionTracking,Tracking,30.0687733,27.9132061,1,0.031737187004182488,0.5951389,6.704583,1,160x90 DepthUint16,"centre=4345 min=628 max=39361 hex=0000 0000 10F9 1EEE 0826","centre=3840 min=1197 max=4742 hex=0937 0B64 0F00 1149 0B4A",0,0,0,,0,,,None,Unavailable,NoWallUnderCrosshair,,,,"only 0 valid depth samples under crosshair (0 no-data, 150 out-of-range, 291 low-confidence)",0,,,None,Unavailable,NoWallInView,,,,-1.23766327,0.9629072,0.572612762,0.000272274046,-0.07750641,-0.00442805933,0.996982,0,0,0,0,0,0,283697.808341253,283697.808341253,0.031641406007111073
60.066557686459191,d62bf83a,SessionTracking,Tracking,30.0691071,27.9132061,1,0.036470155988354236,0.5933333,6.522639,1,160x90 DepthUint16,"centre=5560 min=635 max=39560 hex=0000 0000 15B8 1EE6 076A","centre=3627 min=1227 max=5456 hex=093B 0AFB 0E2B 10BC 0B8F",0,0,0,,0,,,None,Unavailable,NoWallUnderCrosshair,,,,"only 0 valid depth samples under crosshair (1 no-data, 176 out-of-range, 264 low-confidence)",0,,,None,Unavailable,NoWallInView,,,,-1.2491132,0.976797462,0.5641112,0.0002690144,-0.07114054,-0.00600188971,0.997448266,0,0,0,0,0,0,283697.841666958,283697.841666958,0.03640895799617283
60.112991957463009,d62bf83a,SessionTracking,Tracking,30.0719967,27.9132061,1,0.045781563007039949,0.5953472,6.881181,1,160x90 DepthUint16,"centre=10413 min=633 max=39672 hex=0000 0000 28AD 1EEC 075E","centre=3497 min=1103 max=5364 hex=083A 0A31 0DA9 10BF 0B65",0,0,0,,0,,,None,Unavailable,NoWallUnderCrosshair,,,,"only 0 valid depth samples under crosshair (22 no-data, 180 out-of-range, 239 low-confidence)",0,,,None,Unavailable,NoWallInView,,,,-1.24542272,0.9733924,0.5674759,3.68766523E-05,-0.0663614646,-0.006191076,0.997776449,0,0,0,0,0,0,283697.874994041,283697.874994041,0.0457154169853311
60.132539405461785,d62bf83a,SessionTracking,Tracking,30.0671844,27.9132061,1,0.017684896010905504,0.6070139,6.613333,1,160x90 DepthUint16,"centre=10441 min=639 max=39501 hex=0000 0000 28C9 1E4C 0732","centre=3998 min=1282 max=5424 hex=0A23 0C21 0F9E 12ED 0B50",0,0,0,,0,,,None,Unavailable,NoWallUnderCrosshair,,,,"only 0 valid depth samples under crosshair (2 no-data, 213 out-of-range, 226 low-confidence)",0,,,None,Unavailable,NoWallInView,,,,-1.25723791,0.9873374,0.559506834,-0.000134803355,-0.0635424256,-0.006893903,0.9979553,0,0,0,0,0,0,283697.90835790604,283697.90835790604,0.017614791984669864
60.174855446475476,d62bf83a,SessionTracking,Tracking,30.072607,27.9132061,1,0.0408573430031538,0.605833352,6.959375,1,160x90 DepthUint16,"centre=10450 min=638 max=39556 hex=0000 0000 28D2 1D8B 0725","centre=3953 min=1186 max=5568 hex=0952 0B8E 0F71 134B 0B32",0,0,0,,0,,,None,Unavailable,NoWallUnderCrosshair,,,,"only 0 valid depth samples under crosshair (23 no-data, 213 out-of-range, 205 low-confidence)",0,,,None,Unavailable,NoWallInView,,,,-1.253405,0.984169662,0.563228667,-0.000360880047,-0.0603291839,-0.007215917,0.998152435,0,0,0,0,0,0,283697.94168499,283697.94168499,0.040781614021398127
60.2197893014561,d62bf83a,SessionTracking,Tracking,20.0445671,27.9132061,1,0.043562499980907887,0.6134028,7.241667,1,160x90 DepthUint16,"centre=10456 min=636 max=39599 hex=0000 0000 28D8 1C9D 0719","centre=3752 min=1081 max=5400 hex=084C 0AB3 0EA8 12A0 0B0A",0,0,0,,0,,,None,Unavailable,NoWallUnderCrosshair,,,,"only 0 valid depth samples under crosshair (23 no-data, 212 out-of-range, 206 low-confidence)",0,,,None,Unavailable,NoWallInView,,,,-1.24949491,0.9810187,0.567077935,-0.0005712491,-0.0575896166,-0.007391155,0.998312831,0,0,0,0,0,0,283697.975012073,283697.975012073,0.039552968984935433
60.252723780464066,d62bf83a,SessionTracking,Tracking,30.06851,27.9132061,1,0.031651563011109829,0.615625,7.11631966,1,160x90 DepthUint16,"centre=10462 min=641 max=39914 hex=0000 0000 28DE 1BF7 0717","centre=3714 min=1203 max=5332 hex=0894 0AD5 0E82 1216 0B14",0,0,0,,0,,,None,Unavailable,NoWallUnderCrosshair,,,,"only 0 valid depth samples under crosshair (44 no-data, 212 out-of-range, 185 low-confidence)",0,,,None,Unavailable,NoWallInView,,,,-1.2450794,0.981742263,0.5625433,-0.0010144097,-0.0556783229,-0.007702739,0.99841857,0,0,0,0,0,0,283698.008384013,283698.008384013,0.031581771007040516
60.281317634453217,d62bf83a,SessionTracking,Tracking,30.0679913,27.9132061,1,0.027871614991454408,0.61604166,7.46680546,1,160x90 DepthUint16,"centre=10447 min=640 max=39977 hex=0000 0000 28CF 1B27 0736","centre=3630 min=1099 max=5203 hex=0819 0A6B 0E2E 121C 0AD4",0,0,0,,0,,,None,Unavailable,NoWallUnderCrosshair,,,,"only 0 valid depth samples under crosshair (65 no-data, 213 out-of-range, 163 low-confidence)",0,,,None,Unavailable,NoWallInView,,,,-1.240993,0.978796,0.566292763,-0.00110848818,-0.05261205,-0.007744045,0.9985844,0,0,0,0,0,0,283698.041711097,283698.041711097,0.027792551991296932
60.313621019453194,d62bf83a,SessionTracking,Tracking,30.0690155,27.9132061,1,0.031137499987380579,0.623958349,7.994375,1,160x90 DepthUint16,"centre=10318 min=638 max=39251 hex=0000 0000 284E 1AA2 0729","centre=3035 min=987 max=5151 hex=06EE 08B8 0BDB 0F97 0AFB",0,0,0,,0,,,None,Unavailable,NoWallUnderCrosshair,,,,"only 0 valid depth samples under crosshair (65 no-data, 218 out-of-range, 158 low-confidence)",0,,,None,Unavailable,NoWallInView,,,,-1.23705482,0.97573,0.5699074,-0.0017458275,-0.0489355139,-0.008063495,0.9987679,0,0,0,0,0,0,283698.07503818005,283698.07503818005,0.031055572995683178
60.349122738469077,d62bf83a,SessionTracking,Tracking,30.0699654,27.9132061,1,0.034781510010361671,0.648819447,8.891806,1,160x90 DepthUint16,"centre=9828 min=638 max=37784 hex=0000 0000 2664 1ADD 149E","centre=3030 min=944 max=5229 hex=067E 086C 0BD6 0F8A 0B5F",0,0,0,,0,,,None,Unavailable,NoWallUnderCrosshair,,,,"only 0 valid depth samples under crosshair (85 no-data, 233 out-of-range, 123 low-confidence)",0,,,None,Unavailable,NoWallInView,,,,-1.22610807,0.9693366,0.5732484,-0.00330796512,-0.0430443473,-0.008556874,0.999031067,0,0,0,0,0,0,283698.141699587,283698.141699587,0.034709010011283681
60.381232061455876,d62bf83a,SessionTracking,Tracking,30.0707779,27.9132061,1,0.029848801990738139,0.6501389,9.358472,1,160x90 DepthUint16,"centre=9770 min=636 max=39354 hex=0000 0000 262A 1AD2 1687","centre=2986 min=896 max=5377 hex=0608 080F 0BAA 0FC1 0C28",0,0,0,,0,,,None,Unavailable,NoWallUnderCrosshair,,,,"only 0 valid depth samples under crosshair (106 no-data, 224 out-of-range, 111 low-confidence)",0,,,None,Unavailable,NoWallInView,,,,-1.22178519,0.966171,0.5768287,-0.00376339117,-0.0400679372,-0.00860116,0.9991529,0,0,0,0,0,0,283698.17502667004,283698.17502667004,0.029755103983916342
60.414748467479285,d62bf83a,SessionTracking,Tracking,30.0683556,27.9132061,1,0.032744323019869626,0.6525,9.657153,1,160x90 DepthUint16,"centre=9755 min=635 max=39392 hex=0000 0000 261B 1D22 16BA","centre=3154 min=902 max=5797 hex=0631 0862 0C52 10A2 0CC4",0,0,0,,0,,,None,Unavailable,NoWallUnderCrosshair,,,,"only 0 valid depth samples under crosshair (127 no-data, 212 out-of-range, 102 low-confidence)",0,,,None,Unavailable,NoWallInView,,,,-1.21738029,0.962920547,0.5804629,-0.00424414547,-0.0372057557,-0.008736045,0.9992605,0,0,0,0,0,0,283698.208353753,283698.208353753,0.0326464060053695
60.456894561477156,d62bf83a,SessionTracking,Tracking,30.0703068,27.9132061,1,0.039768177026417106,0.6377778,8.823472,1,160x90 DepthUint16,"centre=9770 min=645 max=39466 hex=0000 0000 262A 1C27 16A5","centre=3412 min=999 max=5891 hex=06FB 0920 0D54 131E 0DB0",0,0,0,,0,,,None,Unavailable,NoWallUnderCrosshair,,,,"only 0 valid depth samples under crosshair (127 no-data, 212 out-of-range, 102 low-confidence)",0,,,None,Unavailable,NoWallInView,,,,-1.23172069,0.9764666,0.567883134,-0.00418468751,-0.0342597067,-0.008554459,0.9993676,0,0,0,0,0,0,283698.24174230103,283698.24174230103,0.039657500019529834
60.500569248458987,d62bf83a,SessionTracking,Tracking,30.0687943,27.9132061,1,0.037507186993025243,0.6457639,9.161389,1,160x90 DepthUint16,"centre=9784 min=642 max=39518 hex=0000 0000 2638 19A8 16CE","centre=3144 min=930 max=5811 hex=0628 0842 0C48 1202 0DF0",0,0,0,,0,,,None,Unavailable,NoWallUnderCrosshair,,,,"only 0 valid depth samples under crosshair (147 no-data, 200 out-of-range, 94 low-confidence)",0,,,None,Unavailable,NoWallInView,,,,-1.227737,0.9734849,0.571678638,-0.003992255,-0.0318017974,-0.008745372,0.999448,0,0,0,0,0,0,283698.275069384,283698.275069384,0.037446978996740654
60.518785655472811,d62bf83a,SessionTracking,Tracking,30.0692139,27.9132061,1,0.017589219001820311,0.6402083,8.350278,1,160x90 DepthUint16,"centre=9819 min=667 max=37618 hex=0000 0000 265B 1D24 179E","centre=3667 min=1190 max=5349 hex=0874 0A62 0E53 139A 0BE2",0,0,0,,0,,,None,Unavailable,NoWallUnderCrosshair,,,,"only 0 valid depth samples under crosshair (147 no-data, 206 out-of-range, 88 low-confidence)",0,,,None,Unavailable,NoWallInView,,,,-1.23193681,0.987274051,0.5468353,-0.00389067084,-0.0288187824,-0.008766651,0.99953866,0,0,0,0,0,0,283698.308448492,283698.308448492,0.017522917012684047
60.550695446468808,d62bf83a,SessionTracking,Tracking,30.0671062,27.9132061,1,0.031282968004234135,0.638611138,8.692361,1,160x90 DepthUint16,"centre=9836 min=666 max=37502 hex=0000 0000 266C 1D9D 18F2","centre=3505 min=1135 max=5333 hex=07C0 0999 0DB1 1370 0C37",0,0,0,,0,,,None,Unavailable,NoWallUnderCrosshair,,,,"only 0 valid depth samples under crosshair (168 no-data, 193 out-of-range, 80 low-confidence)",0,,,None,Unavailable,NoWallInView,,,,-1.22810018,0.9846766,0.550096869,-0.003937064,-0.0257198233,-0.008951248,0.9996214,0,0,0,0,0,0,283698.341775576,283698.341775576,0.031219374999636784
60.587499561461073,d62bf83a,SessionTracking,Tracking,30.06835,27.9132061,1,0.035938802000600845,0.6561111,9.118264,1,160x90 DepthUint16,"centre=9849 min=664 max=37205 hex=0000 0000 2679 1D9B 1996","centre=3201 min=1060 max=5590 hex=0701 08C4 0C81 11C8 0CC2",0,0,0,,0,,,None,Unavailable,NoWallUnderCrosshair,,,,"only 0 valid depth samples under crosshair (168 no-data, 198 out-of-range, 75 low-confidence)",0,,,None,Unavailable,NoWallInView,,,,-1.22435772,0.9820678,0.553212643,-0.00424818,-0.0218546614,-0.009085656,0.999710858,0,0,0,0,0,0,283698.375102659,283698.375102659,0.035855677007930353
60.616084561453818,d62bf83a,SessionTracking,Tracking,30.0635338,27.9132061,1,0.027877291984623298,0.66631943,9.075486,1,160x90 DepthUint16,"centre=9903 min=702 max=39774 hex=0000 0000 26AF 1D76 1C7B","centre=2275 min=1023 max=5528 hex=0694 06DB 08E3 0D6A 0C80",0,0,0,,0,,,None,Unavailable,NoWallUnderCrosshair,,,,"only 0 valid depth samples under crosshair (156 no-data, 184 out-of-range, 101 low-confidence)",0,,,None,Unavailable,NoWallInView,,,,-1.20154619,0.987528563,0.5175054,-0.005452759,-0.01837234,-0.0100931227,0.9997654,0,0,0,0,0,0,283698.40842631203,283698.40842631203,0.027805207995697856
60.652526019464631,d62bf83a,SessionTracking,Tracking,30.0699463,27.9132061,1,0.035848906001774594,0.666805565,9.394028,1,160x90 DepthUint16,"centre=9920 min=700 max=39798 hex=0000 0000 26C0 1DB2 3056","centre=2358 min=1000 max=5529 hex=05B1 069F 0936 0EEB 0CCD",0,0,0,,0,,,None,Unavailable,NoWallUnderCrosshair,,,,"only 0 valid depth samples under crosshair (147 no-data, 171 out-of-range, 123 low-confidence)",0,,,None,Unavailable,NoWallInView,,,,-1.19664347,0.9849887,0.519551933,-0.00630283635,-0.0151420357,-0.0102250874,0.9998132,0,0,0,0,0,0,283698.441753396,283698.441753396,0.035788437002338469
60.683543884460732,d62bf83a,SessionTracking,Tracking,30.0662041,27.9132061,1,0.030509584001265466,0.6672222,9.670625,1,160x90 DepthUint16,"centre=9945 min=699 max=39839 hex=0000 0000 26D9 1E69 3D95","centre=2246 min=964 max=5084 hex=053A 0623 08C6 0F0D 0C77",0,0,0,,0,,,None,Unavailable,NoWallUnderCrosshair,,,,"only 0 valid depth samples under crosshair (138 no-data, 157 out-of-range, 146 low-confidence)",0,,,None,Unavailable,NoWallInView,,,,-1.19180751,0.9824586,0.5216701,-0.006785168,-0.0115588931,-0.010303379,0.9998571,0,0,0,0,0,0,283698.475080479,283698.475080479,0.030457396002020687
60.714309405451559,d62bf83a,SessionTracking,Tracking,30.070797,27.9132061,1,0.030228645977331325,0.674444437,9.049653,1,160x90 DepthUint16,"centre=9966 min=718 max=39897 hex=0000 0000 26EE 1E46 7F06","centre=2834 min=1204 max=7991 hex=069D 07D0 0B12 11FD 1119",0,0,0,,0,,,None,Unavailable,NoWallUnderCrosshair,,,,"only 0 valid depth samples under crosshair (117 no-data, 163 out-of-range, 161 low-confidence)",0,,,None,Unavailable,NoWallInView,,,,-1.19076717,0.993648469,0.5024668,-0.007206933,-0.008624049,-0.01086697,0.9998778,0,0,0,0,0,0,283698.508400344,283698.508400344,0.030173593986546621
60.747707842474256,d62bf83a,SessionTracking,Tracking,30.0706253,27.9132061,1,0.032558489998336881,0.677222252,9.313889,1,160x90 DepthUint16,"centre=9966 min=712 max=39908 hex=0000 0000 26EE 1E1B 7EA0","centre=2507 min=1276 max=8065 hex=064D 070D 09CB 0FD1 10F1",0,0,0,,0,,,None,Unavailable,NoWallUnderCrosshair,,,,"only 0 valid depth samples under crosshair (93 no-data, 163 out-of-range, 185 low-confidence)",0,,,None,Unavailable,NoWallInView,,,,-1.18525589,0.991340458,0.504494131,-0.007639773,-0.006979092,-0.0109422822,0.999886632,0,0,0,0,0,0,283698.54172742803,283698.54172742803,0.032470311998622492
60.800034300456673,d62bf83a,SessionTracking,Tracking,30.06773,27.9132061,1,0.0514531770022586,0.6933333,9.533958,1,160x90 DepthUint16,"centre=9975 min=709 max=39949 hex=0000 0000 26F7 1EF2 802D","centre=2560 min=1198 max=8085 hex=05A0 06DB 0A00 10C0 1235",0,0,0,,0,,,None,Unavailable,NoWallUnderCrosshair,,,,"only 0 valid depth samples under crosshair (67 no-data, 162 out-of-range, 212 low-confidence)",0,,,None,Unavailable,NoWallInView,,,,-1.1797874,0.989164352,0.5066177,-0.00738295261,-0.004926702,-0.010857881,0.999901652,0,0,0,0,0,0,283698.575054511,283698.575054511,0.051384061982389539
60.819676019458484,d62bf83a,SessionTracking,Tracking,30.0696259,27.9132061,1,0.018926093995105475,0.6714583,8.121458,1,160x90 DepthUint16,"centre=10021 min=741 max=38849 hex=0000 0000 2725 1F17 86DD","centre=2778 min=1274 max=8889 hex=0935 0913 0ADA 10B4 118C",0,0,0,,0,,,None,Unavailable,NoWallUnderCrosshair,,,,"only 0 valid depth samples under crosshair (119 no-data, 154 out-of-range, 168 low-confidence)",0,,,None,Unavailable,NoWallInView,,,,-1.19655132,1.01342988,0.472893625,-0.00771579938,-0.00278004142,-0.0107313106,0.9999088,0,0,0,0,0,0,283698.608387248,283698.608387248,0.018865051999455318
60.84677799846736,d62bf83a,SessionTracking,Tracking,30.067915,29.2195148,1,0.024375156004680321,0.6859722,8.16493,1,160x90 DepthUint16,"centre=10022 min=741 max=38915 hex=0000 0000 2726 1F3F 88B5","centre=2725 min=1298 max=8801 hex=08A2 08CE 0AA5 104B 117A",0,0,0,,0,,,None,Unavailable,NoWallUnderCrosshair,,,,"only 0 valid depth samples under crosshair (98 no-data, 151 out-of-range, 192 low-confidence)",0,,,None,Unavailable,NoWallInView,,,,-1.19126928,1.01159787,0.474325329,-0.00768300844,-0.000676328142,-0.0108799348,0.99991107,0,0,0,0,0,0,283698.64171433204,283698.64171433204,0.02430807301425375
60.885317998476012,d62bf83a,SessionTracking,Tracking,30.0623417,29.2195148,1,0.0379577080020681,0.68409723,8.443334,1,160x90 DepthUint16,"centre=10056 min=739 max=38892 hex=0000 0000 2748 21FE 8A12","centre=2676 min=1250 max=8719 hex=0820 0849 0A74 1172 1227",0,0,0,,0,,,None,Unavailable,NoWallUnderCrosshair,,,,"only 0 valid depth samples under crosshair (97 no-data, 135 out-of-range, 209 low-confidence)",0,,,None,Unavailable,NoWallInView,,,,-1.18609631,1.00983059,0.475733966,-0.00719899172,0.00191185146,-0.0111775706,0.9999098,0,0,0,0,0,0,283698.67504141503,283698.67504141503,0.037902864016359672
60.91817810247062,d62bf83a,SessionTracking,Tracking,30.0667057,29.2195148,1,0.031040052010212094,0.67375,7.94319439,1,160x90 DepthUint16,"centre=10067 min=756 max=39079 hex=0000 0000 2753 20AD 8885","centre=2485 min=1268 max=6140 hex=08AE 085E 09B5 0E18 117A",0,0,0,,0,,,None,Unavailable,NoWallUnderCrosshair,,,,"only 0 valid depth samples under crosshair (107 no-data, 143 out-of-range, 191 low-confidence)",0,,,None,Unavailable,NoWallInView,,,,-1.1964066,1.02682161,0.458532155,-0.00719122,0.00428130059,-0.0114212045,0.9998998,0,0,0,0,0,0,283698.708221759,283698.708221759,0.03097098899888806
60.964472686467843,d62bf83a,SessionTracking,Tracking,30.0680046,29.2195148,1,0.045169791992520913,0.6681945,8.256042,1,160x90 DepthUint16,"centre=10106 min=754 max=39157 hex=0000 0000 277A 23A3 86CB","centre=2538 min=1334 max=6272 hex=085D 0837 09EA 0F40 11FC",0,0,0,,0,,,None,Unavailable,NoWallUnderCrosshair,,,,"only 0 valid depth samples under crosshair (103 no-data, 127 out-of-range, 211 low-confidence)",0,,,None,Unavailable,NoWallInView,,,,-1.19123781,1.02534425,0.4594885,-0.00724055525,0.0067460984,-0.0115869055,0.99988395,0,0,0,0,0,0,283698.74154884304,283698.74154884304,0.045107760990504175
60.978957686460262,d62bf83a,SessionTracking,Tracking,30.0615025,29.2195148,1,0.013711353996768594,0.682013869,8.291458,1,160x90 DepthUint16,"centre=10105 min=760 max=39261 hex=0000 0000 2779 25D9 8168","centre=2336 min=1335 max=6285 hex=078D 0777 0920 0E48 11E3",0,0,0,,0,,,None,Unavailable,NoWallUnderCrosshair,,,,"only 0 valid depth samples under crosshair (77 no-data, 121 out-of-range, 243 low-confidence)",0,,,None,Unavailable,NoWallInView,,,,-1.1861912,1.02381754,0.460360438,-0.00719318353,0.0102276392,-0.0118877888,0.9998512,0,0,0,0,0,0,283698.774875926,283698.774875926,0.013630469009513035
61.035994457462721,d62bf83a,SessionTracking,Tracking,30.0651531,29.2195148,1,0.05645072998595424,0.67520833,8.276736,1,160x90 DepthUint16,"centre=0 min=757 max=39377 hex=0000 0000 0000 87BC 7CE6","centre=2280 min=1321 max=6418 hex=077C 073E 08E8 0E7B 127C",0,0,0,,0,,,None,Unavailable,NoWallUnderCrosshair,,,,"only 0 valid depth samples under crosshair (65 no-data, 105 out-of-range, 271 low-confidence)",0,,,None,Unavailable,NoWallInView,,,,-1.18130946,1.02225077,0.461308926,-0.006966177,0.0144034605,-0.0122331977,0.999797165,0,0,0,0,0,0,283698.808203009,283698.808203009,0.056383749993983656
61.051313207459089,d62bf83a,SessionTracking,Tracking,30.0673389,29.2195148,1,0.01480078199529089,0.6701389,7.62513876,1,160x90 DepthUint16,"centre=0 min=757 max=39456 hex=0000 0000 0000 8946 7B3A","centre=2487 min=1258 max=5202 hex=0902 088F 09B7 0E09 0D18",0,0,0,,0,,,None,Unavailable,NoWallUnderCrosshair,,,,"only 0 valid depth samples under crosshair (60 no-data, 111 out-of-range, 270 low-confidence)",0,,,None,Unavailable,NoWallInView,,,,-1.18321526,1.02669573,0.462111056,-0.006536427,0.0175554156,-0.0125374794,0.999745965,0,0,0,0,0,0,283698.84153300704,283698.84153300704,0.014758281991817057
61.094029821458889,d62bf83a,SessionTracking,Tracking,30.0656414,29.2195148,1,0.019160364987328649,0.6645833,7.683611,1,160x90 DepthUint16,"centre=0 min=753 max=39531 hex=0000 0000 0000 8BA7 7956","centre=2635 min=1283 max=5651 hex=0917 08D2 0A4B 0FB6 0C92",0,0,0,,0,,,None,Unavailable,NoWallUnderCrosshair,,,,"only 0 valid depth samples under crosshair (52 no-data, 89 out-of-range, 300 low-confidence)",0,,,None,Unavailable,NoWallInView,,,,-1.17832863,1.02519512,0.4633395,-0.005926829,0.0205078386,-0.012610794,0.9996926,0,0,0,0,0,0,283698.87486009,283698.87486009,0.018590364983538166
61.115506852456519,d62bf83a,SessionTracking,Tracking,30.0671978,29.2195148,1,0.020710572978714481,0.677916646,7.61277771,1,160x90 DepthUint16,"centre=769 min=751 max=39605 hex=0000 02FD 0301 02FD 76E4","centre=2330 min=1325 max=5436 hex=07CE 07A2 091A 0D92 0D36",0,0,0,,0,,,None,Unavailable,NoWallUnderCrosshair,,,,"only 0 valid depth samples under crosshair (27 no-data, 89 out-of-range, 325 low-confidence)",0,,,None,Unavailable,NoWallInView,,,,-1.17318559,1.02374589,0.464583248,-0.00506202364,0.0223855972,-0.0126305241,0.999656856,0,0,0,0,0,0,283698.908187173,283698.908187173,0.0206430209800601
61.1510853424586,d62bf83a,SessionTracking,Tracking,30.0672035,29.2195148,1,0.0349907290074043,0.6759028,7.33069468,1,160x90 DepthUint16,"centre=771 min=751 max=39699 hex=0000 02FF 0303 0300 75B0","centre=2221 min=1395 max=5878 hex=0830 07B5 08AD 0DCD 10E5",0,0,0,,0,,,None,Unavailable,NoWallUnderCrosshair,,,,"only 0 valid depth samples under crosshair (42 no-data, 73 out-of-range, 326 low-confidence)",0,,,None,Unavailable,NoWallInView,,,,-1.17196214,1.026102,0.466366321,-0.00375526957,0.024725534,-0.0126025975,0.9996078,0,0,0,0,0,0,283698.941511141,283698.941511141,0.034937813004944474
61.180759769460337,d62bf83a,SessionTracking,Tracking,30.0508881,29.2195148,1,0.028044375008903444,0.66847223,7.36277771,1,160x90 DepthUint16,"centre=777 min=748 max=39764 hex=0000 0306 0309 0305 7348","centre=1978 min=1366 max=6038 hex=078E 06DD 07BA 0C82 1164",0,0,0,,0,,,None,Unavailable,NoWallUnderCrosshair,,,,"only 0 valid depth samples under crosshair (26 no-data, 68 out-of-range, 347 low-confidence)",0,,,None,Unavailable,NoWallInView,,,,-1.16678965,1.02468753,0.467418373,-0.0034510456,0.0267536454,-0.0127111077,0.9995553,0,0,0,0,0,0,283698.974838224,283698.974838224,0.027320989989675581
61.211596227458131,d62bf83a,SessionTracking,Tracking,30.07499,29.2195148,1,0.030144686985295266,0.668888867,7.813542,1,160x90 DepthUint16,"centre=776 min=740 max=39794 hex=0000 0308 0308 0303 034C","centre=2118 min=1366 max=5775 hex=06E8 06C5 0846 0DB8 116B",0,0,0,,0,,,None,Unavailable,NoWallUnderCrosshair,,,,"only 0 valid depth samples under crosshair (17 no-data, 52 out-of-range, 372 low-confidence)",0,,,None,Unavailable,NoWallInView,,,,-1.16161108,1.02167726,0.474042356,-0.00344673288,0.02796355,-0.0130219469,0.9995182,0,0,0,0,0,0,283699.00811383204,283699.00811383204,0.030082863988354802
61.248251279470196,d62bf83a,SessionTracking,Tracking,30.0650387,29.2195148,1,0.035975052014691755,0.681805551,7.877639,1,160x90 DepthUint16,"centre=781 min=738 max=39834 hex=0000 0319 030D 0314 0376","centre=2093 min=1461 max=5935 hex=088A 072D 082D 0E07 10AE",0,0,0,,0,,,None,Unavailable,NoWallUnderCrosshair,,,,"only 0 valid depth samples under crosshair (15 no-data, 38 out-of-range, 388 low-confidence)",0,,,None,Unavailable,NoWallInView,,,,-1.15630221,1.02030075,0.475181818,-0.00257497933,0.029490076,-0.0132845044,0.9994735,0,0,0,0,0,0,283699.041440916,283699.041440916,0.035913853993406519
61.288428675474051,d62bf83a,SessionTracking,Tracking,30.06557,29.2195148,1,0.037301250005839393,0.693958342,7.955764,1,160x90 DepthUint16,"centre=797 min=737 max=39891 hex=0000 0000 031D 0319 03A7","centre=1975 min=1326 max=5977 hex=0810 06C7 07B7 0D51 10D8",0,0,0,,0,,,None,Unavailable,NoWallUnderCrosshair,,,,"only 0 valid depth samples under crosshair (14 no-data, 15 out-of-range, 412 low-confidence)",0,,,None,Unavailable,NoWallInView,,,,-1.15114558,1.01890826,0.4762789,-0.00210477621,0.0317611955,-0.0135836015,0.999401,0,0,0,0,0,0,283699.074767999,283699.074767999,0.036802290997002274
61.319237998457311,d62bf83a,SessionTracking,Tracking,30.068922,29.2195148,1,0.026650572981452569,0.68527776,7.98680544,1,160x90 DepthUint16,"centre=801 min=739 max=39940 hex=0000 0000 0321 032E 0415","centre=2166 min=1454 max=6487 hex=08A2 0741 0876 0DB9 1123",0,0,0,,0,,,None,Unavailable,NoWallUnderCrosshair,,,,"only 0 valid depth samples under crosshair (16 no-data, 6 out-of-range, 419 low-confidence)",0,,,None,Unavailable,NoWallInView,,,,-1.14661765,1.01887238,0.473579824,-0.00234813825,0.03360374,-0.0139228711,0.9993355,0,0,0,0,0,0,283699.108134065,283699.108134065,0.026572134986054152
61.350807477461558,d62bf83a,SessionTracking,Tracking,30.0647964,29.2195148,1,0.030924947990570217,0.6822917,8.058473,1,160x90 DepthUint16,"centre=805 min=738 max=39999 hex=0000 0332 0325 0332 6A30","centre=2132 min=1494 max=6735 hex=0899 0734 0854 0D69 10F5",0,0,0,,0,,,None,Unavailable,NoWallUnderCrosshair,,,,"only 0 valid depth samples under crosshair (13 no-data, 0 out-of-range, 428 low-confidence)",0,,,None,Unavailable,NoWallInView,,,,-1.14137018,1.01753616,0.474393785,-0.002105577,0.035636045,-0.0140561163,0.999263763,0,0,0,0,0,0,283699.14146114903,283699.14146114903,0.030863280990161
61.38780909247339,d62bf83a,SessionTracking,Tracking,30.07339,29.2195148,1,0.035366354015422985,0.692569435,8.210625,1,160x90 DepthUint16,"centre=810 min=737 max=39998 hex=0000 0336 032A 0327 6965","centre=2069 min=1555 max=6691 hex=07FD 06DF 0815 0D1F 11E5",0,0,0,,0,,,None,Unavailable,NoWallUnderCrosshair,,,,"only 0 valid depth samples under crosshair (10 no-data, 0 out-of-range, 431 low-confidence)",0,,,None,Unavailable,NoWallInView,,,,-1.13599384,1.01613522,0.4750568,-0.00217786059,0.0371106341,-0.0143319666,0.999206066,0,0,0,0,0,0,283699.174788232,283699.174788232,0.035308698017615825
61.414738050461665,d62bf83a,SessionTracking,Tracking,30.07142,29.2195148,1,0.02637036400847137,0.690277755,8.678403,1,160x90 DepthUint16,"centre=796 min=727 max=39999 hex=0000 0333 031C 0317 6625","centre=1940 min=1470 max=11150 hex=0618 05D1 0794 0C83 1398",0,0,0,,0,,,None,Unavailable,NoWallUnderCrosshair,,,,"only 0 valid depth samples under crosshair (9 no-data, 1 out-of-range, 431 low-confidence)",0,,,None,Unavailable,NoWallInView,,,,-1.12635076,1.00696373,0.484192252,-0.00177922845,0.03890879,-0.0142710507,0.9991393,0,0,0,0,0,0,283699.208068398,283699.208068398,0.026315728988265619
61.450214613465278,d62bf83a,SessionTracking,Tracking,30.0644932,29.2195148,1,0.034828386007575318,0.682013869,8.875903,1,160x90 DepthUint16,"centre=798 min=726 max=39997 hex=0000 0335 031E 0319 3328","centre=1778 min=1380 max=11802 hex=05F9 0566 06F2 0BE5 1426",0,0,0,,0,,,None,Unavailable,NoWallUnderCrosshair,,,,"only 0 valid depth samples under crosshair (10 no-data, 1 out-of-range, 430 low-confidence)",0,,,None,Unavailable,NoWallInView,,,,-1.121127,1.00536251,0.484741539,-0.00192463584,0.04105001,-0.0145254135,0.999049664,0,0,0,0,0,0,283699.24139548204,283699.24139548204,0.034767239994835109
61.481486956475919,d62bf83a,SessionTracking,Tracking,30.07634,29.2195148,1,0.026869948022067547,0.6855556,8.958403,1,160x90 DepthUint16,"centre=801 min=724 max=39993 hex=0000 0336 0321 031A 0489","centre=1772 min=1382 max=11466 hex=060C 056C 06EC 0BE3 1469",0,0,0,,0,,,None,Unavailable,NoWallUnderCrosshair,,,,"only 0 valid depth samples under crosshair (20 no-data, 0 out-of-range, 421 low-confidence)",0,,,None,Unavailable,NoWallInView,,,,-1.11592031,1.00367832,0.485153437,-0.002436582,0.043222025,-0.0148258805,0.998952568,0,0,0,0,0,0,283699.274722565,283699.274722565,0.02680963501916267
61.513141279461479,d62bf83a,SessionTracking,Tracking,30.0727921,29.2195148,1,0.030825780995655805,0.6786111,9.040903,1,160x90 DepthUint16,"centre=803 min=723 max=39992 hex=0000 0338 0323 031B 047C","centre=1808 min=1333 max=12098 hex=0569 0564 0710 0BAD 13FA",0,0,0,,0,,,None,Unavailable,NoWallUnderCrosshair,,,,"only 0 valid depth samples under crosshair (20 no-data, 4 out-of-range, 417 low-confidence)",0,,,None,Unavailable,NoWallInView,,,,-1.11058891,1.00203669,0.485499352,-0.002699096,0.0449411,-0.015097321,0.9988719,0,0,0,0,0,0,283699.308049648,283699.308049648,0.030770207988098264
61.544131071455695,d62bf83a,SessionTracking,Tracking,30.062809,29.2195148,1,0.030160676978994161,0.686805546,8.975695,1,160x90 DepthUint16,"centre=770 min=698 max=40000 hex=0000 031A 0302 02FD 048A","centre=2386 min=1613 max=10201 hex=07E0 0745 0952 0D78 140C",0,0,0,,0,,,None,Unavailable,NoWallUnderCrosshair,,,,"only 0 valid depth samples under crosshair (10 no-data, 2 out-of-range, 429 low-confidence)",0,,,None,Unavailable,NoWallInView,,,,-1.13433051,1.00568056,0.51074475,-0.0024695734,0.04679141,-0.0144923041,0.9987965,0,0,0,0,0,0,283699.341341082,283699.341341082,0.030092812987277284
61.580426644479076,d62bf83a,SessionTracking,Tracking,30.0671024,29.2195148,1,0.035577813017880544,0.6944444,9.1725,1,160x90 DepthUint16,"centre=771 min=695 max=39955 hex=0000 031A 0303 02FD 047C","centre=2289 min=1604 max=10383 hex=071F 06C8 08F1 0D11 139A",0,0,0,,0,,,None,Unavailable,NoWallUnderCrosshair,,,,"only 0 valid depth samples under crosshair (14 no-data, 2 out-of-range, 425 low-confidence)",0,,,None,Unavailable,NoWallInView,,,,-1.13006854,1.004092,0.512099445,-0.00171975244,0.0484232567,-0.0144422064,0.998721063,0,0,0,0,0,0,283699.374668165,283699.374668165,0.0354920840181876
61.612538988472579,d62bf83a,SessionTracking,Tracking,30.0688,29.2195148,1,0.031395833997521549,0.6990278,8.726597,1,160x90 DepthUint16,"centre=762 min=686 max=39995 hex=0000 030C 02FA 0303 265B","centre=2100 min=1519 max=20589 hex=05F8 061B 0834 0D23 12E4",0,0,0,,0,,,None,Unavailable,NoWallUnderCrosshair,,,,"only 0 valid depth samples under crosshair (17 no-data, 0 out-of-range, 424 low-confidence)",0,,,None,Unavailable,NoWallInView,,,,-1.15501714,1.00560439,0.5238782,-0.00108775136,0.0493354276,-0.0132624218,0.998693645,0,0,0,0,0,0,283699.40797248104,283699.40797248104,0.031314480002038181
61.65104195647632,d62bf83a,SessionTracking,Tracking,30.06846,29.2195148,1,0.037764218024676666,0.6995139,8.880278,1,160x90 DepthUint16,"centre=763 min=684 max=39956 hex=0000 030D 02FB 02FA 2671","centre=2021 min=1456 max=25030 hex=05D0 05EB 07E5 0D05 143E",0,0,0,,0,,,None,Unavailable,NoWallUnderCrosshair,,,,"only 0 valid depth samples under crosshair (12 no-data, 0 out-of-range, 429 low-confidence)",0,,,None,Unavailable,NoWallInView,,,,-1.15184975,1.00396943,0.525394,-0.0008371063,0.05024002,-0.0131618688,0.998650134,0,0,0,0,0,0,283699.441299565,283699.441299565,0.037681665999116376
61.685675238466274,d62bf83a,SessionTracking,Tracking,30.06584,29.2195148,1,0.033945989998755977,0.707291663,9.090555,1,160x90 DepthUint16,"centre=765 min=683 max=39982 hex=0000 0310 02FD 02FB 2693","centre=2013 min=1439 max=21606 hex=05AF 05E3 07DD 0C7F 139B",0,0,0,,0,,,None,Unavailable,NoWallUnderCrosshair,,,,"only 0 valid depth samples under crosshair (10 no-data, 1 out-of-range, 430 low-confidence)",0,,,None,Unavailable,NoWallInView,,,,-1.14883709,1.00238752,0.5267371,-0.000635711534,0.051918786,-0.0129865417,0.9985667,0,0,0,0,0,0,283699.474626648,283699.474626648,0.033861823001643643
61.713317008459626,d62bf83a,SessionTracking,Tracking,30.0689716,29.2195148,1,0.0269296350015793,0.707708359,10.2534723,1,160x90 DepthUint16,"centre=741 min=665 max=39245 hex=2260 02FD 02E5 02E3 0446","centre=1716 min=965 max=9198 hex=03D7 0488 06B4 0AE8 10D9",0,0,0,,0,,,None,Unavailable,NoWallUnderCrosshair,,,,"only 0 valid depth samples under crosshair (16 no-data, 5 out-of-range, 420 low-confidence)",0,,,None,Unavailable,NoWallInView,,,,-1.12263942,0.989442945,0.541353762,-0.00125937164,0.0536174364,-0.0135913193,0.9984683,0,0,0,0,0,0,283699.507839031,283699.507839031,0.026859217992750928
61.745785446462605,d62bf83a,SessionTracking,Tracking,30.0654659,29.2195148,1,0.0316971360007301,0.7,10.2665968,1,160x90 DepthUint16,"centre=741 min=663 max=39307 hex=2261 02FD 02E5 02E4 0438","centre=1585 min=960 max=9440 hex=03D9 0473 0631 0A4C 105F",0,0,0,,0,,,None,Unavailable,NoWallUnderCrosshair,,,,"only 0 valid depth samples under crosshair (11 no-data, 9 out-of-range, 421 low-confidence)",0,,,None,Unavailable,NoWallInView,,,,-1.11917472,0.98774153,0.5423774,-0.00146334444,0.0563664325,-0.01358527,0.998316646,0,0,0,0,0,0,283699.541166115,283699.541166115,0.031629636010620743
61.783098831456073,d62bf83a,SessionTracking,Tracking,30.05704,29.2195148,1,0.036582395987352356,0.689166665,10.3334723,1,160x90 DepthUint16,"centre=742 min=663 max=39377 hex=226F 02FE 02E6 02DC 042B","centre=1576 min=951 max=9407 hex=03D2 0477 0628 0A00 105B",0,0,0,,0,,,None,Unavailable,NoWallUnderCrosshair,,,,"only 0 valid depth samples under crosshair (6 no-data, 12 out-of-range, 423 low-confidence)",0,,,None,Unavailable,NoWallInView,,,,-1.11562622,0.9859988,0.5432317,-0.00211009965,0.05889656,-0.0136872539,0.998168051,0,0,0,0,0,0,283699.574493198,283699.574493198,0.036518540990073234
61.8206328424601,d62bf83a,SessionTracking,Tracking,30.0705147,29.2195148,1,0.036866145994281396,0.694583356,10.4141665,1,160x90 DepthUint16,"centre=743 min=659 max=39436 hex=227B 0000 02E7 02D7 041E","centre=1689 min=981 max=17525 hex=0409 04BF 0699 0A77 1163",0,0,0,,0,,,None,Unavailable,NoWallUnderCrosshair,,,,"only 0 valid depth samples under crosshair (6 no-data, 14 out-of-range, 421 low-confidence)",0,,,None,Unavailable,NoWallInView,,,,-1.11102474,0.9847245,0.5436449,-0.002691271,0.0613598563,-0.0139353881,0.9980148,0,0,0,0,0,0,283699.607610206,283699.607610206,0.0367450519988779
61.86753289445528,d62bf83a,SessionTracking,Tracking,30.0637112,29.3900127,1,0.046322031994350255,0.693958342,10.4538889,1,160x90 DepthUint16,"centre=743 min=658 max=39474 hex=227C 0302 02E7 02D8 0413","centre=1618 min=976 max=18526 hex=0414 04DB 0652 09E9 1145",0,0,0,,0,,,None,Unavailable,NoWallUnderCrosshair,,,,"only 0 valid depth samples under crosshair (9 no-data, 13 out-of-range, 419 low-confidence)",0,,,None,Unavailable,NoWallInView,,,,-1.10736418,0.9830509,0.544543743,-0.002679659,0.06327211,-0.0142671466,0.9978908,0,0,0,0,0,0,283699.64093729004,283699.64093729004,0.046130156988510862
61.881266383457614,d62bf83a,SessionTracking,Tracking,30.0639038,29.3900127,1,0.012995052005862817,0.6884028,10.4694443,1,160x90 DepthUint16,"centre=0 min=656 max=39499 hex=2280 0301 0000 02D9 0408","centre=1623 min=955 max=16686 hex=0415 04E7 0657 09C4 1128",0,0,0,,0,,,None,Unavailable,NoWallUnderCrosshair,,,,"only 0 valid depth samples under crosshair (6 no-data, 10 out-of-range, 425 low-confidence)",0,,,None,Unavailable,NoWallInView,,,,-1.10363412,0.9814135,0.5453756,-0.00261319987,0.0649804,-0.0147075653,0.9977747,0,0,0,0,0,0,283699.674264373,283699.674264373,0.012939061998622492
61.930553675457986,d62bf83a,SessionTracking,Tracking,30.0640087,29.3900127,1,0.048609895980916917,0.698055565,10.2850695,1,160x90 DepthUint16,"centre=748 min=663 max=39550 hex=228B 0306 02EC 02DD 040F","centre=1774 min=1013 max=27355 hex=0479 0557 06EE 0A85 1385",0,0,0,,0,,,None,Unavailable,NoWallUnderCrosshair,,,,"only 0 valid depth samples under crosshair (8 no-data, 11 out-of-range, 422 low-confidence)",0,,,None,Unavailable,NoWallInView,,,,-1.107284,0.984861255,0.5405727,-0.0027800987,0.0666208044,-0.0149637172,0.997662246,0,0,0,0,0,0,283699.707297065,283699.707297065,0.048550884996075183
61.95903565446838,d62bf83a,SessionTracking,Tracking,30.0638466,29.3900127,1,0.027863646013429388,0.6903472,10.4151392,1,160x90 DepthUint16,"centre=750 min=662 max=39573 hex=2290 0306 02EE 02DE 0405","centre=1749 min=1045 max=26814 hex=045E 053E 06D5 0A6E 1330",0,0,0,,0,,,None,Unavailable,NoWallUnderCrosshair,,,,"only 0 valid depth samples under crosshair (7 no-data, 11 out-of-range, 423 low-confidence)",0,,,None,Unavailable,NoWallInView,,,,-1.10394967,0.983359933,0.541215658,-0.00282360637,0.06807564,-0.0153677771,0.9975578,0,0,0,0,0,0,283699.74062414904,283699.74062414904,0.027800573006970808
61.988145758459495,d62bf83a,SessionTracking,Tracking,30.0639038,29.3900127,1,0.027352500008419156,0.6896528,10.4196529,1,160x90 DepthUint16,"centre=756 min=660 max=39613 hex=2296 0305 02F4 02DF 03FC","centre=1726 min=1160 max=29804 hex=051F 0598 06BE 09E0 12E6",0,0,0,,0,,,None,Unavailable,NoWallUnderCrosshair,,,,"only 0 valid depth samples under crosshair (8 no-data, 13 out-of-range, 420 low-confidence)",0,,,None,Unavailable,NoWallInView,,,,-1.10070038,0.981816053,0.541753,-0.00312634185,0.06966475,-0.015753299,0.9974412,0,0,0,0,0,0,283699.773951232,283699.773951232,0.026016771007562056
62.020030810472008,d62bf83a,SessionTracking,Tracking,30.0644283,29.3900127,1,0.031254166009603068,0.68527776,10.7848616,1,160x90 DepthUint16,"centre=749 min=653 max=39880 hex=229A 0300 02ED 02D4 039F","centre=1648 min=1019 max=20229 hex=0506 0599 0670 08D2 11F9",0,0,0,,0,,,None,Unavailable,NoWallUnderCrosshair,,,,"only 0 valid depth samples under crosshair (12 no-data, 9 out-of-range, 420 low-confidence)",0,,,None,Unavailable,NoWallInView,,,,-1.08295274,0.9765398,0.548804,-0.00386240357,0.0712832138,-0.0164827127,0.9973125,0,0,0,0,0,0,283699.806928266,283699.806928266,0.031194634997518733
62.0542707584716,d62bf83a,SessionTracking,Tracking,30.0654564,29.3900127,1,0.032005885004764423,0.692847252,10.9205551,1,160x90 DepthUint16,"centre=749 min=651 max=39917 hex=22AE 0307 02ED 02D8 0395","centre=1661 min=953 max=21287 hex=0507 05D6 067D 0873 1198",0,0,0,,0,,,None,Unavailable,NoWallUnderCrosshair,,,,"only 0 valid depth samples under crosshair (11 no-data, 12 out-of-range, 418 low-confidence)",0,,,None,Unavailable,NoWallInView,,,,-1.07928622,0.9749522,0.5491764,-0.00407029735,0.0729988441,-0.0166148562,0.997185349,0,0,0,0,0,0,283699.84025535,283699.84025535,0.031815521011594683
62.098733623457292,d62bf83a,SessionTracking,Tracking,30.0655365,29.3900127,1,0.043730676989071071,0.6926389,10.9779167,1,160x90 DepthUint16,"centre=750 min=650 max=39955 hex=22B6 0306 02EE 02DC 038B","centre=1711 min=926 max=21196 hex=051A 0600 06AF 08D5 1210",0,0,0,,0,,,None,Unavailable,NoWallUnderCrosshair,,,,"only 0 valid depth samples under crosshair (11 no-data, 12 out-of-range, 418 low-confidence)",0,,,None,Unavailable,NoWallInView,,,,-1.07572281,0.973321,0.5495101,-0.0041286014,0.0751610249,-0.0168222487,0.99702096,0,0,0,0,0,0,283699.87358243304,283699.87358243304,0.043659895978635177
62.120118154478178,d62bf83a,SessionTracking,Tracking,30.0669785,29.3900127,1,0.020544948027236387,0.6865278,11.2734718,1,160x90 DepthUint16,"centre=740 min=644 max=39967 hex=2302 0301 02E4 02D8 0379","centre=1628 min=1000 max=18042 hex=0545 05DF 065C 0870 117D",0,0,0,,0,,,None,Unavailable,NoWallUnderCrosshair,,,,"only 0 valid depth samples under crosshair (10 no-data, 28 out-of-range, 403 low-confidence)",0,,,None,Unavailable,NoWallInView,,,,-1.06681728,0.9709934,0.553128958,-0.00408645766,0.0764116049,-0.0173427481,0.9969172,0,0,0,0,0,0,283699.90709094604,283699.90709094604,0.020457448001252487
62.153671748473926,d62bf83a,SessionTracking,Tracking,30.0660324,29.3900127,1,0.032630521018290892,0.8603472,12.4579859,1,160x90 DepthUint16,"centre=739 min=643 max=39722 hex=2392 02F3 02E3 02DC 0370","centre=1459 min=843 max=19455 hex=04EE 0591 05B3 074F 10C0",0,0,0,,0,,,None,Unavailable,NoWallUnderCrosshair,,,,"only 0 valid depth samples under crosshair (11 no-data, 32 out-of-range, 398 low-confidence)",0,,,None,Unavailable,NoWallInView,,,,-1.06307077,0.9693339,0.553637,-0.003720284,0.07806867,-0.01755655,0.9967865,0,0,0,0,0,0,283699.94041803,283699.94041803,0.032553021010244265
62.1834715914772,d62bf83a,SessionTracking,Tracking,30.06645,29.3900127,1,0.026294114009942859,0.859861135,12.4085417,1,160x90 DepthUint16,"centre=739 min=641 max=39764 hex=23EF 02F1 02E3 02E0 0366","centre=1378 min=700 max=19334 hex=04BE 0585 0562 072B 10BA",0,0,0,,0,,,None,Unavailable,NoWallUnderCrosshair,,,,"only 0 valid depth samples under crosshair (16 no-data, 47 out-of-range, 378 low-confidence)",0,,,None,Unavailable,NoWallInView,,,,-1.05937254,0.9676582,0.5540368,-0.00378678739,0.07985468,-0.017824918,0.996639967,0,0,0,0,0,0,283699.973745113,283699.973745113,0.026221666019409895
62.215615394470433,d62bf83a,SessionTracking,Tracking,30.0681629,29.3900127,1,0.031524115009233356,0.858333349,12.7845831,1,160x90 DepthUint16,"centre=744 min=644 max=39779 hex=2419 02F8 02E8 02E7 0365","centre=1507 min=839 max=24580 hex=0558 0619 05E3 07AC 113F",0,0,0,,0,,,None,Unavailable,NoWallUnderCrosshair,,,,"only 0 valid depth samples under crosshair (10 no-data, 48 out-of-range, 383 low-confidence)",0,,,None,Unavailable,NoWallInView,,,,-1.05777335,0.971614957,0.548424065,-0.00346124941,0.08172746,-0.0178646762,0.996488631,0,0,0,0,0,0,283700.00698140403,283700.00698140403,0.031459999998332933
62.26092648745157,d62bf83a,SessionTracking,Tracking,30.0654659,29.3900127,1,0.044594582985155284,0.8574306,13.1231947,1,160x90 DepthUint16,"centre=744 min=642 max=39827 hex=2458 02EC 02E8 02DF 035B","centre=1546 min=851 max=19518 hex=05C8 062A 060A 0786 1109",0,0,0,,0,,,None,Unavailable,NoWallUnderCrosshair,,,,"only 0 valid depth samples under crosshair (11 no-data, 59 out-of-range, 371 low-confidence)",0,,,None,Unavailable,NoWallInView,,,,-1.05430472,0.9702008,0.548595369,-0.00350836664,0.0839957446,-0.01807785,0.9962959,0,0,0,0,0,0,283700.040308488,283700.040308488,0.044513384986203164
62.282213519476272,d62bf83a,SessionTracking,Tracking,30.0660324,29.3900127,1,0.020572188019286841,0.8822917,14.4284029,1,160x90 DepthUint16,"centre=739 min=641 max=38884 hex=28A8 02EB 02E3 02E2 0322","centre=1801 min=744 max=19114 hex=0581 066E 0709 07F9 1056",0,0,0,,0,,,None,Unavailable,NoWallUnderCrosshair,,,,"only 0 valid depth samples under crosshair (7 no-data, 59 out-of-range, 375 low-confidence)",0,,,None,Unavailable,NoWallInView,,,,-1.05068576,0.9686898,0.548417866,-0.00413462147,0.08572711,-0.01857546,0.9961369,0,0,0,0,0,0,283700.073635571,283700.073635571,0.0205023440066725
62.313590081470238,d62bf83a,SessionTracking,Tracking,30.066082,29.3900127,1,0.030718594003701583,0.8804167,14.1332636,1,160x90 DepthUint16,"centre=742 min=644 max=38895 hex=28B1 02ED 02E6 02E3 031D","centre=1992 min=772 max=17155 hex=05C4 0691 07C8 0823 1011",0,0,0,,0,,,None,Unavailable,NoWallUnderCrosshair,,,,"only 0 valid depth samples under crosshair (9 no-data, 61 out-of-range, 371 low-confidence)",0,,,None,Unavailable,NoWallInView,,,,-1.047112,0.9718743,0.545372367,-0.004817955,0.08705332,-0.0191266537,0.9960084,0,0,0,0,0,0,283700.107083196,283700.107083196,0.03065567699377425
62.349652216453023,d62bf83a,SessionTracking,Tracking,30.0649815,29.3900127,1,0.030121561983833089,0.8782639,13.8202782,1,160x90 DepthUint16,"centre=742 min=644 max=38928 hex=28BB 02EC 02E6 02E6 0315","centre=1807 min=723 max=18250 hex=05D7 0630 070F 0797 0FE0",0,0,0,,0,,,None,Unavailable,NoWallUnderCrosshair,,,,"only 0 valid depth samples under crosshair (11 no-data, 69 out-of-range, 361 low-confidence)",0,,,None,Unavailable,NoWallInView,,,,-1.04363263,0.9705194,0.5448587,-0.005694002,0.0889705345,-0.0196516812,0.9958241,0,0,0,0,0,0,283700.14041028003,283700.14041028003,0.030024946987396106
62.390634143466514,d62bf83a,SessionTracking,Tracking,30.0651169,29.3900127,1,0.0319513019931037,0.875069439,13.9128475,1,160x90 DepthUint16,"centre=740 min=641 max=38938 hex=03D6 02EC 02E4 02EA 030B","centre=2853 min=852 max=18009 hex=06C9 077F 0B25 0A24 10C4",0,0,0,,0,,,None,Unavailable,NoWallUnderCrosshair,,,,"only 0 valid depth samples under crosshair (11 no-data, 75 out-of-range, 355 low-confidence)",0,,,None,Unavailable,NoWallInView,,,,-1.04035962,0.9691044,0.5442612,-0.00692627952,0.0917742252,-0.0202928782,0.995548964,0,0,0,0,0,0,283700.173737363,283700.173737363,0.031875207991106436
62.418475602465833,d62bf83a,SessionTracking,Tracking,30.0604725,29.3900127,1,0.027219426992814988,0.87375,14.0584726,1,160x90 DepthUint16,"centre=738 min=638 max=38918 hex=0409 02E3 02E2 02EB 02FB","centre=2812 min=829 max=8971 hex=05AE 06FA 0AFC 09B9 0F56",0,0,0,,0,,,None,Unavailable,NoWallUnderCrosshair,,,,"only 0 valid depth samples under crosshair (7 no-data, 92 out-of-range, 342 low-confidence)",0,,,None,Unavailable,NoWallInView,,,,-1.0322268,0.9688567,0.545623958,-0.008066584,0.09366927,-0.0210906286,0.995347261,0,0,0,0,0,0,283700.207199351,283700.207199351,0.027154167008120567
62.455631696476985,d62bf83a,SessionTracking,Tracking,30.0623055,29.3900127,1,0.036480313021456823,0.893819451,14.5592365,1,160x90 DepthUint16,"centre=738 min=637 max=35417 hex=04EF 02DA 02E2 02F0 02F3","centre=2486 min=779 max=9470 hex=05C0 0715 09B6 0985 0EB9",0,0,0,,0,,,None,Unavailable,NoWallUnderCrosshair,,,,"only 0 valid depth samples under crosshair (2 no-data, 42 out-of-range, 397 low-confidence)",0,,,None,Unavailable,NoWallInView,,,,-1.02864528,0.9675969,0.5451464,-0.008353309,0.09550344,-0.0215311665,0.9951612,0,0,0,0,0,0,283700.240526435,283700.240526435,0.035150417010299861
62.483239873461343,d62bf83a,SessionTracking,Tracking,30.0679588,29.3900127,1,0.026920625008642673,0.8921528,14.4233332,1,160x90 DepthUint16,"centre=738 min=617 max=35467 hex=0673 02D9 02E2 04DB 02EA","centre=2599 min=791 max=9474 hex=05E0 06F3 0A27 0991 0EE2",0,0,0,,0,,,None,Unavailable,NoWallUnderCrosshair,,,,"only 0 valid depth samples under crosshair (2 no-data, 48 out-of-range, 391 low-confidence)",0,,,None,Unavailable,NoWallInView,,,,-1.02516234,0.966368437,0.5446643,-0.008326687,0.0977475643,-0.022108227,0.994930863,0,0,0,0,0,0,283700.273853518,283700.273853518,0.02685505198314786
62.513640498454834,d62bf83a,SessionTracking,Tracking,30.0646286,29.3900127,1,0.02933661499992013,0.9093056,15.3571529,1,160x90 DepthUint16,"centre=736 min=603 max=38241 hex=0C2A 02D4 02E0 04F4 02D9","centre=2131 min=761 max=12168 hex=06ED 0714 0853 089B 0E08",0,0,0,,0,,,None,Unavailable,NoWallUnderCrosshair,,,,"only 0 valid depth samples under crosshair (0 no-data, 42 out-of-range, 399 low-confidence)",0,,,None,Unavailable,NoWallInView,,,,-1.0164808,0.9676062,0.546073437,-0.008591046,0.10049431,-0.02326283,0.994628549,0,0,0,0,0,0,283700.307359024,283700.307359024,0.029259322996949777
62.545681956460385,d62bf83a,SessionTracking,Tracking,30.0640144,29.3900127,1,0.030476093990728259,0.9230555,15.0838194,1,160x90 DepthUint16,"centre=736 min=601 max=34136 hex=117C 02E3 02E0 049F 02F1","centre=1853 min=740 max=10009 hex=06C9 06DB 073D 0818 0E85",0,0,0,,0,,,None,Unavailable,NoWallUnderCrosshair,,,,"only 0 valid depth samples under crosshair (0 no-data, 35 out-of-range, 406 low-confidence)",0,,,None,Unavailable,NoWallInView,,,,-1.01312256,0.966352761,0.545659,-0.0089548165,0.104042284,-0.0237903316,0.994248,0,0,0,0,0,0,283700.34068610804,283700.34068610804,0.030402656004298478
62.580530081471579,d62bf83a,SessionTracking,Tracking,30.0660629,29.3900127,1,0.033341978996759281,0.921041667,15.1451387,1,160x90 DepthUint16,"centre=742 min=597 max=33666 hex=0533 02E4 02E6 0496 02ED","centre=1913 min=739 max=13514 hex=071F 06FA 0779 0859 0EE3",0,0,0,,0,,,None,Unavailable,NoWallUnderCrosshair,,,,"only 0 valid depth samples under crosshair (0 no-data, 35 out-of-range, 406 low-confidence)",0,,,None,Unavailable,NoWallInView,,,,-1.01279724,0.970267534,0.5412345,-0.008974028,0.1081635,-0.0239742417,0.9938035,0,0,0,0,0,0,283700.373550859,283700.373550859,0.033274948014877737
62.611645237458788,d62bf83a,SessionTracking,Tracking,30.0649681,29.3900127,1,0.030416978988796473,0.9160417,15.3386106,1,160x90 DepthUint16,"centre=747 min=599 max=32763 hex=06D9 02EA 02EB 0491 02EC","centre=1658 min=611 max=11334 hex=06AD 0680 067A 082F 0FEF",0,0,0,,0,,,None,Unavailable,NoWallUnderCrosshair,,,,"only 0 valid depth samples under crosshair (0 no-data, 30 out-of-range, 411 low-confidence)",0,,,None,Unavailable,NoWallInView,,,,-1.00985539,0.9691299,0.5407293,-0.00933288,0.1128391,-0.0245357752,0.993266463,0,0,0,0,0,0,283700.40687794203,283700.40687794203,0.030349374981597066
62.648934820466593,d62bf83a,SessionTracking,Tracking,30.0650387,29.3900127,1,0.036697708012070507,0.910972238,15.1747913,1,160x90 DepthUint16,"centre=4995 min=595 max=30941 hex=0710 02EB 1383 0E47 02E5","centre=1625 min=578 max=12530 hex=05F7 0628 0659 0817 1022",0,0,0,,0,,,None,Unavailable,NoWallUnderCrosshair,,,,"only 0 valid depth samples under crosshair (0 no-data, 29 out-of-range, 412 low-confidence)",0,,,None,Unavailable,NoWallInView,,,,-1.00685525,0.967891,0.5400607,-0.0101513537,0.116917074,-0.0253574885,0.992766,0,0,0,0,0,0,283700.440205026,283700.440205026,0.0366326039948035
62.681758987458807,d62bf83a,SessionTracking,Tracking,30.0667553,29.3900127,1,0.032192968996241689,0.916805565,15.3957644,1,160x90 DepthUint16,"centre=4656 min=426 max=34427 hex=0C7D 11C2 1230 11B4 0333","centre=1600 min=586 max=14047 hex=058B 05EC 0640 0780 0F99",0,0,0,,0,,,None,Unavailable,NoWallUnderCrosshair,,,,"only 0 valid depth samples under crosshair (0 no-data, 24 out-of-range, 417 low-confidence)",0,,,None,Unavailable,NoWallInView,,,,-1.00399828,0.96662277,0.53929615,-0.0107725859,0.121214479,-0.0262919664,0.992219567,0,0,0,0,0,0,283700.473532109,283700.473532109,0.032130624982528389
62.728033466471743,d62bf83a,SessionTracking,Tracking,30.0645847,29.3900127,1,0.043330312008038163,0.9126389,14.3378468,1,160x90 DepthUint16,"centre=4456 min=597 max=34377 hex=076C 10F3 1168 10EA 0327","centre=1596 min=580 max=12868 hex=0572 05D3 063C 07B4 0FCD",0,0,0,,0,,,None,Unavailable,NoWallUnderCrosshair,,,,"only 0 valid depth samples under crosshair (0 no-data, 25 out-of-range, 416 low-confidence)",0,,,None,Unavailable,NoWallInView,,,,-1.00100732,0.965486348,0.538504958,-0.0108291255,0.124540247,-0.02698061,0.991788566,0,0,0,0,0,0,283700.507116011,283700.507116011,0.043263958010356873
62.785931487454718,d62bf83a,SessionTracking,Tracking,12.02907,29.3900127,1,0.055527552001876757,0.904791653,14.1703472,1,160x90 DepthUint16,"centre=4415 min=609 max=29123 hex=08FF 10A9 113F 0F42 0336","centre=1668 min=671 max=13347 hex=06D3 065E 0684 07B1 0FB8",0,0,0,,0,,,None,Unavailable,NoWallUnderCrosshair,,,,"only 0 valid depth samples under crosshair (0 no-data, 21 out-of-range, 420 low-confidence)",0,,,None,Unavailable,NoWallInView,,,,-0.998443663,0.9780392,0.5262318,-0.009451184,0.127628475,-0.02667877,0.9914181,0,0,0,0,0,0,283700.53963972,283700.53963972,0.055458228976931423
62.819375185473973,d62bf83a,SessionTracking,Tracking,60.1071548,29.3900127,1,0.032901771017350256,0.917916656,13.8433332,1,160x90 DepthUint16,"centre=4702 min=612 max=21931 hex=0A7C 1144 125E 0F01 0335","centre=1551 min=688 max=13716 hex=06DC 0615 060F 073A 0FCC",0,0,0,,0,,,None,Unavailable,NoWallUnderCrosshair,,,,"only 0 valid depth samples under crosshair (0 no-data, 7 out-of-range, 434 low-confidence)",0,,,None,Unavailable,NoWallInView,,,,-0.9960397,0.977244854,0.5258165,-0.008761116,0.130836174,-0.0265381057,0.99101,0,0,0,0,0,0,283700.57296680304,283700.57296680304,0.032857448008144274
62.853925237464637,d62bf83a,SessionTracking,Tracking,30.0661335,29.3900127,1,0.034024479013169184,0.910416663,14.2670135,1,160x90 DepthUint16,"centre=4741 min=594 max=21843 hex=0F3C 1288 1285 0F23 0305","centre=1582 min=669 max=6022 hex=0450 053D 062E 0799 0BC4",0,0,0,,0,,,None,Unavailable,NoWallUnderCrosshair,,,,"only 0 valid depth samples under crosshair (0 no-data, 11 out-of-range, 430 low-confidence)",0,,,None,Unavailable,NoWallInView,,,,-0.993756354,0.9762703,0.5251576,-0.009039001,0.133995876,-0.02637169,0.9905897,0,0,0,0,0,0,283700.606293886,283700.606293886,0.033960364991799
62.9054500294767,d62bf83a,SessionTracking,Tracking,20.0471687,28.9040413,1,0.050836250011343509,0.909236133,14.02993,1,160x90 DepthUint16,"centre=4736 min=595 max=21844 hex=0F41 1266 1280 0EFA 0304","centre=1555 min=623 max=6124 hex=0441 0525 0613 0786 0BE3",0,0,0,,0,,,None,Unavailable,NoWallUnderCrosshair,,,,"only 0 valid depth samples under crosshair (0 no-data, 10 out-of-range, 431 low-confidence)",0,,,None,Unavailable,NoWallInView,,,,-0.983330965,0.9601915,0.5410625,-0.0100538069,0.133696482,-0.0266257264,0.9906136,0,0,0,0,0,0,283700.637475423,283700.637475423,0.050754532014252618
62.935296487474034,d62bf83a,SessionTracking,Tracking,30.071764,28.9040413,1,0.028894375020172447,0.906180561,13.485486,1,160x90 DepthUint16,"centre=4731 min=595 max=21826 hex=0F56 11EC 127B 0F8E 02F5","centre=1617 min=708 max=6082 hex=0462 0539 0651 0804 0CE6",0,0,0,,0,,,None,Unavailable,NoWallUnderCrosshair,,,,"only 0 valid depth samples under crosshair (0 no-data, 8 out-of-range, 433 low-confidence)",0,,,None,Unavailable,NoWallInView,,,,-0.9804724,0.958905458,0.5395324,-0.0105811879,0.135499418,-0.02632156,0.9903712,0,0,0,0,0,0,283700.67116116703,283700.67116116703,0.028847500012489036
62.964115706450457,d62bf83a,SessionTracking,Tracking,30.064476,28.9040413,1,0.028251770971110091,0.9053472,13.7090969,1,160x90 DepthUint16,"centre=4699 min=597 max=25973 hex=0FFB 1133 125B 106A 0303","centre=1503 min=696 max=4477 hex=03F2 04EB 05DF 06EE 0D4C",0,0,0,,0,,,None,Unavailable,NoWallUnderCrosshair,,,,"only 0 valid depth samples under crosshair (0 no-data, 16 out-of-range, 425 low-confidence)",0,,,None,Unavailable,NoWallInView,,,,-0.971177936,0.9616421,0.537165165,-0.0129447319,0.136766925,-0.0269973278,0.9901507,0,0,0,0,0,0,283700.737612932,283700.737612932,0.028184895985759795
63.008441331450513,d62bf83a,SessionTracking,Tracking,30.071579,28.9040413,1,0.043778020975878462,0.910555542,13.8255558,1,160x90 DepthUint16,"centre=4710 min=596 max=31143 hex=0FE8 1177 1266 10BE 111F","centre=1485 min=675 max=4399 hex=03C8 04D4 05CD 0760 0F49",0,0,0,,0,,,None,Unavailable,NoWallUnderCrosshair,,,,"only 0 valid depth samples under crosshair (0 no-data, 17 out-of-range, 424 low-confidence)",0,,,None,Unavailable,NoWallInView,,,,-0.968035161,0.960633337,0.5351974,-0.0136003913,0.138274536,-0.0271069724,0.9899295,0,0,0,0,0,0,283700.77094001503,283700.77094001503,0.04208005199325271
63.028401279476157,d62bf83a,SessionTracking,Tracking,30.06559,28.9040413,1,0.019232292019296438,0.9106944,13.6594448,1,160x90 DepthUint16,"centre=4704 min=597 max=31126 hex=100E 1198 1260 10F9 111F","centre=1479 min=666 max=4300 hex=03CD 04D0 05C7 072C 0E37",0,0,0,,0,,,None,Unavailable,NoWallUnderCrosshair,,,,"only 0 valid depth samples under crosshair (0 no-data, 16 out-of-range, 425 low-confidence)",0,,,None,Unavailable,NoWallInView,,,,-0.9647374,0.9596386,0.533069432,-0.0144062713,0.1389415,-0.0272048712,0.98982203,0,0,0,0,0,0,283700.804267098,283700.804267098,0.019179584021912888
63.067969404455425,d62bf83a,SessionTracking,Tracking,30.06778,28.9040413,1,0.038898906990652904,0.9109028,13.3736115,1,160x90 DepthUint16,"centre=4703 min=598 max=31119 hex=1013 11A5 125F 1112 1120","centre=1451 min=674 max=4270 hex=03D5 04CB 05AB 0707 0E4D",0,0,0,,0,,,None,Unavailable,NoWallUnderCrosshair,,,,"only 0 valid depth samples under crosshair (0 no-data, 16 out-of-range, 425 low-confidence)",0,,,None,Unavailable,NoWallInView,,,,-0.969642,0.9549018,0.5287752,-0.01524394,0.138065726,-0.0271030962,0.9899348,0,0,0,0,0,0,283700.837594182,283700.837594182,0.038838437991216779
63.100281591472367,d62bf83a,SessionTracking,Tracking,30.0686951,28.9040413,1,0.0315654170117341,0.91854167,12.9625,1,160x90 DepthUint16,"centre=4717 min=604 max=30877 hex=0F8F 11B1 126D 10F8 0307","centre=1401 min=695 max=4217 hex=03C8 049B 0579 06AF 0D5E",0,0,0,,0,,,None,Unavailable,NoWallUnderCrosshair,,,,"only 0 valid depth samples under crosshair (0 no-data, 6 out-of-range, 435 low-confidence)",0,,,None,Unavailable,NoWallInView,,,,-0.9664784,0.9539441,0.52613306,-0.0149997212,0.1379035,-0.0269135833,0.989966333,0,0,0,0,0,0,283700.87036310905,283700.87036310905,0.031481198006076738
63.127807997461559,d62bf83a,SessionTracking,Tracking,30.067358,28.9040413,1,0.026724842988187447,0.9202778,12.8384027,1,160x90 DepthUint16,"centre=4716 min=606 max=30820 hex=0F87 11B0 126C 1103 111E","centre=1429 min=699 max=4206 hex=03E5 04B6 0595 06D2 0D91",0,0,0,,0,,,None,Unavailable,NoWallUnderCrosshair,,,,"only 0 valid depth samples under crosshair (0 no-data, 6 out-of-range, 435 low-confidence)",0,,,None,Unavailable,NoWallInView,,,,-0.963477135,0.9529072,0.5234332,-0.0150571223,0.137989476,-0.0266955532,0.9899594,0,0,0,0,0,0,283700.90369019203,283700.90369019203,0.026657812006305903
63.170093674478039,d62bf83a,SessionTracking,Tracking,30.0712585,28.9040413,1,0.041566875006537884,0.9201389,12.7183332,1,160x90 DepthUint16,"centre=4722 min=608 max=30836 hex=0F64 11A4 1272 1105 1122","centre=1425 min=690 max=4211 hex=03CB 04AA 0591 06F7 0EC5",0,0,0,,0,,,None,Unavailable,NoWallUnderCrosshair,,,,"only 0 valid depth samples under crosshair (0 no-data, 8 out-of-range, 433 low-confidence)",0,,,None,Unavailable,NoWallInView,,,,-0.9604299,0.951746643,0.5205517,-0.0154603459,0.13791199,-0.0266774,0.9899645,0,0,0,0,0,0,283700.937017276,283700.937017276,0.041489583003567532
63.1923194564622,d62bf83a,SessionTracking,Tracking,30.0695915,28.9040413,1,0.021629583992762491,0.9397917,14.3663893,1,160x90 DepthUint16,"centre=3012 min=624 max=19471 hex=0EDF 0D17 0BC4 10D2 1110","centre=1136 min=717 max=2862 hex=03AD 040A 0470 0567 0A8A",0,0,0,,0,,,None,Unavailable,NoWallUnderCrosshair,,,,"only 0 valid depth samples under crosshair (0 no-data, 10 out-of-range, 431 low-confidence)",0,,,None,Unavailable,NoWallInView,,,,-0.9578754,0.9487785,0.5011392,-0.0160176661,0.133324236,-0.0256612916,0.9906107,0,0,0,0,0,0,283700.97045763,283700.97045763,0.021572656987700611
63.2227910704712,d62bf83a,SessionTracking,Tracking,30.0666142,28.9040413,1,0.02924723899923265,0.941805542,14.3479862,1,160x90 DepthUint16,"centre=4687 min=620 max=24063 hex=0E79 1202 124F 10AD 1101","centre=1141 min=730 max=2868 hex=03B1 03F8 0475 0575 0A95",0,0,0,,0,,,None,Unavailable,NoWallUnderCrosshair,,,,"only 0 valid depth samples under crosshair (0 no-data, 9 out-of-range, 432 low-confidence)",0,,,None,Unavailable,NoWallInView,,,,-0.9519454,0.948767543,0.488398254,-0.0161012243,0.130177423,-0.0248610713,0.9910482,0,0,0,0,0,0,283701.00371716404,283701.00371716404,0.02915973900235258
63.257415549454663,d62bf83a,SessionTracking,Tracking,30.0711384,28.9040413,1,0.033922394999535754,0.941666663,14.4171524,1,160x90 DepthUint16,"centre=4743 min=620 max=21984 hex=0E7A 120A 1287 10BF 10F7","centre=1092 min=747 max=2806 hex=03C0 03DA 0444 0526 09AC",0,0,0,,0,,,None,Unavailable,NoWallUnderCrosshair,,,,"only 0 valid depth samples under crosshair (0 no-data, 9 out-of-range, 432 low-confidence)",0,,,None,Unavailable,NoWallInView,,,,-0.9503407,0.9478487,0.484279841,-0.01587168,0.129379913,-0.0247417111,0.9911593,0,0,0,0,0,0,283701.037044248,283701.037044248,0.033862134994706139
63.289178101465723,d62bf83a,SessionTracking,Tracking,30.06639,28.9040413,1,0.031118437007535249,0.9521528,14.9911108,1,160x90 DepthUint16,"centre=3505 min=480 max=19494 hex=0DCF 1169 0DB1 0672 069A","centre=1048 min=758 max=1886 hex=03A0 03A9 0418 04B2 0634",0,0,0,,0,,,None,Unavailable,NoWallUnderCrosshair,,,,"only 0 valid depth samples under crosshair (3 no-data, 1 out-of-range, 437 low-confidence)",0,,,None,Unavailable,NoWallInView,,,,-0.948960066,0.9470092,0.480228,-0.0152127761,0.128976986,-0.0244500376,0.9912294,0,0,0,0,0,0,283701.070371331,283701.070371331,0.031053437007358298
63.325263518465135,d62bf83a,SessionTracking,Tracking,30.06812,28.9040413,1,0.03544400999089703,0.952083349,15.055069,1,160x90 DepthUint16,"centre=3674 min=485 max=19495 hex=0DDA 1156 0E5A 067B 069E","centre=940 min=687 max=2649 hex=035C 0362 03AC 041D 05E7",0,0,0,,0,,,None,Unavailable,NoWallUnderCrosshair,,,,"only 0 valid depth samples under crosshair (3 no-data, 1 out-of-range, 437 low-confidence)",0,,,None,Unavailable,NoWallInView,,,,-0.947688639,0.946169257,0.4759633,-0.01485651,0.1285437,-0.02401656,0.9913017,0,0,0,0,0,0,283701.103698414,283701.103698414,0.035085988987702876
63.355641643461922,d62bf83a,SessionTracking,Tracking,30.06594,28.9040413,1,0.029595469008199871,0.9515278,14.8045835,1,160x90 DepthUint16,"centre=3067 min=480 max=19489 hex=0E0A 0E5E 0BFB 0663 068A","centre=1069 min=752 max=2721 hex=0397 03B1 042D 04D7 06C7",0,0,0,,0,,,None,Unavailable,NoWallUnderCrosshair,,,,"only 0 valid depth samples under crosshair (3 no-data, 1 out-of-range, 437 low-confidence)",0,,,None,Unavailable,NoWallInView,,,,-0.937586546,0.9422018,0.479454041,-0.0143827135,0.12790589,-0.02336687,0.9914067,0,0,0,0,0,0,283701.13638404204,283701.13638404204,0.029533385008107871
63.388117789468879,d62bf83a,SessionTracking,Tracking,30.0687523,28.9040413,1,0.03183588499086909,0.951666653,14.6809721,1,160x90 DepthUint16,"centre=3270 min=484 max=19501 hex=0E00 0DD6 0CC6 0668 0688","centre=1090 min=711 max=2628 hex=0390 03BB 0442 04EE 06D1",0,0,0,,0,,,None,Unavailable,NoWallUnderCrosshair,,,,"only 0 valid depth samples under crosshair (3 no-data, 2 out-of-range, 436 low-confidence)",0,,,None,Unavailable,NoWallInView,,,,-0.93652457,0.941379964,0.4748987,-0.0145369992,0.127626479,-0.0229803324,0.9914495,0,0,0,0,0,0,283701.169711125,283701.169711125,0.03176974001689814
63.453025341473904,d62bf83a,SessionTracking,Tracking,30.0679073,28.9040413,1,0.06409432299551554,0.964027762,14.7438192,1,160x90 DepthUint16,"centre=3243 min=482 max=19478 hex=0E7A 10A4 0CAB 0A20 068D","centre=1050 min=770 max=3123 hex=03EE 03C6 041A 0485 060F",0,0,0,,0,,,None,Unavailable,NoWallUnderCrosshair,,,,"only 0 valid depth samples under crosshair (0 no-data, 1 out-of-range, 440 low-confidence)",0,,,None,Unavailable,NoWallInView,,,,-0.9388225,0.936257064,0.48230496,-0.0145964622,0.1290932,-0.02242586,0.9912714,0,0,0,0,0,0,283701.20282708603,283701.20282708603,0.0640236460021697
63.480542060456855,d62bf83a,SessionTracking,Tracking,30.06908,28.9040413,1,0.026960833987686783,0.963402748,14.6288195,1,160x90 DepthUint16,"centre=3247 min=486 max=19487 hex=0E91 10A9 0CAF 0939 068F","centre=1051 min=770 max=3127 hex=03F1 03CA 041B 047E 05F7",0,0,0,,0,,,None,Unavailable,NoWallUnderCrosshair,,,,"only 0 valid depth samples under crosshair (0 no-data, 2 out-of-range, 439 low-confidence)",0,,,None,Unavailable,NoWallInView,,,,-0.9381056,0.9355875,0.4778346,-0.0147328936,0.129155621,-0.022213161,0.9912661,0,0,0,0,0,0,283701.23615417,283701.23615417,0.026917031005723402
63.518665185463533,d62bf83a,SessionTracking,Tracking,30.067955,28.9040413,1,0.03750114599824883,0.96423614,14.66625,1,160x90 DepthUint16,"centre=3251 min=490 max=19493 hex=0EBA 10AD 0CB3 09C9 0698","centre=1058 min=774 max=3089 hex=03DE 03CD 0422 0487 05FA",0,0,0,,0,,,None,Unavailable,NoWallUnderCrosshair,,,,"only 0 valid depth samples under crosshair (0 no-data, 1 out-of-range, 440 low-confidence)",0,,,None,Unavailable,NoWallInView,,,,-0.937371969,0.9349678,0.4733235,-0.0145966746,0.128599748,-0.0220226049,0.9913446,0,0,0,0,0,0,283701.269481253,283701.269481253,0.037438438012031838
63.549349508455407,d62bf83a,SessionTracking,Tracking,30.0666714,28.9040413,1,0.027958594000665471,0.966875,14.7681246,1,160x90 DepthUint16,"centre=3249 min=488 max=19447 hex=0DFC 10A8 0CB1 0E09 06A2","centre=1015 min=759 max=8879 hex=03E9 03A4 03F7 0492 073D",0,0,0,,0,,,None,Unavailable,NoWallUnderCrosshair,,,,"only 0 valid depth samples under crosshair (0 no-data, 0 out-of-range, 441 low-confidence)",0,,,None,Unavailable,NoWallInView,,,,-0.9493539,0.937398255,0.477871925,-0.0135887647,0.1302842,-0.0212515313,0.9911558,0,0,0,0,0,0,283701.302517429,283701.302517429,0.027890520985238254
63.583850810453214,d62bf83a,SessionTracking,Tracking,30.0679016,28.9040413,1,0.033796718984376639,0.968680561,15.2583332,1,160x90 DepthUint16,"centre=4033 min=497 max=19480 hex=0DDF 1175 0FC1 0D4F 06A6","centre=1014 min=777 max=10192 hex=03F8 03BF 03F6 0459 0633",0,0,0,,0,,,None,Unavailable,NoWallUnderCrosshair,,,,"only 0 valid depth samples under crosshair (0 no-data, 0 out-of-range, 441 low-confidence)",0,,,None,Unavailable,NoWallInView,,,,-0.949025035,0.9364021,0.469002277,-0.0142785916,0.129992366,-0.02069387,0.9911962,0,0,0,0,0,0,283701.369171596,283701.369171596,0.033725520974257961
63.615950549461331,d62bf83a,SessionTracking,Tracking,30.0637245,28.9040413,1,0.029940364009235054,0.966180563,14.66493,1,160x90 DepthUint16,"centre=3127 min=501 max=19469 hex=0DBD 118C 0C37 1066 06AF","centre=1192 min=639 max=13422 hex=03B7 03F5 04A8 0783 1D3B",0,0,0,,0,,,None,Unavailable,NoWallUnderCrosshair,,,,"only 0 valid depth samples under crosshair (0 no-data, 1 out-of-range, 440 low-confidence)",0,,,None,Unavailable,NoWallInView,,,,-0.966180146,0.9457722,0.469702572,-0.0143348612,0.13177827,-0.0202907324,0.99096787,0,0,0,0,0,0,283701.402484909,283701.402484909,0.029868488985812292
63.651016226478305,d62bf83a,SessionTracking,Tracking,30.065527,28.9040413,1,0.033826302009401843,0.967291653,16.1559029,1,160x90 DepthUint16,"centre=4172 min=448 max=19483 hex=0E3D 10CD 104C 0F2F 06C9","centre=1138 min=621 max=14313 hex=03D4 03E0 0472 0768 1FC2",0,0,0,,0,,,None,Unavailable,NoWallUnderCrosshair,,,,"only 3 valid depth samples under crosshair (0 no-data, 1 out-of-range, 437 low-confidence)",0,,,None,Unavailable,NoWallInView,,,,-0.9666869,0.9454843,0.465513,-0.0148058124,0.132121712,-0.0203627646,0.990913749,0,0,0,0,0,0,283701.435811993,283701.435811993,0.033743541018338874
63.679033049472991,d62bf83a,SessionTracking,Tracking,30.0638676,28.9040413,1,0.027254479005932808,0.9673611,16.0125,1,160x90 DepthUint16,"centre=4177 min=453 max=19500 hex=0E17 0F43 1051 0EB5 06CC","centre=1161 min=629 max=14425 hex=03CD 03F2 0489 0791 2047",0,0,0,,0,,,None,Unavailable,NoWallUnderCrosshair,,,,"only 2 valid depth samples under crosshair (0 no-data, 1 out-of-range, 438 low-confidence)",0,,,None,Unavailable,NoWallInView,,,,-0.967286944,0.945214331,0.461272746,-0.0153071322,0.13228406,-0.0204516351,0.990882635,0,0,0,0,0,0,283701.469139076,283701.469139076,0.027170676999958232
63.725675080469728,d62bf83a,SessionTracking,Tracking,30.0640316,28.9040413,1,0.044839583017164841,0.964930534,15.16625,1,160x90 DepthUint16,"centre=3497 min=458 max=19492 hex=0B61 1077 0DA9 104F 06D7","centre=967 min=462 max=19582 hex=0415 0379 03C7 06E3 264E",0,0,0,,0,,,None,Unavailable,NoWallUnderCrosshair,,,,"only 1 valid depth samples under crosshair (0 no-data, 0 out-of-range, 440 low-confidence)",0,,,None,Unavailable,NoWallInView,,,,-0.977965832,0.963173,0.457316339,-0.0146707017,0.131725386,-0.02021146,0.990971565,0,0,0,0,0,0,283701.502162011,283701.502162011,0.044750311993993819
63.759634247460554,d62bf83a,SessionTracking,Tracking,30.0668,28.9040413,1,0.03163984400453046,0.967430532,17.3584023,1,160x90 DepthUint16,"centre=3517 min=520 max=22271 hex=09FE 0C7F 0DBD 1055 07B5","centre=993 min=738 max=15476 hex=0449 03BA 03E1 04FA 1636",0,0,0,,0,,,None,Unavailable,NoWallUnderCrosshair,,,,"only 7 valid depth samples under crosshair (0 no-data, 0 out-of-range, 434 low-confidence)",0,,,None,Unavailable,NoWallInView,,,,-0.9789801,0.963091969,0.453673154,-0.0149131762,0.13162531,-0.020187201,0.9909818,0,0,0,0,0,0,283701.535489095,283701.535489095,0.0315760420053266
63.793207216458313,d62bf83a,SessionTracking,Tracking,30.0647755,28.9040413,1,0.03293796899379231,0.9664583,17.8932648,1,160x90 DepthUint16,"centre=4345 min=524 max=24730 hex=0D78 07ED 10F9 1042 07AF","centre=1014 min=783 max=21671 hex=046F 03CF 03F6 04AE 129F",0,0,0,,0,,,None,Unavailable,NoWallUnderCrosshair,,,,"only 8 valid depth samples under crosshair (0 no-data, 0 out-of-range, 433 low-confidence)",0,,,None,Unavailable,NoWallInView,,,,-0.9802617,0.962841749,0.449984968,-0.0158633739,0.132245332,-0.0203284025,0.990881562,0,0,0,0,0,0,283701.568816178,283701.568816178,0.032866249996004626
63.820801695462933,d62bf83a,SessionTracking,Tracking,30.06525,28.9040413,1,0.026566771004581824,0.964791656,17.2230549,1,160x90 DepthUint16,"centre=4349 min=529 max=26894 hex=0D85 0744 10FD 1075 07AF","centre=1041 min=487 max=16947 hex=047F 03EF 0411 04CC 10E1",0,0,0,,0,,,None,Unavailable,NoWallUnderCrosshair,,,,"only 10 valid depth samples under crosshair (0 no-data, 0 out-of-range, 431 low-confidence)",0,,,None,Unavailable,NoWallInView,,,,-0.98257184,0.975760639,0.445383847,-0.0154831987,0.132089019,-0.0202191789,0.990910649,0,0,0,0,0,0,283701.60200943303,283701.60200943303,0.026497187005588785
63.854555758476408,d62bf83a,SessionTracking,Tracking,30.06621,28.9040413,1,0.033015105000231415,0.96652776,16.0159035,1,160x90 DepthUint16,"centre=3496 min=539 max=28593 hex=0B8C 0709 0DA8 1079 0351","centre=1039 min=226 max=17495 hex=0460 03D1 040F 04D0 1162",0,0,0,,0,,,None,Unavailable,NoWallUnderCrosshair,,,,"only 6 valid depth samples under crosshair (0 no-data, 0 out-of-range, 435 low-confidence)",0,,,None,Unavailable,NoWallInView,,,,-0.9841555,0.9757608,0.44246012,-0.0154173169,0.1318766,-0.0199274737,0.990945935,0,0,0,0,0,0,283701.635336517,283701.635336517,0.032932084024650976
63.88378070545491,d62bf83a,SessionTracking,Tracking,30.0663719,28.9040413,1,0.028477238985942677,0.9663889,16.12764,1,160x90 DepthUint16,"centre=4112 min=543 max=27896 hex=0B90 070C 1010 107C 0353","centre=1068 min=197 max=17342 hex=0460 03E2 042C 04E7 105F",0,0,0,,0,,,None,Unavailable,NoWallUnderCrosshair,,,,"only 5 valid depth samples under crosshair (0 no-data, 0 out-of-range, 436 low-confidence)",0,,,None,Unavailable,NoWallInView,,,,-0.985904932,0.975738764,0.439349562,-0.0155680068,0.131682187,-0.0195031762,0.9909778,0,0,0,0,0,0,283701.6686636,283701.6686636,0.028395467990776524
63.915845393468544,d62bf83a,SessionTracking,Tracking,30.0664673,29.6913471,1,0.031273542001144961,0.9656944,16.114584,1,160x90 DepthUint16,"centre=4113 min=544 max=28644 hex=0B94 070E 1011 109F 035B","centre=1033 min=704 max=13804 hex=049D 03F2 0409 0493 0882",0,0,0,,0,,,None,Unavailable,NoWallUnderCrosshair,,,,"only 3 valid depth samples under crosshair (0 no-data, 0 out-of-range, 438 low-confidence)",0,,,None,Unavailable,NoWallInView,,,,-0.9934596,0.9848544,0.4396355,-0.0161722582,0.1320136,-0.0190976579,0.990932,0,0,0,0,0,0,283701.701959386,283701.701959386,0.031191146001219749
63.957109039478155,d62bf83a,SessionTracking,Tracking,30.0672817,29.6913471,1,0.040414115006569773,0.96534723,16.1541672,1,160x90 DepthUint16,"centre=4117 min=553 max=28679 hex=0C2F 07D0 1015 10B0 035F","centre=1039 min=653 max=13108 hex=04B3 03FB 040F 0494 087C",0,0,0,,0,,,None,Unavailable,NoWallUnderCrosshair,,,,"only 2 valid depth samples under crosshair (0 no-data, 0 out-of-range, 439 low-confidence)",0,,,None,Unavailable,NoWallInView,,,,-0.9955573,0.984701157,0.436394453,-0.0170247965,0.131874323,-0.0185971856,0.990945756,0,0,0,0,0,0,283701.73528647004,283701.73528647004,0.040325573005247861
63.9803390914783,d62bf83a,SessionTracking,Tracking,30.0683556,29.6913471,1,0.019162084005074576,0.9672222,15.9726391,1,160x90 DepthUint16,"centre=4522 min=651 max=24789 hex=0ACD 075D 11AA 1220 0362","centre=1046 min=817 max=12891 hex=04B7 0418 0416 04A5 094F",0,0,0,,0,,,None,Unavailable,NoWallUnderCrosshair,,,,"only 2 valid depth samples under crosshair (0 no-data, 0 out-of-range, 439 low-confidence)",0,,,None,Unavailable,NoWallInView,,,,-0.9977018,0.984467268,0.433057517,-0.0176986847,0.1310945,-0.0181197841,0.99104625,0,0,0,0,0,0,283701.768613553,283701.768613553,0.018895886023528874
64.020097007454524,d62bf83a,SessionTracking,Tracking,30.0709839,29.6913471,1,0.038663436978822574,0.9656944,15.6216669,1,160x90 DepthUint16,"centre=4528 min=676 max=24789 hex=0910 0713 11B0 11DF 07A0","centre=1178 min=1121 max=19435 hex=07C6 0510 049A 0699 17AB",0,0,0,,0,,,None,Unavailable,NoWallUnderCrosshair,,,,"only 2 valid depth samples under crosshair (0 no-data, 0 out-of-range, 439 low-confidence)",0,,,None,Unavailable,NoWallInView,,,,-0.9825695,0.9954961,0.422661662,-0.0178477485,0.126828313,-0.0179075915,0.9916024,0,0,0,0,0,0,283701.802029095,283701.802029095,0.038572342979023233
64.05789049747159,d62bf83a,SessionTracking,Tracking,30.0680618,29.6913471,1,0.037057604000438005,0.9709028,14.984931,1,160x90 DepthUint16,"centre=4886 min=649 max=24314 hex=081B 0776 1316 116F 07AC","centre=1159 min=1097 max=18381 hex=08D8 0549 0487 06CF 19D3",0,0,0,,0,,,None,Unavailable,NoWallUnderCrosshair,,,,"only 0 valid depth samples under crosshair (0 no-data, 0 out-of-range, 441 low-confidence)",0,,,None,Unavailable,NoWallInView,,,,-0.9847579,0.9953052,0.4200567,-0.0176097043,0.125132352,-0.0177224874,0.991825461,0,0,0,0,0,0,283701.83535617904,283701.83535617904,0.036990937020163983
64.083217476468917,d62bf83a,SessionTracking,Tracking,30.071003,29.6913471,1,0.023325885005760938,0.9710417,15.2084026,1,160x90 DepthUint16,"centre=5105 min=653 max=24566 hex=057B 081A 13F1 1172 0371","centre=1256 min=1203 max=19916 hex=08F6 0580 04E8 071E 185E",0,0,0,,0,,,None,Unavailable,NoWallUnderCrosshair,,,,"only 0 valid depth samples under crosshair (0 no-data, 0 out-of-range, 441 low-confidence)",0,,,None,Unavailable,NoWallInView,,,,-0.987106562,0.995152,0.417522162,-0.0172907542,0.123401582,-0.017554285,0.9920509,0,0,0,0,0,0,283701.86868326203,283701.86868326203,0.023259790992597118
64.123525705453858,d62bf83a,SessionTracking,Tracking,30.0716,29.6913471,1,0.03960088497842662,0.971180558,14.8890276,1,160x90 DepthUint16,"centre=5035 min=681 max=24636 hex=0731 0898 13AB 1173 0375","centre=1239 min=969 max=19849 hex=0544 0488 04D7 0718 1553",0,0,0,,0,,,None,Unavailable,NoWallUnderCrosshair,,,,"only 0 valid depth samples under crosshair (0 no-data, 0 out-of-range, 441 low-confidence)",0,,,None,Unavailable,NoWallInView,,,,-0.9808805,0.9977217,0.4130667,-0.0169156957,0.120902114,-0.0175255258,0.992365539,0,0,0,0,0,0,283701.901570592,283701.901570592,0.039484323002398014
64.175436226450756,d62bf83a,SessionTracking,Tracking,20.0492077,29.6913471,1,0.039575416973093525,0.973680556,14.776597,1,160x90 DepthUint16,"centre=5136 min=689 max=24335 hex=069A 0927 1410 1173 0377","centre=1190 min=1034 max=22816 hex=0543 0474 04A6 06F1 159E",0,0,0,,0,,,None,Unavailable,NoWallUnderCrosshair,,,,"only 0 valid depth samples under crosshair (0 no-data, 0 out-of-range, 441 low-confidence)",0,,,None,Unavailable,NoWallInView,,,,-0.983168662,0.997583,0.410491616,-0.0168245286,0.118719369,-0.0172535777,0.9926354,0,0,0,0,0,0,283701.934897676,283701.934897676,0.039485363988205791
64.188390549450332,d62bf83a,SessionTracking,Tracking,30.0682983,29.6913471,1,0.010388593975221738,0.9734028,14.8752775,1,160x90 DepthUint16,"centre=5061 min=692 max=24573 hex=0665 0786 13C5 1172 037B","centre=1269 min=1122 max=21392 hex=0564 04CB 04F5 06FA 151E",0,0,0,,0,,,None,Unavailable,NoWallUnderCrosshair,,,,"only 0 valid depth samples under crosshair (0 no-data, 0 out-of-range, 441 low-confidence)",0,,,None,Unavailable,NoWallInView,,,,-0.9856638,0.997375846,0.407719225,-0.0171928443,0.116856247,-0.0171877146,0.992851257,0,0,0,0,0,0,283701.96822475904,283701.96822475904,0.010320884990505874
64.218410132456256,d62bf83a,SessionTracking,Tracking,30.0717983,29.6913471,1,0.017273019999265671,0.972708344,15.0643749,1,160x90 DepthUint16,"centre=5067 min=693 max=24574 hex=0628 078C 13CB 117D 037E","centre=1210 min=1088 max=20075 hex=0527 04B5 04BA 0774 1AE7",0,0,0,,0,,,None,Unavailable,NoWallUnderCrosshair,,,,"only 0 valid depth samples under crosshair (0 no-data, 0 out-of-range, 441 low-confidence)",0,,,None,Unavailable,NoWallInView,,,,-0.992869437,1.00132847,0.411244929,-0.0176225882,0.116380133,-0.0173542518,0.992896736,0,0,0,0,0,0,283702.001181024,283702.001181024,0.017185415985295549
64.274926799469313,d62bf83a,SessionTracking,Tracking,15.0358467,29.6913471,1,0.053479583002626896,0.9722222,14.9767361,1,160x90 DepthUint16,"centre=5090 min=701 max=24587 hex=05FB 062C 13E2 118D 0381","centre=1302 min=1115 max=19018 hex=053E 04FB 0516 08A1 2043",0,0,0,,0,,,None,Unavailable,NoWallUnderCrosshair,,,,"only 0 valid depth samples under crosshair (0 no-data, 0 out-of-range, 441 low-confidence)",0,,,None,Unavailable,NoWallInView,,,,-0.9955134,1.00114036,0.408482075,-0.0183629785,0.114672735,-0.01723227,0.993084133,0,0,0,0,0,0,283702.03450810804,283702.03450810804,0.053264999995008111
64.307396226478659,d62bf83a,SessionTracking,Tracking,30.0690556,29.6913471,1,0.031921146000968292,0.9763889,14.8480558,1,160x90 DepthUint16,"centre=5089 min=711 max=25997 hex=0556 059D 13E1 1186 0384","centre=1248 min=877 max=23100 hex=05C7 051A 04E0 08A0 2651",0,0,0,,0,,,None,Unavailable,NoWallUnderCrosshair,,,,"only 0 valid depth samples under crosshair (0 no-data, 4 out-of-range, 437 low-confidence)",0,,,None,Unavailable,NoWallInView,,,,-0.998174548,1.001037,0.405831873,-0.0181022473,0.112372339,-0.0169999,0.9933558,0,0,0,0,0,0,283702.06783519103,283702.06783519103,0.03185916700749658
64.336928466454765,d62bf83a,SessionTracking,Tracking,30.0690556,29.6913471,1,0.028790312993805856,0.977152765,14.7821531,1,160x90 DepthUint16,"centre=5063 min=712 max=25809 hex=0558 05A1 13C7 115F 0392","centre=1280 min=1134 max=24094 hex=055E 0500 0500 0819 2372",0,0,0,,0,,,None,Unavailable,NoWallUnderCrosshair,,,,"only 0 valid depth samples under crosshair (0 no-data, 0 out-of-range, 441 low-confidence)",0,,,None,Unavailable,NoWallInView,,,,-1.00095093,1.00091827,0.403268248,-0.017344933,0.110210359,-0.0166332722,0.9936178,0,0,0,0,0,0,283702.101162274,283702.101162274,0.028710833983495831
64.37292086147113,d62bf83a,SessionTracking,Tracking,30.0667286,29.6913471,1,0.035357187007321045,0.9774306,14.3569441,1,160x90 DepthUint16,"centre=879 min=712 max=25101 hex=0556 0510 036F 0F3A 03A2","centre=1251 min=1126 max=31778 hex=057B 0541 04E3 0630 1482",0,0,0,,0,,,None,Unavailable,NoWallUnderCrosshair,,,,"only 0 valid depth samples under crosshair (0 no-data, 0 out-of-range, 441 low-confidence)",0,,,None,Unavailable,NoWallInView,,,,-1.01039886,1.00584829,0.4058786,-0.0161760673,0.108619772,-0.0166689157,0.993811965,0,0,0,0,0,0,283702.133996199,283702.133996199,0.035288384999148548
64.427792528472992,d62bf83a,SessionTracking,Tracking,30.0569324,29.6913471,1,0.0540379690064583,0.980069458,14.3801394,1,160x90 DepthUint16,"centre=881 min=447 max=25256 hex=043B 054E 0371 0EF0 03A3","centre=1316 min=1142 max=32265 hex=059C 054E 0524 06B1 17AB",0,0,0,,0,,,None,Unavailable,NoWallUnderCrosshair,,,,"only 0 valid depth samples under crosshair (0 no-data, 0 out-of-range, 441 low-confidence)",0,,,None,Unavailable,NoWallInView,,,,-1.013217,1.00567019,0.403796375,-0.0146592148,0.106109619,-0.0162148774,0.994114161,0,0,0,0,0,0,283702.16732328205,283702.16732328205,0.053953905997332186
64.449856226452312,d62bf83a,SessionTracking,Tracking,30.071701,29.6913471,1,0.018975832994328812,0.980069458,14.202569,1,160x90 DepthUint16,"centre=884 min=450 max=24745 hex=0488 0588 0374 0F09 03AE","centre=1405 min=1202 max=32828 hex=05E0 05A1 057D 0763 1A01",0,0,0,,0,,,None,Unavailable,NoWallUnderCrosshair,,,,"only 0 valid depth samples under crosshair (0 no-data, 2 out-of-range, 439 low-confidence)",0,,,None,Unavailable,NoWallInView,,,,-1.01581752,1.00960469,0.406372547,-0.0129340738,0.103895545,-0.0160720944,0.9943742,0,0,0,0,0,0,283702.20062755,283702.20062755,0.018911822990048677
64.480591122471878,d62bf83a,SessionTracking,Tracking,30.07194,29.6913471,1,0.030093333014519885,0.9801389,13.9747915,1,160x90 DepthUint16,"centre=881 min=449 max=24489 hex=04D8 05C2 0371 0FBD 03AE","centre=1435 min=1210 max=30673 hex=05E7 05B1 059B 07D1 1A1F",0,0,0,,0,,,None,Unavailable,NoWallUnderCrosshair,,,,"only 0 valid depth samples under crosshair (0 no-data, 1 out-of-range, 440 low-confidence)",0,,,None,Unavailable,NoWallInView,,,,-1.01824653,1.00936246,0.404180229,-0.0117274271,0.09964659,-0.015967818,0.994825661,0,0,0,0,0,0,283702.233954634,283702.233954634,0.030026198015548289
64.51704513247,d62bf83a,SessionTracking,Tracking,30.0544357,29.6913471,1,0.034959009994054213,0.980069458,13.6246529,1,160x90 DepthUint16,"centre=884 min=452 max=24418 hex=0500 0369 0374 10C9 0B81","centre=1462 min=1257 max=29397 hex=05C0 05D4 05B6 07F5 1A1D",0,0,0,,0,,,None,Unavailable,NoWallUnderCrosshair,,,,"only 0 valid depth samples under crosshair (0 no-data, 2 out-of-range, 439 low-confidence)",0,,,None,Unavailable,NoWallInView,,,,-1.02075267,1.00892317,0.4016453,-0.0119546186,0.09536815,-0.01619664,0.995238543,0,0,0,0,0,0,283702.26728171704,283702.26728171704,0.0347192180051934
64.545333830468508,d62bf83a,SessionTracking,Tracking,30.0677872,29.6913471,1,0.026973750005709007,0.98097223,14.7545834,1,160x90 DepthUint16,"centre=885 min=571 max=23876 hex=04FE 036A 0375 0576 09D1","centre=1556 min=821 max=13641 hex=06F1 0677 0614 0733 0826",0,0,0,,0,,,None,Unavailable,NoWallUnderCrosshair,,,,"only 0 valid depth samples under crosshair (0 no-data, 0 out-of-range, 441 low-confidence)",0,,,None,Unavailable,NoWallInView,,,,-1.012663,1.0096643,0.398945659,-0.0107169012,0.08505203,-0.0159595329,0.9961911,0,0,0,0,0,0,283702.333878863,283702.333878863,0.026465677015949041
64.579591591467533,d62bf83a,SessionTracking,Tracking,30.0621567,29.6913471,1,0.033183749997988343,0.9809028,14.5552082,1,160x90 DepthUint16,"centre=888 min=570 max=23863 hex=04FD 036D 0378 0573 09FE","centre=1591 min=857 max=14825 hex=0726 0651 0637 0736 08B1",0,0,0,,0,,,None,Unavailable,NoWallUnderCrosshair,,,,"only 0 valid depth samples under crosshair (0 no-data, 0 out-of-range, 441 low-confidence)",0,,,None,Unavailable,NoWallInView,,,,-1.01550567,1.00957263,0.3964124,-0.009899081,0.08085851,-0.0155858407,0.9965546,0,0,0,0,0,0,283702.367205946,283702.367205946,0.033099791995482519
64.61414877846596,d62bf83a,SessionTracking,Tracking,30.0506325,29.6913471,1,0.033888333011418581,0.980555534,14.27125,1,160x90 DepthUint16,"centre=886 min=600 max=23788 hex=0502 036B 0376 0FE6 0A13","centre=1690 min=1463 max=31179 hex=08E0 0791 069A 072C 0D19",0,0,0,,0,,,None,Unavailable,NoWallUnderCrosshair,,,,"only 0 valid depth samples under crosshair (0 no-data, 0 out-of-range, 441 low-confidence)",0,,,None,Unavailable,NoWallInView,,,,-1.00918651,1.01350546,0.396859884,-0.009773013,0.0768000856,-0.0156364162,0.996876,0,0,0,0,0,0,283702.40037752903,283702.40037752903,0.033800781005993485
64.651468726460507,d62bf83a,SessionTracking,Tracking,30.0718555,29.6913471,1,0.036543958005495369,0.9802778,14.1050692,1,160x90 DepthUint16,"centre=889 min=560 max=23771 hex=055F 036E 0379 1128 0A43","centre=1824 min=1575 max=30074 hex=0B67 08BC 0720 07EB 0C46",0,0,0,,0,,,None,Unavailable,NoWallUnderCrosshair,,,,"only 0 valid depth samples under crosshair (0 no-data, 0 out-of-range, 441 low-confidence)",0,,,None,Unavailable,NoWallInView,,,,-1.01199377,1.01362407,0.394326925,-0.00920089148,0.07259148,-0.0153836636,0.9972007,0,0,0,0,0,0,283702.433704613,283702.433704613,0.036460625007748604
64.676359091452241,d62bf83a,SessionTracking,Tracking,30.0614967,29.6913471,1,0.02416994798113592,0.9804861,14.0075,1,160x90 DepthUint16,"centre=892 min=565 max=23646 hex=0523 0374 037C 1025 0B5B","centre=1717 min=988 max=19668 hex=0800 0744 06B5 07E7 0B5E",0,0,0,,0,,,None,Unavailable,NoWallUnderCrosshair,,,,"only 0 valid depth samples under crosshair (0 no-data, 0 out-of-range, 441 low-confidence)",0,,,None,Unavailable,NoWallInView,,,,-1.01461482,1.01385546,0.391816318,-0.008009358,0.0675531849,-0.0151652107,0.9975683,0,0,0,0,0,0,283702.467031696,283702.467031696,0.024098437977954745
64.7168276324553,d62bf83a,SessionTracking,Tracking,30.0552425,29.6913471,1,0.039635780995013192,0.979305565,14.0618753,1,160x90 DepthUint16,"centre=893 min=711 max=31015 hex=050B 0375 037D 11A8 0BE8","centre=1579 min=830 max=8155 hex=06A0 063F 062B 0767 0A18",0,0,0,,0,,,None,Unavailable,NoWallUnderCrosshair,,,,"only 0 valid depth samples under crosshair (0 no-data, 0 out-of-range, 441 low-confidence)",0,,,None,Unavailable,NoWallInView,,,,-1.01038826,1.01120245,0.39072603,-0.00693514571,0.0621362366,-0.014542371,0.9979377,0,0,0,0,0,0,283702.500093185,283702.500093185,0.039571874978719279
64.749253726451343,d62bf83a,SessionTracking,Tracking,30.06582,29.6913471,1,0.031846926984144375,0.9763889,13.6356945,1,160x90 DepthUint16,"centre=897 min=572 max=32596 hex=045D 037A 0381 10FC 0A23","centre=1669 min=951 max=8479 hex=06B8 0679 0685 07BC 0A19",0,0,0,,0,,,None,Unavailable,NoWallUnderCrosshair,,,,"only 0 valid depth samples under crosshair (0 no-data, 0 out-of-range, 441 low-confidence)",0,,,None,Unavailable,NoWallInView,,,,-1.01313972,1.01119328,0.387994826,-0.006872882,0.0566642545,-0.0145121533,0.9982642,0,0,0,0,0,0,283702.533420269,283702.533420269,0.03178968798602
64.781453049454058,d62bf83a,SessionTracking,Tracking,30.065506,29.6913471,1,0.031201145990053192,0.966944456,13.7970142,1,160x90 DepthUint16,"centre=903 min=576 max=31208 hex=0450 037F 0387 1156 0A53","centre=1714 min=1049 max=8682 hex=070A 0698 06B2 0818 0A62",0,0,0,,0,,,None,Unavailable,NoWallUnderCrosshair,,,,"only 0 valid depth samples under crosshair (0 no-data, 0 out-of-range, 441 low-confidence)",0,,,None,Unavailable,NoWallInView,,,,-1.0161916,1.01120985,0.38528,-0.006659929,0.05224206,-0.01454261,0.998506367,0,0,0,0,0,0,283702.566747352,283702.566747352,0.031133176991716027
64.814618674459552,d62bf83a,SessionTracking,Tracking,30.06425,29.6913471,1,0.032412030996056274,0.958194435,14.0807638,1,160x90 DepthUint16,"centre=899 min=572 max=23633 hex=0448 037B 0383 11DF 0ABD","centre=1764 min=1103 max=9145 hex=0CCC 080F 06E4 08CC 0A03",0,0,0,,0,,,None,Unavailable,NoWallUnderCrosshair,,,,"only 0 valid depth samples under crosshair (0 no-data, 0 out-of-range, 441 low-confidence)",0,,,None,Unavailable,NoWallInView,,,,-1.015229,1.01482153,0.389563471,-0.00602041231,0.0498055778,-0.0143476734,0.998637736,0,0,0,0,0,0,283702.59977432503,283702.59977432503,0.032323385996278375
64.8451336224714,d62bf83a,SessionTracking,Tracking,30.0646343,29.6913471,1,0.029702917003305629,0.9492361,14.1254168,1,160x90 DepthUint16,"centre=902 min=576 max=32849 hex=046C 0380 0386 1256 0B51","centre=1733 min=1019 max=9026 hex=09C6 06C6 06C5 08F6 0A77",0,0,0,,0,,,None,Unavailable,NoWallUnderCrosshair,,,,"only 0 valid depth samples under crosshair (0 no-data, 0 out-of-range, 441 low-confidence)",0,,,None,Unavailable,NoWallInView,,,,-1.01883662,1.01473272,0.3869289,-0.006205321,0.0473022573,-0.0142258117,0.998760045,0,0,0,0,0,0,283702.633101409,283702.633101409,0.029627812997205183
64.877043570453452,d62bf83a,SessionTracking,Tracking,30.0659046,29.6913471,1,0.029552812979090959,0.9470139,14.0772915,1,160x90 DepthUint16,"centre=906 min=579 max=31383 hex=04C0 038B 038A 12EC 0CFD","centre=1734 min=1142 max=9044 hex=09F5 06EF 06C6 08DD 0AB5",0,0,0,,0,,,None,Unavailable,NoWallUnderCrosshair,,,,"only 0 valid depth samples under crosshair (0 no-data, 0 out-of-range, 441 low-confidence)",0,,,None,Unavailable,NoWallInView,,,,-1.02251732,1.0146966,0.384279966,-0.006087037,0.04471773,-0.0140513182,0.9988823,0,0,0,0,0,0,283702.666428492,283702.666428492,0.029466093983501196
64.909774038478417,d62bf83a,SessionTracking,Tracking,30.068306,29.6913471,1,0.031971927004633471,0.9403472,14.4908333,1,160x90 DepthUint16,"centre=899 min=571 max=33316 hex=0538 0384 0383 13BF 0CB8","centre=1827 min=1262 max=9120 hex=07C7 06A7 0723 08C8 09EA",0,0,0,,0,,,None,Unavailable,NoWallUnderCrosshair,,,,"only 0 valid depth samples under crosshair (0 no-data, 0 out-of-range, 441 low-confidence)",0,,,None,Unavailable,NoWallInView,,,,-1.02227473,1.0168792,0.3940565,-0.005108787,0.0418423377,-0.0138953635,0.999014556,0,0,0,0,0,0,283702.698867423,283702.698867423,0.031791562010766938
64.9567463824676,d62bf83a,SessionTracking,Tracking,30.0664864,28.8211842,1,0.046246771002188325,0.939375,14.0747223,1,160x90 DepthUint16,"centre=902 min=574 max=32770 hex=05A2 0387 0386 141D 0A4F","centre=1875 min=1244 max=9118 hex=0980 072E 0753 0915 0A18",0,0,0,,0,,,None,Unavailable,NoWallUnderCrosshair,,,,"only 0 valid depth samples under crosshair (0 no-data, 0 out-of-range, 441 low-confidence)",0,,,None,Unavailable,NoWallInView,,,,-1.02633059,1.01701224,0.391937256,-0.00468296371,0.0395120978,-0.0135279,0.99911654,0,0,0,0,0,0,283702.732194507,283702.732194507,0.0461630730133038
64.984634559459437,d62bf83a,SessionTracking,Tracking,30.0637817,28.8211842,1,0.026857135002501309,0.939930558,14.228056,1,160x90 DepthUint16,"centre=904 min=577 max=33128 hex=05E7 038A 0388 1409 0A59","centre=1876 min=1350 max=9117 hex=09C4 072C 0754 0932 0A2F",0,0,0,,0,,,None,Unavailable,NoWallUnderCrosshair,,,,"only 0 valid depth samples under crosshair (0 no-data, 0 out-of-range, 441 low-confidence)",0,,,None,Unavailable,NoWallInView,,,,-1.030743,1.0172075,0.389700055,-0.00424483046,0.0382340327,-0.0131050348,0.9991739,0,0,0,0,0,0,283702.76552159,283702.76552159,0.026692915998864919
65.022135340466548,d62bf83a,SessionTracking,Tracking,30.0663319,28.8211842,1,0.036775780987227336,0.930694461,14.4795141,1,160x90 DepthUint16,"centre=899 min=572 max=33231 hex=05F0 0384 0383 036C 0A50","centre=1905 min=1504 max=17211 hex=0EC6 096E 0771 0970 0A1C",0,0,0,,0,,,None,Unavailable,NoWallUnderCrosshair,,,,"only 0 valid depth samples under crosshair (0 no-data, 0 out-of-range, 441 low-confidence)",0,,,None,Unavailable,NoWallInView,,,,-1.02783287,1.02081478,0.395004332,-0.00376545871,0.03644694,-0.0128747839,0.9992456,0,0,0,0,0,0,283702.797870966,283702.797870966,0.036702082987176254
65.054208934456028,d62bf83a,SessionTracking,Tracking,30.0661526,28.8211842,1,0.030680936994031072,0.9311111,14.0568056,1,160x90 DepthUint16,"centre=904 min=575 max=33068 hex=060B 0387 0388 036D 0A07","centre=2051 min=1453 max=21862 hex=0DB8 0979 0803 09A4 0AD3",0,0,0,,0,,,None,Unavailable,NoWallUnderCrosshair,,,,"only 0 valid depth samples under crosshair (0 no-data, 0 out-of-range, 441 low-confidence)",0,,,None,Unavailable,NoWallInView,,,,-1.0322094,1.02102518,0.392755061,-0.003571143,0.0346668139,-0.0125212092,0.9993141,0,0,0,0,0,0,283702.83119805,283702.83119805,0.030325988976983353
65.0840966954745,d62bf83a,SessionTracking,Tracking,30.0671463,28.8211842,1,0.028925678023369983,0.9228472,14.1054859,1,160x90 DepthUint16,"centre=907 min=578 max=33049 hex=060E 038B 038B 036D 0A03","centre=2224 min=1644 max=18336 hex=1026 0A6E 08B0 0A6E 0AF9",0,0,0,,0,,,None,Unavailable,NoWallUnderCrosshair,,,,"only 0 valid depth samples under crosshair (0 no-data, 0 out-of-range, 441 low-confidence)",0,,,None,Unavailable,NoWallInView,,,,-1.0365926,1.02110493,0.390238941,-0.00423978828,0.0323393568,-0.0122131109,0.999393344,0,0,0,0,0,0,283702.86452513305,283702.86452513305,0.028841459017712623
65.122254663470585,d62bf83a,SessionTracking,Tracking,30.0650387,28.8211842,1,0.036712186993099749,0.9217361,14.297431,1,160x90 DepthUint16,"centre=900 min=572 max=33502 hex=0611 037F 0384 0363 0A01","centre=2214 min=1996 max=17055 hex=0EB9 0A2A 08A6 0A94 104A",0,0,0,,0,,,None,Unavailable,NoWallUnderCrosshair,,,,"only 0 valid depth samples under crosshair (0 no-data, 0 out-of-range, 441 low-confidence)",0,,,None,Unavailable,NoWallInView,,,,-1.034866,1.0260241,0.397823453,-0.004078935,0.0300005712,-0.0118894875,0.99947083,0,0,0,0,0,0,283702.897608373,283702.897608373,0.036624166008550674
65.150802163468825,d62bf83a,SessionTracking,Tracking,30.065527,28.8211842,1,0.027824791002785787,0.91402775,14.3176394,1,160x90 DepthUint16,"centre=902 min=574 max=31573 hex=0613 037A 0386 0369 09EF","centre=2245 min=1984 max=19286 hex=0F56 0A5A 08C5 0AB7 0FA2",0,0,0,,0,,,None,Unavailable,NoWallUnderCrosshair,,,,"only 0 valid depth samples under crosshair (0 no-data, 0 out-of-range, 441 low-confidence)",0,,,None,Unavailable,NoWallInView,,,,-1.03936732,1.0262084,0.395911455,-0.0039315,0.0276016183,-0.0116776228,0.9995431,0,0,0,0,0,0,283702.930590079,283702.930590079,0.02773807299672626
65.19029846546232,d62bf83a,SessionTracking,Tracking,30.064846,28.8211842,1,0.038829478988191113,0.9142361,14.3892365,1,160x90 DepthUint16,"centre=904 min=583 max=33082 hex=05FD 037C 0388 0369 09EF","centre=2368 min=1806 max=16857 hex=0ED6 0AAE 0940 0AFE 0FEA",0,0,0,,0,,,None,Unavailable,NoWallUnderCrosshair,,,,"only 0 valid depth samples under crosshair (0 no-data, 0 out-of-range, 441 low-confidence)",0,,,None,Unavailable,NoWallInView,,,,-1.04410267,1.02630281,0.393975019,-0.00425425544,0.0253390949,-0.0117101669,0.999601245,0,0,0,0,0,0,283702.96391716204,283702.96391716204,0.038768489001085982
65.21274992445592,d62bf83a,SessionTracking,Tracking,30.063982,28.8211842,1,0.021740469004726037,0.914305568,14.2189579,1,160x90 DepthUint16,"centre=881 min=767 max=25001 hex=0586 0364 0371 0351 0A0A","centre=2262 min=1492 max=9255 hex=0979 0865 08D6 0A79 0A74",0,0,0,,0,,,None,Unavailable,NoWallUnderCrosshair,,,,"only 0 valid depth samples under crosshair (0 no-data, 0 out-of-range, 441 low-confidence)",0,,,None,Unavailable,NoWallInView,,,,-1.03615069,1.03543508,0.4166229,-0.003416785,0.0231545828,-0.0116776526,0.999657869,0,0,0,0,0,0,283702.997530954,283702.997530954,0.021656458993675187
65.248571278472582,d62bf83a,SessionTracking,Tracking,30.0634365,28.8211842,1,0.035129844007315114,0.9060417,14.3241663,1,160x90 DepthUint16,"centre=876 min=763 max=26170 hex=04E9 0368 036C 0350 09FC","centre=2305 min=1490 max=9292 hex=0990 0876 0901 0A8F 0A42",0,0,0,,0,,,None,Unavailable,NoWallUnderCrosshair,,,,"only 0 valid depth samples under crosshair (0 no-data, 0 out-of-range, 441 low-confidence)",0,,,None,Unavailable,NoWallInView,,,,-1.04069841,1.03568745,0.415531784,-0.003579974,0.0202474,-0.0117609221,0.999719441,0,0,0,0,0,0,283703.030858038,283703.030858038,0.035049010999500751
65.27943258046048,d62bf83a,SessionTracking,Tracking,30.0635033,28.8211842,1,0.030195469007594511,0.90625,14.1539583,1,160x90 DepthUint16,"centre=871 min=564 max=32928 hex=052A 036F 0367 117C 09ED","centre=2380 min=1559 max=9243 hex=0937 087C 094C 0B02 0A5B",0,0,0,,0,,,None,Unavailable,NoWallUnderCrosshair,,,,"only 0 valid depth samples under crosshair (0 no-data, 0 out-of-range, 441 low-confidence)",0,,,None,Unavailable,NoWallInView,,,,-1.04533935,1.03602874,0.4143499,-0.00342932041,0.0173570774,-0.0114959488,0.9997774,0,0,0,0,0,0,283703.06382646004,283703.06382646004,0.030134375003399327
65.322385757466463,d62bf83a,SessionTracking,Tracking,30.0633354,28.8211842,1,0.040846563002560288,0.89958334,14.3970137,1,160x90 DepthUint16,"centre=852 min=778 max=25178 hex=0515 0353 0354 0342 0A00","centre=2285 min=1404 max=9497 hex=09DE 089A 08ED 0ACE 0A81",0,0,0,,0,,,None,Unavailable,NoWallUnderCrosshair,,,,"only 0 valid depth samples under crosshair (0 no-data, 0 out-of-range, 441 low-confidence)",0,,,None,Unavailable,NoWallInView,,,,-1.0395695,1.05037832,0.434293747,-0.00300724641,0.0152381705,-0.0117622027,0.9998102,0,0,0,0,0,0,283703.097313005,283703.097313005,0.040762240008916706
65.346591122451855,d62bf83a,SessionTracking,Tracking,30.0630016,28.8211842,1,0.023475781985325739,0.8927778,14.2526388,1,160x90 DepthUint16,"centre=852 min=545 max=23369 hex=0535 035B 0354 0347 09E6","centre=2471 min=1470 max=9641 hex=0A9F 093A 09A7 0BA0 0AF4",0,0,0,,0,,,None,Unavailable,NoWallUnderCrosshair,,,,"only 0 valid depth samples under crosshair (0 no-data, 0 out-of-range, 441 low-confidence)",0,,,None,Unavailable,NoWallInView,,,,-1.04372847,1.05069339,0.4335297,-0.00364879,0.0116156228,-0.011541903,0.9998593,0,0,0,0,0,0,283703.13064008905,283703.13064008905,0.023393541981931776
65.377706642469775,d62bf83a,SessionTracking,Tracking,30.0616112,28.8211842,1,0.029016718006459996,0.8915278,12.9819441,1,160x90 DepthUint16,"centre=853 min=784 max=32450 hex=05B3 035B 0355 0347 09D9","centre=2581 min=1556 max=9578 hex=0B7B 0A3B 0A15 0BC2 0BD0",0,0,0,,0,,,None,Unavailable,NoWallUnderCrosshair,,,,"only 0 valid depth samples under crosshair (0 no-data, 0 out-of-range, 441 low-confidence)",0,,,None,Unavailable,NoWallInView,,,,-1.04797363,1.05104649,0.43271032,-0.00429025758,0.00814059,-0.011278511,0.9998941,0,0,0,0,0,0,283703.163604083,283703.163604083,0.028933229012181982
65.410905392465565,d62bf83a,SessionTracking,Tracking,30.0638027,28.8211842,1,0.032411561987828463,0.8847917,12.442153,1,160x90 DepthUint16,"centre=838 min=773 max=32336 hex=061A 034A 0346 033F 09F5","centre=2485 min=1542 max=9362 hex=0A96 09CD 09B5 0ADF 0A79",0,0,0,,0,,,None,Unavailable,NoWallUnderCrosshair,,,,"only 0 valid depth samples under crosshair (0 no-data, 0 out-of-range, 441 low-confidence)",0,,,None,Unavailable,NoWallInView,,,,-1.04396629,1.0678215,0.442717522,-0.00479630055,0.00663386751,-0.0122092692,0.999892,0,0,0,0,0,0,283703.196805872,283703.196805872,0.03234619801514782
65.444796799452661,d62bf83a,SessionTracking,Tracking,30.0638676,28.8211842,1,0.033224947983399034,0.8846528,12.5597916,1,160x90 DepthUint16,"centre=5446 min=774 max=32369 hex=0638 034A 1546 033F 09F8","centre=2519 min=1504 max=9251 hex=0ADE 0A0D 09D7 0AF9 0A74",0,0,0,,0,,,None,Unavailable,NoWallUnderCrosshair,,,,"only 0 valid depth samples under crosshair (0 no-data, 0 out-of-range, 441 low-confidence)",0,,,None,Unavailable,NoWallInView,,,,-1.048031,1.06830812,0.44236213,-0.00488660624,0.005965254,-0.0119845569,0.999898434,0,0,0,0,0,0,283703.230132956,283703.230132956,0.033152447984321043
65.4765994034567,d62bf83a,SessionTracking,Tracking,30.0641422,28.8211842,1,0.03117000000202097,0.88506943,12.234931,1,160x90 DepthUint16,"centre=841 min=775 max=28781 hex=05B7 0357 0349 033F 09FE","centre=2579 min=1558 max=9246 hex=0A80 0A24 0A13 0B28 09E4",0,0,0,,0,,,None,Unavailable,NoWallUnderCrosshair,,,,"only 0 valid depth samples under crosshair (0 no-data, 0 out-of-range, 441 low-confidence)",0,,,None,Unavailable,NoWallInView,,,,-1.05199432,1.06878364,0.442163348,-0.004709836,0.00400667265,-0.0118933627,0.9999102,0,0,0,0,0,0,283703.26346003904,283703.26346003904,0.031101926986593753
65.513672944452765,d62bf83a,SessionTracking,Tracking,30.06404,28.8211842,1,0.036543280992191285,0.881458342,11.5889587,1,160x90 DepthUint16,"centre=844 min=779 max=29484 hex=0673 034B 034C 0347 0A10","centre=2881 min=1773 max=9179 hex=0C94 0BCB 0B41 0C61 0BF4",0,0,0,,0,,,None,Unavailable,NoWallUnderCrosshair,,,,"only 0 valid depth samples under crosshair (0 no-data, 0 out-of-range, 441 low-confidence)",0,,,None,Unavailable,NoWallInView,,,,-1.05648255,1.07013047,0.4389757,-0.004615569,0.00132827845,-0.0117863426,0.999919,0,0,0,0,0,0,283703.296799477,283703.296799477,0.036482499999692664
65.552997892463964,d62bf83a,SessionTracking,Tracking,30.065052,28.8211842,1,0.037212396011454985,0.87951386,11.613472,1,160x90 DepthUint16,"centre=843 min=779 max=28864 hex=05D4 0349 034B 0346 0A21","centre=2910 min=1732 max=9252 hex=0C65 0BC4 0B5E 0C96 0BE0",0,0,0,,0,,,None,Unavailable,NoWallUnderCrosshair,,,,"only 0 valid depth samples under crosshair (0 no-data, 0 out-of-range, 441 low-confidence)",0,,,None,Unavailable,NoWallInView,,,,-1.06060469,1.07073283,0.4387827,-0.003940472,-0.00111117575,-0.0113650272,0.999927044,0,0,0,0,0,0,283703.330126561,283703.330126561,0.037155208003241569
65.579743361453211,d62bf83a,SessionTracking,Tracking,30.0638866,28.8211842,1,0.018394530983641744,0.894930542,11.567708,1,160x90 DepthUint16,"centre=5334 min=779 max=23190 hex=059B 034E 14D6 0345 0A43","centre=2994 min=1701 max=9131 hex=0CCE 0C0B 0BB2 0CEE 0CAE",0,0,0,,0,,,None,Unavailable,NoWallUnderCrosshair,,,,"only 0 valid depth samples under crosshair (0 no-data, 0 out-of-range, 441 low-confidence)",0,,,None,Unavailable,NoWallInView,,,,-1.0647893,1.07126665,0.4383779,-0.0039517004,-0.003513861,-0.0109235952,0.9999264,0,0,0,0,0,0,283703.36345364404,283703.36345364404,0.01831624997430481
65.610353569474455,d62bf83a,SessionTracking,Tracking,30.0639172,28.8211842,1,0.028471666009863839,0.88840276,11.2327776,1,160x90 DepthUint16,"centre=5348 min=780 max=23081 hex=0543 0345 14E4 0346 0A61","centre=3052 min=1816 max=9230 hex=0CF1 0C60 0BEC 0D0E 0CA3",0,0,0,,0,,,None,Unavailable,NoWallUnderCrosshair,,,,"only 0 valid depth samples under crosshair (0 no-data, 0 out-of-range, 441 low-confidence)",0,,,None,Unavailable,NoWallInView,,,,-1.06516969,1.07554376,0.4381437,-0.00401333952,-0.005131114,-0.0108587751,0.999919832,0,0,0,0,0,0,283703.396271999,283703.396271999,0.028382290998706594
65.641574038457975,d62bf83a,SessionTracking,Tracking,30.0642834,28.8211842,1,0.030394686997169629,0.887847245,10.8743753,1,160x90 DepthUint16,"centre=858 min=781 max=23101 hex=0543 0348 035A 0345 0A76","centre=3170 min=1849 max=9141 hex=0DEB 0D41 0C62 0D3E 0D41",0,0,0,,0,,,None,Unavailable,NoWallUnderCrosshair,,,,"only 0 valid depth samples under crosshair (0 no-data, 0 out-of-range, 441 low-confidence)",0,,,None,Unavailable,NoWallInView,,,,-1.069239,1.076092,0.437372327,-0.00413365848,-0.00681904051,-0.0103222728,0.999914944,0,0,0,0,0,0,283703.429342264,283703.429342264,0.030310000001918525
65.672966069457971,d62bf83a,SessionTracking,Tracking,30.0615368,28.8211842,1,0.030596041004173458,0.8842361,10.7993746,1,160x90 DepthUint16,"centre=856 min=783 max=22925 hex=0519 0345 0358 0349 0A95","centre=3287 min=1875 max=9185 hex=0E49 0D9C 0CD7 0DA9 0CA9",0,0,0,,0,,,None,Unavailable,NoWallUnderCrosshair,,,,"only 0 valid depth samples under crosshair (0 no-data, 0 out-of-range, 441 low-confidence)",0,,,None,Unavailable,NoWallInView,,,,-1.07335985,1.07661152,0.43644467,-0.00446706265,-0.00840641,-0.009889394,0.9999058,0,0,0,0,0,0,283703.462669347,283703.462669347,0.030511561984894797
65.7115649234654,d62bf83a,SessionTracking,Tracking,30.0619717,28.8211842,1,0.037782447005156428,0.885,11.1692362,1,160x90 DepthUint16,"centre=855 min=784 max=22811 hex=0594 0343 0357 0348 0AA0","centre=3376 min=1917 max=9249 hex=0EB8 0DF2 0D30 0DD9 0D55",0,0,0,,0,,,None,Unavailable,NoWallUnderCrosshair,,,,"only 0 valid depth samples under crosshair (0 no-data, 1 out-of-range, 440 low-confidence)",0,,,None,Unavailable,NoWallInView,,,,-1.07500589,1.07783628,0.4363534,-0.00463798549,-0.010079965,-0.0101473629,0.999887,0,0,0,0,0,0,283703.495965354,283703.495965354,0.037692812009481713
65.74303659046177,d62bf83a,SessionTracking,Tracking,30.065237,28.8211842,1,0.030699374998221174,0.8842361,11.2896528,1,160x90 DepthUint16,"centre=853 min=786 max=22804 hex=0597 0341 0355 0353 054E","centre=3449 min=1996 max=9303 hex=0F00 0E31 0D79 0E18 0CF0",0,0,0,,0,,,None,Unavailable,NoWallUnderCrosshair,,,,"only 0 valid depth samples under crosshair (0 no-data, 0 out-of-range, 441 low-confidence)",0,,,None,Unavailable,NoWallInView,,,,-1.07915056,1.07842517,0.4354741,-0.00474470342,-0.0116581554,-0.0100870738,0.999869943,0,0,0,0,0,0,283703.529292438,283703.529292438,0.030613332986831665
65.793401017468341,d62bf83a,SessionTracking,Tracking,30.06315,28.8211842,1,0.048245521000353619,0.878125,11.0438194,1,160x90 DepthUint16,"centre=850 min=786 max=30619 hex=05B0 0344 0352 034F 0AB0","centre=3538 min=1916 max=9314 hex=0F5A 0EA1 0DD2 0E63 0D21",0,0,0,,0,,,None,Unavailable,NoWallUnderCrosshair,,,,"only 0 valid depth samples under crosshair (0 no-data, 2 out-of-range, 439 low-confidence)",0,,,None,Unavailable,NoWallInView,,,,-1.08322263,1.0790298,0.43459636,-0.00477018,-0.013865131,-0.009922833,0.9998433,0,0,0,0,0,0,283703.562619521,283703.562619521,0.048143854015506804
65.811462059474934,d62bf83a,SessionTracking,Tracking,30.0627518,28.8211842,1,0.017346927023027092,0.870416641,10.7409029,1,160x90 DepthUint16,"centre=856 min=790 max=30713 hex=0653 0341 0358 034D 0AA2","centre=3510 min=1930 max=9177 hex=0FC0 0EFB 0DB6 0DF6 0F7E",0,0,0,,0,,,None,Unavailable,NoWallUnderCrosshair,,,,"only 0 valid depth samples under crosshair (0 no-data, 6 out-of-range, 435 low-confidence)",0,,,None,Unavailable,NoWallInView,,,,-1.09035408,1.07649434,0.428887129,-0.004598806,-0.01682079,-0.009439379,0.9998034,0,0,0,0,0,0,283703.59590526304,283703.59590526304,0.017268541996600106
65.84260544446056,d62bf83a,SessionTracking,Tracking,30.0602684,28.8211842,1,0.0304804680054076,0.873680532,11.3490276,1,160x90 DepthUint16,"centre=850 min=794 max=30791 hex=0695 033B 0352 0337 0AB6","centre=3671 min=1919 max=9308 hex=1075 0F6E 0E57 0EDA 103D",0,0,0,,0,,,None,Unavailable,NoWallUnderCrosshair,,,,"only 0 valid depth samples under crosshair (0 no-data, 11 out-of-range, 430 low-confidence)",0,,,None,Unavailable,NoWallInView,,,,-1.09451747,1.07706547,0.427858174,-0.00484596565,-0.0199513379,-0.00919988751,0.9997469,0,0,0,0,0,0,283703.629232347,283703.629232347,0.030399217997910455
65.8768238304508,d62bf83a,SessionTracking,Tracking,30.0660763,28.8211842,1,0.033585885976208374,0.8647917,11.03993,1,160x90 DepthUint16,"centre=828 min=794 max=30864 hex=06A9 0335 033C 0332 0ACC","centre=3755 min=1860 max=9322 hex=1068 0F91 0EAB 0F40 101A",0,0,0,,0,,,None,Unavailable,NoWallUnderCrosshair,,,,"only 0 valid depth samples under crosshair (0 no-data, 16 out-of-range, 425 low-confidence)",0,,,None,Unavailable,NoWallInView,,,,-1.098876,1.07765746,0.426828235,-0.004987615,-0.0226798281,-0.008995056,0.999689937,0,0,0,0,0,0,283703.66255943,283703.66255943,0.033515572984470055
65.916147684478119,d62bf83a,SessionTracking,Tracking,30.060957,28.8211842,1,0.038235417014220729,0.859097242,11.0970135,1,160x90 DepthUint16,"centre=828 min=800 max=30928 hex=06B1 0D08 033C 0332 0376","centre=3848 min=1983 max=9396 hex=117B 1001 0F08 1017 0ED2",0,0,0,,0,,,None,Unavailable,NoWallUnderCrosshair,,,,"only 0 valid depth samples under crosshair (0 no-data, 18 out-of-range, 423 low-confidence)",0,,,None,Unavailable,NoWallInView,,,,-1.10163748,1.0808239,0.4223659,-0.005106204,-0.0248028077,-0.009110123,0.999637842,0,0,0,0,0,0,283703.69575249,283703.69575249,0.037916302011581138
65.952222163472243,d62bf83a,SessionTracking,Tracking,30.0623341,28.8211842,1,0.035289271007059142,0.863541663,10.8627081,1,160x90 DepthUint16,"centre=823 min=801 max=30984 hex=06F3 0D02 0337 032E 0358","centre=3864 min=2105 max=9354 hex=1119 0FD3 0F18 1051 0F3B",0,0,0,,0,,,None,Unavailable,NoWallUnderCrosshair,,,,"only 0 valid depth samples under crosshair (0 no-data, 21 out-of-range, 420 low-confidence)",0,,,None,Unavailable,NoWallInView,,,,-1.10607529,1.08140278,0.4213416,-0.00495046051,-0.0266306084,-0.008842648,0.999594,0,0,0,0,0,0,283703.729079574,283703.729079574,0.03520000001299195
65.986584819478367,d62bf83a,SessionTracking,Tracking,30.0626812,30.1018085,1,0.0335828120005317,0.8632639,10.9606943,1,160x90 DepthUint16,"centre=6203 min=802 max=31037 hex=0740 0C2D 183B 17BE 033D","centre=3922 min=2070 max=9365 hex=117B 1018 0F52 1091 0F72",0,0,0,,0,,,None,Unavailable,NoWallUnderCrosshair,,,,"only 0 valid depth samples under crosshair (0 no-data, 26 out-of-range, 415 low-confidence)",0,,,None,Unavailable,NoWallInView,,,,-1.11057723,1.08197367,0.420301467,-0.004752588,-0.0282661282,-0.008484305,0.999553144,0,0,0,0,0,0,283703.76240665704,283703.76240665704,0.033497708005597815
66.0201633614522,d62bf83a,SessionTracking,Tracking,30.06251,30.1018085,1,0.032856145990081131,0.8541667,10.8025694,1,160x90 DepthUint16,"centre=6596 min=805 max=31067 hex=073A 0C34 19C4 17E9 0B19","centre=4205 min=2041 max=9489 hex=1152 10C5 106D 11BF 105E",0,0,0,,0,,,None,Unavailable,NoWallUnderCrosshair,,,,"only 0 valid depth samples under crosshair (0 no-data, 27 out-of-range, 414 low-confidence)",0,,,None,Unavailable,NoWallInView,,,,-1.10805774,1.087106,0.417499,-0.00524088275,-0.0298193581,-0.008866966,0.999502242,0,0,0,0,0,0,283703.795869007,283703.795869007,0.03279515597387217
66.044088309459539,d62bf83a,SessionTracking,Tracking,30.0621052,30.1018085,1,0.023156093986472115,0.8602778,10.9685421,1,160x90 DepthUint16,"centre=7375 min=805 max=31140 hex=07CA 0C88 1CCF 17ED 0B35","centre=4224 min=2009 max=9498 hex=116C 10F0 1080 1206 10DD",0,0,0,,0,,,None,Unavailable,NoWallUnderCrosshair,,,,"only 0 valid depth samples under crosshair (0 no-data, 26 out-of-range, 415 low-confidence)",0,,,None,Unavailable,NoWallInView,,,,-1.11199236,1.08761752,0.416481674,-0.005082098,-0.03224538,-0.008663833,0.9994295,0,0,0,0,0,0,283703.82919609104,283703.82919609104,0.023075156001141295
66.0774664344533,d62bf83a,SessionTracking,Tracking,30.058918,30.1018085,1,0.032684947975212708,0.8507639,10.7923613,1,160x90 DepthUint16,"centre=7830 min=805 max=31228 hex=0894 0C79 1E96 17EC 0BA5","centre=4292 min=2037 max=9473 hex=11B1 1113 10C4 120B 10C2",0,0,0,,0,,,None,Unavailable,NoWallUnderCrosshair,,,,"only 0 valid depth samples under crosshair (0 no-data, 27 out-of-range, 414 low-confidence)",0,,,None,Unavailable,NoWallInView,,,,-1.1159488,1.08818042,0.415520817,-0.004733369,-0.03502087,-0.008385093,0.999340236,0,0,0,0,0,0,283703.86252317403,283703.86252317403,0.032599270984064788
66.109321642466739,d62bf83a,SessionTracking,Tracking,30.0640259,30.1018085,1,0.030759167013457045,0.8414583,10.7432642,1,160x90 DepthUint16,"centre=7634 min=815 max=31327 hex=097F 0C4F 1DD2 17EF 0D2B","centre=4208 min=1794 max=9487 hex=12B4 10C8 1070 1242 1196",0,0,0,,0,,,None,Unavailable,NoWallUnderCrosshair,,,,"only 0 valid depth samples under crosshair (0 no-data, 32 out-of-range, 409 low-confidence)",0,,,None,Unavailable,NoWallInView,,,,-1.11870217,1.088176,0.4049617,-0.00462243753,-0.0379880965,-0.008305998,0.999233,0,0,0,0,0,0,283703.89583293704,283703.89583293704,0.030676094000227749
66.1467953924764,d62bf83a,SessionTracking,Tracking,30.0591831,30.1018085,1,0.036630417016567662,0.848472238,10.5905552,1,160x90 DepthUint16,"centre=7653 min=599 max=31374 hex=0A5A 0C25 1DE5 17EE 2B20","centre=4506 min=2014 max=9541 hex=13ED 1229 119A 1294 0F92",0,0,0,,0,,,None,Unavailable,NoWallUnderCrosshair,,,,"only 0 valid depth samples under crosshair (0 no-data, 28 out-of-range, 413 low-confidence)",0,,,None,Unavailable,NoWallInView,,,,-1.12287807,1.088791,0.403662562,-0.00457132235,-0.0396654569,-0.008116037,0.9991696,0,0,0,0,0,0,283703.929160021,283703.929160021,0.036528958007693291
66.1812404964619,d62bf83a,SessionTracking,Tracking,30.062809,30.1018085,1,0.033624634990701452,0.84708333,10.92368,1,160x90 DepthUint16,"centre=8096 min=600 max=31400 hex=0B00 0B5E 1FA0 17FA 4B54","centre=4655 min=2054 max=9583 hex=1480 12D5 122F 1359 1117",0,0,0,,0,,,None,Unavailable,NoWallUnderCrosshair,,,,"only 0 valid depth samples under crosshair (0 no-data, 35 out-of-range, 406 low-confidence)",0,,,None,Unavailable,NoWallInView,,,,-1.12699854,1.08930016,0.4021675,-0.005105015,-0.0414629355,-0.008096963,0.999094248,0,0,0,0,0,0,283703.962487104,283703.962487104,0.033534426998812705
66.21492294446557,d62bf83a,SessionTracking,Tracking,30.063179,30.1018085,1,0.032834375015227124,0.841180563,10.486042,1,160x90 DepthUint16,"centre=8147 min=600 max=31402 hex=0AF1 0B3B 1FD3 1811 0DCF","centre=4722 min=2096 max=9552 hex=1569 1322 1272 1454 0FBA",0,0,0,,0,,,None,Unavailable,NoWallUnderCrosshair,,,,"only 0 valid depth samples under crosshair (0 no-data, 36 out-of-range, 405 low-confidence)",0,,,None,Unavailable,NoWallInView,,,,-1.12349474,1.0937202,0.401745558,-0.00558041641,-0.04235066,-0.008477599,0.9990513,0,0,0,0,0,0,283703.99601012,283703.99601012,0.032739843998569995
66.246879767455312,d62bf83a,SessionTracking,Tracking,30.0586586,30.1018085,1,0.030200364999473095,0.83875,10.6468754,1,160x90 DepthUint16,"centre=8189 min=602 max=31431 hex=0BB6 0B32 1FFD 1817 13A3","centre=4683 min=2004 max=9591 hex=1573 1312 124B 1478 10FD",0,0,0,,0,,,None,Unavailable,NoWallUnderCrosshair,,,,"only 0 valid depth samples under crosshair (0 no-data, 31 out-of-range, 410 low-confidence)",0,,,None,Unavailable,NoWallInView,,,,-1.12727642,1.09419191,0.40003562,-0.00585865462,-0.04386432,-0.008295746,0.9989859,0,0,0,0,0,0,283704.029337204,283704.029337204,0.03007333297864534
66.294912319459172,d62bf83a,SessionTracking,Tracking,30.06276,30.1018085,1,0.047316198004409671,0.843819439,10.6195831,1,160x90 DepthUint16,"centre=8219 min=819 max=38418 hex=0C53 0AD8 201B 1813 0DC2","centre=4859 min=2125 max=9659 hex=15E0 13C0 12FB 14B8 1133",0,0,0,,0,,,None,Unavailable,NoWallUnderCrosshair,,,,"only 0 valid depth samples under crosshair (0 no-data, 33 out-of-range, 408 low-confidence)",0,,,None,Unavailable,NoWallInView,,,,-1.13113737,1.094672,0.3983534,-0.00597364549,-0.0451702736,-0.008080692,0.9989288,0,0,0,0,0,0,283704.062664287,283704.062664287,0.047232863988028839
66.311780757477891,d62bf83a,SessionTracking,Tracking,30.059927,30.1018085,1,0.016262136021396145,0.8425695,10.0420837,1,160x90 DepthUint16,"centre=8247 min=820 max=38455 hex=0C3D 0ABA 2037 182E 0DD9","centre=5369 min=2548 max=9656 hex=15EE 157B 14F9 15A1 112E",0,0,0,,0,,,None,Unavailable,NoWallUnderCrosshair,,,,"only 0 valid depth samples under crosshair (0 no-data, 32 out-of-range, 409 low-confidence)",0,,,None,Unavailable,NoWallInView,,,,-1.1233809,1.10108781,0.3970592,-0.0061043743,-0.0464951769,-0.008360028,0.9988649,0,0,0,0,0,0,283704.09615322103,283704.09615322103,0.016205052001168951
66.342342788473388,d62bf83a,SessionTracking,Tracking,30.0622482,30.1018085,1,0.029585676995338872,0.834583342,9.929375,1,160x90 DepthUint16,"centre=8281 min=821 max=38525 hex=0CE1 0A54 2059 17FB 0DBF","centre=5507 min=2688 max=9682 hex=1614 15D2 1583 15E9 0FC0",0,0,0,,0,,,None,Unavailable,NoWallUnderCrosshair,,,,"only 0 valid depth samples under crosshair (0 no-data, 31 out-of-range, 410 low-confidence)",0,,,None,Unavailable,NoWallInView,,,,-1.1265198,1.10157514,0.395539284,-0.00618127175,-0.0487414151,-0.008064061,0.998759747,0,0,0,0,0,0,283704.129480305,283704.129480305,0.029493490001186728
66.37639700746854,d62bf83a,SessionTracking,Tracking,30.06224,30.1018085,1,0.033310208993498236,0.835208356,10.1097918,1,160x90 DepthUint16,"centre=8315 min=822 max=38596 hex=0D4D 0A4F 207B 17F2 0DDA","centre=5506 min=2585 max=9658 hex=1601 15B8 1582 16A1 111A",0,0,0,,0,,,None,Unavailable,NoWallUnderCrosshair,,,,"only 0 valid depth samples under crosshair (0 no-data, 37 out-of-range, 404 low-confidence)",0,,,None,Unavailable,NoWallInView,,,,-1.129649,1.10210872,0.394035459,-0.00631755637,-0.051109124,-0.00780296372,0.9986426,0,0,0,0,0,0,283704.162807388,283704.162807388,0.033224532002350315
66.410639923476765,d62bf83a,SessionTracking,Tracking,30.05872,30.1018085,1,0.033429635019274428,0.839930534,10.041111,1,160x90 DepthUint16,"centre=8319 min=824 max=38720 hex=0D42 0A41 207F 17FF 0DDC","centre=5506 min=2539 max=9728 hex=1506 1551 1582 166C 1031",0,0,0,,0,,,None,Unavailable,NoWallUnderCrosshair,,,,"only 0 valid depth samples under crosshair (0 no-data, 38 out-of-range, 403 low-confidence)",0,,,None,Unavailable,NoWallInView,,,,-1.121521,1.10639989,0.389618427,-0.006207967,-0.05296588,-0.008050561,0.9985446,0,0,0,0,0,0,283704.196200562,283704.196200562,0.03334500000346452
66.4477046634745,d62bf83a,SessionTracking,Tracking,30.0628033,30.1018085,1,0.036362500017276034,0.8402778,10.2003469,1,160x90 DepthUint16,"centre=8317 min=826 max=38881 hex=0D41 0A35 207D 17F3 07DB","centre=5464 min=2611 max=9707 hex=14AC 1517 1558 1619 1002",0,0,0,,0,,,None,Unavailable,NoWallUnderCrosshair,,,,"only 0 valid depth samples under crosshair (0 no-data, 42 out-of-range, 399 low-confidence)",0,,,None,Unavailable,NoWallInView,,,,-1.12432027,1.10691226,0.3878587,-0.00631076936,-0.05453605,-0.007895441,0.99846065,0,0,0,0,0,0,283704.22952764604,283704.22952764604,0.036266615003114566
66.477777111463865,d62bf83a,SessionTracking,Tracking,30.06181,30.1018085,1,0.02925734399468638,0.831319451,10.04375,1,160x90 DepthUint16,"centre=8313 min=828 max=38860 hex=0D40 0A30 2079 17D5 07DB","centre=5544 min=2604 max=9702 hex=14E4 1553 15A8 16A0 0FCF",0,0,0,,0,,,None,Unavailable,NoWallUnderCrosshair,,,,"only 0 valid depth samples under crosshair (0 no-data, 46 out-of-range, 395 low-confidence)",0,,,None,Unavailable,NoWallInView,,,,-1.12718558,1.10745227,0.3861215,-0.00636931928,-0.0558478869,-0.00763353752,0.9983898,0,0,0,0,0,0,283704.262854729,283704.262854729,0.029167500004405156
66.515153517455246,d62bf83a,SessionTracking,Tracking,30.0617466,30.1018085,1,0.030175313004292548,0.8408333,10.201458,1,160x90 DepthUint16,"centre=8287 min=828 max=38817 hex=0D31 09FC 205F 17EF 07E0","centre=5509 min=2526 max=11146 hex=144E 14E5 1585 16DD 12E3",0,0,0,,0,,,None,Unavailable,NoWallUnderCrosshair,,,,"only 0 valid depth samples under crosshair (0 no-data, 48 out-of-range, 393 low-confidence)",0,,,None,Unavailable,NoWallInView,,,,-1.12997365,1.108026,0.3844666,-0.006129777,-0.0574178323,-0.0072743,0.998304963,0,0,0,0,0,0,283704.296181812,283704.296181812,0.030052343994611874
66.542896069473272,d62bf83a,SessionTracking,Tracking,30.06251,30.1018085,1,0.027099323022412136,0.84152776,10.2809725,1,160x90 DepthUint16,"centre=8208 min=830 max=38878 hex=0C86 0A04 2010 17EA 07E0","centre=5441 min=2454 max=11238 hex=1464 14B6 1541 1724 1352",0,0,0,,0,,,None,Unavailable,NoWallUnderCrosshair,,,,"only 0 valid depth samples under crosshair (0 no-data, 51 out-of-range, 390 low-confidence)",0,,,None,Unavailable,NoWallInView,,,,-1.11667991,1.11305416,0.381235182,-0.00628146,-0.05929103,-0.007588506,0.998192132,0,0,0,0,0,0,283704.329634264,283704.329634264,0.027023906004615128
66.574667631477269,d62bf83a,SessionTracking,Tracking,30.0639687,30.1018085,1,0.031055937026394531,0.832430542,10.2392359,1,160x90 DepthUint16,"centre=7818 min=832 max=38926 hex=0C81 0A1B 1E8A 17EF 07E1","centre=5461 min=2499 max=10930 hex=14A8 14F5 1555 16CF 1262",0,0,0,,0,,,None,Unavailable,NoWallUnderCrosshair,,,,"only 0 valid depth samples under crosshair (0 no-data, 58 out-of-range, 383 low-confidence)",0,,,None,Unavailable,NoWallInView,,,,-1.11876869,1.11343515,0.3794219,-0.006434711,-0.0609828569,-0.00746277,0.9980902,0,0,0,0,0,0,283704.36296134704,283704.36296134704,0.0309756770147942
66.614113934457919,d62bf83a,SessionTracking,Tracking,30.0622272,30.1018085,1,0.038774062995798886,0.833194435,10.0655556,1,160x90 DepthUint16,"centre=7823 min=834 max=38991 hex=0B8C 0A5A 1E8F 17D6 07E2","centre=5510 min=2504 max=10709 hex=14A5 1513 1586 17A4 1201",0,0,0,,0,,,None,Unavailable,NoWallUnderCrosshair,,,,"only 0 valid depth samples under crosshair (0 no-data, 68 out-of-range, 373 low-confidence)",0,,,None,Unavailable,NoWallInView,,,,-1.1207732,1.11384046,0.377742559,-0.00620034942,-0.0627588257,-0.00729677128,0.9979828,0,0,0,0,0,0,283704.39628843,283704.39628843,0.024218125006882474
66.6455000274616,d62bf83a,SessionTracking,Tracking,30.0635529,30.1018085,1,0.030576093005947769,0.840208352,10.1734724,1,160x90 DepthUint16,"centre=7882 min=834 max=39085 hex=0BB0 0A90 1ECA 17C2 07E7","centre=5577 min=2667 max=10276 hex=1476 1510 15C9 17ED 1301",0,0,0,,0,,,None,Unavailable,NoWallUnderCrosshair,,,,"only 0 valid depth samples under crosshair (0 no-data, 69 out-of-range, 372 low-confidence)",0,,,None,Unavailable,NoWallInView,,,,-1.1171819,1.11581314,0.37569654,-0.005653272,-0.06492386,-0.00728076743,0.9978477,0,0,0,0,0,0,283704.42967895605,283704.42967895605,0.030511302000377327
66.67614716347066,d62bf83a,SessionTracking,Tracking,30.0633984,30.1018085,1,0.029703489999519661,0.83125,10.1407642,1,160x90 DepthUint16,"centre=7727 min=833 max=39190 hex=0AD4 0B10 1E2F 17B0 07EA","centre=5674 min=2579 max=10896 hex=14D9 154B 162A 180A 12AC",0,0,0,,0,,,None,Unavailable,NoWallUnderCrosshair,,,,"only 0 valid depth samples under crosshair (0 no-data, 79 out-of-range, 362 low-confidence)",0,,,None,Unavailable,NoWallInView,,,,-1.11888576,1.11626017,0.374257863,-0.00490692863,-0.0673608854,-0.007160128,0.997691,0,0,0,0,0,0,283704.46300603903,283704.46300603903,0.029620000015711412
66.714572111468215,d62bf83a,SessionTracking,Tracking,30.0622578,30.1018085,1,0.037670313002308831,0.822777748,10.0585413,1,160x90 DepthUint16,"centre=7509 min=835 max=39510 hex=0A24 0BE9 1D55 17D2 07CC","centre=5922 min=2681 max=9788 hex=14ED 15C3 1722 1916 12B7",0,0,0,,0,,,None,Unavailable,NoWallUnderCrosshair,,,,"only 0 valid depth samples under crosshair (0 no-data, 90 out-of-range, 351 low-confidence)",0,,,None,Unavailable,NoWallInView,,,,-1.12842834,1.11425865,0.374001443,-0.00487838732,-0.07021192,-0.00701755332,0.997495532,0,0,0,0,0,0,283704.496314588,283704.496314588,0.037589740008115768
66.746845548452029,d62bf83a,SessionTracking,Tracking,30.06163,30.1018085,1,0.031575988978147507,0.8279861,10.0645142,1,160x90 DepthUint16,"centre=7437 min=837 max=39334 hex=0A07 0C5A 1D0D 1805 07CF","centre=5979 min=2698 max=9867 hex=14CE 15E6 175B 19D2 12B3",0,0,0,,0,,,None,Unavailable,NoWallUnderCrosshair,,,,"only 0 valid depth samples under crosshair (0 no-data, 92 out-of-range, 349 low-confidence)",0,,,None,Unavailable,NoWallInView,,,,-1.13044822,1.1146915,0.372374624,-0.004717343,-0.07197888,-0.006900192,0.997371137,0,0,0,0,0,0,283704.52964167204,283704.52964167204,0.031495624978560954
66.783622111459181,d62bf83a,SessionTracking,Tracking,30.0613174,30.1018085,1,0.035939635999966413,0.8282639,10.06618,1,160x90 DepthUint16,"centre=7434 min=840 max=39360 hex=0A09 0C97 1D0A 17FE 07D4","centre=6003 min=2715 max=9867 hex=14CE 15E8 1773 19DC 12E3",0,0,0,,0,,,None,Unavailable,NoWallUnderCrosshair,,,,"only 0 valid depth samples under crosshair (0 no-data, 92 out-of-range, 349 low-confidence)",0,,,None,Unavailable,NoWallInView,,,,-1.132775,1.11518252,0.370611966,-0.004259631,-0.07211837,-0.0064522624,0.99736613,0,0,0,0,0,0,283704.562968755,283704.562968755,0.035858646006090567
66.808510808452183,d62bf83a,SessionTracking,Tracking,30.0606518,30.1018085,1,0.023639321996597573,0.8286806,10.03875,1,160x90 DepthUint16,"centre=7467 min=837 max=39338 hex=0A07 0C75 1D2B 17DC 07CF","centre=6238 min=2796 max=10428 hex=14EC 163A 185E 1ACB 12DB",0,0,0,,0,,,None,Unavailable,NoWallUnderCrosshair,,,,"only 0 valid depth samples under crosshair (0 no-data, 94 out-of-range, 347 low-confidence)",0,,,None,Unavailable,NoWallInView,,,,-1.13362134,1.116408,0.374388754,-0.00404979335,-0.0712468252,-0.006098629,0.9974319,0,0,0,0,0,0,283704.596289971,283704.596289971,0.02356104098726064
66.846392736453481,d62bf83a,SessionTracking,Tracking,30.05677,30.1018085,1,0.03715781299979426,0.8285417,9.905347,1,160x90 DepthUint16,"centre=7466 min=839 max=39323 hex=0A06 0C71 1D2A 17E3 07CF","centre=6208 min=2771 max=10710 hex=14EE 1634 1840 1A4B 1302",0,0,0,,0,,,None,Unavailable,NoWallUnderCrosshair,,,,"only 0 valid depth samples under crosshair (0 no-data, 93 out-of-range, 348 low-confidence)",0,,,None,Unavailable,NoWallInView,,,,-1.13581538,1.11687589,0.37251398,-0.004303694,-0.0710229054,-0.005812824,0.9974485,0,0,0,0,0,0,283704.629617055,283704.629617055,0.037072865001391619
66.891943933474749,d62bf83a,SessionTracking,Tracking,30.0624561,30.1018085,1,0.04483598901424557,0.8279167,9.941875,1,160x90 DepthUint16,"centre=7458 min=841 max=39331 hex=0A07 0C90 1D22 17E9 07D2","centre=6270 min=2825 max=10662 hex=1544 167B 187E 1B14 12F9",0,0,0,,0,,,None,Unavailable,NoWallUnderCrosshair,,,,"only 0 valid depth samples under crosshair (0 no-data, 94 out-of-range, 347 low-confidence)",0,,,None,Unavailable,NoWallInView,,,,-1.13791251,1.11736715,0.3706087,-0.004235182,-0.0711258054,-0.00554889441,0.9974429,0,0,0,0,0,0,283704.662944138,283704.662944138,0.04475692700361833
66.908156694469426,d62bf83a,SessionTracking,Tracking,30.06107,30.1018085,1,0.015416875015944242,0.833819449,10.08493,1,160x90 DepthUint16,"centre=7417 min=839 max=39376 hex=0A1F 0D03 1CF9 1808 07D1","centre=6145 min=2475 max=9903 hex=1450 15B9 1801 1AA6 0F05",0,0,0,,0,,,None,Unavailable,NoWallUnderCrosshair,,,,"only 0 valid depth samples under crosshair (0 no-data, 95 out-of-range, 346 low-confidence)",0,,,None,Unavailable,NoWallInView,,,,-1.14177847,1.11785758,0.371975839,-0.00406468334,-0.07236732,-0.00513351,0.9973566,0,0,0,0,0,0,283704.696176156,283704.696176156,0.015336615004343912
66.948419090451125,d62bf83a,SessionTracking,Tracking,30.0604458,30.1018085,1,0.039564947976032272,0.833125,10.009861,1,160x90 DepthUint16,"centre=7354 min=842 max=39442 hex=09D2 0DA0 1CBA 1843 07D5","centre=6150 min=2566 max=9881 hex=13E2 1565 1806 1B0A 0F7A",0,0,0,,0,,,None,Unavailable,NoWallUnderCrosshair,,,,"only 0 valid depth samples under crosshair (0 no-data, 104 out-of-range, 337 low-confidence)",0,,,None,Unavailable,NoWallInView,,,,-1.143522,1.118376,0.3703328,-0.00389287621,-0.07438111,-0.00502303243,0.997209668,0,0,0,0,0,0,283704.72950324,283704.72950324,0.039380051981424913
66.980867371461272,d62bf83a,SessionTracking,Tracking,30.06251,30.1018085,1,0.031706874986412004,0.82590276,9.882431,1,160x90 DepthUint16,"centre=7346 min=842 max=39527 hex=09BC 0E53 1CB2 186A 07DA","centre=6305 min=2476 max=9929 hex=1432 15E9 18A1 1BB9 0E72",0,0,0,,0,,,None,Unavailable,NoWallUnderCrosshair,,,,"only 0 valid depth samples under crosshair (0 no-data, 115 out-of-range, 326 low-confidence)",0,,,None,Unavailable,NoWallInView,,,,-1.14526308,1.11893988,0.368804634,-0.00347154215,-0.07666387,-0.00494384766,0.9970387,0,0,0,0,0,0,283704.762830323,283704.762830323,0.031623593997210264
67.011498360461474,d62bf83a,SessionTracking,Tracking,30.062048,30.2464542,1,0.029931769997347146,0.822777748,9.856597,1,160x90 DepthUint16,"centre=7443 min=838 max=39624 hex=09A9 0F92 1D13 1883 07DC","centre=6376 min=2356 max=9879 hex=13E9 15D3 18E8 1C1E 0EA2",0,0,0,,0,,,None,Unavailable,NoWallUnderCrosshair,,,,"only 0 valid depth samples under crosshair (0 no-data, 123 out-of-range, 318 low-confidence)",0,,,None,Unavailable,NoWallInView,,,,-1.152909,1.11885715,0.371135175,-0.00286583253,-0.0792112,-0.00460535334,0.9968431,0,0,0,0,0,0,283704.796164422,283704.796164422,0.0298538540082518
67.048867996465333,d62bf83a,SessionTracking,Tracking,30.0623684,30.2464542,1,0.036664270999608561,0.826805532,9.984861,1,160x90 DepthUint16,"centre=7639 min=838 max=39685 hex=09CA 1022 1DD7 18B3 07B9","centre=6502 min=2653 max=9914 hex=1494 1668 1966 1CAB 1011",0,0,0,,0,,,None,Unavailable,NoWallUnderCrosshair,,,,"only 0 valid depth samples under crosshair (0 no-data, 130 out-of-range, 311 low-confidence)",0,,,None,Unavailable,NoWallInView,,,,-1.15494275,1.11939108,0.369712859,-0.00273170345,-0.0811977237,-0.004758895,0.9966829,0,0,0,0,0,0,283704.82949150604,283704.82949150604,0.036576093989424407
67.081254663473146,d62bf83a,SessionTracking,Tracking,30.0630989,30.2464542,1,0.031631719000870362,0.826458335,9.967014,1,160x90 DepthUint16,"centre=7900 min=838 max=39745 hex=0A28 10DE 1EDC 18E6 07C1","centre=6664 min=2791 max=9914 hex=151F 1710 1A08 1D8C 120F",0,0,0,,0,,,None,Unavailable,NoWallUnderCrosshair,,,,"only 0 valid depth samples under crosshair (0 no-data, 139 out-of-range, 302 low-confidence)",0,,,None,Unavailable,NoWallInView,,,,-1.15699708,1.11994708,0.368199527,-0.00273684063,-0.0832534954,-0.004719347,0.9965135,0,0,0,0,0,0,283704.862818589,283704.862818589,0.0315491670044139
67.111890235453529,d62bf83a,SessionTracking,Tracking,30.0635777,30.2464542,1,0.0298709369963035,0.8186111,9.91493,1,160x90 DepthUint16,"centre=8068 min=836 max=39788 hex=0A28 1121 1F84 18FD 07BF","centre=6502 min=2494 max=9911 hex=1462 1631 1966 1D26 0F16",0,0,0,,0,,,None,Unavailable,NoWallUnderCrosshair,,,,"only 0 valid depth samples under crosshair (0 no-data, 144 out-of-range, 297 low-confidence)",0,,,None,Unavailable,NoWallInView,,,,-1.15228844,1.12194228,0.370602369,-0.00228451961,-0.0842833146,-0.004780591,0.9964278,0,0,0,0,0,0,283704.89608125103,283704.89608125103,0.029791769979055971
67.142689298463438,d62bf83a,SessionTracking,Tracking,30.0672684,30.2464542,1,0.030087864986853674,0.8182639,10.056181,1,160x90 DepthUint16,"centre=8090 min=838 max=39783 hex=0A60 1105 1F9A 1950 07C1","centre=6519 min=2517 max=9919 hex=144B 1630 1977 1D77 0FAD",0,0,0,,0,,,None,Unavailable,NoWallUnderCrosshair,,,,"only 0 valid depth samples under crosshair (0 no-data, 149 out-of-range, 292 low-confidence)",0,,,None,Unavailable,NoWallInView,,,,-1.15412009,1.12233222,0.368974656,-0.002815746,-0.08491921,-0.00501176761,0.996371269,0,0,0,0,0,0,283704.929408335,283704.929408335,0.030004739994183183
67.174413152479019,d62bf83a,SessionTracking,Tracking,30.06219,30.2464542,1,0.031023125018691644,0.8183333,10.0129862,1,160x90 DepthUint16,"centre=8477 min=838 max=39826 hex=0AC5 1170 211D 19B5 07C8","centre=6600 min=2641 max=9935 hex=14C1 168F 19C8 1DB4 1039",0,0,0,,0,,,None,Unavailable,NoWallUnderCrosshair,,,,"only 0 valid depth samples under crosshair (0 no-data, 151 out-of-range, 290 low-confidence)",0,,,None,Unavailable,NoWallInView,,,,-1.15577722,1.12285316,0.367552966,-0.00251610228,-0.08610124,-0.00523126172,0.9962695,0,0,0,0,0,0,283704.962735418,283704.962735418,0.030940729018766433
67.21266231945242,d62bf83a,SessionTracking,Tracking,30.06807,30.2464542,1,0.037391978985397145,0.815625,10.05882,1,160x90 DepthUint16,"centre=9172 min=834 max=39915 hex=0ACA 1229 23D4 1A19 07C7","centre=6539 min=2397 max=9947 hex=1487 1649 198B 1E20 0EE6",0,0,0,,0,,,None,Unavailable,NoWallUnderCrosshair,,,,"only 0 valid depth samples under crosshair (0 no-data, 155 out-of-range, 286 low-confidence)",0,,,None,Unavailable,NoWallInView,,,,-1.14729071,1.12423706,0.373299539,-0.0017086158,-0.08848112,-0.00605592225,0.996058,0,0,0,0,0,0,283704.99752067,283704.99752067,0.037306926999008283
67.245478100466926,d62bf83a,SessionTracking,Tracking,30.0610867,30.2464542,1,0.03212953099864535,0.808333337,10.0815973,1,160x90 DepthUint16,"centre=10995 min=833 max=39982 hex=0E64 138A 2AF3 1B0D 07D7","centre=6668 min=2626 max=9963 hex=14D3 16AF 1A0C 1EBF 1122",0,0,0,,0,,,None,Unavailable,NoWallUnderCrosshair,,,,"only 0 valid depth samples under crosshair (0 no-data, 170 out-of-range, 271 low-confidence)",0,,,None,Unavailable,NoWallInView,,,,-1.14789319,1.124773,0.372290879,-0.00102218986,-0.09198712,-0.006405741,0.9957391,0,0,0,0,0,0,283705.03084775404,283705.03084775404,0.0320471879967954
67.286178412472282,d62bf83a,SessionTracking,Tracking,30.0650959,30.2464542,1,0.039177500002551824,0.8017361,10.1565275,1,160x90 DepthUint16,"centre=12687 min=833 max=39765 hex=0F52 14C3 318F 1B72 07E4","centre=6528 min=2421 max=9968 hex=1364 159C 1980 1F56 0F7A",0,0,0,,0,,,None,Unavailable,NoWallUnderCrosshair,,,,"only 0 valid depth samples under crosshair (0 no-data, 183 out-of-range, 258 low-confidence)",0,,,None,Unavailable,NoWallInView,,,,-1.14867818,1.12536025,0.371214956,-0.000503573567,-0.0945239961,-0.00674697757,0.9954996,0,0,0,0,0,0,283705.064174837,283705.064174837,0.039105260017095134
67.315705704477068,d62bf83a,SessionTracking,Tracking,30.06447,30.2464542,1,0.028642864024732262,0.7972917,10.1715279,1,160x90 DepthUint16,"centre=13798 min=831 max=39753 hex=14C5 152B 35E6 1BA1 07E6","centre=6616 min=2435 max=9979 hex=13FB 1601 19D8 1FE4 0FE7",0,0,0,,0,,,None,Unavailable,NoWallUnderCrosshair,,,,"only 0 valid depth samples under crosshair (0 no-data, 189 out-of-range, 252 low-confidence)",0,,,None,Unavailable,NoWallInView,,,,-1.14393294,1.12664783,0.373146355,-0.0005747117,-0.0971782655,-0.0071977675,0.9952408,0,0,0,0,0,0,283705.09757663,283705.09757663,0.028576094016898423
67.34688617347615,d62bf83a,SessionTracking,Tracking,30.0640259,30.2464542,1,0.030455781001364812,0.790833354,10.2556944,1,160x90 DepthUint16,"centre=15198 min=830 max=39774 hex=16CC 1694 3B5E 1B8D 07F2","centre=6710 min=2580 max=9997 hex=1400 1643 1A36 20CD 10FA",0,0,0,,0,,,None,Unavailable,NoWallUnderCrosshair,,,,"only 0 valid depth samples under crosshair (0 no-data, 207 out-of-range, 234 low-confidence)",0,,,None,Unavailable,NoWallInView,,,,-1.144445,1.12721121,0.3720498,-0.000278100371,-0.100254871,-0.007060915,0.9949367,0,0,0,0,0,0,283705.13090371405,283705.13090371405,0.030375938018551096
67.378602423475741,d62bf83a,SessionTracking,Tracking,30.0638161,30.2464542,1,0.031014271022286266,0.786736131,10.325139,1,160x90 DepthUint16,"centre=15984 min=831 max=39814 hex=1A18 177E 3E70 1B63 08A9","centre=6795 min=2406 max=9967 hex=1420 164A 1A8B 216D 0FC4",0,0,0,,0,,,None,Unavailable,NoWallUnderCrosshair,,,,"only 0 valid depth samples under crosshair (0 no-data, 215 out-of-range, 226 low-confidence)",0,,,None,Unavailable,NoWallInView,,,,-1.14509845,1.12777734,0.3709211,0.000317607075,-0.102666736,-0.00693994761,0.994691551,0,0,0,0,0,0,283705.16423079703,283705.16423079703,0.030936563009163365
67.415191277457552,d62bf83a,SessionTracking,Tracking,30.0623474,30.2464542,1,0.035600937000708655,0.7811111,10.2875,1,160x90 DepthUint16,"centre=16357 min=827 max=39866 hex=1AD5 18A1 3FE5 1B55 08A3","centre=6746 min=2452 max=9980 hex=1372 15DD 1A5A 215B 0FD5",0,0,0,,0,,,None,Unavailable,NoWallUnderCrosshair,,,,"only 0 valid depth samples under crosshair (0 no-data, 225 out-of-range, 216 low-confidence)",0,,,None,Unavailable,NoWallInView,,,,-1.13614476,1.12986624,0.376734972,0.000780276954,-0.105380461,-0.00704211,0.99440676,0,0,0,0,0,0,283705.19750177604,283705.19750177604,0.035517968994099647
67.446403256475378,d62bf83a,SessionTracking,Tracking,30.0624332,30.2464542,1,0.029543229000410065,0.776944458,10.4058332,1,160x90 DepthUint16,"centre=16600 min=826 max=39946 hex=1B61 1949 40D8 1B51 08A2","centre=6839 min=2438 max=9980 hex=13B2 1628 1AB7 2277 0FFB",0,0,0,,0,,,None,Unavailable,NoWallUnderCrosshair,,,,"only 0 valid depth samples under crosshair (0 no-data, 233 out-of-range, 208 low-confidence)",0,,,None,Unavailable,NoWallInView,,,,-1.13655746,1.130383,0.375735134,0.00119764,-0.107549466,-0.006592602,0.994177163,0,0,0,0,0,0,283705.23082886,283705.23082886,0.029440885002259165
67.481953725455014,d62bf83a,SessionTracking,Tracking,30.0630722,30.2464542,1,0.0348383329983335,0.78458333,10.2918749,1,160x90 DepthUint16,"centre=16642 min=827 max=39973 hex=1B6A 1A62 4102 1B8E 08A2","centre=6859 min=2528 max=9964 hex=13B5 1641 1ACB 2274 1060",0,0,0,,0,,,None,Unavailable,NoWallUnderCrosshair,,,,"only 0 valid depth samples under crosshair (0 no-data, 238 out-of-range, 203 low-confidence)",0,,,None,Unavailable,NoWallInView,,,,-1.13692319,1.13094783,0.374727547,0.001749769,-0.109506525,-0.00619643973,0.993965268,0,0,0,0,0,0,283705.264155943,283705.264155943,0.034753385989461094
67.508787058471853,d62bf83a,SessionTracking,Tracking,30.0628166,30.2464542,1,0.0260731769958511,0.775208354,10.1065273,1,160x90 DepthUint16,"centre=16683 min=819 max=39960 hex=1B82 1AEB 412B 1BDB 088B","centre=6966 min=2416 max=9965 hex=146E 16B3 1B36 22E0 1098",0,0,0,,0,,,None,Unavailable,NoWallUnderCrosshair,,,,"only 0 valid depth samples under crosshair (0 no-data, 246 out-of-range, 195 low-confidence)",0,,,None,Unavailable,NoWallInView,,,,-1.145865,1.13079143,0.380874366,0.00177203887,-0.110857211,-0.00534483837,0.9938204,0,0,0,0,0,0,283705.29715852503,283705.29715852503,0.025993957999162376
67.547147579465445,d62bf83a,SessionTracking,Tracking,30.06298,30.2464542,1,0.037665312003809959,0.7776389,10.2786112,1,160x90 DepthUint16,"centre=16682 min=817 max=39996 hex=1B8A 1BE7 412A 1D9F 0884","centre=7121 min=2599 max=9987 hex=1472 1717 1BD1 243D 111A",0,0,0,,0,,,None,Unavailable,NoWallUnderCrosshair,,,,"only 0 valid depth samples under crosshair (0 no-data, 262 out-of-range, 179 low-confidence)",0,,,None,Unavailable,NoWallInView,,,,-1.145988,1.13121319,0.379958332,0.00158616167,-0.114858508,-0.00524845766,0.9933668,0,0,0,0,0,0,283705.330485609,283705.330485609,0.037586874997941777
67.57834757946307,d62bf83a,SessionTracking,Tracking,30.0632076,30.2464542,1,0.030491145997075364,0.765625,10.0204859,1,160x90 DepthUint16,"centre=16768 min=816 max=39929 hex=1CA8 1D13 4180 2477 0882","centre=7304 min=2573 max=10026 hex=156F 17F5 1C88 24E6 110E",0,0,0,,0,,,None,Unavailable,NoWallUnderCrosshair,,,,"only 0 valid depth samples under crosshair (0 no-data, 272 out-of-range, 169 low-confidence)",0,,,None,Unavailable,NoWallInView,,,,-1.14599371,1.13173211,0.379129767,0.002385214,-0.11922425,-0.005290866,0.992850363,0,0,0,0,0,0,283705.363812692,283705.363812692,0.030408385006012395
67.609552996469347,d62bf83a,SessionTracking,Tracking,30.0630989,30.2464542,1,0.030515209014993161,0.7529167,10.0333338,1,160x90 DepthUint16,"centre=16752 min=818 max=39921 hex=1F66 1E5A 4170 26D9 0882","centre=7364 min=2491 max=10035 hex=1557 17F8 1CC4 2564 1053",0,0,0,,0,,,None,Unavailable,NoWallUnderCrosshair,,,,"only 0 valid depth samples under crosshair (0 no-data, 290 out-of-range, 151 low-confidence)",0,,,None,Unavailable,NoWallInView,,,,-1.1358726,1.13478494,0.381418049,0.00276506715,-0.124182284,-0.00453913258,0.9922452,0,0,0,0,0,0,283705.39819017204,283705.39819017204,0.030435209017014131
67.648831381465925,d62bf83a,SessionTracking,Tracking,30.06261,30.2464542,1,0.038527500000782311,0.7546528,10.0176392,1,160x90 DepthUint16,"centre=16734 min=816 max=39952 hex=2241 1ECA 415E 26BB 0880","centre=7371 min=2550 max=10030 hex=148F 1778 1CCB 25BD 1106",0,0,0,,0,,,None,Unavailable,NoWallUnderCrosshair,,,,"only 0 valid depth samples under crosshair (0 no-data, 303 out-of-range, 138 low-confidence)",0,,,None,Unavailable,NoWallInView,,,,-1.13626778,1.135212,0.3803355,0.003006428,-0.127452865,-0.00422212435,0.991831064,0,0,0,0,0,0,283705.431517256,283705.431517256,0.0384470830031205
67.683228256475331,d62bf83a,SessionTracking,Tracking,30.062809,30.2464542,1,0.033671615005005151,0.745,9.874514,1,160x90 DepthUint16,"centre=16718 min=815 max=39983 hex=2866 1FB7 414E 26D4 087D","centre=7349 min=2513 max=10045 hex=13E0 170F 1CB5 25FD 10ED",0,0,0,,0,,,None,Unavailable,NoWallUnderCrosshair,,,,"only 0 valid depth samples under crosshair (0 no-data, 313 out-of-range, 128 low-confidence)",0,,,None,Unavailable,NoWallInView,,,,-1.13678694,1.13560414,0.379235685,0.0030447098,-0.129943386,-0.00388625287,0.99150914,0,0,0,0,0,0,283705.464844339,283705.464844339,0.033586719015147537
67.7190767984755,d62bf83a,SessionTracking,Tracking,30.0627785,30.2464542,1,0.035148229013429955,0.744305551,9.798195,1,160x90 DepthUint16,"centre=16713 min=812 max=39785 hex=29E7 1FCE 4149 26DA 0878","centre=7369 min=2570 max=9999 hex=1405 1722 1CC9 2639 10C8",0,0,0,,0,,,None,Unavailable,NoWallUnderCrosshair,,,,"only 0 valid depth samples under crosshair (0 no-data, 317 out-of-range, 124 low-confidence)",0,,,None,Unavailable,NoWallInView,,,,-1.13934267,1.13478827,0.381574184,0.0030396732,-0.130872414,-0.0036311748,0.991387963,0,0,0,0,0,0,283705.498280789,283705.498280789,0.035068698023678735
67.7430787254741,d62bf83a,SessionTracking,Tracking,30.0610352,30.2464542,1,0.023419271019520238,0.743541658,9.807639,1,160x90 DepthUint16,"centre=16712 min=813 max=39812 hex=2D3E 200D 4148 26E5 0878","centre=7460 min=2644 max=10011 hex=1457 1780 1D24 2624 10EE",0,0,0,,0,,,None,Unavailable,NoWallUnderCrosshair,,,,"only 0 valid depth samples under crosshair (0 no-data, 323 out-of-range, 118 low-confidence)",0,,,None,Unavailable,NoWallInView,,,,-1.13999689,1.13518274,0.380561024,0.003085591,-0.131872863,-0.00350615382,0.991255641,0,0,0,0,0,0,283705.53160787304,283705.53160787304,0.023349374998360872
67.77439023545935,d62bf83a,SessionTracking,Tracking,30.06279,30.2464542,1,0.030705729004694149,0.739652753,9.840625,1,160x90 DepthUint16,"centre=16708 min=813 max=39841 hex=28CA 20C5 4144 26EB 0878","centre=7502 min=2578 max=10041 hex=14F5 17D6 1D4E 2635 111C",0,0,0,,0,,,None,Unavailable,NoWallUnderCrosshair,,,,"only 0 valid depth samples under crosshair (0 no-data, 328 out-of-range, 113 low-confidence)",0,,,None,Unavailable,NoWallInView,,,,-1.14063764,1.13566828,0.379608631,0.00320626074,-0.132831469,-0.00320488238,0.9911283,0,0,0,0,0,0,283705.564934956,283705.564934956,0.030643957987194881
67.809603933452081,d62bf83a,SessionTracking,Tracking,30.0620289,30.2464542,1,0.034561353997560218,0.735,9.733334,1,160x90 DepthUint16,"centre=16693 min=811 max=39923 hex=28B7 20ED 4135 26EA 0877","centre=7485 min=2534 max=10028 hex=14AC 179F 1D3D 2657 112A",0,0,0,,0,,,None,Unavailable,NoWallUnderCrosshair,,,,"only 0 valid depth samples under crosshair (0 no-data, 332 out-of-range, 109 low-confidence)",0,,,None,Unavailable,NoWallInView,,,,-1.13840938,1.13548923,0.382503033,0.00357753038,-0.13397634,-0.00272935629,0.9909743,0,0,0,0,0,0,283705.598469253,283705.598469253,0.034480051981518045
67.841148204464616,d62bf83a,SessionTracking,Tracking,30.0619316,30.2464542,1,0.030790572986006737,0.7326389,9.603056,1,160x90 DepthUint16,"centre=16703 min=811 max=39927 hex=28BD 2134 413F 26CE 0882","centre=7572 min=2607 max=10016 hex=14D1 17E0 1D94 266E 107A",0,0,0,,0,,,None,Unavailable,NoWallUnderCrosshair,,,,"only 0 valid depth samples under crosshair (0 no-data, 342 out-of-range, 99 low-confidence)",0,,,None,Unavailable,NoWallInView,,,,-1.13868451,1.13598239,0.381552756,0.00342949526,-0.136076108,-0.00260618352,0.990689039,0,0,0,0,0,0,283705.631796337,283705.631796337,0.030712395993759856
67.874461173461668,d62bf83a,SessionTracking,Tracking,30.0618572,30.2464542,1,0.032470520993229,0.722291648,9.517847,1,160x90 DepthUint16,"centre=16737 min=810 max=39995 hex=2898 227D 4161 26CD 0877","centre=7696 min=2560 max=10081 hex=155B 1846 1E10 2698 1049",0,0,0,,0,,,None,Unavailable,NoWallUnderCrosshair,,,,"only 0 valid depth samples under crosshair (0 no-data, 356 out-of-range, 85 low-confidence)",0,,,None,Unavailable,NoWallInView,,,,-1.13862431,1.136462,0.380507469,0.00314278156,-0.139525145,-0.002342105,0.9902108,0,0,0,0,0,0,283705.66512342,283705.66512342,0.032389011001214385
67.913583725461422,d62bf83a,SessionTracking,Tracking,30.0618172,30.2464542,1,0.038309895986458287,0.716666639,9.53632,1,160x90 DepthUint16,"centre=16773 min=802 max=39963 hex=2899 23B2 4185 26C0 0869","centre=7728 min=2570 max=10033 hex=159C 188F 1E30 26B4 1060",0,0,0,,0,,,None,Unavailable,NoWallUnderCrosshair,,,,"only 0 valid depth samples under crosshair (0 no-data, 372 out-of-range, 69 low-confidence)",0,,,None,Unavailable,NoWallInView,,,,-1.135494,1.13482821,0.390225,0.00252750539,-0.14223519,-0.0019745233,0.989827752,0,0,0,0,0,0,283705.699347224,283705.699347224,0.038218281988520175
67.944791225457948,d62bf83a,SessionTracking,Tracking,30.061409,30.2464542,1,0.030307343986351043,0.712291658,9.485,1,160x90 DepthUint16,"centre=16777 min=801 max=39994 hex=28AB 245C 4189 26C1 0840","centre=7735 min=2674 max=10060 hex=1553 185F 1E37 26C8 0FEB",0,0,0,,0,,,None,Unavailable,NoWallUnderCrosshair,,,,"only 0 valid depth samples under crosshair (2 no-data, 379 out-of-range, 60 low-confidence)",0,,,None,Unavailable,NoWallInView,,,,-1.13557529,1.13505328,0.3891393,0.0016213432,-0.1444718,-0.00206539035,0.9895054,0,0,0,0,0,0,283705.732674308,283705.732674308,0.030226197995943949
67.992904402464546,d62bf83a,SessionTracking,Tracking,30.0615883,30.2464542,1,0.047424166987184435,0.7052778,9.234167,1,160x90 DepthUint16,"centre=16767 min=803 max=39989 hex=28B8 254A 417F 26FC 07F6","centre=7662 min=2641 max=9953 hex=14E5 1817 1DEE 26B7 1031",0,0,0,,0,,,None,Unavailable,NoWallUnderCrosshair,,,,"only 0 valid depth samples under crosshair (2 no-data, 390 out-of-range, 49 low-confidence)",0,,,None,Unavailable,NoWallInView,,,,-1.13561666,1.13523889,0.3880582,0.000799849629,-0.146541744,-0.00222370028,0.989201665,0,0,0,0,0,0,283705.766001391,283705.766001391,0.047343176993308589
68.013649298463633,d62bf83a,SessionTracking,Tracking,30.0615158,29.93561,1,0.019997188006527722,0.7007639,9.417084,1,160x90 DepthUint16,"centre=16831 min=805 max=39950 hex=28C4 264C 41BF 26F1 07F3","centre=7490 min=2532 max=9971 hex=1395 16E5 1D42 26B6 0FA8",0,0,0,,0,,,None,Unavailable,NoWallUnderCrosshair,,,,"only 0 valid depth samples under crosshair (4 no-data, 390 out-of-range, 47 low-confidence)",0,,,None,Unavailable,NoWallInView,,,,-1.13437247,1.13636315,0.384920448,0.0005231128,-0.148355529,-0.00222134613,0.9889315,0,0,0,0,0,0,283705.79936562,283705.79936562,0.019819375011138618
68.0451798704778,d62bf83a,SessionTracking,Tracking,30.0633087,29.93561,1,0.030796770006418228,0.6972917,9.431042,1,160x90 DepthUint16,"centre=16837 min=805 max=39975 hex=28CB 2682 41C5 26FF 07ED","centre=7327 min=2429 max=9990 hex=10F1 1519 1C9F 26CC 0F50",0,0,0,,0,,,None,Unavailable,NoWallUnderCrosshair,,,,"only 0 valid depth samples under crosshair (4 no-data, 397 out-of-range, 40 low-confidence)",0,,,None,Unavailable,NoWallInView,,,,-1.134382,1.13663721,0.3837615,0.000378839672,-0.150164187,-0.00220674276,0.988658547,0,0,0,0,0,0,283705.832949523,283705.832949523,0.030358333024196327
68.076342214455281,d62bf83a,SessionTracking,Tracking,30.0631065,29.93561,1,0.030424947995925322,0.690069437,9.298264,1,160x90 DepthUint16,"centre=16885 min=806 max=39983 hex=28D7 27F8 41F5 270E 07E6","centre=7277 min=2421 max=9942 hex=106B 149E 1C6D 26B7 0F6E",0,0,0,,0,,,None,Unavailable,NoWallUnderCrosshair,,,,"only 0 valid depth samples under crosshair (4 no-data, 396 out-of-range, 41 low-confidence)",0,,,None,Unavailable,NoWallInView,,,,-1.13433576,1.13687229,0.3825142,-0.000106319792,-0.151976109,-0.00230938219,0.9883815,0,0,0,0,0,0,283705.866998356,283705.866998356,0.030341665988089517
68.115724193459528,d62bf83a,SessionTracking,Tracking,30.0630989,29.93561,1,0.038679791003232822,0.6886805,9.457916,1,160x90 DepthUint16,"centre=14722 min=791 max=39988 hex=28DC 2810 3982 26F2 07D9","centre=7095 min=2216 max=10027 hex=0E85 131A 1BB7 26E9 104E",0,0,0,,0,,,None,Unavailable,NoWallUnderCrosshair,,,,"only 0 valid depth samples under crosshair (6 no-data, 401 out-of-range, 34 low-confidence)",0,,,None,Unavailable,NoWallInView,,,,-1.12963367,1.13379,0.397603035,-0.000626571535,-0.154000714,-0.002141178,0.9880682,0,0,0,0,0,0,283705.901812512,283705.901812512,0.038600364001467824
68.147161537464626,d62bf83a,SessionTracking,Tracking,30.06386,29.93561,1,0.030708281003171578,0.692569435,9.369653,1,160x90 DepthUint16,"centre=8984 min=796 max=39918 hex=2905 28B7 2318 2740 07CF","centre=7214 min=2237 max=9932 hex=1017 141D 1C2E 269C 0FA9",0,0,0,,0,,,None,Unavailable,NoWallUnderCrosshair,,,,"only 0 valid depth samples under crosshair (3 no-data, 404 out-of-range, 34 low-confidence)",0,,,None,Unavailable,NoWallInView,,,,-1.12961853,1.13373256,0.396610141,-0.00216696435,-0.155488148,-0.00225082063,0.987832844,0,0,0,0,0,0,283705.936082741,283705.936082741,0.030197187006706372
68.179520756475313,d62bf83a,SessionTracking,Tracking,30.0646858,29.93561,1,0.031592240004101768,0.6917361,9.416111,1,160x90 DepthUint16,"centre=8788 min=796 max=39917 hex=294B 295F 2254 2747 07C8","centre=7162 min=2224 max=9971 hex=0F79 13A9 1BFA 26D5 0FE5",0,0,0,,0,,,None,Unavailable,NoWallUnderCrosshair,,,,"only 0 valid depth samples under crosshair (3 no-data, 407 out-of-range, 31 low-confidence)",0,,,None,Unavailable,NoWallInView,,,,-1.12949634,1.13379288,0.395859361,-0.00272507221,-0.157426566,-0.00214356184,0.9875246,0,0,0,0,0,0,283705.969409824,283705.969409824,0.031510365020949394
68.210522162469488,d62bf83a,SessionTracking,Tracking,30.0650311,29.93561,1,0.030252344004111364,0.682569444,9.339375,1,160x90 DepthUint16,"centre=8073 min=798 max=39913 hex=2A0C 29D0 1F89 274F 07C4","centre=7156 min=2129 max=9988 hex=0FCB 13B1 1BF4 26D5 0FF8",0,0,0,,0,,,None,Unavailable,NoWallUnderCrosshair,,,,"only 0 valid depth samples under crosshair (4 no-data, 405 out-of-range, 32 low-confidence)",0,,,None,Unavailable,NoWallInView,,,,-1.12939584,1.13441229,0.392894357,-0.00311511,-0.159058064,-0.001958251,0.9872624,0,0,0,0,0,0,283706.00274028,283706.00274028,0.030173281003953889
68.249149037470261,d62bf83a,SessionTracking,Tracking,30.0646858,29.93561,1,0.037914271000772715,0.6795139,9.121805,1,160x90 DepthUint16,"centre=8074 min=797 max=39955 hex=2BAF 29D9 1F8A 2755 07C4","centre=7166 min=2229 max=9943 hex=1048 1410 1BFE 2695 1031",0,0,0,,0,,,None,Unavailable,NoWallUnderCrosshair,,,,"only 0 valid depth samples under crosshair (4 no-data, 407 out-of-range, 30 low-confidence)",0,,,None,Unavailable,NoWallInView,,,,-1.1292944,1.13439322,0.3920309,-0.00380247831,-0.160580546,-0.00212427974,0.9870131,0,0,0,0,0,0,283706.03606736404,283706.03606736404,0.037829739012522623
68.283444558477413,d62bf83a,SessionTracking,Tracking,30.0651455,29.93561,1,0.033484531013527885,0.673888862,8.955625,1,160x90 DepthUint16,"centre=8081 min=796 max=39936 hex=34E6 29E1 1F91 275E 07BE","centre=7124 min=2227 max=9942 hex=0F9D 139B 1BD4 2687 102D",0,0,0,,0,,,None,Unavailable,NoWallUnderCrosshair,,,,"only 0 valid depth samples under crosshair (4 no-data, 407 out-of-range, 30 low-confidence)",0,,,None,Unavailable,NoWallInView,,,,-1.12906146,1.13432407,0.391210377,-0.00465492951,-0.162890285,-0.002265394,0.9866306,0,0,0,0,0,0,283706.069394447,283706.069394447,0.033403958019334823
68.311970912476454,d62bf83a,SessionTracking,Tracking,30.0628166,29.93561,1,0.0277103120170068,0.666180551,8.792848,1,160x90 DepthUint16,"centre=8092 min=803 max=39982 hex=3C12 2A00 1F9C 2B0F 07BA","centre=7091 min=2254 max=9925 hex=0EC1 1314 1BB3 264D 1009",0,0,0,,0,,,None,Unavailable,NoWallUnderCrosshair,,,,"only 0 valid depth samples under crosshair (5 no-data, 408 out-of-range, 28 low-confidence)",0,,,None,Unavailable,NoWallInView,,,,-1.12941122,1.13577306,0.383655727,-0.005061202,-0.16602011,-0.00233116769,0.986106634,0,0,0,0,0,0,283706.10281328,283706.10281328,0.027629582997178659
68.346060027459089,d62bf83a,SessionTracking,Tracking,30.06156,29.93561,1,0.033388073003152385,0.6720833,8.655347,1,160x90 DepthUint16,"centre=8103 min=802 max=39997 hex=3D5C 2A13 1FA7 2B12 07B3","centre=7274 min=2322 max=9948 hex=0F30 13AA 1C6A 2647 107C",0,0,0,,0,,,None,Unavailable,NoWallUnderCrosshair,,,,"only 0 valid depth samples under crosshair (0 no-data, 418 out-of-range, 23 low-confidence)",0,,,None,Unavailable,NoWallInView,,,,-1.12924337,1.13605821,0.382974625,-0.00449355738,-0.168383166,-0.00231820368,0.985708654,0,0,0,0,0,0,283706.136140364,283706.136140364,0.033305416989605874
68.380483725460863,d62bf83a,SessionTracking,Tracking,30.0617924,29.93561,1,0.033754687989130616,0.661736131,8.3475,1,160x90 DepthUint16,"centre=8109 min=802 max=39912 hex=3EB9 2A1A 1FAD 35A4 07AC","centre=7196 min=2332 max=9853 hex=0EE7 134E 1C1C 25BA 0FF0",0,0,0,,0,,,None,Unavailable,NoWallUnderCrosshair,,,,"only 0 valid depth samples under crosshair (0 no-data, 421 out-of-range, 20 low-confidence)",0,,,None,Unavailable,NoWallInView,,,,-1.12896073,1.13631868,0.38217935,-0.00458321767,-0.170867488,-0.00239732885,0.985280454,0,0,0,0,0,0,283706.16946744703,283706.16946744703,0.033670261007500812
68.409401381479029,d62bf83a,SessionTracking,Tracking,30.06151,29.93561,1,0.027013125014491379,0.6613889,8.369445,1,160x90 DepthUint16,"centre=8115 min=802 max=39926 hex=4019 2A2A 1FB3 36CA 07AD","centre=7242 min=2319 max=9921 hex=0FE1 13E6 1C4A 25DA 1011",0,0,0,,0,,,None,Unavailable,NoWallUnderCrosshair,,,,"only 0 valid depth samples under crosshair (0 no-data, 420 out-of-range, 21 low-confidence)",0,,,None,Unavailable,NoWallInView,,,,-1.12568986,1.13621438,0.384553462,-0.004768945,-0.171811357,-0.002484828,0.9851152,0,0,0,0,0,0,283706.202678004,283706.202678004,0.026902969024376944
68.461735652472044,d62bf83a,SessionTracking,Tracking,30.060318,29.93561,1,0.051577917009126395,0.660833359,8.569722,1,160x90 DepthUint16,"centre=8110 min=804 max=39997 hex=3F18 2A1E 1FAE 356B 07B3","centre=7095 min=2278 max=9904 hex=0E20 12B6 1BB7 25D8 10AB",0,0,0,,0,,,None,Unavailable,NoWallUnderCrosshair,,,,"only 0 valid depth samples under crosshair (0 no-data, 418 out-of-range, 23 low-confidence)",0,,,None,Unavailable,NoWallInView,,,,-1.12595749,1.1364994,0.3834121,-0.005498849,-0.170473516,-0.00252941251,0.9853437,0,0,0,0,0,0,283706.236005088,283706.236005088,0.051489011006196961
68.482806277464761,d62bf83a,SessionTracking,Tracking,30.0568619,29.93561,1,0.016375364997657016,0.6588889,8.405486,1,160x90 DepthUint16,"centre=8113 min=804 max=39983 hex=3FA3 2A2C 1FB1 356C 07B5","centre=7186 min=2300 max=9864 hex=1025 13F8 1C12 25B0 1006",0,0,0,,0,,,None,Unavailable,NoWallUnderCrosshair,,,,"only 0 valid depth samples under crosshair (0 no-data, 417 out-of-range, 24 low-confidence)",0,,,None,Unavailable,NoWallInView,,,,-1.12585664,1.13669324,0.382242262,-0.006569945,-0.170700267,-0.00267827534,0.9852975,0,0,0,0,0,0,283706.269332171,283706.269332171,0.016322343988576904
68.512441277478274,d62bf83a,SessionTracking,Tracking,30.0623474,29.93561,1,0.028936719027115032,0.658125,8.33375,1,160x90 DepthUint16,"centre=8126 min=807 max=39997 hex=4288 2A42 1FBE 376D 07B2","centre=7130 min=2316 max=9904 hex=0F2F 134C 1BDA 25E6 0FCC",0,0,0,,0,,,None,Unavailable,NoWallUnderCrosshair,,,,"only 0 valid depth samples under crosshair (0 no-data, 418 out-of-range, 23 low-confidence)",0,,,None,Unavailable,NoWallInView,,,,-1.12452948,1.137593,0.37940982,-0.007194535,-0.172938436,-0.00250348472,0.9849032,0,0,0,0,0,0,283706.302198831,283706.302198831,0.02885380299994722
68.543611485456267,d62bf83a,SessionTracking,Tracking,30.0552425,29.93561,1,0.030083802004810423,0.656875,8.234167,1,160x90 DepthUint16,"centre=8130 min=807 max=39993 hex=4398 2A43 1FC2 38FF 07AE","centre=7192 min=2366 max=9837 hex=0F89 13A8 1C18 253F 100C",0,0,0,,0,,,None,Unavailable,NoWallUnderCrosshair,,,,"only 0 valid depth samples under crosshair (0 no-data, 419 out-of-range, 22 low-confidence)",0,,,None,Unavailable,NoWallInView,,,,-1.12436736,1.13798535,0.378450722,-0.006937661,-0.174408808,-0.00227302336,0.984646261,0,0,0,0,0,0,283706.335525915,283706.335525915,0.029996978992130607
68.5763308084604,d62bf83a,SessionTracking,Tracking,30.0581532,29.93561,1,0.031578594003804028,0.6471528,8.063958,1,160x90 DepthUint16,"centre=8140 min=807 max=39986 hex=478E 2A5C 1FCC 3AF3 07AB","centre=7199 min=2410 max=9853 hex=0FA7 13AB 1C1F 2527 0FA1",0,0,0,,0,,,None,Unavailable,NoWallUnderCrosshair,,,,"only 0 valid depth samples under crosshair (0 no-data, 419 out-of-range, 22 low-confidence)",0,,,None,Unavailable,NoWallInView,,,,-1.12402236,1.13817263,0.377422422,-0.007997379,-0.176458359,-0.00243577361,0.9842726,0,0,0,0,0,0,283706.368852998,283706.368852998,0.031473385985009372
68.612780599450844,d62bf83a,SessionTracking,Tracking,30.0581741,29.93561,1,0.035754113981965929,0.6501389,7.95319462,1,160x90 DepthUint16,"centre=8154 min=807 max=39892 hex=4A34 2A71 1FDA 3CC9 0792","centre=7298 min=2512 max=9873 hex=1036 1437 1C82 2544 0F96",0,0,0,,0,,,None,Unavailable,NoWallUnderCrosshair,,,,"only 0 valid depth samples under crosshair (0 no-data, 422 out-of-range, 19 low-confidence)",0,,,None,Unavailable,NoWallInView,,,,-1.12257409,1.13856483,0.3771252,-0.008304157,-0.178908333,-0.00229617977,0.983828068,0,0,0,0,0,0,283706.40225146903,283706.40225146903,0.035670259996550158
68.643034454467625,d62bf83a,SessionTracking,Tracking,30.0614967,29.93561,1,0.029422865016385913,0.6521528,8.092639,1,160x90 DepthUint16,"centre=8163 min=806 max=39947 hex=49EA 2A72 1FE3 3DAF 0797","centre=7352 min=2522 max=9861 hex=0F48 13C3 1CB8 2528 0FA2",0,0,0,,0,,,None,Unavailable,NoWallUnderCrosshair,,,,"only 0 valid depth samples under crosshair (0 no-data, 423 out-of-range, 18 low-confidence)",0,,,None,Unavailable,NoWallInView,,,,-1.12253881,1.13900745,0.376281738,-0.007740855,-0.180416137,-0.002026111,0.9835578,0,0,0,0,0,0,283706.435879651,283706.435879651,0.029336926992982626
68.674270183462568,d62bf83a,SessionTracking,Tracking,30.05987,29.93561,1,0.029940676991827786,0.64125,7.946944,1,160x90 DepthUint16,"centre=8182 min=807 max=39953 hex=4B1F 2A7F 1FF6 3E99 0799","centre=7285 min=2519 max=9873 hex=0EDA 1383 1C75 24EF 0F5B",0,0,0,,0,,,None,Unavailable,NoWallUnderCrosshair,,,,"only 0 valid depth samples under crosshair (5 no-data, 421 out-of-range, 15 low-confidence)",0,,,None,Unavailable,NoWallInView,,,,-1.12240016,1.13928747,0.375274628,-0.008170345,-0.181812271,-0.00199300074,0.9832973,0,0,0,0,0,0,283706.46920673404,283706.46920673404,0.029728749999776483
68.713444297467277,d62bf83a,SessionTracking,Tracking,30.060688,29.93561,1,0.0369651039945893,0.6421528,8.107361,1,160x90 DepthUint16,"centre=8203 min=792 max=39978 hex=4B4E 2A7B 200B 3F5C 078A","centre=7291 min=2501 max=9854 hex=0F67 13AF 1C7B 24CC 0F9D",0,0,0,,0,,,None,Unavailable,NoWallUnderCrosshair,,,,"only 0 valid depth samples under crosshair (5 no-data, 420 out-of-range, 16 low-confidence)",0,,,None,Unavailable,NoWallInView,,,,-1.117598,1.13680053,0.3918262,-0.008121721,-0.1833466,-0.001719892,0.983013332,0,0,0,0,0,0,283706.50347351603,283706.50347351603,0.036880728992400691
68.74960856847224,d62bf83a,SessionTracking,Tracking,30.0608864,29.93561,1,0.035409739008173347,0.6460417,8.081944,1,160x90 DepthUint16,"centre=8222 min=793 max=39959 hex=4B77 2A7F 201E 3F88 078A","centre=7263 min=2499 max=9848 hex=0F3E 1385 1C5F 24D3 0F38",0,0,0,,0,,,None,Unavailable,NoWallUnderCrosshair,,,,"only 0 valid depth samples under crosshair (4 no-data, 423 out-of-range, 14 low-confidence)",0,,,None,Unavailable,NoWallInView,,,,-1.11773372,1.13706458,0.391397655,-0.00832787249,-0.183631018,-0.00158417237,0.982958734,0,0,0,0,0,0,283706.5368006,283706.5368006,0.035322500014444813
68.77615586045772,d62bf83a,SessionTracking,Tracking,30.06646,29.93561,1,0.025811926985625178,0.6464583,8.050834,1,160x90 DepthUint16,"centre=8224 min=795 max=39937 hex=4BF2 2A84 2020 3FB4 0788","centre=7343 min=2518 max=9835 hex=0FC7 13F4 1CAF 24E6 0F32",0,0,0,,0,,,None,Unavailable,NoWallUnderCrosshair,,,,"only 0 valid depth samples under crosshair (4 no-data, 421 out-of-range, 16 low-confidence)",0,,,None,Unavailable,NoWallInView,,,,-1.11782861,1.13727534,0.390889227,-0.008876116,-0.183803022,-0.00153535616,0.982921839,0,0,0,0,0,0,283706.570127683,283706.570127683,0.0257317709911149
68.816202943478629,d62bf83a,SessionTracking,Tracking,30.0591812,29.93561,1,0.039317812013905495,0.645625,8.132361,1,160x90 DepthUint16,"centre=8265 min=796 max=39892 hex=4C76 2A94 2049 406E 0786","centre=7269 min=2507 max=9876 hex=0FAF 13D8 1C65 24E3 0F5C",0,0,0,,0,,,None,Unavailable,NoWallUnderCrosshair,,,,"only 0 valid depth samples under crosshair (4 no-data, 419 out-of-range, 18 low-confidence)",0,,,None,Unavailable,NoWallInView,,,,-1.11818779,1.13757443,0.38874945,-0.0101025263,-0.184942782,-0.001657188,0.982696,0,0,0,0,0,0,283706.603674636,283706.603674636,0.039230937021784484
68.846749245454475,d62bf83a,SessionTracking,Tracking,30.0639439,29.93561,1,0.029646301991306245,0.64513886,7.989792,1,160x90 DepthUint16,"centre=8359 min=796 max=39928 hex=4C7C 2A9C 20A7 418C 0788","centre=7191 min=2496 max=9881 hex=0E49 12E4 1C17 24C1 0F0E",0,0,0,,0,,,None,Unavailable,NoWallUnderCrosshair,,,,"only 0 valid depth samples under crosshair (4 no-data, 422 out-of-range, 15 low-confidence)",0,,,None,Unavailable,NoWallInView,,,,-1.1180532,1.13773811,0.388477981,-0.01032082,-0.186758429,-0.0019453764,0.982349753,0,0,0,0,0,0,283706.63700172,283706.63700172,0.029531249980209395
68.878650287460687,d62bf83a,SessionTracking,Tracking,30.06418,29.93561,1,0.031194687995593995,0.6340972,7.89125,1,160x90 DepthUint16,"centre=9195 min=794 max=39964 hex=4D3D 2AAD 23EB 43FB 078F","centre=7311 min=2617 max=9879 hex=0FFD 141F 1C8F 245E 0F0C",0,0,0,,0,,,None,Unavailable,NoWallUnderCrosshair,,,,"only 0 valid depth samples under crosshair (8 no-data, 421 out-of-range, 12 low-confidence)",0,,,None,Unavailable,NoWallInView,,,,-1.11769581,1.137983,0.388498574,-0.010211505,-0.190501451,-0.00213688612,0.981631458,0,0,0,0,0,0,283706.670328803,283706.670328803,0.031111354008316994
68.915226120476063,d62bf83a,SessionTracking,Tracking,30.06832,29.93561,1,0.030976614012615755,0.624305546,7.809861,1,160x90 DepthUint16,"centre=11300 min=792 max=39980 hex=5078 2ABC 2C24 46BF 0792","centre=7368 min=2688 max=9823 hex=10B8 149A 1CC8 23F1 0E8A",0,0,0,,0,,,None,Unavailable,NoWallUnderCrosshair,,,,"only 0 valid depth samples under crosshair (12 no-data, 419 out-of-range, 10 low-confidence)",0,,,None,Unavailable,NoWallInView,,,,-1.11574948,1.13786089,0.390314579,-0.0103101144,-0.194034263,-0.00195848965,0.9809386,0,0,0,0,0,0,283706.70377839304,283706.70377839304,0.030880728998454288
68.9476484124641,d62bf83a,SessionTracking,Tracking,30.0616951,29.93561,1,0.0317203130107373,0.62277776,7.529444,1,160x90 DepthUint16,"centre=12989 min=791 max=39996 hex=4E1C 2ACC 32BD 4860 0791","centre=7479 min=2772 max=9735 hex=122B 1596 1D37 23AE 0E72",0,0,0,,0,,,None,Unavailable,NoWallUnderCrosshair,,,,"only 0 valid depth samples under crosshair (12 no-data, 420 out-of-range, 9 low-confidence)",0,,,None,Unavailable,NoWallInView,,,,-1.11563742,1.13811541,0.390054584,-0.0112432325,-0.196023211,-0.00186327111,0.980533063,0,0,0,0,0,0,283706.737105477,283706.737105477,0.031636667001293972
68.988624610475881,d62bf83a,SessionTracking,Tracking,30.0650959,29.93561,1,0.036879532010061666,0.620277762,7.529375,1,160x90 DepthUint16,"centre=13644 min=790 max=39978 hex=59C7 2AD4 354C 493E 0790","centre=7491 min=2764 max=9736 hex=11E4 158D 1D43 239D 0E77",0,0,0,,0,,,None,Unavailable,NoWallUnderCrosshair,,,,"only 0 valid depth samples under crosshair (12 no-data, 421 out-of-range, 8 low-confidence)",0,,,None,Unavailable,NoWallInView,,,,-1.11569166,1.13842869,0.389674455,-0.0119047323,-0.196803585,-0.00173464429,0.980369151,0,0,0,0,0,0,283706.77043256,283706.77043256,0.036769532016478479
69.009534558459336,d62bf83a,SessionTracking,Tracking,30.063179,29.93561,1,0.020250156987458467,0.6205556,7.639097,1,160x90 DepthUint16,"centre=13581 min=784 max=39952 hex=5A0B 2AD0 350D 4924 07F9","centre=7390 min=2738 max=9722 hex=1169 1514 1CDE 235B 0E41",0,0,0,,0,,,None,Unavailable,NoWallUnderCrosshair,,,,"only 0 valid depth samples under crosshair (12 no-data, 421 out-of-range, 8 low-confidence)",0,,,None,Unavailable,NoWallInView,,,,-1.1157918,1.13871241,0.389172643,-0.0127191562,-0.196877345,-0.00177705311,0.980344057,0,0,0,0,0,0,283706.803759643,283706.803759643,0.020171093987300992
69.0460640374547,d62bf83a,SessionTracking,Tracking,30.0624962,30.0266933,1,0.035800416982965544,0.6165278,7.564653,1,160x90 DepthUint16,"centre=13680 min=783 max=39960 hex=5A6B 2AD1 3570 494E 07F7","centre=7515 min=2622 max=9715 hex=12E8 1613 1D5B 23C6 0DF3",0,0,0,,0,,,None,Unavailable,NoWallUnderCrosshair,,,,"only 0 valid depth samples under crosshair (12 no-data, 419 out-of-range, 10 low-confidence)",0,,,None,Unavailable,NoWallInView,,,,-1.11709213,1.13646293,0.397056878,-0.0130361179,-0.197052538,-0.00161266339,0.980304956,0,0,0,0,0,0,283706.83736587403,283706.83736587403,0.035732603981159627
69.082238047474448,d62bf83a,SessionTracking,Tracking,30.0637684,30.0266933,1,0.035260000004200265,0.6157639,7.49479151,1,160x90 DepthUint16,"centre=13913 min=782 max=39966 hex=5A64 2AD2 3659 49A4 07F8","centre=7533 min=2569 max=9672 hex=1355 1654 1D6D 238E 0DD1",0,0,0,,0,,,None,Unavailable,NoWallUnderCrosshair,,,,"only 0 valid depth samples under crosshair (12 no-data, 420 out-of-range, 9 low-confidence)",0,,,None,Unavailable,NoWallInView,,,,-1.11728776,1.13671911,0.3973095,-0.0129671935,-0.197271585,-0.00160720968,0.980261862,0,0,0,0,0,0,283706.870692957,283706.870692957,0.035169739014236256
69.10992549546404,d62bf83a,SessionTracking,Tracking,30.06288,30.0266933,1,0.026981406001141295,0.617916644,7.43409729,1,160x90 DepthUint16,"centre=13904 min=779 max=39958 hex=5ABD 2ACD 3650 4997 07F6","centre=7565 min=2524 max=9636 hex=142E 16D6 1D8D 233A 0E17",0,0,0,,0,,,None,Unavailable,NoWallUnderCrosshair,,,,"only 0 valid depth samples under crosshair (12 no-data, 421 out-of-range, 8 low-confidence)",0,,,None,Unavailable,NoWallInView,,,,-1.11806571,1.13543785,0.400846183,-0.0122199673,-0.1973657,-0.00158479833,0.9802525,0,0,0,0,0,0,283706.904443479,283706.904443479,0.026899686985416338
69.151452058463974,d62bf83a,SessionTracking,Tracking,30.06313,30.0266933,1,0.040834532002918422,0.6153472,7.266875,1,160x90 DepthUint16,"centre=14175 min=779 max=39984 hex=5AC7 2AD0 375F 49F0 07F4","centre=7482 min=2442 max=9608 hex=139A 165F 1D3A 227E 0E08",0,0,0,,0,,,None,Unavailable,NoWallUnderCrosshair,,,,"only 0 valid depth samples under crosshair (12 no-data, 421 out-of-range, 8 low-confidence)",0,,,None,Unavailable,NoWallInView,,,,-1.11836374,1.13552916,0.401550561,-0.0125791654,-0.197658837,-0.00135686994,0.9801892,0,0,0,0,0,0,283706.937770563,283706.937770563,0.040747240011114627
69.191428724476054,d62bf83a,SessionTracking,Tracking,30.061945,30.0266933,1,0.036135885020485148,0.6125,7.17791653,1,160x90 DepthUint16,"centre=14990 min=777 max=39979 hex=5AC3 2AD2 3A8E 4AA7 07F7","centre=7456 min=2709 max=9899 hex=142B 16CA 1D20 225E 0E1B",0,0,0,,0,,,None,Unavailable,NoWallUnderCrosshair,,,,"only 0 valid depth samples under crosshair (21 no-data, 413 out-of-range, 7 low-confidence)",0,,,None,Unavailable,NoWallInView,,,,-1.1184386,1.13567007,0.402375042,-0.0123916576,-0.1987102,-0.00100675237,0.979979455,0,0,0,0,0,0,283706.971097646,283706.971097646,0.036051250004675239
69.21365596447481,d62bf83a,SessionTracking,Tracking,30.06265,30.0266933,1,0.021529375022510067,0.6095833,7.038889,1,160x90 DepthUint16,"centre=16227 min=775 max=39977 hex=5AE0 2ADF 3F63 4C92 07FC","centre=7500 min=2916 max=9658 hex=1405 16B7 1D4C 220E 0E35",0,0,0,,0,,,None,Unavailable,NoWallUnderCrosshair,,,,"only 0 valid depth samples under crosshair (21 no-data, 414 out-of-range, 6 low-confidence)",0,,,None,Unavailable,NoWallInView,,,,-1.11593437,1.13527668,0.404859871,-0.0123209134,-0.201226234,-0.0006249547,0.9794671,0,0,0,0,0,0,283707.004613236,283707.004613236,0.021311874996172264
69.2491583604749,d62bf83a,SessionTracking,Tracking,30.0616646,30.0266933,1,0.034729114995570853,0.6010417,6.716875,1,160x90 DepthUint16,"centre=16662 min=772 max=39994 hex=5AEF 2AEA 4116 4F09 0800","centre=7500 min=2886 max=9659 hex=1430 1722 1D4C 215F 0E3C",0,0,0,,0,,,None,Unavailable,NoWallUnderCrosshair,,,,"only 0 valid depth samples under crosshair (30 no-data, 407 out-of-range, 4 low-confidence)",0,,,None,Unavailable,NoWallInView,,,,-1.11579025,1.13527036,0.405761838,-0.01263042,-0.203662992,-0.000731498061,0.9789593,0,0,0,0,0,0,283707.03794032003,283707.03794032003,0.034648646018467844
69.281363933466992,d62bf83a,SessionTracking,Tracking,30.0619984,30.0266933,1,0.030684219003887847,0.599236131,6.41159725,1,160x90 DepthUint16,"centre=16812 min=770 max=39994 hex=5B08 2AF4 41AC 5044 4236","centre=5608 min=2339 max=9858 hex=0F56 1165 15E8 1858 0DA7",0,0,0,,0,,,None,Unavailable,NoWallUnderCrosshair,,,,"only 0 valid depth samples under crosshair (30 no-data, 408 out-of-range, 3 low-confidence)",0,,,None,Unavailable,NoWallInView,,,,-1.11565161,1.135332,0.406790465,-0.0123732835,-0.205903769,-0.0008622408,0.9784937,0,0,0,0,0,0,283707.071267403,283707.071267403,0.030590156995458528
69.311471224474872,d62bf83a,SessionTracking,Tracking,30.06239,30.0266933,1,0.0292596869985573,0.6023611,6.33875,1,160x90 DepthUint16,"centre=16855 min=768 max=39988 hex=5362 2AF8 41D7 4C30 07F5","centre=5536 min=2319 max=9921 hex=0F17 1128 15A0 178A 0DA1",0,0,0,,0,,,None,Unavailable,NoWallUnderCrosshair,,,,"only 0 valid depth samples under crosshair (27 no-data, 412 out-of-range, 2 low-confidence)",0,,,None,Unavailable,NoWallInView,,,,-1.11480677,1.13504183,0.408552557,-0.0122763086,-0.2079688,-0.0009429158,0.978058,0,0,0,0,0,0,283707.104923425,283707.104923425,0.029176198004279286
69.3433298704656,d62bf83a,SessionTracking,Tracking,30.061779,30.0266933,1,0.031154844007687643,0.6020139,6.22041655,1,160x90 DepthUint16,"centre=16861 min=767 max=39992 hex=5362 2AF8 41DD 4C2F 07F5","centre=4878 min=2049 max=9929 hex=0E24 0F77 130E 1509 0DB0",0,0,0,,0,,,None,Unavailable,NoWallUnderCrosshair,,,,"only 0 valid depth samples under crosshair (27 no-data, 412 out-of-range, 2 low-confidence)",0,,,None,Unavailable,NoWallInView,,,,-1.11486089,1.13503587,0.409506559,-0.0122435093,-0.208340615,-0.00116673112,0.977979064,0,0,0,0,0,0,283707.13825050904,283707.13825050904,0.031070728990016505
69.38032148545949,d62bf83a,SessionTracking,Tracking,30.0612411,30.0266933,1,0.036297343991464004,0.601319432,6.05069447,1,160x90 DepthUint16,"centre=16883 min=766 max=39993 hex=5359 2AFB 41F3 4C31 07F8","centre=5921 min=2364 max=9780 hex=0FE6 1230 1721 196E 0DE6",0,0,0,,0,,,None,Unavailable,NoWallUnderCrosshair,,,,"only 0 valid depth samples under crosshair (27 no-data, 412 out-of-range, 2 low-confidence)",0,,,None,Unavailable,NoWallInView,,,,-1.114775,1.13506746,0.410740256,-0.0118634934,-0.209605947,-0.00130322587,0.977713168,0,0,0,0,0,0,283707.17157759203,283707.17157759203,0.036214322986779734
69.42244601645848,d62bf83a,SessionTracking,Tracking,30.0611324,30.0266933,1,0.0413022399879992,0.5910417,5.966597,1,160x90 DepthUint16,"centre=16906 min=762 max=39971 hex=534C 2AFC 420A 3F20 07F4","centre=4955 min=2103 max=9701 hex=0EB7 0FE9 135B 1548 0DFB",0,0,0,,0,,,None,Unavailable,NoWallUnderCrosshair,,,,"only 0 valid depth samples under crosshair (36 no-data, 405 out-of-range, 0 low-confidence)",0,,,None,Unavailable,NoWallInView,,,,-1.11437213,1.13525689,0.412349761,-0.0104711214,-0.211973086,-0.00103449833,0.977218866,0,0,0,0,0,0,283707.20493074204,283707.20493074204,0.041218750004190952
69.462510599467123,d62bf83a,SessionTracking,Tracking,30.0596352,30.0266933,1,0.039185520989121869,0.5908333,5.95298624,1,160x90 DepthUint16,"centre=16918 min=760 max=39998 hex=5345 2AFB 4216 3F25 07F8","centre=5210 min=2236 max=9862 hex=0F1F 108E 145A 1614 0DDE",0,0,0,,0,,,None,Unavailable,NoWallUnderCrosshair,,,,"only 0 valid depth samples under crosshair (36 no-data, 405 out-of-range, 0 low-confidence)",0,,,None,Unavailable,NoWallInView,,,,-1.11431789,1.13551676,0.413768232,-0.009466984,-0.213907227,-0.000962287246,0.976807654,0,0,0,0,0,0,283707.238257826,283707.238257826,0.039084791991626844
69.480154818451183,d62bf83a,SessionTracking,Tracking,30.0620918,30.0266933,1,0.016765832988312468,0.588472247,5.82756948,1,160x90 DepthUint16,"centre=16928 min=757 max=39989 hex=53B6 2B03 4220 3F22 07F8","centre=5169 min=2302 max=9739 hex=0F43 1086 1431 1633 0DAF",0,0,0,,0,,,None,Unavailable,NoWallUnderCrosshair,,,,"only 0 valid depth samples under crosshair (36 no-data, 405 out-of-range, 0 low-confidence)",0,,,None,Unavailable,NoWallInView,,,,-1.11429882,1.13566661,0.414899945,-0.009723373,-0.215025455,-0.00131583214,0.976559162,0,0,0,0,0,0,283707.271584909,283707.271584909,0.016666354000335559
69.512149089455988,d62bf83a,SessionTracking,Tracking,30.0603752,30.0266933,1,0.031284478987799957,0.587430537,5.79993057,1,160x90 DepthUint16,"centre=16928 min=756 max=39988 hex=53EC 2B04 4220 345E 07F7","centre=5568 min=2493 max=9764 hex=0FBE 117A 15C0 1853 0E11",0,0,0,,0,,,None,Unavailable,NoWallUnderCrosshair,,,,"only 0 valid depth samples under crosshair (39 no-data, 402 out-of-range, 0 low-confidence)",0,,,None,Unavailable,NoWallInView,,,,-1.114454,1.13584852,0.415990353,-0.009776593,-0.2151842,-0.001228124,0.9765238,0,0,0,0,0,0,283707.304938837,283707.304938837,0.031206822983222082
69.542710078476148,d62bf83a,SessionTracking,Tracking,30.0622711,30.0266933,1,0.028443593007978052,0.5804861,5.8013196,1,160x90 DepthUint16,"centre=16931 min=755 max=39993 hex=544A 2B07 4223 345F 07F8","centre=6536 min=2727 max=9853 hex=11C2 143A 1988 1B41 0E39",0,0,0,,0,,,None,Unavailable,NoWallUnderCrosshair,,,,"only 0 valid depth samples under crosshair (45 no-data, 396 out-of-range, 0 low-confidence)",0,,,None,Unavailable,NoWallInView,,,,-1.11456311,1.13610554,0.417030334,-0.00948451553,-0.216069877,-0.0006623567,0.976331651,0,0,0,0,0,0,283707.338265921,283707.338265921,0.028347083018161356
69.580839922451332,d62bf83a,SessionTracking,Tracking,30.0618,30.0266933,1,0.037429427000461146,0.5850694,5.89909744,1,160x90 DepthUint16,"centre=16935 min=753 max=39998 hex=5688 2B07 4227 3604 07F8","centre=7074 min=3056 max=10073 hex=133A 15ED 1BA2 1E79 0E48",0,0,0,,0,,,None,Unavailable,NoWallUnderCrosshair,,,,"only 0 valid depth samples under crosshair (38 no-data, 403 out-of-range, 0 low-confidence)",0,,,None,Unavailable,NoWallInView,,,,-1.114517,1.13623369,0.418035716,-0.009599157,-0.217180759,-0.0002554059,0.976084232,0,0,0,0,0,0,283707.37159300403,283707.37159300403,0.037342186988098547
69.6131021094659,d62bf83a,SessionTracking,Tracking,30.0616112,30.0266933,1,0.03153848901274614,0.585625,5.785625,1,160x90 DepthUint16,"centre=16937 min=752 max=39997 hex=4C9D 2B05 4229 34AE 07F9","centre=7010 min=3055 max=10017 hex=1315 15CB 1B62 1E0B 0E3E",0,0,0,,0,,,None,Unavailable,NoWallUnderCrosshair,,,,"only 0 valid depth samples under crosshair (42 no-data, 399 out-of-range, 0 low-confidence)",0,,,None,Unavailable,NoWallInView,,,,-1.11498332,1.13626194,0.4193232,-0.009366639,-0.217977971,-1.45733356E-05,0.975908756,0,0,0,0,0,0,283707.40491246304,283707.40491246304,0.031452394992811605
69.643488672478043,d62bf83a,SessionTracking,Tracking,30.0617523,30.0266933,1,0.029625990020576864,0.5848611,5.70243073,1,160x90 DepthUint16,"centre=16943 min=749 max=39997 hex=4C89 2B03 422F 341B 07FB","centre=7265 min=3162 max=9826 hex=13AE 1695 1C61 1EA9 0E35",0,0,0,,0,,,None,Unavailable,NoWallUnderCrosshair,,,,"only 0 valid depth samples under crosshair (42 no-data, 399 out-of-range, 0 low-confidence)",0,,,None,Unavailable,NoWallInView,,,,-1.11503553,1.1364162,0.420684129,-0.008690842,-0.219124749,0.000311106473,0.9756581,0,0,0,0,0,0,283707.438239547,283707.438239547,0.029539948009187356
69.677187162454857,d62bf83a,SessionTracking,Tracking,30.0617657,30.0266933,1,0.032693646004190668,0.583125,5.704931,1,160x90 DepthUint16,"centre=16952 min=747 max=39989 hex=4CA8 2B0A 4238 33EA 07F1","centre=7464 min=3203 max=9829 hex=1439 1737 1D28 1F52 0DCC",0,0,0,,0,,,None,Unavailable,NoWallUnderCrosshair,,,,"only 0 valid depth samples under crosshair (42 no-data, 397 out-of-range, 2 low-confidence)",0,,,None,Unavailable,NoWallInView,,,,-1.11506128,1.13654828,0.422090739,-0.008366063,-0.220262632,0.000484019518,0.9754046,0,0,0,0,0,0,283707.47156663,283707.47156663,0.032609791989671066
69.7144048184598,d62bf83a,SessionTracking,Tracking,30.0621128,30.0266933,1,0.03243208400090225,0.5752778,5.64159727,1,160x90 DepthUint16,"centre=16955 min=745 max=39997 hex=4C13 2B08 423B 3316 07F4","centre=7689 min=3351 max=9828 hex=14AB 17D9 1E09 201C 0E5C",0,0,0,,0,,,None,Unavailable,NoWallUnderCrosshair,,,,"only 0 valid depth samples under crosshair (63 no-data, 376 out-of-range, 2 low-confidence)",0,,,None,Unavailable,NoWallInView,,,,-1.11537135,1.136719,0.4236079,-0.00755435228,-0.221077085,0.000821679831,0.97522676,0,0,0,0,0,0,283707.504959752,283707.504959752,0.032338646007701755
69.744862995463109,d62bf83a,SessionTracking,Tracking,30.0631084,30.0266933,1,0.029760051984339952,0.5742361,6.137014,1,160x90 DepthUint16,"centre=16954 min=743 max=39962 hex=4C02 2B02 423A 3318 07F7","centre=7831 min=3375 max=9570 hex=15EC 1894 1E97 2105 0E70",0,0,0,,0,,,None,Unavailable,NoWallUnderCrosshair,,,,"only 0 valid depth samples under crosshair (63 no-data, 376 out-of-range, 2 low-confidence)",0,,,None,Unavailable,NoWallInView,,,,-1.11556685,1.13697,0.4250025,-0.006835073,-0.2215079,0.0010766685,0.975134,0,0,0,0,0,0,283707.53857465,283707.53857465,0.029676823003683239
69.777988828460138,d62bf83a,SessionTracking,Tracking,30.0635033,30.0266933,1,0.032451457984279841,0.573958337,5.8297224,1,160x90 DepthUint16,"centre=16955 min=742 max=39984 hex=4C07 2B04 423B 3315 07F4","centre=7750 min=3406 max=9603 hex=152A 1825 1E46 20CC 0E37",0,0,0,,0,,,None,Unavailable,NoWallUnderCrosshair,,,,"only 0 valid depth samples under crosshair (63 no-data, 376 out-of-range, 2 low-confidence)",0,,,None,Unavailable,NoWallInView,,,,-1.11569846,1.13708711,0.426208675,-0.00719648646,-0.221957833,0.00123584282,0.975028932,0,0,0,0,0,0,283707.571901733,283707.571901733,0.0323681769950781
69.811404401468963,d62bf83a,SessionTracking,Tracking,30.064682,30.0266933,1,0.032668489002389833,0.573819458,5.73569441,1,160x90 DepthUint16,"centre=16959 min=741 max=39995 hex=4C0B 2B06 423F 3313 07F3","centre=7798 min=3444 max=9547 hex=1506 1846 1E76 20AB 0DF9",0,0,0,,0,,,None,Unavailable,NoWallUnderCrosshair,,,,"only 0 valid depth samples under crosshair (63 no-data, 376 out-of-range, 2 low-confidence)",0,,,None,Unavailable,NoWallInView,,,,-1.11539161,1.13717222,0.427403,-0.007501133,-0.222967952,0.00156828761,0.9747957,0,0,0,0,0,0,283707.605230698,283707.605230698,0.032595936994766816
69.8422893494751,d62bf83a,SessionTracking,Tracking,30.0608711,30.0266933,1,0.030180000001564622,0.5785417,5.686875,1,160x90 DepthUint16,"centre=16960 min=738 max=39983 hex=4C35 2B03 4240 335B 07F4","centre=7828 min=3255 max=9645 hex=152D 1866 1E94 2098 0DFD",0,0,0,,0,,,None,Unavailable,NoWallUnderCrosshair,,,,"only 0 valid depth samples under crosshair (60 no-data, 381 out-of-range, 0 low-confidence)",0,,,None,Unavailable,NoWallInView,,,,-1.11553609,1.13737869,0.4286891,-0.00732003944,-0.223967,0.00200298452,0.974567235,0,0,0,0,0,0,283707.638557782,283707.638557782,0.030094792018644512
69.874735078457661,d62bf83a,SessionTracking,Tracking,30.0622635,30.0266933,1,0.031750676978845149,0.5779861,5.56347227,1,160x90 DepthUint16,"centre=16965 min=736 max=39991 hex=4C2A 2B04 4245 3352 07F5","centre=7750 min=3257 max=9722 hex=1515 1842 1E46 204E 0DE8",0,0,0,,0,,,None,Unavailable,NoWallUnderCrosshair,,,,"only 0 valid depth samples under crosshair (60 no-data, 381 out-of-range, 0 low-confidence)",0,,,None,Unavailable,NoWallInView,,,,-1.115548,1.13752234,0.430042624,-0.00728604244,-0.2255791,0.00244572782,0.9741946,0,0,0,0,0,0,283707.67188486503,283707.67188486503,0.031664634996559471
69.91403127645367,d62bf83a,SessionTracking,Tracking,30.062376,30.0266933,1,0.038601041975198314,0.5723611,5.46368074,1,160x90 DepthUint16,"centre=16985 min=734 max=39983 hex=0000 2B15 4259 3334 07F0","centre=7717 min=3102 max=9827 hex=150B 1839 1E25 2021 0DAC",0,0,0,,0,,,None,Unavailable,NoWallUnderCrosshair,,,,"only 0 valid depth samples under crosshair (60 no-data, 381 out-of-range, 0 low-confidence)",0,,,None,Unavailable,NoWallInView,,,,-1.11512637,1.13758,0.4314705,-0.007348739,-0.2275229,0.0025828483,0.9737416,0,0,0,0,0,0,283707.705215036,283707.705215036,0.038517291977768764
69.952218672467779,d62bf83a,SessionTracking,Tracking,30.06222,30.0266933,1,0.037415833008708432,0.566319466,5.35597229,1,160x90 DepthUint16,"centre=16994 min=730 max=39967 hex=0000 2B13 4262 3333 07F2","centre=7767 min=3125 max=9670 hex=1565 1848 1E57 2030 0E35",0,0,0,,0,,,None,Unavailable,NoWallUnderCrosshair,,,,"only 0 valid depth samples under crosshair (81 no-data, 360 out-of-range, 0 low-confidence)",0,,,None,Unavailable,NoWallInView,,,,-1.11489308,1.13773537,0.433249652,-0.00696764141,-0.230642378,0.00277045369,0.9730097,0,0,0,0,0,0,283707.73854212003,283707.73854212003,0.037333698011934757
69.979117786456982,d62bf83a,SessionTracking,Tracking,30.062645,30.0266933,1,0.025456926989136264,0.556180537,5.25256968,1,160x90 DepthUint16,"centre=17018 min=727 max=39970 hex=0000 2B21 427A 3313 07F6","centre=7669 min=3273 max=9725 hex=14FA 1806 1DF5 1F81 0E6E",0,0,0,,0,,,None,Unavailable,NoWallUnderCrosshair,,,,"only 0 valid depth samples under crosshair (102 no-data, 339 out-of-range, 0 low-confidence)",0,,,None,Unavailable,NoWallInView,,,,-1.11467242,1.13794768,0.4351386,-0.006349519,-0.23411192,0.00312110782,0.972183943,0,0,0,0,0,0,283707.771869203,283707.771869203,0.025082551990635693
70.012804453468334,d62bf83a,SessionTracking,Tracking,30.0623055,30.0266933,1,0.032989322993671522,0.55465275,5.19555569,1,160x90 DepthUint16,"centre=17020 min=731 max=39960 hex=0000 2B1A 427C 3310 07F9","centre=7748 min=3274 max=9843 hex=1574 1885 1E44 1FAD 0EB5",0,0,0,,0,,,None,Unavailable,NoWallUnderCrosshair,,,,"only 0 valid depth samples under crosshair (102 no-data, 339 out-of-range, 0 low-confidence)",0,,,None,Unavailable,NoWallInView,,,,-1.11496532,1.13821769,0.4369002,-0.00559854554,-0.235585064,0.00351405167,0.971831262,0,0,0,0,0,0,283707.80517964804,283707.80517964804,0.032907134998822585
70.0519515364756,d62bf83a,SessionTracking,Tracking,30.062624,29.82441,1,0.038410416018450633,0.548888862,5.071111,1,160x90 DepthUint16,"centre=17046 min=728 max=39985 hex=0000 2B2E 4296 32EB 07E9","centre=7229 min=3511 max=9510 hex=13EB 16D4 1C3D 1DBD 0E46",0,0,0,,0,,,None,Unavailable,NoWallUnderCrosshair,,,,"only 0 valid depth samples under crosshair (108 no-data, 333 out-of-range, 0 low-confidence)",0,,,None,Unavailable,NoWallInView,,,,-1.11510777,1.13839793,0.438441515,-0.005556621,-0.236863837,0.00397300767,0.9715189,0,0,0,0,0,0,283707.83878126304,283707.83878126304,0.038321562024066225
70.0779197664558,d62bf83a,SessionTracking,Tracking,30.06315,29.82441,1,0.025234843982616439,0.552222252,5.027986,1,160x90 DepthUint16,"centre=17046 min=725 max=39991 hex=0000 2B2D 4296 32E3 07E9","centre=6961 min=3589 max=9820 hex=135B 160A 1B31 1CC6 0E7B",0,0,0,,0,,,None,Unavailable,NoWallUnderCrosshair,,,,"only 0 valid depth samples under crosshair (101 no-data, 340 out-of-range, 0 low-confidence)",0,,,None,Unavailable,NoWallInView,,,,-1.11503458,1.13853431,0.439949244,-0.005704202,-0.2391222,0.00456690835,0.970962,0,0,0,0,0,0,283707.872108346,283707.872108346,0.025146928004687652
70.114839088466169,d62bf83a,SessionTracking,Tracking,30.0663242,29.82441,1,0.036199479014612734,0.5422222,4.86125,1,160x90 DepthUint16,"centre=17080 min=1541 max=39973 hex=0000 25C2 42B8 32AD 07ED","centre=6507 min=3316 max=9914 hex=1239 14BD 196B 1AE8 0E74",0,0,0,,0,,,None,Unavailable,NoWallUnderCrosshair,,,,"only 0 valid depth samples under crosshair (121 no-data, 320 out-of-range, 0 low-confidence)",0,,,None,Unavailable,NoWallInView,,,,-1.11468375,1.13877785,0.441584319,-0.00534933852,-0.24246794,0.00540483044,0.970129669,0,0,0,0,0,0,283707.905412125,283707.905412125,0.036115260008955374
70.146989766453544,d62bf83a,SessionTracking,Tracking,30.06434,29.82441,1,0.03152197998133488,0.5329861,4.764375,1,160x90 DepthUint16,"centre=17132 min=1535 max=39993 hex=0000 25CB 42EC 3270 07ED","centre=6526 min=3367 max=9822 hex=12B3 1504 197E 1AE3 0EB7",0,0,0,,0,,,None,Unavailable,NoWallUnderCrosshair,,,,"only 0 valid depth samples under crosshair (142 no-data, 299 out-of-range, 0 low-confidence)",0,,,None,Unavailable,NoWallInView,,,,-1.1142019,1.13883638,0.443263561,-0.00594335049,-0.2469148,0.00597631931,0.9690006,0,0,0,0,0,0,283707.938739209,283707.938739209,0.031451770977582783
70.1782124224735,d62bf83a,SessionTracking,Tracking,30.0620918,29.82441,1,0.030589219008106738,0.525208354,4.74916649,1,160x90 DepthUint16,"centre=17131 min=1526 max=39981 hex=0000 0000 42EB 326A 07EE","centre=6808 min=3255 max=9704 hex=1442 165E 1A98 1BA0 0EED",0,0,0,,0,,,None,Unavailable,NoWallUnderCrosshair,,,,"only 0 valid depth samples under crosshair (146 no-data, 295 out-of-range, 0 low-confidence)",0,,,None,Unavailable,NoWallInView,,,,-1.11379981,1.13893056,0.444964439,-0.00626567751,-0.250594646,0.00641492,0.9680506,0,0,0,0,0,0,283707.972066292,283707.972066292,0.030525000009220093
70.210445703476353,d62bf83a,SessionTracking,Tracking,30.0633926,29.82441,1,0.031658332998631522,0.5183333,4.700278,1,160x90 DepthUint16,"centre=17134 min=1527 max=39993 hex=0000 25D3 42EE 3270 07F1","centre=8097 min=3465 max=28912 hex=1E75 1E14 1FA1 1E67 1090",0,0,0,,0,,,None,Unavailable,NoWallUnderCrosshair,,,,"only 0 valid depth samples under crosshair (163 no-data, 278 out-of-range, 0 low-confidence)",0,,,None,Unavailable,NoWallInView,,,,-1.11341739,1.13914073,0.4468274,-0.00589154754,-0.253751129,0.006714613,0.9672283,0,0,0,0,0,0,283708.005663477,283708.005663477,0.031596875021932647
70.248199557452381,d62bf83a,SessionTracking,Tracking,30.0633926,29.82441,1,0.0371558329788968,0.5111806,4.676528,1,160x90 DepthUint16,"centre=0 min=1523 max=39983 hex=0000 25D7 0000 329A 07F1","centre=7790 min=3105 max=29631 hex=1E4F 1D89 1E6E 1C71 10BE",0,0,0,,0,,,None,Unavailable,NoWallUnderCrosshair,,,,"only 0 valid depth samples under crosshair (184 no-data, 257 out-of-range, 0 low-confidence)",0,,,None,Unavailable,NoWallInView,,,,-1.11309767,1.13928747,0.4486296,-0.00600522757,-0.2562721,0.006852478,0.9665618,0,0,0,0,0,0,283708.03899056104,283708.03899056104,0.03709572899970226
70.279819193474168,d62bf83a,SessionTracking,Tracking,30.0640087,29.82441,1,0.030928021005820483,0.5145139,4.56444454,1,160x90 DepthUint16,"centre=0 min=1522 max=39980 hex=0000 0000 0000 3295 07FE","centre=8989 min=3135 max=29871 hex=20FB 2110 231D 214C 10C0",0,0,0,,0,,,None,Unavailable,NoWallUnderCrosshair,,,,"only 0 valid depth samples under crosshair (180 no-data, 261 out-of-range, 0 low-confidence)",0,,,None,Unavailable,NoWallInView,,,,-1.11281538,1.13940954,0.4502836,-0.006633669,-0.2580752,0.006865889,0.9660777,0,0,0,0,0,0,283708.072317644,283708.072317644,0.030864063010085374
70.313225338471739,d62bf83a,SessionTracking,Tracking,30.0643654,29.82441,1,0.032635103998472914,0.5147222,4.86993074,1,160x90 DepthUint16,"centre=0 min=1520 max=39972 hex=0000 0000 0000 3291 07FD","centre=9584 min=3441 max=28294 hex=2244 22B9 2570 2481 111A",0,0,0,,0,,,None,Unavailable,NoWallUnderCrosshair,,,,"only 0 valid depth samples under crosshair (180 no-data, 261 out-of-range, 0 low-confidence)",0,,,None,Unavailable,NoWallInView,,,,-1.11181033,1.13936,0.451617956,-0.007144466,-0.25927633,0.006843239,0.9657525,0,0,0,0,0,0,283708.106002731,283708.106002731,0.032549530995311216
70.351243515473243,d62bf83a,SessionTracking,Tracking,30.0695286,29.82441,1,0.037077083019539714,0.514583349,4.7025,1,160x90 DepthUint16,"centre=0 min=1518 max=39969 hex=0000 0000 0000 328E 07FB","centre=9418 min=3398 max=28547 hex=2225 2266 24CA 2354 10DD",0,0,0,,0,,,None,Unavailable,NoWallUnderCrosshair,,,,"only 0 valid depth samples under crosshair (180 no-data, 261 out-of-range, 0 low-confidence)",0,,,None,Unavailable,NoWallInView,,,,-1.11172116,1.13954234,0.4530946,-0.00744891167,-0.259905517,0.007177621,0.9655787,0,0,0,0,0,0,283708.139329815,283708.139329815,0.036988333013141528
70.3835421614674,d62bf83a,SessionTracking,Tracking,30.06188,29.82441,1,0.029943436995381489,0.5121528,4.615278,1,160x90 DepthUint16,"centre=0 min=1516 max=39957 hex=0000 0000 0000 3289 07F8","centre=9135 min=3198 max=28643 hex=20C3 2176 23AF 22E2 107A",0,0,0,,0,,,None,Unavailable,NoWallUnderCrosshair,,,,"only 0 valid depth samples under crosshair (180 no-data, 261 out-of-range, 0 low-confidence)",0,,,None,Unavailable,NoWallInView,,,,-1.11156178,1.13964415,0.454544961,-0.007990345,-0.260542154,0.00746008754,0.9654006,0,0,0,0,0,0,283708.17265689804,283708.17265689804,0.029860520997317508
70.41426882846622,d62bf83a,SessionTracking,Tracking,30.065073,29.82441,1,0.028555416996823624,0.505902767,4.5830555,1,160x90 DepthUint16,"centre=0 min=1508 max=39949 hex=0000 0000 0000 0000 0810","centre=9358 min=3185 max=27560 hex=210C 21C3 248E 23A4 10B0",0,0,0,,0,,,None,Unavailable,NoWallUnderCrosshair,,,,"only 0 valid depth samples under crosshair (201 no-data, 240 out-of-range, 0 low-confidence)",0,,,None,Unavailable,NoWallInView,,,,-1.1112628,1.13967478,0.456067562,-0.008605614,-0.261746764,0.00776466727,0.965067,0,0,0,0,0,0,283708.205983981,283708.205983981,0.028410625003743917
70.444250547476031,d62bf83a,SessionTracking,Tracking,30.0651226,29.82441,1,0.029299792018719018,0.504583359,4.525486,1,160x90 DepthUint16,"centre=0 min=1507 max=39965 hex=0000 0000 0000 0000 0813","centre=7448 min=3406 max=9583 hex=175B 195B 1D18 1D3B 0F2A",0,0,0,,0,,,None,Unavailable,NoWallUnderCrosshair,,,,"only 0 valid depth samples under crosshair (201 no-data, 240 out-of-range, 0 low-confidence)",0,,,None,Unavailable,NoWallInView,,,,-1.11077964,1.13970578,0.457803577,-0.008823083,-0.264141947,0.008023501,0.9644101,0,0,0,0,0,0,283708.2642198,283708.2642198,0.029218334006145597
70.481268047474941,d62bf83a,SessionTracking,Tracking,30.0639381,29.82441,1,0.03631599000073038,0.493819445,4.561389,1,160x90 DepthUint16,"centre=0 min=1503 max=39998 hex=0000 0000 0000 0000 0817","centre=6671 min=3518 max=9173 hex=156D 1708 1A0F 1A48 0F02",0,0,0,,0,,,None,Unavailable,NoWallUnderCrosshair,,,,"only 0 valid depth samples under crosshair (222 no-data, 219 out-of-range, 0 low-confidence)",0,,,None,Unavailable,NoWallInView,,,,-1.110167,1.13970363,0.4598083,-0.008950949,-0.267413974,0.008072913,0.9635064,0,0,0,0,0,0,283708.297803702,283708.297803702,0.036232084006769583
70.512132786450593,d62bf83a,SessionTracking,Tracking,30.0639954,29.82441,1,0.03009119798662141,0.498402774,4.47513866,1,160x90 DepthUint16,"centre=0 min=1507 max=39986 hex=0000 2628 0000 0000 1982","centre=5415 min=3396 max=9546 hex=139D 1402 1527 149E 0ECA",0,0,0,,0,,,None,Unavailable,NoWallUnderCrosshair,,,,"only 0 valid depth samples under crosshair (213 no-data, 228 out-of-range, 0 low-confidence)",0,,,None,Unavailable,NoWallInView,,,,-1.11130214,1.13988233,0.462205261,-0.00862527,-0.270323068,0.008305878,0.962695241,0,0,0,0,0,0,283708.331130785,283708.331130785,0.030007551977178082
70.551442942469066,d62bf83a,SessionTracking,Tracking,30.0634766,29.82441,1,0.038629165996098891,0.488402784,4.482153,1,160x90 DepthUint16,"centre=0 min=1504 max=39997 hex=0000 2628 0000 0000 198D","centre=5437 min=3342 max=9498 hex=13C1 141E 153D 14AD 0EA8",0,0,0,,0,,,None,Unavailable,NoWallUnderCrosshair,,,,"only 0 valid depth samples under crosshair (234 no-data, 207 out-of-range, 0 low-confidence)",0,,,None,Unavailable,NoWallInView,,,,-1.11103559,1.13997662,0.463856518,-0.008710281,-0.2722619,0.00835093949,0.962147534,0,0,0,0,0,0,283708.36445786903,283708.36445786903,0.03854301999672316
70.576776640464,d62bf83a,SessionTracking,Tracking,30.0639172,29.82441,1,0.024583749996963888,0.488472223,4.4794445,1,160x90 DepthUint16,"centre=0 min=1505 max=39999 hex=0000 2627 0000 0000 198F","centre=5369 min=3365 max=9336 hex=132B 13B3 14F9 148D 0ECB",0,0,0,,0,,,None,Unavailable,NoWallUnderCrosshair,,,,"only 0 valid depth samples under crosshair (234 no-data, 207 out-of-range, 0 low-confidence)",0,,,None,Unavailable,NoWallInView,,,,-1.11089456,1.14013243,0.465314865,-0.008763999,-0.272942841,0.008346558,0.9619541,0,0,0,0,0,0,283708.397784952,283708.397784952,0.024514323013136163
70.611118828473764,d62bf83a,SessionTracking,Tracking,30.06379,29.82441,1,0.033467656001448631,0.488680542,4.436111,1,160x90 DepthUint16,"centre=0 min=1505 max=39990 hex=0000 2626 0000 0000 0801","centre=6166 min=3441 max=9466 hex=1504 160E 1816 17CA 0F10",0,0,0,,0,,,None,Unavailable,NoWallUnderCrosshair,,,,"only 0 valid depth samples under crosshair (238 no-data, 203 out-of-range, 0 low-confidence)",0,,,None,Unavailable,NoWallInView,,,,-1.11072457,1.14028931,0.467912316,-0.008971602,-0.272831321,0.008473605,0.9619827,0,0,0,0,0,0,283708.431227161,283708.431227161,0.033347656019032
70.642593880478444,d62bf83a,SessionTracking,Tracking,30.06345,29.82441,1,0.030731771024875343,0.487013876,4.32375,1,160x90 DepthUint16,"centre=0 min=1503 max=39995 hex=0000 0000 0000 0000 07FD","centre=3966 min=2608 max=9270 hex=0FE8 0F93 0F7E 0F0A 0E0D",0,0,0,,0,,,None,Unavailable,NoWallUnderCrosshair,,,,"only 0 valid depth samples under crosshair (239 no-data, 202 out-of-range, 0 low-confidence)",0,,,None,Unavailable,NoWallInView,,,,-1.11058915,1.140303,0.46908024,-0.009788812,-0.272482127,0.008417816,0.9620742,0,0,0,0,0,0,283708.464554245,283708.464554245,0.030644740007119253
70.673515026461018,d62bf83a,SessionTracking,Tracking,30.0640259,29.82441,1,0.030221510998671874,0.495138884,4.32006931,1,160x90 DepthUint16,"centre=0 min=1499 max=39986 hex=0000 0000 0000 0000 07F9","centre=4034 min=2578 max=9473 hex=1041 0FE8 0FC2 0F56 0E2C",0,0,0,,0,,,None,Unavailable,NoWallUnderCrosshair,,,,"only 0 valid depth samples under crosshair (218 no-data, 223 out-of-range, 0 low-confidence)",0,,,None,Unavailable,NoWallInView,,,,-1.11044335,1.14033985,0.470239729,-0.0101289758,-0.2718242,0.008318276,0.9622577,0,0,0,0,0,0,283708.497881328,283708.497881328,0.030134375003399327
70.71423023447619,d62bf83a,SessionTracking,Tracking,30.06404,29.82441,1,0.039919062022818252,0.5065278,4.265139,1,160x90 DepthUint16,"centre=0 min=1512 max=39974 hex=0000 0000 0000 0000 07F4","centre=4104 min=2674 max=9343 hex=106F 1029 1008 0F89 0DD4",0,0,0,,0,,,None,Unavailable,NoWallUnderCrosshair,,,,"only 0 valid depth samples under crosshair (193 no-data, 248 out-of-range, 0 low-confidence)",0,,,None,Unavailable,NoWallInView,,,,-1.11008084,1.14011967,0.4729426,-0.0103921751,-0.271490365,0.008182735,0.9623503,0,0,0,0,0,0,283708.53120841103,283708.53120841103,0.039833957998780534
70.745615859461168,d62bf83a,SessionTracking,Tracking,20.0421124,29.82441,1,0.030591771006584167,0.5065278,4.26506948,1,160x90 DepthUint16,"centre=0 min=1512 max=39961 hex=0000 0000 0000 0000 07F2","centre=4224 min=2753 max=9634 hex=10B5 108A 1080 0FF4 0E12",0,0,0,,0,,,None,Unavailable,NoWallUnderCrosshair,,,,"only 0 valid depth samples under crosshair (193 no-data, 248 out-of-range, 0 low-confidence)",0,,,None,Unavailable,NoWallInView,,,,-1.10989022,1.14012516,0.474444777,-0.0106689045,-0.271564931,0.007956893,0.962328136,0,0,0,0,0,0,283708.564535495,283708.564535495,0.017574530997080728
70.776836432461778,d62bf83a,SessionTracking,Tracking,30.0637684,29.82441,1,0.030186249990947545,0.49659723,4.233333,1,160x90 DepthUint16,"centre=0 min=1512 max=39970 hex=0000 0000 0000 0000 07F3","centre=987 min=838 max=9222 hex=0406 03E2 03DB 050F 0CD3",0,0,0,,0,,,None,Unavailable,NoWallUnderCrosshair,,,,"only 0 valid depth samples under crosshair (214 no-data, 227 out-of-range, 0 low-confidence)",0,,,None,Unavailable,NoWallInView,,,,-1.10957468,1.14020693,0.476102531,-0.010625273,-0.272592127,0.007850677,0.962039,0,0,0,0,0,0,283708.597862578,283708.597862578,0.030095938011072576
70.808526015465532,d62bf83a,SessionTracking,Tracking,30.0637665,29.82441,1,0.030985885008703917,0.496319443,4.240556,1,160x90 DepthUint16,"centre=0 min=1513 max=39970 hex=0000 0000 0000 0000 07F4","centre=981 min=841 max=8732 hex=040D 03E7 03D5 0512 0CF8",0,0,0,,0,,,None,Unavailable,NoWallUnderCrosshair,,,,"only 0 valid depth samples under crosshair (214 no-data, 227 out-of-range, 0 low-confidence)",0,,,None,Unavailable,NoWallInView,,,,-1.10888016,1.14010751,0.479255021,-0.01096812,-0.2743299,0.007971049,0.9615401,0,0,0,0,0,0,283708.63118966104,283708.63118966104,0.030899114004569128
70.840238151464064,d62bf83a,SessionTracking,Tracking,30.0575,29.82441,1,0.031049011013237759,0.486319453,4.12770844,1,160x90 DepthUint16,"centre=0 min=1594 max=39968 hex=0000 0000 0000 0000 07FA","centre=1016 min=852 max=9012 hex=043A 040A 03F8 051D 0CCC",0,0,0,,0,,,None,Unavailable,NoWallUnderCrosshair,,,,"only 0 valid depth samples under crosshair (235 no-data, 206 out-of-range, 0 low-confidence)",0,,,None,Unavailable,NoWallInView,,,,-1.10813832,1.14017045,0.4810211,-0.0118480027,-0.2774786,0.008277774,0.960623145,0,0,0,0,0,0,283708.664516745,283708.664516745,0.030972917011240497
70.876476692475762,d62bf83a,SessionTracking,Tracking,30.0648022,29.82441,1,0.035371666017454118,0.489583343,4.17527771,1,160x90 DepthUint16,"centre=0 min=1601 max=39953 hex=0000 0000 0000 0000 07C9","centre=1049 min=876 max=9223 hex=046F 0429 0419 0552 0CEC",0,0,0,,0,,,None,Unavailable,NoWallUnderCrosshair,,,,"only 0 valid depth samples under crosshair (231 no-data, 210 out-of-range, 0 low-confidence)",0,,,None,Unavailable,NoWallInView,,,,-1.10751033,1.14020467,0.48270905,-0.0128816515,-0.280015767,0.00852251053,0.9598711,0,0,0,0,0,0,283708.697843828,283708.697843828,0.035272448003524914
70.909467474473558,d62bf83a,SessionTracking,Tracking,30.0616951,29.82441,1,0.032303542015142739,0.490069449,4.07805538,1,160x90 DepthUint16,"centre=0 min=1587 max=39895 hex=0000 0000 0000 0000 07C5","centre=1040 min=855 max=8661 hex=0472 0423 0410 052E 0C98",0,0,0,,0,,,None,Unavailable,NoWallUnderCrosshair,,,,"only 0 valid depth samples under crosshair (231 no-data, 210 out-of-range, 0 low-confidence)",0,,,None,Unavailable,NoWallInView,,,,-1.10678065,1.13989,0.485302985,-0.0146159213,-0.280449718,0.00839129,0.959720731,0,0,0,0,0,0,283708.731170911,283708.731170911,0.032219323009485379
70.9411022134625,d62bf83a,SessionTracking,Tracking,30.0619583,29.82441,1,0.030915520997950807,0.488333344,3.94041657,1,160x90 DepthUint16,"centre=0 min=1582 max=39808 hex=0000 0000 0000 0000 07F1","centre=972 min=780 max=9100 hex=0483 0411 03CC 04DB 0CB0",0,0,0,,0,,,None,Unavailable,NoWallUnderCrosshair,,,,"only 0 valid depth samples under crosshair (231 no-data, 210 out-of-range, 0 low-confidence)",0,,,None,Unavailable,NoWallInView,,,,-1.10660481,1.139692,0.486542821,-0.01638037,-0.279229641,0.008138686,0.9600502,0,0,0,0,0,0,283708.764497995,283708.764497995,0.030831457988824695
70.979150755450746,d62bf83a,SessionTracking,Tracking,30.0578079,29.82441,1,0.037295833986718208,0.489513874,3.803264,1,160x90 DepthUint16,"centre=0 min=1581 max=39686 hex=0000 0000 0000 0000 07E6","centre=993 min=810 max=8812 hex=045B 040E 03E1 052A 0D2A",0,0,0,,0,,,None,Unavailable,NoWallUnderCrosshair,,,,"only 0 valid depth samples under crosshair (232 no-data, 209 out-of-range, 0 low-confidence)",0,,,None,Unavailable,NoWallInView,,,,-1.1064142,1.13927114,0.4877988,-0.0192128271,-0.277788758,0.00755161047,0.96042037,0,0,0,0,0,0,283708.797825078,283708.797825078,0.037206614972092211
71.010020338467939,d62bf83a,SessionTracking,Tracking,30.0641556,29.82441,1,0.030218125000828877,0.484236121,3.68118048,1,160x90 DepthUint16,"centre=0 min=1571 max=39597 hex=0000 0000 0000 0000 0809","centre=962 min=808 max=8876 hex=0407 03CF 03C2 0509 0C14",0,0,0,,0,,,None,Unavailable,NoWallUnderCrosshair,,,,"only 0 valid depth samples under crosshair (229 no-data, 212 out-of-range, 0 low-confidence)",0,,,None,Unavailable,NoWallInView,,,,-1.10541642,1.1386708,0.4904772,-0.0215164,-0.2784243,0.007069499,0.960191131,0,0,0,0,0,0,283708.831152161,283708.831152161,0.030145521013764665
71.04237783846088,d62bf83a,SessionTracking,Tracking,30.0616684,29.82441,1,0.031651094002882019,0.484791666,3.709861,1,160x90 DepthUint16,"centre=0 min=1574 max=39629 hex=0000 0000 0000 0000 080C","centre=985 min=790 max=8593 hex=0445 0409 03D9 0500 0C13",0,0,0,,0,,,None,Unavailable,NoWallUnderCrosshair,,,,"only 0 valid depth samples under crosshair (232 no-data, 209 out-of-range, 0 low-confidence)",0,,,None,Unavailable,NoWallInView,,,,-1.10486054,1.13872468,0.492373556,-0.020978272,-0.2800844,0.0068936944,0.9597214,0,0,0,0,0,0,283708.86447924504,283708.86447924504,0.031566927005769685
71.075192682477564,d62bf83a,SessionTracking,Tracking,30.059742,30.2958889,1,0.01636468802462332,0.48777777,3.66458344,1,160x90 DepthUint16,"centre=0 min=1573 max=39658 hex=0000 0000 0000 0000 0814","centre=1011 min=840 max=8962 hex=0457 0417 03F3 051F 0C0D",0,0,0,,0,,,None,Unavailable,NoWallUnderCrosshair,,,,"only 0 valid depth samples under crosshair (228 no-data, 213 out-of-range, 0 low-confidence)",0,,,None,Unavailable,NoWallInView,,,,-1.10407019,1.13871837,0.494665027,-0.0209191311,-0.283583075,0.006661475,0.958696365,0,0,0,0,0,0,283708.897806328,283708.897806328,0.016314478998538107
71.11213893245781,d62bf83a,SessionTracking,Tracking,30.0634327,30.2958889,1,0.036235103994840756,0.476458341,3.633125,1,160x90 DepthUint16,"centre=0 min=1579 max=39663 hex=0000 0000 0000 0000 07C3","centre=1072 min=937 max=8824 hex=0488 0440 0430 0564 0BDA",0,0,0,,0,,,None,Unavailable,NoWallUnderCrosshair,,,,"only 0 valid depth samples under crosshair (249 no-data, 192 out-of-range, 0 low-confidence)",0,,,None,Unavailable,NoWallInView,,,,-1.102832,1.13845241,0.498478979,-0.0214554388,-0.2871728,0.00659978436,0.957615733,0,0,0,0,0,0,283708.931133411,283708.931133411,0.036148332990705967
71.145973098467721,d62bf83a,SessionTracking,Tracking,30.05891,30.2958889,1,0.033045988995581865,0.4670139,3.6050694,1,160x90 DepthUint16,"centre=0 min=1572 max=39689 hex=0000 0000 0000 0000 07CC","centre=1078 min=928 max=8607 hex=04C1 0465 0436 053E 0BC3",0,0,0,,0,,,None,Unavailable,NoWallUnderCrosshair,,,,"only 0 valid depth samples under crosshair (270 no-data, 171 out-of-range, 0 low-confidence)",0,,,None,Unavailable,NoWallInView,,,,-1.10195982,1.13849914,0.5006264,-0.0214094538,-0.2904945,0.006573976,0.956614554,0,0,0,0,0,0,283708.96446049504,283708.96446049504,0.032959010015474632
71.179507161464926,d62bf83a,SessionTracking,Tracking,30.06356,30.2958889,1,0.03286099000251852,0.465833336,3.64527774,1,160x90 DepthUint16,"centre=0 min=1579 max=39708 hex=0000 0000 0000 0000 07D3","centre=1096 min=955 max=8491 hex=04E5 0483 0448 0542 0B8E",0,0,0,,0,,,None,Unavailable,NoWallUnderCrosshair,,,,"only 0 valid depth samples under crosshair (270 no-data, 171 out-of-range, 0 low-confidence)",0,,,None,Unavailable,NoWallInView,,,,-1.10081756,1.1381439,0.503949046,-0.0213758815,-0.293342322,0.00659328746,0.955745757,0,0,0,0,0,0,283708.99778757803,283708.99778757803,0.032776509993709624
71.213630442452768,d62bf83a,SessionTracking,Tracking,30.0615234,30.2958889,1,0.033411197975510731,0.471180558,3.625139,1,160x90 DepthUint16,"centre=0 min=1565 max=39660 hex=0000 0000 0000 0000 082F","centre=1121 min=975 max=8779 hex=04AC 0472 0461 0587 0CAF",0,0,0,,0,,,None,Unavailable,NoWallUnderCrosshair,,,,"only 0 valid depth samples under crosshair (269 no-data, 172 out-of-range, 0 low-confidence)",0,,,None,Unavailable,NoWallInView,,,,-1.10025692,1.13796973,0.505601168,-0.0225520432,-0.293630183,0.00619727373,0.955633,0,0,0,0,0,0,283709.031114661,283709.031114661,0.033321301976684481
71.244006640455837,d62bf83a,SessionTracking,Tracking,30.0627823,30.2958889,1,0.029700155981117859,0.481666654,3.63402772,1,160x90 DepthUint16,"centre=0 min=1573 max=39619 hex=0000 0000 0000 0000 0828","centre=1084 min=932 max=8883 hex=04A8 045D 043C 0563 0C62",0,0,0,,0,,,None,Unavailable,NoWallUnderCrosshair,,,,"only 0 valid depth samples under crosshair (248 no-data, 193 out-of-range, 0 low-confidence)",0,,,None,Unavailable,NoWallInView,,,,-1.09996521,1.13788593,0.5070425,-0.023126021,-0.292108,0.005671531,0.9560889,0,0,0,0,0,0,283709.064441745,283709.064441745,0.029624271002830938
71.2763933594722,d62bf83a,SessionTracking,Tracking,30.0637379,30.2958889,1,0.031734531017718837,0.482083321,3.61833334,1,160x90 DepthUint16,"centre=0 min=1566 max=39582 hex=0000 0000 0000 0000 0831","centre=1132 min=995 max=8599 hex=0493 0469 046C 05A0 0C32",0,0,0,,0,,,None,Unavailable,NoWallUnderCrosshair,,,,"only 0 valid depth samples under crosshair (248 no-data, 193 out-of-range, 0 low-confidence)",0,,,None,Unavailable,NoWallInView,,,,-1.0992856,1.13760936,0.510196447,-0.0235833526,-0.290668547,0.00520527363,0.956518948,0,0,0,0,0,0,283709.09776882804,283709.09776882804,0.031658646010328084
71.312782421478687,d62bf83a,SessionTracking,Tracking,30.0644836,30.2958889,1,0.035723385022720322,0.48097223,3.621875,1,160x90 DepthUint16,"centre=0 min=1565 max=39547 hex=0000 0000 0000 0000 082E","centre=1054 min=913 max=8643 hex=0437 0417 041E 0560 0C0A",0,0,0,,0,,,None,Unavailable,NoWallUnderCrosshair,,,,"only 0 valid depth samples under crosshair (248 no-data, 193 out-of-range, 0 low-confidence)",0,,,None,Unavailable,NoWallInView,,,,-1.09887493,1.13759327,0.5118346,-0.02422592,-0.290083468,0.004767865,0.9566828,0,0,0,0,0,0,283709.131095911,283709.131095911,0.035656406020279974
71.343738723462366,d62bf83a,SessionTracking,Tracking,30.064642,30.2958889,1,0.030178385000908747,0.480416656,3.584514,1,160x90 DepthUint16,"centre=0 min=1569 max=39559 hex=0000 0000 0000 0000 082D","centre=1103 min=980 max=8058 hex=0474 0455 044F 058A 0C0D",0,0,0,,0,,,None,Unavailable,NoWallUnderCrosshair,,,,"only 0 valid depth samples under crosshair (248 no-data, 193 out-of-range, 0 low-confidence)",0,,,None,Unavailable,NoWallInView,,,,-1.09816384,1.13769674,0.5137528,-0.0241294671,-0.291532367,0.00458374666,0.9562456,0,0,0,0,0,0,283709.164422995,283709.164422995,0.030074946989770979
71.374696692455245,d62bf83a,SessionTracking,Tracking,30.0608063,30.2958889,1,0.030282447987701744,0.485833347,3.61840272,1,160x90 DepthUint16,"centre=0 min=1555 max=39564 hex=0000 0000 0000 0000 0824","centre=1061 min=942 max=8357 hex=0475 043C 0425 054C 0BAD",0,0,0,,0,,,None,Unavailable,NoWallUnderCrosshair,,,,"only 0 valid depth samples under crosshair (276 no-data, 165 out-of-range, 0 low-confidence)",0,,,None,Unavailable,NoWallInView,,,,-1.096666,1.13761353,0.5173643,-0.0245063752,-0.2944845,0.004432559,0.9553317,0,0,0,0,0,0,283709.197750078,283709.197750078,0.030196822975995019
71.416667317451129,d62bf83a,SessionTracking,Tracking,30.063385,30.2958889,1,0.041276301984908059,0.484027773,3.57409716,1,160x90 DepthUint16,"centre=0 min=1551 max=39509 hex=0000 0000 0000 0000 0826","centre=1090 min=974 max=8242 hex=045F 0439 0442 058A 0BDF",0,0,0,,0,,,None,Unavailable,NoWallUnderCrosshair,,,,"only 0 valid depth samples under crosshair (276 no-data, 165 out-of-range, 0 low-confidence)",0,,,None,Unavailable,NoWallInView,,,,-1.09585452,1.1375587,0.519205332,-0.02595714,-0.295584857,0.00382739329,0.9549561,0,0,0,0,0,0,283709.23107716104,283709.23107716104,0.041190936986822635
71.4533600784523,d62bf83a,SessionTracking,Tracking,30.0666447,30.2958889,1,0.0328999999910593,0.482777774,3.52291656,1,160x90 DepthUint16,"centre=0 min=1561 max=39419 hex=0000 0000 0000 0000 0821","centre=1007 min=902 max=8110 hex=0408 03E7 03EF 0541 0BE6",0,0,0,,0,,,None,Unavailable,NoWallUnderCrosshair,,,,"only 0 valid depth samples under crosshair (276 no-data, 165 out-of-range, 0 low-confidence)",0,,,None,Unavailable,NoWallInView,,,,-1.095504,1.13755035,0.520766139,-0.027572751,-0.2933023,0.003061235,0.9556172,0,0,0,0,0,0,283709.264404245,283709.264404245,0.032814322999911383
71.48925377545288,d62bf83a,SessionTracking,Tracking,30.0614319,30.2958889,1,0.03508426999906078,0.492916673,3.5384028,1,160x90 DepthUint16,"centre=0 min=1542 max=39302 hex=0000 0000 0000 0000 0835","centre=883 min=748 max=7246 hex=03E1 03A1 0373 04BB 0C40",0,0,0,,0,,,None,Unavailable,NoWallUnderCrosshair,,,,"only 0 valid depth samples under crosshair (251 no-data, 190 out-of-range, 0 low-confidence)",0,,,None,Unavailable,NoWallInView,,,,-1.09488213,1.13761878,0.5235292,-0.0293132532,-0.288603157,0.00231024646,0.9569972,0,0,0,0,0,0,283709.297731328,283709.297731328,0.034997759998077527
71.5118047654721,d62bf83a,SessionTracking,Tracking,30.0642567,30.2958889,1,0.021766146004665643,0.521111131,3.44625,1,160x90 DepthUint16,"centre=0 min=1535 max=39225 hex=0000 0000 0000 0000 081E","centre=851 min=719 max=6599 hex=03C7 0388 0353 04A9 0C14",0,0,0,,0,,,None,Unavailable,NoWallUnderCrosshair,,,,"only 0 valid depth samples under crosshair (244 no-data, 193 out-of-range, 4 low-confidence)",0,,,None,Unavailable,NoWallInView,,,,-1.09457672,1.13769877,0.525007069,-0.0304335225,-0.285986334,0.0017681421,0.9577487,0,0,0,0,0,0,283709.33105841104,283709.33105841104,0.021678490011254326
71.563476848477649,d62bf83a,SessionTracking,Tracking,30.065237,30.2958889,1,0.050845104007748887,0.519791663,3.36618066,1,160x90 DepthUint16,"centre=0 min=1538 max=39158 hex=0000 0000 0000 0000 0806","centre=848 min=732 max=5119 hex=03B0 0365 0350 04A1 0C23",0,0,0,,0,,,None,Unavailable,NoWallUnderCrosshair,,,,"only 0 valid depth samples under crosshair (244 no-data, 193 out-of-range, 4 low-confidence)",0,,,None,Unavailable,NoWallInView,,,,-1.09370136,1.13763881,0.5269093,-0.031997636,-0.2865829,0.0009507239,0.9575205,0,0,0,0,0,0,283709.364385495,283709.364385495,0.050774791016010568
71.578525963475613,d62bf83a,SessionTracking,Tracking,30.0638866,30.2958889,1,0.014498594013275579,0.517291665,3.19013882,1,160x90 DepthUint16,"centre=0 min=1544 max=39089 hex=0000 0000 0000 0000 082D","centre=824 min=708 max=5363 hex=039C 035E 0338 046D 0BA1",0,0,0,,0,,,None,Unavailable,NoWallUnderCrosshair,,,,"only 0 valid depth samples under crosshair (244 no-data, 193 out-of-range, 4 low-confidence)",0,,,None,Unavailable,NoWallInView,,,,-1.09284568,1.13757217,0.5287026,-0.0333517231,-0.2865731,-0.000350922375,0.9574776,0,0,0,0,0,0,283709.397712578,283709.397712578,0.014455208001891151
71.609915598473663,d62bf83a,SessionTracking,Tracking,30.0628738,30.2958889,1,0.030761718022404239,0.5295139,3.20854163,1,160x90 DepthUint16,"centre=0 min=1527 max=39024 hex=0000 0000 0000 0000 07C7","centre=786 min=673 max=4772 hex=039E 0351 0312 043A 0C2E",0,0,0,,0,,,None,Unavailable,NoWallUnderCrosshair,,,,"only 0 valid depth samples under crosshair (220 no-data, 217 out-of-range, 4 low-confidence)",0,,,None,Unavailable,NoWallInView,,,,-1.09181261,1.13745058,0.531767666,-0.03359469,-0.282125324,-0.00182908773,0.958787441,0,0,0,0,0,0,283709.431039661,283709.431039661,0.030688854021718726
71.642808463456959,d62bf83a,SessionTracking,Tracking,30.0637684,30.2958889,1,0.032215416984399781,0.551875,3.28090286,1,160x90 DepthUint16,"centre=0 min=1523 max=38939 hex=0000 0000 0000 316F 07C6","centre=811 min=727 max=5152 hex=0380 0342 032B 0490 0D66",0,0,0,,0,,,None,Unavailable,NoWallUnderCrosshair,,,,"only 0 valid depth samples under crosshair (188 no-data, 249 out-of-range, 4 low-confidence)",0,,,None,Unavailable,NoWallInView,,,,-1.092202,1.13757741,0.532772839,-0.0330709666,-0.2727664,-0.00351846218,0.9615053,0,0,0,0,0,0,283709.46436674503,283709.46436674503,0.032132916996488348
71.678127057475422,d62bf83a,SessionTracking,Tracking,30.0636234,30.2958889,1,0.034549322997918352,0.5777778,3.34763885,1,160x90 DepthUint16,"centre=0 min=647 max=38881 hex=0000 2B92 0000 3145 17A4","centre=777 min=678 max=6004 hex=0366 032B 0309 0466 0CE7",0,0,0,,0,,,None,Unavailable,NoWallUnderCrosshair,,,,"only 0 valid depth samples under crosshair (165 no-data, 276 out-of-range, 0 low-confidence)",0,,,None,Unavailable,NoWallInView,,,,-1.09286332,1.13783634,0.533709347,-0.0314487927,-0.2622413,-0.00468459772,0.964478433,0,0,0,0,0,0,283709.497693828,283709.497693828,0.034466145996702835
71.709885025458561,d62bf83a,SessionTracking,Tracking,30.0638962,30.2958889,1,0.031016405991977081,0.605069458,3.70618057,1,160x90 DepthUint16,"centre=0 min=634 max=38832 hex=0000 29FC 0000 322D 4DFF","centre=767 min=669 max=6719 hex=0342 0310 02FF 04A1 0D1F",0,0,0,,0,,,None,Unavailable,NoWallUnderCrosshair,,,,"only 0 valid depth samples under crosshair (123 no-data, 318 out-of-range, 0 low-confidence)",0,,,None,Unavailable,NoWallInView,,,,-1.09322476,1.13744986,0.536599159,-0.02914788,-0.251060933,-0.00533926534,0.9675176,0,0,0,0,0,0,283709.531020911,283709.531020911,0.030929947999538854
71.741836327451665,d62bf83a,SessionTracking,Tracking,30.0647888,30.2958889,1,0.031297394976718351,0.6483333,3.86229157,1,160x90 DepthUint16,"centre=0 min=636 max=38867 hex=4DDD 2958 0000 342C 4DEE","centre=748 min=664 max=5661 hex=0325 02F5 02EC 04A0 0C7C",0,0,0,,0,,,None,Unavailable,NoWallUnderCrosshair,,,,"only 0 valid depth samples under crosshair (69 no-data, 369 out-of-range, 3 low-confidence)",0,,,None,Unavailable,NoWallInView,,,,-1.093332,1.13740444,0.5387291,-0.0273950417,-0.245181784,-0.00553852366,0.9690742,0,0,0,0,0,0,283709.56434799504,283709.56434799504,0.031219321972457692
71.774029400465,d62bf83a,SessionTracking,Tracking,30.0622139,30.2958889,1,0.031499322998570278,0.6560417,3.99736118,1,160x90 DepthUint16,"centre=0 min=636 max=38915 hex=5082 297E 0000 34DC 4E96","centre=680 min=624 max=7297 hex=0323 02CB 02A8 0449 0C9A",0,0,0,,0,,,None,Unavailable,NoWallUnderCrosshair,,,,"only 0 valid depth samples under crosshair (64 no-data, 371 out-of-range, 6 low-confidence)",0,,,None,Unavailable,NoWallInView,,,,-1.092895,1.13739848,0.540737748,-0.02552026,-0.243715838,-0.00553208636,0.9694951,0,0,0,0,0,0,283709.597675078,283709.597675078,0.031413073011208326
71.812488671453821,d62bf83a,SessionTracking,Tracking,30.06247,30.2958889,1,0.03777244797674939,0.6593056,4.51756954,1,160x90 DepthUint16,"centre=0 min=635 max=39078 hex=4E73 2A48 0000 33B8 0787","centre=6826 min=3045 max=8487 hex=1022 13C4 1AAA 1E88 0F8C",0,0,0,,0,,,None,Unavailable,NoWallUnderCrosshair,,,,"only 0 valid depth samples under crosshair (56 no-data, 379 out-of-range, 6 low-confidence)",0,,,None,Unavailable,NoWallInView,,,,-1.091907,1.13684,0.5443821,-0.0212660749,-0.244161,-0.00526022958,0.96948725,0,0,0,0,0,0,283709.631002161,283709.631002161,0.036632292001741007
71.844506848461378,d62bf83a,SessionTracking,Tracking,30.0622063,30.2958889,1,0.031293957988964394,0.689513862,4.67375,1,160x90 DepthUint16,"centre=16927 min=635 max=39779 hex=56C7 2A95 421F 32A0 0798","centre=6625 min=2958 max=15059 hex=1388 1531 19E1 1C34 0EF4",0,0,0,,0,,,None,Unavailable,NoWallUnderCrosshair,,,,"only 0 valid depth samples under crosshair (26 no-data, 409 out-of-range, 6 low-confidence)",0,,,None,Unavailable,NoWallInView,,,,-1.091294,1.13761473,0.5469433,-0.0146077061,-0.2446255,-0.00487336563,0.969495356,0,0,0,0,0,0,283709.66432924505,283709.66432924505,0.031207499996526167
71.875563723475125,d62bf83a,SessionTracking,Tracking,30.0630989,30.2958889,1,0.030348906002473086,0.685069442,4.74145842,1,160x90 DepthUint16,"centre=16910 min=629 max=39685 hex=4CC2 2A8E 420E 32CA 0790","centre=6881 min=3040 max=12538 hex=1224 14A8 1AE1 1D55 0DB3",0,0,0,,0,,,None,Unavailable,NoWallUnderCrosshair,,,,"only 0 valid depth samples under crosshair (18 no-data, 419 out-of-range, 4 low-confidence)",0,,,None,Unavailable,NoWallInView,,,,-1.09038949,1.13854969,0.5498334,-0.00709805638,-0.247006,-0.004057735,0.9689795,0,0,0,0,0,0,283709.69765632803,283709.69765632803,0.030267552006989717
71.913915650456829,d62bf83a,SessionTracking,Tracking,30.062645,30.2958889,1,0.037672967999242246,0.680277765,4.818125,1,160x90 DepthUint16,"centre=16905 min=622 max=39952 hex=4C15 2A7C 4209 32D4 0791","centre=5294 min=2600 max=13686 hex=1040 115A 14AE 16B8 0D38",0,0,0,,0,,,None,Unavailable,NoWallUnderCrosshair,,,,"only 0 valid depth samples under crosshair (15 no-data, 405 out-of-range, 21 low-confidence)",0,,,None,Unavailable,NoWallInView,,,,-1.089022,1.13803053,0.554763556,-0.00214108825,-0.250125766,-0.00293770432,0.9682065,0,0,0,0,0,0,283709.730983411,283709.730983411,0.037591978994896635
71.945217577452922,d62bf83a,SessionTracking,Tracking,30.06183,30.2958889,1,0.0305551560013555,0.7015278,4.62493038,1,160x90 DepthUint16,"centre=16903 min=619 max=39989 hex=4C18 2A74 4207 32DF 0794","centre=4226 min=2125 max=8608 hex=0C2F 0D49 1082 12E1 0CC0",0,0,0,,0,,,None,Unavailable,NoWallUnderCrosshair,,,,"only 0 valid depth samples under crosshair (8 no-data, 407 out-of-range, 26 low-confidence)",0,,,None,Unavailable,NoWallInView,,,,-1.08818245,1.13788557,0.557048738,-0.00106191635,-0.251097083,-0.002785951,0.9679574,0,0,0,0,0,0,283709.764310495,283709.764310495,0.030457134998869151
71.977898463464726,d62bf83a,SessionTracking,Tracking,30.0612984,30.2958889,1,0.031966770999133587,0.7104861,4.760139,1,160x90 DepthUint16,"centre=16894 min=620 max=39963 hex=4C03 2A6B 41FE 32F2 078D","centre=4606 min=2209 max=8253 hex=0C22 0DF1 11FE 14B0 0D44",0,0,0,,0,,,None,Unavailable,NoWallUnderCrosshair,,,,"only 0 valid depth samples under crosshair (3 no-data, 409 out-of-range, 29 low-confidence)",0,,,None,Unavailable,NoWallInView,,,,-1.08786,1.13749444,0.5588297,-0.00158391159,-0.24884291,-0.003280312,0.968537033,0,0,0,0,0,0,283709.79763757804,283709.79763757804,0.03188406300614588
72.013239609459333,d62bf83a,SessionTracking,Tracking,30.0584164,30.2958889,1,0.034641042002476752,0.7256944,5.11277771,1,160x90 DepthUint16,"centre=16857 min=621 max=39988 hex=4BDB 2A49 41D9 3315 0799","centre=4942 min=2218 max=7917 hex=0C3C 0EB5 134E 1671 0DB7",0,0,0,,0,,,None,Unavailable,NoWallUnderCrosshair,,,,"only 0 valid depth samples under crosshair (3 no-data, 400 out-of-range, 38 low-confidence)",0,,,None,Unavailable,NoWallInView,,,,-1.08822989,1.13654685,0.5612638,0.000390104949,-0.240525186,-0.00370833278,0.9706358,0,0,0,0,0,0,283709.830964661,283709.830964661,0.034554115001810715
72.04423252545871,d62bf83a,SessionTracking,Tracking,30.06411,30.2958889,1,0.030225052003515884,0.740069449,5.57534742,1,160x90 DepthUint16,"centre=16805 min=624 max=39996 hex=4BAF 2A1B 41A5 354E 079F","centre=3901 min=1707 max=7518 hex=0A4A 0BAB 0F3D 12B0 0DB9",0,0,0,,0,,,None,Unavailable,NoWallUnderCrosshair,,,,"only 0 valid depth samples under crosshair (0 no-data, 388 out-of-range, 53 low-confidence)",0,,,None,Unavailable,NoWallInView,,,,-1.089459,1.13687623,0.562293947,0.00415200042,-0.229658723,-0.00405699061,0.9732539,0,0,0,0,0,0,283709.864291745,283709.864291745,0.030136301997117698
72.075533306462376,d62bf83a,SessionTracking,Tracking,30.0613556,29.9897842,1,0.03061593699385412,0.7498611,6.18430567,1,160x90 DepthUint16,"centre=16777 min=626 max=39983 hex=4B6B 29F6 4189 2C65 0729","centre=4471 min=1722 max=7427 hex=0BE5 0D8B 1177 1527 0E54",0,0,0,,0,,,None,Unavailable,NoWallUnderCrosshair,,,,"only 0 valid depth samples under crosshair (0 no-data, 390 out-of-range, 51 low-confidence)",0,,,None,Unavailable,NoWallInView,,,,-1.09062254,1.13706446,0.5634212,0.00699477037,-0.219487235,-0.00457644556,0.9755796,0,0,0,0,0,0,283709.897618828,283709.897618828,0.030534946999978274
72.114605546466692,d62bf83a,SessionTracking,Tracking,30.058033,29.9897842,1,0.038342292013112456,0.761319458,7.18548632,1,160x90 DepthUint16,"centre=16356 min=627 max=39981 hex=4A38 29D2 3FE4 2CFF 071D","centre=6436 min=2053 max=9273 hex=1035 1289 1924 1E04 0FEF",0,0,0,,0,,,None,Unavailable,NoWallUnderCrosshair,,,,"only 0 valid depth samples under crosshair (0 no-data, 387 out-of-range, 54 low-confidence)",0,,,None,Unavailable,NoWallInView,,,,-1.09141445,1.13689184,0.565429747,0.00944849849,-0.208870173,-0.00470718741,0.977886438,0,0,0,0,0,0,283709.93094591104,283709.93094591104,0.03825874999165535
72.145910546478035,d62bf83a,SessionTracking,Tracking,30.0623913,29.9897842,1,0.030625885003246367,0.791388869,7.4486804,1,160x90 DepthUint16,"centre=15270 min=628 max=39990 hex=4776 29B0 3BA6 2BEA 06AD","centre=6011 min=1920 max=9225 hex=0F29 114E 177B 1D9F 0E9A",0,0,0,,0,,,None,Unavailable,NoWallUnderCrosshair,,,,"only 0 valid depth samples under crosshair (0 no-data, 386 out-of-range, 55 low-confidence)",0,,,None,Unavailable,NoWallInView,,,,-1.0918901,1.13731873,0.566838861,0.0130621651,-0.202001378,-0.0037518742,0.979290962,0,0,0,0,0,0,283709.96390105004,283709.96390105004,0.030545677000191063
72.177205025454668,d62bf83a,SessionTracking,Tracking,30.0625477,29.9897842,1,0.029702551983064041,0.7899306,7.590139,1,160x90 DepthUint16,"centre=15032 min=627 max=39999 hex=4654 29A3 3AB8 2BAA 06B3","centre=5551 min=1824 max=9108 hex=0DF5 100A 15AF 1D0F 0E6C",0,0,0,,0,,,None,Unavailable,NoWallUnderCrosshair,,,,"only 0 valid depth samples under crosshair (0 no-data, 382 out-of-range, 59 low-confidence)",0,,,None,Unavailable,NoWallInView,,,,-1.09160066,1.13734663,0.568575859,0.0144279469,-0.199302241,-0.003003389,0.9798273,0,0,0,0,0,0,283709.997228133,283709.997228133,0.029614218976348639
72.216035650464391,d62bf83a,SessionTracking,Tracking,30.062355,29.9897842,1,0.03808510399539955,0.791875,7.604375,1,160x90 DepthUint16,"centre=13046 min=627 max=39973 hex=457F 29A9 32F6 2BEF 0729","centre=5998 min=1871 max=9138 hex=0F08 114E 176E 1E73 0ED0",0,0,0,,0,,,None,Unavailable,NoWallUnderCrosshair,,,,"only 0 valid depth samples under crosshair (0 no-data, 385 out-of-range, 56 low-confidence)",0,,,None,Unavailable,NoWallInView,,,,-1.09043455,1.13712823,0.570788264,0.012279951,-0.197208986,-0.0032188,0.980279267,0,0,0,0,0,0,283710.030019439,283710.030019439,0.0379996350093279
72.247598358462483,d62bf83a,SessionTracking,Tracking,30.067234,29.9897842,1,0.023037239006953314,0.796597242,7.838264,1,160x90 DepthUint16,"centre=9540 min=630 max=39912 hex=4258 29AE 2544 2DB2 073A","centre=5430 min=1727 max=9118 hex=0EA6 1030 1536 1E78 0EB5",0,0,0,,0,,,None,Unavailable,NoWallUnderCrosshair,,,,"only 0 valid depth samples under crosshair (0 no-data, 385 out-of-range, 56 low-confidence)",0,,,None,Unavailable,NoWallInView,,,,-1.090481,1.13653433,0.571624339,0.009707832,-0.189956382,-0.0035734477,0.981738031,0,0,0,0,0,0,283710.06334652303,283710.06334652303,0.022809113987023011
72.2787461714504,d62bf83a,SessionTracking,Tracking,30.06067,29.9897842,1,0.030473853985313326,0.7966667,8.385625,1,160x90 DepthUint16,"centre=8115 min=633 max=39579 hex=3B62 29A7 1FB3 2665 0750","centre=6078 min=1677 max=9260 hex=0F52 1153 17BE 2173 0F77",0,0,0,,0,,,None,Unavailable,NoWallUnderCrosshair,,,,"only 0 valid depth samples under crosshair (0 no-data, 398 out-of-range, 43 low-confidence)",0,,,None,Unavailable,NoWallInView,,,,-1.09102356,1.13623834,0.57215476,0.008724847,-0.17981,-0.00378760719,0.9836554,0,0,0,0,0,0,283710.096673606,283710.096673606,0.030399009992834181
72.310319661457243,d62bf83a,SessionTracking,Tracking,30.0642071,29.9897842,1,0.030863697989843786,0.795069456,8.6669445,1,160x90 DepthUint16,"centre=8101 min=635 max=39324 hex=3366 29A6 1FA5 275C 07A9","centre=5830 min=1553 max=9196 hex=0ED9 10A2 16C6 21BD 1044",0,0,0,,0,,,None,Unavailable,NoWallUnderCrosshair,,,,"only 0 valid depth samples under crosshair (0 no-data, 397 out-of-range, 44 low-confidence)",0,,,None,Unavailable,NoWallInView,,,,-1.09074986,1.13687754,0.57325536,0.007890545,-0.171208143,-0.00417360663,0.985194445,0,0,0,0,0,0,283710.130000689,283710.130000689,0.030780156987020746
72.342305598463781,d62bf83a,SessionTracking,Tracking,30.0673752,29.9897842,1,0.031326458003604785,0.7961111,8.50875,1,160x90 DepthUint16,"centre=8236 min=637 max=39192 hex=28AF 29CE 202C 26D2 07B9","centre=4921 min=1416 max=8923 hex=0D34 0E8D 1339 207B 1004",0,0,0,,0,,,None,Unavailable,NoWallUnderCrosshair,,,,"only 0 valid depth samples under crosshair (0 no-data, 391 out-of-range, 50 low-confidence)",0,,,None,Unavailable,NoWallInView,,,,-1.09040856,1.1363461,0.57409364,0.00521119,-0.165711969,-0.004617632,0.9861496,0,0,0,0,0,0,283710.163053242,283710.163053242,0.031245155987562612
72.37908460846279,d62bf83a,SessionTracking,Tracking,30.0609779,29.9897842,1,0.0359478640020825,0.8132639,8.279514,1,160x90 DepthUint16,"centre=8157 min=638 max=39037 hex=2891 2AB3 1FDD 26BE 07C4","centre=4656 min=1336 max=8575 hex=0C16 0DB1 1230 1FFD 10E5",0,0,0,,0,,,None,Unavailable,NoWallUnderCrosshair,,,,"only 0 valid depth samples under crosshair (0 no-data, 384 out-of-range, 57 low-confidence)",0,,,None,Unavailable,NoWallInView,,,,-1.08970928,1.13599634,0.574973,0.00331041217,-0.161981866,-0.004868865,0.9867762,0,0,0,0,0,0,283710.196380325,283710.196380325,0.035843385005136952
72.411473358460853,d62bf83a,SessionTracking,Tracking,30.06474,29.9897842,1,0.03161400998942554,0.8121528,8.749375,1,160x90 DepthUint16,"centre=8521 min=638 max=38916 hex=2880 2B75 2149 2664 07CC","centre=4904 min=1394 max=9000 hex=0D45 0E8F 1328 223E 10E9",0,0,0,,0,,,None,Unavailable,NoWallUnderCrosshair,,,,"only 0 valid depth samples under crosshair (0 no-data, 378 out-of-range, 63 low-confidence)",0,,,None,Unavailable,NoWallInView,,,,-1.087974,1.137978,0.5762044,0.00294113951,-0.160008058,-0.00479483651,0.9870997,0,0,0,0,0,0,283710.229419594,283710.229419594,0.031532030989183113
72.443098619467264,d62bf83a,SessionTracking,Tracking,30.06229,29.9897842,1,0.030961354001192376,0.811458349,8.606389,1,160x90 DepthUint16,"centre=8426 min=638 max=38881 hex=287E 2BB1 20EA 2660 07D0","centre=4742 min=1391 max=8801 hex=0C4B 0DD3 1286 21BA 10AA",0,0,0,,0,,,None,Unavailable,NoWallUnderCrosshair,,,,"only 0 valid depth samples under crosshair (0 no-data, 375 out-of-range, 66 low-confidence)",0,,,None,Unavailable,NoWallInView,,,,-1.08678508,1.137872,0.5773205,0.00207237923,-0.158885673,-0.004638106,0.987283945,0,0,0,0,0,0,283710.262746678,283710.262746678,0.030879271012963727
72.48141710847608,d62bf83a,SessionTracking,Tracking,30.0636883,29.9897842,1,0.037455989018781111,0.80694443,8.902638,1,160x90 DepthUint16,"centre=8239 min=637 max=38723 hex=2881 2C46 202F 267B 2086","centre=4946 min=1323 max=9129 hex=0D3C 0E83 1352 2325 11B9",0,0,0,,0,,,None,Unavailable,NoWallUnderCrosshair,,,,"only 0 valid depth samples under crosshair (0 no-data, 369 out-of-range, 72 low-confidence)",0,,,None,Unavailable,NoWallInView,,,,-1.08568037,1.13753247,0.578220665,-0.000234350562,-0.1570196,-0.00476866961,0.987583935,0,0,0,0,0,0,283710.296073761,283710.296073761,0.0370615620049648
72.511024296461756,d62bf83a,SessionTracking,Tracking,30.0630646,29.9897842,1,0.028871510992757976,0.806041658,9.052083,1,160x90 DepthUint16,"centre=8935 min=638 max=38558 hex=2858 4209 22E7 265E 1F4C","centre=4937 min=1281 max=9199 hex=0D80 0E92 1349 23D8 11AB",0,0,0,,0,,,None,Unavailable,NoWallUnderCrosshair,,,,"only 0 valid depth samples under crosshair (0 no-data, 339 out-of-range, 102 low-confidence)",0,,,None,Unavailable,NoWallInView,,,,-1.08441973,1.13919091,0.5787657,-0.00181689125,-0.152341977,-0.005054653,0.988313258,0,0,0,0,0,0,283710.329400844,283710.329400844,0.02878604200668633
72.541664556458045,d62bf83a,SessionTracking,Tracking,30.0614262,29.9897842,1,0.029904010007157922,0.80916667,9.683681,1,160x90 DepthUint16,"centre=12754 min=638 max=38501 hex=2845 4899 31D2 2616 1ED3","centre=5003 min=1237 max=9443 hex=0D4F 0E4F 138B 24C0 112F",0,0,0,,0,,,None,Unavailable,NoWallUnderCrosshair,,,,"only 0 valid depth samples under crosshair (0 no-data, 321 out-of-range, 120 low-confidence)",0,,,None,Unavailable,NoWallInView,,,,-1.08384848,1.13917911,0.579638064,-0.00169086433,-0.147657052,-0.00499448134,0.9890245,0,0,0,0,0,0,283710.362139015,283710.362139015,0.029821250005625188
72.573367629465565,d62bf83a,SessionTracking,Tracking,30.058857,29.9897842,1,0.030998125002952293,0.807222247,9.735486,1,160x90 DepthUint16,"centre=12290 min=639 max=38383 hex=2814 43C9 3002 2610 24B2","centre=4903 min=1245 max=9437 hex=0D9E 0E69 1327 2441 10BA",0,0,0,,0,,,None,Unavailable,NoWallUnderCrosshair,,,,"only 0 valid depth samples under crosshair (0 no-data, 307 out-of-range, 134 low-confidence)",0,,,None,Unavailable,NoWallInView,,,,-1.0829668,1.13895571,0.580665231,-0.00259594643,-0.14465946,-0.00501269149,0.9894654,0,0,0,0,0,0,283710.394522953,283710.394522953,0.030912031012121588
72.609662838458235,d62bf83a,SessionTracking,Tracking,30.0644569,29.9897842,1,0.03559151099761948,0.817083359,9.784375,1,160x90 DepthUint16,"centre=11291 min=637 max=38247 hex=263E 3467 2C1B 260B 2439","centre=5018 min=1281 max=9528 hex=0E8D 0F0D 139A 2468 131B",0,0,0,,0,,,None,Unavailable,NoWallUnderCrosshair,,,,"only 0 valid depth samples under crosshair (0 no-data, 297 out-of-range, 144 low-confidence)",0,,,None,Unavailable,NoWallInView,,,,-1.08140969,1.139189,0.5813699,-0.0039182906,-0.141596422,-0.005130977,0.98990345,0,0,0,0,0,0,283710.42647295404,283710.42647295404,0.035502864979207516
72.641525181450334,d62bf83a,SessionTracking,Tracking,30.0608425,29.9897842,1,0.031083645997568965,0.815694451,9.273819,1,160x90 DepthUint16,"centre=10482 min=637 max=38078 hex=1D87 2A1C 28F2 2625 2191","centre=5380 min=1687 max=9530 hex=116A 11A5 1504 23F5 131E",0,0,0,,0,,,None,Unavailable,NoWallUnderCrosshair,,,,"only 0 valid depth samples under crosshair (0 no-data, 274 out-of-range, 167 low-confidence)",0,,,None,Unavailable,NoWallInView,,,,-1.08065,1.13877535,0.5819209,-0.005626492,-0.136791646,-0.005599469,0.990568042,0,0,0,0,0,0,283710.45918013004,283710.45918013004,0.031000572984339669
72.673334140450379,d62bf83a,SessionTracking,Tracking,30.0604324,29.9897842,1,0.031076770974323153,0.814375,9.318889,1,160x90 DepthUint16,"centre=9922 min=638 max=37855 hex=1973 1F95 26C2 254A 1F76","centre=5339 min=1719 max=9552 hex=1148 1194 14DB 22CD 1349",0,0,0,,0,,,None,Unavailable,NoWallUnderCrosshair,,,,"only 0 valid depth samples under crosshair (0 no-data, 253 out-of-range, 188 low-confidence)",0,,,None,Unavailable,NoWallInView,,,,-1.079898,1.138282,0.5823039,-0.007893571,-0.131549492,-0.006227613,0.9912586,0,0,0,0,0,0,283710.492507213,283710.492507213,0.030993697990197688
72.712600025468191,d62bf83a,SessionTracking,Tracking,30.0590687,29.9897842,1,0.038470155996037647,0.8127083,9.348473,1,160x90 DepthUint16,"centre=8996 min=641 max=39430 hex=18B7 1A8D 2324 20C8 1F03","centre=5093 min=1719 max=9531 hex=107A 10A8 13E5 21E9 13A4",0,0,0,,0,,,None,Unavailable,NoWallUnderCrosshair,,,,"only 0 valid depth samples under crosshair (0 no-data, 233 out-of-range, 208 low-confidence)",0,,,None,Unavailable,NoWallInView,,,,-1.080232,1.13802755,0.5815221,-0.00924211,-0.127276838,-0.00656998158,0.991802454,0,0,0,0,0,0,283710.525834296,283710.525834296,0.038379063014872372
72.743923515463166,d62bf83a,SessionTracking,Tracking,30.0514278,29.9897842,1,0.069793645991012454,0.8127083,9.348473,1,160x90 DepthUint16,"centre=8996 min=641 max=39430 hex=18B7 1A8D 2324 20C8 1F03","centre=5093 min=1719 max=9531 hex=107A 10A8 13E5 21E9 13A4",0,0,0,,0,,,None,Unavailable,NoWallUnderCrosshair,,,,"only 0 valid depth samples under crosshair (0 no-data, 244 out-of-range, 197 low-confidence)",0,,,None,Unavailable,NoWallInView,,,,-1.0776031,1.13785028,0.5827471,-0.01018405,-0.123872325,-0.00678795576,0.992222667,0,0,0,0,0,0,283710.525834296,283710.525834296,0.069702553009847179
72.775501483472681,d62bf83a,SessionTracking,Tracking,30.0640926,29.9897842,1,0.10137161400052719,0.8127083,9.348473,1,160x90 DepthUint16,"centre=8996 min=641 max=39430 hex=18B7 1A8D 2324 20C8 1F03","centre=5093 min=1719 max=9531 hex=107A 10A8 13E5 21E9 13A4",0,0,0,,0,,,None,Unavailable,NoWallUnderCrosshair,,,,"only 0 valid depth samples under crosshair (0 no-data, 244 out-of-range, 197 low-confidence)",0,,,None,Unavailable,NoWallInView,,,,-1.07615745,1.13766754,0.583312154,-0.0117421709,-0.122485876,-0.006990224,0.9923762,0,0,0,0,0,0,283710.525834296,283710.525834296,0.10128052101936191
72.818190806461416,d62bf83a,SessionInitializing,Initializing,30.05581,29.9897842,1,0.1440609369892627,0.8127083,9.348473,1,160x90 DepthUint16,"centre=8996 min=641 max=39430 hex=18B7 1A8D 2324 20C8 1F03","centre=5093 min=1719 max=9531 hex=107A 10A8 13E5 21E9 13A4",0,0,0,,0,,,None,Unavailable,TrackingLost,,,,"TrackingLost",0,,,None,Unavailable,TrackingLost,,,,-1.074872,1.137414,0.5829325,-0.0128094163,-0.120358169,-0.00701895449,0.9926231,0,0,0,0,0,0,283710.525834296,283710.525834296,0.14396984400809743
72.846142890459078,d62bf83a,SessionInitializing,Initializing,30.0635128,29.9897842,1,,,,,160x90 DepthUint16,"","",0,0,0,,0,,,None,Unavailable,TrackingLost,,,,"TrackingLost",0,,,None,Unavailable,TrackingLost,,,,-1.074872,1.137414,0.5829325,-0.0128094163,-0.120358169,-0.00701895449,0.9926231,0,0,0,0,0,0,,,
72.877847577477723,d62bf83a,SessionInitializing,Initializing,30.0614834,29.9897842,1,,,,,160x90 DepthUint16,"","",0,0,0,,0,,,None,Unavailable,TrackingLost,,,,"TrackingLost",0,,,None,Unavailable,TrackingLost,,,,-1.074872,1.137414,0.5829325,-0.0128094163,-0.120358169,-0.00701895449,0.9926231,0,0,0,0,0,0,,,
72.914236587475671,d62bf83a,SessionInitializing,Initializing,30.0597153,29.9897842,1,,,,,160x90 DepthUint16,"","",0,0,0,,0,,,None,Unavailable,TrackingLost,,,,"TrackingLost",0,,,None,Unavailable,TrackingLost,,,,-1.074872,1.137414,0.5829325,-0.0128094163,-0.120358169,-0.00701895449,0.9926231,0,0,0,0,0,0,,,
72.9459412234753,d62bf83a,SessionInitializing,Initializing,30.0599,29.9897842,1,,,,,160x90 DepthUint16,"","",0,0,0,,0,,,None,Unavailable,TrackingLost,,,,"TrackingLost",0,,,None,Unavailable,TrackingLost,,,,-1.074872,1.137414,0.5829325,-0.0128094163,-0.120358169,-0.00701895449,0.9926231,0,0,0,0,0,0,,,
72.97858299446284,d62bf83a,SessionInitializing,Initializing,30.0616245,29.9897842,1,,,,,160x90 DepthUint16,"","",0,0,0,,0,,,None,Unavailable,TrackingLost,,,,"TrackingLost",0,,,None,Unavailable,TrackingLost,,,,-1.074872,1.137414,0.5829325,-0.0128094163,-0.120358169,-0.00701895449,0.9926231,0,0,0,0,0,0,,,
73.009441952457337,d62bf83a,SessionInitializing,Initializing,30.0588531,29.9897842,1,,,,,160x90 DepthUint16,"","",0,0,0,,0,,,None,Unavailable,TrackingLost,,,,"TrackingLost",0,,,None,Unavailable,TrackingLost,,,,-1.074872,1.137414,0.5829325,-0.0128094163,-0.120358169,-0.00701895449,0.9926231,0,0,0,0,0,0,,,
73.042087733457947,d62bf83a,SessionInitializing,Initializing,30.0623188,29.9897842,1,,,,,160x90 DepthUint16,"","",0,0,0,,0,,,None,Unavailable,TrackingLost,,,,"TrackingLost",0,,,None,Unavailable,TrackingLost,,,,-1.074872,1.137414,0.5829325,-0.0128094163,-0.120358169,-0.00701895449,0.9926231,0,0,0,0,0,0,,,
73.07789450447649,d62bf83a,SessionInitializing,Initializing,30.06411,29.92933,1,,,,,160x90 DepthUint16,"","",0,0,0,,0,,,None,Unavailable,TrackingLost,,,,"TrackingLost",0,,,None,Unavailable,TrackingLost,,,,-1.074872,1.137414,0.5829325,-0.0128094163,-0.120358169,-0.00701895449,0.9926231,0,0,0,0,0,0,,,
73.108407369468978,d62bf83a,SessionInitializing,Initializing,30.06078,29.92933,1,,,,,160x90 DepthUint16,"","",0,0,0,,0,,,None,Unavailable,TrackingLost,,,,"TrackingLost",0,,,None,Unavailable,TrackingLost,,,,-1.074872,1.137414,0.5829325,-0.0128094163,-0.120358169,-0.00701895449,0.9926231,0,0,0,0,0,0,,,
73.142261066477431,d62bf83a,SessionInitializing,Initializing,30.0628357,29.92933,1,,,,,160x90 DepthUint16,"","",0,0,0,,0,,,None,Unavailable,TrackingLost,,,,"TrackingLost",0,,,None,Unavailable,TrackingLost,,,,-1.074872,1.137414,0.5829325,-0.0128094163,-0.120358169,-0.00701895449,0.9926231,0,0,0,0,0,0,,,
73.178522212463349,d62bf83a,SessionInitializing,Initializing,30.0624771,29.92933,1,,,,,160x90 DepthUint16,"","",0,0,0,,0,,,None,Unavailable,TrackingLost,,,,"TrackingLost",0,,,None,Unavailable,TrackingLost,,,,-1.074872,1.137414,0.5829325,-0.0128094163,-0.120358169,-0.00701895449,0.9926231,0,0,0,0,0,0,,,
73.209572629453532,d62bf83a,SessionInitializing,Initializing,30.062994,29.92933,1,,,,,160x90 DepthUint16,"","",0,0,0,,0,,,None,Unavailable,TrackingLost,,,,"TrackingLost",0,,,None,Unavailable,TrackingLost,,,,-1.074872,1.137414,0.5829325,-0.0128094163,-0.120358169,-0.00701895449,0.9926231,0,0,0,0,0,0,,,
73.255409348468447,d62bf83a,SessionInitializing,Initializing,30.0633278,29.92933,1,,,,,160x90 DepthUint16,"","",0,0,0,,0,,,None,Unavailable,TrackingLost,,,,"TrackingLost",0,,,None,Unavailable,TrackingLost,,,,-1.074872,1.137414,0.5829325,-0.0128094163,-0.120358169,-0.00701895449,0.9926231,0,0,0,0,0,0,,,
73.282708098475041,d62bf83a,SessionInitializing,Initializing,30.0650826,29.92933,1,,,,,160x90 DepthUint16,"","",0,0,0,,0,,,None,Unavailable,TrackingLost,,,,"TrackingLost",0,,,None,Unavailable,TrackingLost,,,,-1.074872,1.137414,0.5829325,-0.0128094163,-0.120358169,-0.00701895449,0.9926231,0,0,0,0,0,0,,,
73.313767004470492,d62bf83a,SessionInitializing,Initializing,30.0609283,29.92933,1,,,,,160x90 DepthUint16,"","",0,0,0,,0,,,None,Unavailable,TrackingLost,,,,"TrackingLost",0,,,None,Unavailable,TrackingLost,,,,-1.074872,1.137414,0.5829325,-0.0128094163,-0.120358169,-0.00701895449,0.9926231,0,0,0,0,0,0,,,
73.344993827460485,d62bf83a,SessionInitializing,Initializing,30.0643845,29.92933,1,,,,,160x90 DepthUint16,"","",0,0,0,,0,,,None,Unavailable,TrackingLost,,,,"TrackingLost",0,,,None,Unavailable,TrackingLost,,,,-1.074872,1.137414,0.5829325,-0.0128094163,-0.120358169,-0.00701895449,0.9926231,0,0,0,0,0,0,,,
73.376753723455977,d62bf83a,SessionInitializing,Initializing,30.06133,29.92933,1,,,,,160x90 DepthUint16,"","",0,0,0,,0,,,None,Unavailable,TrackingLost,,,,"TrackingLost",0,,,None,Unavailable,TrackingLost,,,,-1.074872,1.137414,0.5829325,-0.0128094163,-0.120358169,-0.00701895449,0.9926231,0,0,0,0,0,0,,,
73.411412212477217,d62bf83a,SessionInitializing,Initializing,30.0616379,29.92933,1,,,,,160x90 DepthUint16,"","",0,0,0,,0,,,None,Unavailable,TrackingLost,,,,"TrackingLost",0,,,None,Unavailable,TrackingLost,,,,-1.074872,1.137414,0.5829325,-0.0128094163,-0.120358169,-0.00701895449,0.9926231,0,0,0,0,0,0,,,
73.442480650471907,d62bf83a,SessionInitializing,Initializing,30.0620613,29.92933,1,,,,,160x90 DepthUint16,"","",0,0,0,,0,,,None,Unavailable,TrackingLost,,,,"TrackingLost",0,,,None,Unavailable,TrackingLost,,,,-1.074872,1.137414,0.5829325,-0.0128094163,-0.120358169,-0.00701895449,0.9926231,0,0,0,0,0,0,,,
73.474117525478277,d62bf83a,SessionInitializing,Initializing,30.0619278,29.92933,1,,,,,160x90 DepthUint16,"","",0,0,0,,0,,,None,Unavailable,TrackingLost,,,,"TrackingLost",0,,,None,Unavailable,TrackingLost,,,,-1.074872,1.137414,0.5829325,-0.0128094163,-0.120358169,-0.00701895449,0.9926231,0,0,0,0,0,0,,,
73.513904295457678,d62bf83a,SessionInitializing,Initializing,30.0622482,29.92933,1,,,,,160x90 DepthUint16,"","",0,0,0,,0,,,None,Unavailable,TrackingLost,,,,"TrackingLost",0,,,None,Unavailable,TrackingLost,,,,-1.074872,1.137414,0.5829325,-0.0128094163,-0.120358169,-0.00701895449,0.9926231,0,0,0,0,0,0,,,
73.545511014471913,d62bf83a,SessionInitializing,Initializing,30.0616684,29.92933,1,,,,,160x90 DepthUint16,"","",0,0,0,,0,,,None,Unavailable,TrackingLost,,,,"TrackingLost",0,,,None,Unavailable,TrackingLost,,,,-1.074872,1.137414,0.5829325,-0.0128094163,-0.120358169,-0.00701895449,0.9926231,0,0,0,0,0,0,,,
73.576384556454059,d62bf83a,SessionInitializing,Initializing,30.0622635,29.92933,1,,,,,160x90 DepthUint16,"","",0,0,0,,0,,,None,Unavailable,TrackingLost,,,,"TrackingLost",0,,,None,Unavailable,TrackingLost,,,,-1.074872,1.137414,0.5829325,-0.0128094163,-0.120358169,-0.00701895449,0.9926231,0,0,0,0,0,0,,,
73.614782212451018,d62bf83a,SessionInitializing,Initializing,30.0596657,29.92933,1,,,,,160x90 DepthUint16,"","",0,0,0,,0,,,None,Unavailable,TrackingLost,,,,"TrackingLost",0,,,None,Unavailable,TrackingLost,,,,-1.074872,1.137414,0.5829325,-0.0128094163,-0.120358169,-0.00701895449,0.9926231,0,0,0,0,0,0,,,
73.6460678894689,d62bf83a,SessionInitializing,Initializing,30.060339,29.92933,1,,,,,160x90 DepthUint16,"","",0,0,0,,0,,,None,Unavailable,TrackingLost,,,,"TrackingLost",0,,,None,Unavailable,TrackingLost,,,,-1.074872,1.137414,0.5829325,-0.0128094163,-0.120358169,-0.00701895449,0.9926231,0,0,0,0,0,0,,,
73.678485181477072,d62bf83a,SessionInitializing,Initializing,30.0621929,29.92933,1,,,,,160x90 DepthUint16,"","",0,0,0,,0,,,None,Unavailable,TrackingLost,,,,"TrackingLost",0,,,None,Unavailable,TrackingLost,,,,-1.074872,1.137414,0.5829325,-0.0128094163,-0.120358169,-0.00701895449,0.9926231,0,0,0,0,0,0,,,
73.710030545454856,d62bf83a,SessionInitializing,Initializing,30.06133,29.92933,1,,,,,160x90 DepthUint16,"","",0,0,0,,0,,,None,Unavailable,TrackingLost,,,,"TrackingLost",0,,,None,Unavailable,TrackingLost,,,,-1.074872,1.137414,0.5829325,-0.0128094163,-0.120358169,-0.00701895449,0.9926231,0,0,0,0,0,0,,,
73.7424333584529,d62bf83a,SessionInitializing,Initializing,30.0653458,29.92933,1,,,,,160x90 DepthUint16,"","",0,0,0,,0,,,None,Unavailable,TrackingLost,,,,"TrackingLost",0,,,None,Unavailable,TrackingLost,,,,-1.074872,1.137414,0.5829325,-0.0128094163,-0.120358169,-0.00701895449,0.9926231,0,0,0,0,0,0,,,
73.779013045455713,d62bf83a,SessionInitializing,Initializing,30.06506,29.92933,1,,,,,160x90 DepthUint16,"","",0,0,0,,0,,,None,Unavailable,TrackingLost,,,,"TrackingLost",0,,,None,Unavailable,TrackingLost,,,,-1.074872,1.137414,0.5829325,-0.0128094163,-0.120358169,-0.00701895449,0.9926231,0,0,0,0,0,0,,,
73.810899712468881,d62bf83a,SessionInitializing,Initializing,30.0645847,29.92933,1,,,,,160x90 DepthUint16,"","",0,0,0,,0,,,None,Unavailable,TrackingLost,,,,"TrackingLost",0,,,None,Unavailable,TrackingLost,,,,-1.074872,1.137414,0.5829325,-0.0128094163,-0.120358169,-0.00701895449,0.9926231,0,0,0,0,0,0,,,
73.841470285467722,d62bf83a,SessionInitializing,Initializing,30.06103,29.92933,1,,,,,160x90 DepthUint16,"","",0,0,0,,0,,,None,Unavailable,TrackingLost,,,,"TrackingLost",0,,,None,Unavailable,TrackingLost,,,,-1.074872,1.137414,0.5829325,-0.0128094163,-0.120358169,-0.00701895449,0.9926231,0,0,0,0,0,0,,,
73.879838670461822,d62bf83a,SessionInitializing,Initializing,30.0710411,29.92933,1,,,,,160x90 DepthUint16,"","",0,0,0,,0,,,None,Unavailable,TrackingLost,,,,"TrackingLost",0,,,None,Unavailable,TrackingLost,,,,-1.074872,1.137414,0.5829325,-0.0128094163,-0.120358169,-0.00701895449,0.9926231,0,0,0,0,0,0,,,
73.911977108454948,d62bf83a,SessionInitializing,Initializing,30.06548,29.92933,1,,,,,160x90 DepthUint16,"","",0,0,0,,0,,,None,Unavailable,TrackingLost,,,,"TrackingLost",0,,,None,Unavailable,TrackingLost,,,,-1.074872,1.137414,0.5829325,-0.0128094163,-0.120358169,-0.00701895449,0.9926231,0,0,0,0,0,0,,,
73.9438680454657,d62bf83a,SessionInitializing,Initializing,30.0604725,29.92933,1,,,,,160x90 DepthUint16,"","",0,0,0,,0,,,None,Unavailable,TrackingLost,,,,"TrackingLost",0,,,None,Unavailable,TrackingLost,,,,-1.074872,1.137414,0.5829325,-0.0128094163,-0.120358169,-0.00701895449,0.9926231,0,0,0,0,0,0,,,
73.9741273164725,d62bf83a,SessionInitializing,Initializing,30.07003,29.92933,1,,,,,160x90 DepthUint16,"","",0,0,0,,0,,,None,Unavailable,TrackingLost,,,,"TrackingLost",0,,,None,Unavailable,TrackingLost,,,,-1.074872,1.137414,0.5829325,-0.0128094163,-0.120358169,-0.00701895449,0.9926231,0,0,0,0,0,0,,,
74.0120813274732,d62bf83a,SessionInitializing,Initializing,30.0649548,29.92933,1,,,,,160x90 DepthUint16,"","",0,0,0,,0,,,None,Unavailable,TrackingLost,,,,"TrackingLost",0,,,None,Unavailable,TrackingLost,,,,-1.074872,1.137414,0.5829325,-0.0128094163,-0.120358169,-0.00701895449,0.9926231,0,0,0,0,0,0,,,
74.043954399475979,d62bf83a,SessionInitializing,Initializing,30.0635262,29.92933,1,,,,,160x90 DepthUint16,"","",0,0,0,,0,,,None,Unavailable,TrackingLost,,,,"TrackingLost",0,,,None,Unavailable,TrackingLost,,,,-1.074872,1.137414,0.5829325,-0.0128094163,-0.120358169,-0.00701895449,0.9926231,0,0,0,0,0,0,,,
74.0749751814617,d62bf83a,SessionInitializing,Initializing,30.0617352,29.92933,1,,,,,160x90 DepthUint16,"","",0,0,0,,0,,,None,Unavailable,TrackingLost,,,,"TrackingLost",0,,,None,Unavailable,TrackingLost,,,,-1.074872,1.137414,0.5829325,-0.0128094163,-0.120358169,-0.00701895449,0.9926231,0,0,0,0,0,0,,,
74.113508931451861,d62bf83a,SessionInitializing,Initializing,30.0655327,29.93392,1,,,,,160x90 DepthUint16,"","",0,0,0,,0,,,None,Unavailable,TrackingLost,,,,"TrackingLost",0,,,None,Unavailable,TrackingLost,,,,-1.074872,1.137414,0.5829325,-0.0128094163,-0.120358169,-0.00701895449,0.9926231,0,0,0,0,0,0,,,
74.144290962463629,d62bf83a,SessionInitializing,Initializing,30.0622978,29.93392,1,,,,,160x90 DepthUint16,"","",0,0,0,,0,,,None,Unavailable,TrackingLost,,,,"TrackingLost",0,,,None,Unavailable,TrackingLost,,,,-1.074872,1.137414,0.5829325,-0.0128094163,-0.120358169,-0.00701895449,0.9926231,0,0,0,0,0,0,,,
74.176345806455856,d62bf83a,SessionInitializing,Initializing,30.06388,29.93392,1,,,,,160x90 DepthUint16,"","",0,0,0,,0,,,None,Unavailable,TrackingLost,,,,"TrackingLost",0,,,None,Unavailable,TrackingLost,,,,-1.074872,1.137414,0.5829325,-0.0128094163,-0.120358169,-0.00701895449,0.9926231,0,0,0,0,0,0,,,
74.215242733454716,d62bf83a,SessionInitializing,Initializing,30.0641232,29.93392,1,,,,,160x90 DepthUint16,"","",0,0,0,,0,,,None,Unavailable,TrackingLost,,,,"TrackingLost",0,,,None,Unavailable,TrackingLost,,,,-1.074872,1.137414,0.5829325,-0.0128094163,-0.120358169,-0.00701895449,0.9926231,0,0,0,0,0,0,,,
74.246261326454032,d62bf83a,SessionInitializing,Initializing,30.063385,29.93392,1,,,,,160x90 DepthUint16,"","",0,0,0,,0,,,None,Unavailable,TrackingLost,,,,"TrackingLost",0,,,None,Unavailable,TrackingLost,,,,-1.074872,1.137414,0.5829325,-0.0128094163,-0.120358169,-0.00701895449,0.9926231,0,0,0,0,0,0,,,
74.276531795450637,d62bf83a,SessionTracking,Tracking,30.0638676,29.93392,1,,,,,160x90 DepthUint16,"","",0,0,0,,0,,,None,Unavailable,NoWallUnderCrosshair,,,,"NoWallUnderCrosshair",0,,,None,Unavailable,NoWallInView,,,,-1.074872,1.137414,0.5829325,-0.0128094163,-0.120358169,-0.00701895449,0.9926231,0,0,0,0,0,0,,,
74.309874816451838,d62bf83a,SessionTracking,Tracking,30.0645771,29.93392,1,,,,,160x90 DepthUint16,"","",0,0,0,,0,,,None,Unavailable,NoWallUnderCrosshair,,,,"NoWallUnderCrosshair",0,,,None,Unavailable,NoWallInView,,,,-1.094372,1.58876431,0.539074,-0.0197201651,-0.08830548,-0.0120797167,0.995825,0,0,0,0,0,0,,,
74.342841535460821,d62bf83a,SessionTracking,Tracking,30.0636311,29.93392,1,,,,,160x90 DepthUint16,"","",0,0,0,,0,,,None,Unavailable,NoWallUnderCrosshair,,,,"NoWallUnderCrosshair",0,,,None,Unavailable,NoWallInView,,,,-1.09280753,1.58894587,0.5383833,-0.0193193983,-0.0853625759,-0.0124156494,0.9960853,0,0,0,0,0,0,,,
74.378090649468277,d62bf83a,SessionTracking,Tracking,30.0633354,29.93392,1,,,,,160x90 DepthUint16,"","",0,0,0,,0,,,None,Unavailable,NoWallUnderCrosshair,,,,"NoWallUnderCrosshair",0,,,None,Unavailable,NoWallInView,,,,-1.09098661,1.5890348,0.5377869,-0.01890512,-0.0838638842,-0.0127445469,0.996216357,0,0,0,0,0,0,,,
74.408735493463382,d62bf83a,SessionTracking,Tracking,30.0622,29.93392,1,,,,,160x90 DepthUint16,"","",0,0,0,,0,,,None,Unavailable,NoWallUnderCrosshair,,,,"NoWallUnderCrosshair",0,,,None,Unavailable,NoWallInView,,,,-1.09395158,1.589311,0.5371191,-0.0180049427,-0.0826602,-0.0109026153,0.9963555,0,0,0,0,0,0,,,
74.441394087454455,d62bf83a,SessionTracking,Tracking,30.0625973,29.93392,1,,,,,160x90 DepthUint16,"","",0,0,0,,0,,,None,Unavailable,NoWallUnderCrosshair,,,,"NoWallUnderCrosshair",0,,,None,Unavailable,NoWallInView,,,,-1.092865,1.589525,0.5364411,-0.0171121173,-0.08078961,-0.0108030438,0.9965257,0,0,0,0,0,0,,,
74.483089764460374,d62bf83a,SessionTracking,Tracking,30.0634823,29.93392,1,,,,,160x90 DepthUint16,"","",0,0,0,,0,,,None,Unavailable,NoWallUnderCrosshair,,,,"NoWallUnderCrosshair",0,,,None,Unavailable,NoWallInView,,,,-1.091713,1.589684,0.535655856,-0.0167686287,-0.07914605,-0.0108314762,0.996663153,0,0,0,0,0,0,,,
74.511680701459909,d62bf83a,SessionTracking,Tracking,30.0644569,29.93392,1,,,,,160x90 DepthUint16,"","",0,0,0,,0,,,None,Unavailable,NoWallUnderCrosshair,,,,"NoWallUnderCrosshair",0,,,None,Unavailable,NoWallInView,,,,-1.09552884,1.58987451,0.5358919,-0.0158584379,-0.07821885,-0.0102291405,0.9967576,0,0,0,0,0,0,,,
74.5430139314592,d62bf83a,SessionTracking,Tracking,30.06361,29.93392,1,,,,,160x90 DepthUint16,"","",0,0,0,,0,,,None,Unavailable,NoWallUnderCrosshair,,,,"NoWallUnderCrosshair",0,,,None,Unavailable,NoWallInView,,,,-1.09466565,1.59027719,0.5351012,-0.0154807381,-0.07684431,-0.0102207372,0.9968705,0,0,0,0,0,0,,,
74.58304658747852,d62bf83a,SessionTracking,Tracking,30.0641289,29.93392,1,,,,,160x90 DepthUint16,"","",0,0,0,,0,,,None,Unavailable,NoWallUnderCrosshair,,,,"NoWallUnderCrosshair",0,,,None,Unavailable,NoWallInView,,,,-1.09369063,1.59067643,0.534207,-0.0152817257,-0.0758093745,-0.0104925334,0.99695003,0,0,0,0,0,0,,,
74.611213253465166,d62bf83a,SessionTracking,Tracking,30.0631638,29.93392,1,,,,,160x90 DepthUint16,"","",0,0,0,,0,,,None,Unavailable,NoWallUnderCrosshair,,,,"NoWallUnderCrosshair",0,,,None,Unavailable,NoWallInView,,,,-1.08992541,1.59013283,0.533234358,-0.0165721439,-0.0753835738,-0.0124622593,0.996939,0,0,0,0,0,0,,,
74.642549608459149,d62bf83a,SessionTracking,Tracking,30.0637379,29.93392,1,,,,,160x90 DepthUint16,"","",0,0,0,,0,,,None,Unavailable,NoWallUnderCrosshair,,,,"NoWallUnderCrosshair",0,,,None,Unavailable,NoWallInView,,,,-1.08861935,1.59078765,0.5321722,-0.0166903753,-0.0731299743,-0.0129555175,0.9970986,0,0,0,0,0,0,,,
74.675846899455564,d62bf83a,SessionTracking,Tracking,30.0646687,29.93392,1,,,,,160x90 DepthUint16,"","",0,0,0,,0,,,None,Unavailable,NoWallUnderCrosshair,,,,"NoWallUnderCrosshair",0,,,None,Unavailable,NoWallInView,,,,-1.08729064,1.59148979,0.53104,-0.0168149639,-0.07069213,-0.013364167,0.997266948,0,0,0,0,0,0,,,
74.7131672644789,d62bf83a,SessionTracking,Tracking,30.0649166,29.93392,1,,,,,160x90 DepthUint16,"","",0,0,0,,0,,,None,Unavailable,NoWallUnderCrosshair,,,,"NoWallUnderCrosshair",0,,,None,Unavailable,NoWallInView,,,,-1.08825672,1.58840454,0.535350561,-0.0171451643,-0.06972286,-0.0140919993,0.9973195,0,0,0,0,0,0,,,
74.744210337466711,d62bf83a,SessionTracking,Tracking,30.0631866,29.93392,1,,,,,160x90 DepthUint16,"","",0,0,0,,0,,,None,Unavailable,NoWallUnderCrosshair,,,,"NoWallUnderCrosshair",0,,,None,Unavailable,NoWallInView,,,,-1.08657634,1.588888,0.534744442,-0.0175972655,-0.06842659,-0.01443103,0.9973966,0,0,0,0,0,0,,,
74.77590580546871,d62bf83a,SessionTracking,Tracking,30.0647888,29.93392,1,,,,,160x90 DepthUint16,"","",0,0,0,,0,,,None,Unavailable,NoWallUnderCrosshair,,,,"NoWallUnderCrosshair",0,,,None,Unavailable,NoWallInView,,,,-1.08504188,1.589426,0.5342144,-0.0176636931,-0.0668113753,-0.01463312,0.997501969,0,0,0,0,0,0,,,
74.814560962465976,d62bf83a,SessionTracking,Tracking,30.05982,29.93392,1,,,,,160x90 DepthUint16,"","",0,0,0,,0,,,None,Unavailable,NoWallUnderCrosshair,,,,"NoWallUnderCrosshair",0,,,None,Unavailable,NoWallInView,,,,-1.08249819,1.58952022,0.5368629,-0.0159722362,-0.0654120445,-0.0132879624,0.99764204,0,0,0,0,0,0,,,
74.845687889468309,d62bf83a,SessionTracking,Tracking,30.0642643,29.93392,1,,,,,160x90 DepthUint16,"","",0,0,0,,0,,,None,Unavailable,NoWallUnderCrosshair,,,,"NoWallUnderCrosshair",0,,,None,Unavailable,NoWallInView,,,,-1.0812403,1.58968318,0.537078738,-0.0159506723,-0.06411221,-0.0133889616,0.997725368,0,0,0,0,0,0,,,
74.8776102854788,d62bf83a,SessionTracking,Tracking,30.0622635,29.93392,1,,,,,160x90 DepthUint16,"","",0,0,0,,0,,,None,Unavailable,NoWallUnderCrosshair,,,,"NoWallUnderCrosshair",0,,,None,Unavailable,NoWallInView,,,,-1.080082,1.58987093,0.537407935,-0.0155901387,-0.062362507,-0.0132303555,0.9978441,0,0,0,0,0,0,,,
74.919383045463974,d62bf83a,SessionTracking,Tracking,30.0621262,29.93392,1,,,,,160x90 DepthUint16,"","",0,0,0,,0,,,None,Unavailable,NoWallUnderCrosshair,,,,"NoWallUnderCrosshair",0,,,None,Unavailable,NoWallInView,,,,-1.07805252,1.58901083,0.539299548,-0.015276406,-0.0614605881,-0.0124943554,0.997914433,0,0,0,0,0,0,,,
74.9487958054558,d62bf83a,SessionTracking,Tracking,30.06156,29.93392,1,,,,,160x90 DepthUint16,"","",0,0,0,,0,,,None,Unavailable,NoWallUnderCrosshair,,,,"NoWallUnderCrosshair",0,,,None,Unavailable,NoWallInView,,,,-1.0766834,1.58896148,0.5402029,-0.01452757,-0.0609407574,-0.0124247354,0.9979583,0,0,0,0,0,0,,,
74.981382055473432,d62bf83a,SessionTracking,Tracking,30.0610867,29.93392,1,,,,,160x90 DepthUint16,"","",0,0,0,,0,,,None,Unavailable,NoWallUnderCrosshair,,,,"NoWallUnderCrosshair",0,,,None,Unavailable,NoWallInView,,,,-1.07541072,1.58895016,0.541281,-0.0135688344,-0.0601093657,-0.0122831473,0.998024,0,0,0,0,0,0,,,
75.011851118473487,d62bf83a,SessionTracking,Tracking,30.0603752,29.93392,1,,,,,160x90 DepthUint16,"","",0,0,0,,0,,,None,Unavailable,NoWallUnderCrosshair,,,,"NoWallUnderCrosshair",0,,,None,Unavailable,NoWallInView,,,,-1.07229328,1.589623,0.5416477,-0.0128138317,-0.0600657277,-0.01198578,0.998040259,0,0,0,0,0,0,,,
75.043325389476877,d62bf83a,SessionTracking,Tracking,30.0595074,29.93392,1,,,,,160x90 DepthUint16,"","",0,0,0,,0,,,None,Unavailable,NoWallUnderCrosshair,,,,"NoWallUnderCrosshair",0,,,None,Unavailable,NoWallInView,,,,-1.07111669,1.5897752,0.542692661,-0.0119550144,-0.05806269,-0.0118932435,0.998170555,0,0,0,0,0,0,,,
75.0803411184786,d62bf83a,SessionTracking,Tracking,30.0529575,29.93392,1,,,,,160x90 DepthUint16,"","",0,0,0,,0,,,None,Unavailable,NoWallUnderCrosshair,,,,"NoWallUnderCrosshair",0,,,None,Unavailable,NoWallInView,,,,-1.06969547,1.58979273,0.543535948,-0.0120058814,-0.05645721,-0.0120349834,0.9982603,0,0,0,0,0,0,,,
75.114119659472408,d62bf83a,SessionTracking,Tracking,30.0629444,29.98169,1,,,,,160x90 DepthUint16,"","",0,0,0,,0,,,None,Unavailable,NoWallUnderCrosshair,,,,"NoWallUnderCrosshair",0,,,None,Unavailable,NoWallInView,,,,-1.07045031,1.59038341,0.5424748,-0.0116976667,-0.0548938,-0.01188606,0.998352945,0,0,0,0,0,0,,,
75.145609034461586,d62bf83a,SessionTracking,Tracking,30.0597725,29.98169,1,,,,,160x90 DepthUint16,"","",0,0,0,,0,,,None,Unavailable,NoWallUnderCrosshair,,,,"NoWallUnderCrosshair",0,,,None,Unavailable,NoWallInView,,,,-1.06891179,1.59075093,0.5429565,-0.0111479247,-0.0536452457,-0.0117826182,0.998428345,0,0,0,0,0,0,,,
75.182290128464729,d62bf83a,SessionTracking,Tracking,30.061203,29.98169,1,,,,,160x90 DepthUint16,"","",0,0,0,,0,,,None,Unavailable,NoWallUnderCrosshair,,,,"NoWallUnderCrosshair",0,,,None,Unavailable,NoWallInView,,,,-1.06745613,1.59108841,0.543450236,-0.0108134085,-0.05197722,-0.0117988,0.99852,0,0,0,0,0,0,,,
75.216605545461562,d62bf83a,SessionTracking,Tracking,30.06183,29.98169,1,,,,,160x90 DepthUint16,"","",0,0,0,,0,,,None,Unavailable,NoWallUnderCrosshair,,,,"NoWallUnderCrosshair",0,,,None,Unavailable,NoWallInView,,,,-1.06610119,1.59110653,0.5442882,-0.0106786191,-0.05078248,-0.0117907226,0.9985831,0,0,0,0,0,0,,,
75.245404087476118,d62bf83a,SessionTracking,Tracking,30.0624771,29.98169,1,,,,,160x90 DepthUint16,"","",0,0,0,,0,,,None,Unavailable,NoWallUnderCrosshair,,,,"NoWallUnderCrosshair",0,,,None,Unavailable,NoWallInView,,,,-1.06483185,1.59148479,0.544891,-0.0102381594,-0.04854041,-0.0116652548,0.9987006,0,0,0,0,0,0,,,
75.277842472456314,d62bf83a,SessionTracking,Tracking,30.06295,29.98169,1,,,,,160x90 DepthUint16,"","",0,0,0,,0,,,None,Unavailable,NoWallUnderCrosshair,,,,"NoWallUnderCrosshair",0,,,None,Unavailable,NoWallInView,,,,-1.06339431,1.5918529,0.5455734,-0.009787339,-0.04689514,-0.011490644,0.9987858,0,0,0,0,0,0,,,
75.315296430464286,d62bf83a,SessionTracking,Tracking,30.0645714,29.98169,1,,,,,160x90 DepthUint16,"","",0,0,0,,0,,,None,Unavailable,NoWallUnderCrosshair,,,,"NoWallUnderCrosshair",0,,,None,Unavailable,NoWallInView,,,,-1.06703186,1.59231377,0.5436333,-0.008129318,-0.0448952243,-0.0101844678,0.998906732,0,0,0,0,0,0,,,
75.344570753459038,d62bf83a,SessionTracking,Tracking,30.06646,29.98169,1,,,,,160x90 DepthUint16,"","",0,0,0,,0,,,None,Unavailable,NoWallUnderCrosshair,,,,"NoWallUnderCrosshair",0,,,None,Unavailable,NoWallInView,,,,-1.065722,1.592597,0.5441842,-0.00779810641,-0.0438195467,-0.0101244161,0.998957753,0,0,0,0,0,0,,,
75.379928097452421,d62bf83a,SessionTracking,Tracking,30.0640144,29.98169,1,,,,,160x90 DepthUint16,"","",0,0,0,,0,,,None,Unavailable,NoWallUnderCrosshair,,,,"NoWallUnderCrosshair",0,,,None,Unavailable,NoWallInView,,,,-1.06450713,1.59283257,0.54463464,-0.00782019,-0.0422306135,-0.0101319263,0.999025941,0,0,0,0,0,0,,,
75.4162438264791,d62bf83a,SessionTracking,Tracking,30.0621624,29.98169,1,,,,,160x90 DepthUint16,"","",0,0,0,,0,,,None,Unavailable,NoWallUnderCrosshair,,,,"NoWallUnderCrosshair",0,,,None,Unavailable,NoWallInView,,,,-1.06411278,1.59132457,0.542785168,-0.008036737,-0.04106614,-0.009722293,0.999076843,0,0,0,0,0,0,,,
75.447233461458154,d62bf83a,SessionTracking,Tracking,30.0640659,29.98169,1,,,,,160x90 DepthUint16,"","",0,0,0,,0,,,None,Unavailable,NoWallUnderCrosshair,,,,"NoWallUnderCrosshair",0,,,None,Unavailable,NoWallInView,,,,-1.06277037,1.59155083,0.5431325,-0.007858173,-0.0400996022,-0.009683699,0.9991179,0,0,0,0,0,0,,,
75.479743201463634,d62bf83a,SessionTracking,Tracking,30.06415,29.98169,1,,,,,160x90 DepthUint16,"","",0,0,0,,0,,,None,Unavailable,NoWallUnderCrosshair,,,,"NoWallUnderCrosshair",0,,,None,Unavailable,NoWallInView,,,,-1.06146014,1.59177148,0.543506265,-0.00773585634,-0.038761925,-0.009631575,0.9991721,0,0,0,0,0,0,,,
75.510943305478349,d62bf83a,SessionTracking,Tracking,30.063961,29.98169,1,,,,,160x90 DepthUint16,"","",0,0,0,,0,,,None,Unavailable,NoWallUnderCrosshair,,,,"NoWallUnderCrosshair",0,,,None,Unavailable,NoWallInView,,,,-1.06189418,1.59005392,0.5424593,-0.007906684,-0.03713011,-0.009587646,0.9992332,0,0,0,0,0,0,,,
75.544423461458564,d62bf83a,SessionTracking,Tracking,30.0640259,29.98169,1,,,,,160x90 DepthUint16,"","",0,0,0,,0,,,None,Unavailable,NoWallUnderCrosshair,,,,"NoWallUnderCrosshair",0,,,None,Unavailable,NoWallInView,,,,-1.06059265,1.58997989,0.5427444,-0.008422971,-0.0354069024,-0.009957285,0.9992879,0,0,0,0,0,0,,,
75.580961534465814,d62bf83a,SessionTracking,Tracking,30.0649471,29.98169,1,,,,,160x90 DepthUint16,"","",0,0,0,,0,,,None,Unavailable,NoWallUnderCrosshair,,,,"NoWallUnderCrosshair",0,,,None,Unavailable,NoWallInView,,,,-1.05935419,1.58990932,0.543152332,-0.008546744,-0.0332715064,-0.0102936029,0.999356866,0,0,0,0,0,0,,,
75.608604399461683,d62bf83a,SessionTracking,Tracking,30.0655975,29.98169,1,,,,,160x90 DepthUint16,"","",0,0,0,,0,,,None,Unavailable,NoWallUnderCrosshair,,,,"NoWallUnderCrosshair",0,,,None,Unavailable,NoWallInView,,,,-1.061312,1.58766937,0.541756868,-0.008762145,-0.03128124,-0.00996691,0.9994225,0,0,0,0,0,0,,,
75.641247888477437,d62bf83a,SessionTracking,Tracking,30.07172,29.98169,1,,,,,160x90 DepthUint16,"","",0,0,0,,0,,,None,Unavailable,NoWallUnderCrosshair,,,,"NoWallUnderCrosshair",0,,,None,Unavailable,NoWallInView,,,,-1.06010365,1.58759832,0.542229354,-0.008711492,-0.0294798315,-0.0100275874,0.9994771,0,0,0,0,0,0,,,
75.678028930476785,d62bf83a,SessionTracking,Tracking,30.0674534,29.98169,1,,,,,160x90 DepthUint16,"","",0,0,0,,0,,,None,Unavailable,NoWallUnderCrosshair,,,,"NoWallUnderCrosshair",0,,,None,Unavailable,NoWallInView,,,,-1.05888176,1.58741987,0.542538464,-0.009255853,-0.0271108989,-0.0102132568,0.9995374,0,0,0,0,0,0,,,
75.710044711453293,d62bf83a,SessionTracking,Tracking,30.0641727,29.98169,1,,,,,160x90 DepthUint16,"","",0,0,0,,0,,,None,Unavailable,NoWallUnderCrosshair,,,,"NoWallUnderCrosshair",0,,,None,Unavailable,NoWallInView,,,,-1.06013286,1.5882107,0.5434194,-0.009029763,-0.0239036754,-0.01032731,0.9996202,0,0,0,0,0,0,,,
75.742838305453688,d62bf83a,SessionTracking,Tracking,30.06682,29.98169,1,,,,,160x90 DepthUint16,"","",0,0,0,,0,,,None,Unavailable,NoWallUnderCrosshair,,,,"NoWallUnderCrosshair",0,,,None,Unavailable,NoWallInView,,,,-1.05879688,1.58811021,0.5437003,-0.009344884,-0.0220981762,-0.0104072094,0.999658,0,0,0,0,0,0,,,
75.782973774450284,d62bf83a,SessionTracking,Tracking,30.0669842,29.98169,1,,,,,160x90 DepthUint16,"","",0,0,0,,0,,,None,Unavailable,NoWallUnderCrosshair,,,,"NoWallUnderCrosshair",0,,,None,Unavailable,NoWallInView,,,,-1.05733013,1.58790839,0.5439274,-0.009830076,-0.0204593,-0.0107052037,0.999685049,0,0,0,0,0,0,,,
75.819598097474,d62bf83a,SessionTracking,Tracking,30.066473,29.98169,1,,,,,160x90 DepthUint16,"","",0,0,0,,0,,,None,Unavailable,NoWallUnderCrosshair,,,,"NoWallUnderCrosshair",0,,,None,Unavailable,NoWallInView,,,,-1.0600636,1.58826292,0.5446789,-0.009265997,-0.0179131888,-0.0110393167,0.999735653,0,0,0,0,0,0,,,
75.8457689304521,d62bf83a,SessionTracking,Tracking,30.06645,29.98169,1,,,,,160x90 DepthUint16,"","",0,0,0,,0,,,None,Unavailable,NoWallUnderCrosshair,,,,"NoWallUnderCrosshair",0,,,None,Unavailable,NoWallInView,,,,-1.05882585,1.58804774,0.544996738,-0.009930236,-0.0159962736,-0.0114133656,0.999757648,0,0,0,0,0,0,,,
75.87698965947834,d62bf83a,SessionTracking,Tracking,30.0667114,29.98169,1,,,,,160x90 DepthUint16,"","",0,0,0,,0,,,None,Unavailable,NoWallUnderCrosshair,,,,"NoWallUnderCrosshair",0,,,None,Unavailable,NoWallInView,,,,-1.05756581,1.58783138,0.545318365,-0.0106736487,-0.0140186222,-0.0119871506,0.9997729,0,0,0,0,0,0,,,
75.914252107471611,d62bf83a,SessionTracking,Tracking,30.0688248,29.98169,1,,,,,160x90 DepthUint16,"","",0,0,0,,0,,,None,Unavailable,NoWallUnderCrosshair,,,,"NoWallUnderCrosshair",0,,,None,Unavailable,NoWallInView,,,,-1.05868161,1.587066,0.5446265,-0.0105529288,-0.0116282711,-0.012373806,0.999800146,0,0,0,0,0,0,,,
75.9452690864598,d62bf83a,SessionTracking,Tracking,30.06609,29.98169,1,,,,,160x90 DepthUint16,"","",0,0,0,,0,,,None,Unavailable,NoWallUnderCrosshair,,,,"NoWallUnderCrosshair",0,,,None,Unavailable,NoWallInView,,,,-1.05739009,1.58685243,0.5448984,-0.011202476,-0.01044483,-0.0129209468,0.9997992,0,0,0,0,0,0,,,
75.976904711456655,d62bf83a,SessionTracking,Tracking,30.0712967,29.98169,1,,,,,160x90 DepthUint16,"","",0,0,0,,0,,,None,Unavailable,NoWallUnderCrosshair,,,,"NoWallUnderCrosshair",0,,,None,Unavailable,NoWallInView,,,,-1.05609941,1.58671069,0.545161,-0.0115707144,-0.009509163,-0.013340205,0.9997989,0,0,0,0,0,0,,,
76.016022836472757,d62bf83a,SessionTracking,Tracking,30.0655842,29.98169,1,,,,,160x90 DepthUint16,"","",0,0,0,,0,,,None,Unavailable,NoWallUnderCrosshair,,,,"NoWallUnderCrosshair",0,,,None,Unavailable,NoWallInView,,,,-1.05895615,1.58662713,0.5457252,-0.0112972334,-0.007901853,-0.0136480927,0.9998118,0,0,0,0,0,0,,,
76.045454972456128,d62bf83a,SessionTracking,Tracking,30.06694,29.98169,1,,,,,160x90 DepthUint16,"","",0,0,0,,0,,,None,Unavailable,NoWallUnderCrosshair,,,,"NoWallUnderCrosshair",0,,,None,Unavailable,NoWallInView,,,,-1.05763924,1.58659589,0.5460318,-0.0114389742,-0.007850639,-0.0138261039,0.9998082,0,0,0,0,0,0,,,
76.077704086466611,d62bf83a,SessionTracking,Tracking,30.0658131,29.98169,1,,,,,160x90 DepthUint16,"","",0,0,0,,0,,,None,Unavailable,NoWallUnderCrosshair,,,,"NoWallUnderCrosshair",0,,,None,Unavailable,NoWallInView,,,,-1.05644631,1.58649266,0.5462393,-0.0119190682,-0.006953032,-0.0140926819,0.99980545,0,0,0,0,0,0,,,
76.115325388472911,d62bf83a,SessionTracking,Tracking,30.0646343,29.963871,1,,,,,160x90 DepthUint16,"","",0,0,0,,0,,,None,Unavailable,NoWallUnderCrosshair,,,,"NoWallUnderCrosshair",0,,,None,Unavailable,NoWallInView,,,,-1.05453384,1.58626354,0.545759857,-0.0129294991,-0.006797448,-0.0143348873,0.999790549,0,0,0,0,0,0,,,
76.153964555476477,d62bf83a,SessionTracking,Tracking,30.063776,29.963871,1,,,,,160x90 DepthUint16,"","",0,0,0,,0,,,None,Unavailable,NoWallUnderCrosshair,,,,"NoWallUnderCrosshair",0,,,None,Unavailable,NoWallInView,,,,-1.05338025,1.58620429,0.545976937,-0.0132514741,-0.004684241,-0.01474902,0.999792457,0,0,0,0,0,0,,,
76.179480753464077,d62bf83a,SessionTracking,Tracking,30.0636616,29.963871,1,,,,,160x90 DepthUint16,"","",0,0,0,,0,,,None,Unavailable,NoWallUnderCrosshair,,,,"NoWallUnderCrosshair",0,,,None,Unavailable,NoWallInView,,,,-1.05218172,1.58611941,0.546310246,-0.0134659614,-0.00281058881,-0.0152564961,0.999789,0,0,0,0,0,0,,,
76.21564127446959,d62bf83a,SessionTracking,Tracking,30.06415,29.963871,1,,,,,160x90 DepthUint16,"","",0,0,0,,0,,,None,Unavailable,NoWallUnderCrosshair,,,,"NoWallUnderCrosshair",0,,,None,Unavailable,NoWallInView,,,,-1.054295,1.585927,0.545757,-0.0133841448,-0.00128795952,-0.0150995851,0.9997956,0,0,0,0,0,0,,,
76.257641013453167,d62bf83a,SessionTracking,Tracking,30.064846,29.963871,1,,,,,160x90 DepthUint16,"","",0,0,0,,0,,,None,Unavailable,NoWallUnderCrosshair,,,,"NoWallUnderCrosshair",0,,,None,Unavailable,NoWallInView,,,,-1.05325592,1.58584142,0.54589045,-0.0141291581,0.000376525335,-0.01566255,0.999777436,0,0,0,0,0,0,,,
76.283822211469442,d62bf83a,SessionTracking,Tracking,30.0662937,29.963871,1,,,,,160x90 DepthUint16,"","",0,0,0,,0,,,None,Unavailable,NoWallUnderCrosshair,,,,"NoWallUnderCrosshair",0,,,None,Unavailable,NoWallInView,,,,-1.05233109,1.58565044,0.545889139,-0.0154499263,0.00273027853,-0.0162335355,0.999745131,0,0,0,0,0,0,,,
76.313483305453474,d62bf83a,SessionTracking,Tracking,30.0651169,29.963871,1,,,,,160x90 DepthUint16,"","",0,0,0,,0,,,None,Unavailable,NoWallUnderCrosshair,,,,"NoWallUnderCrosshair",0,,,None,Unavailable,NoWallInView,,,,-1.05170631,1.585437,0.545830846,-0.0169330165,0.00624408526,-0.016703872,0.999697566,0,0,0,0,0,0,,,
76.344246638476534,d62bf83a,SessionTracking,Tracking,30.0676212,29.963871,1,,,,,160x90 DepthUint16,"","",0,0,0,,0,,,None,Unavailable,NoWallUnderCrosshair,,,,"NoWallUnderCrosshair",0,,,None,Unavailable,NoWallInView,,,,-1.05010259,1.58534181,0.5457456,-0.0186335389,0.009984482,-0.0172468722,0.9996278,0,0,0,0,0,0,,,
76.385189919473987,d62bf83a,SessionTracking,Tracking,30.0646114,29.963871,1,,,,,160x90 DepthUint16,"","",0,0,0,,0,,,None,Unavailable,NoWallUnderCrosshair,,,,"NoWallUnderCrosshair",0,,,None,Unavailable,NoWallInView,,,,-1.04949546,1.5852133,0.545814753,-0.0197059382,0.0132255489,-0.0175115783,0.999564946,0,0,0,0,0,0,,,
76.413713149467867,d62bf83a,SessionTracking,Tracking,30.06619,29.963871,1,,,,,160x90 DepthUint16,"","",0,0,0,,0,,,None,Unavailable,NoWallUnderCrosshair,,,,"NoWallUnderCrosshair",0,,,None,Unavailable,NoWallInView,,,,-1.05456817,1.58475423,0.54569757,-0.0193198565,0.0157033969,-0.0166948754,0.999550641,0,0,0,0,0,0,,,
76.446949503475253,d62bf83a,SessionTracking,Tracking,30.0659981,29.963871,1,,,,,160x90 DepthUint16,"","",0,0,0,,0,,,None,Unavailable,NoWallUnderCrosshair,,,,"NoWallUnderCrosshair",0,,,None,Unavailable,NoWallInView,,,,-1.05360281,1.58482015,0.5463198,-0.0189507,0.0156849064,-0.0165300984,0.9995607,0,0,0,0,0,0,,,
76.4788926804647,d62bf83a,SessionTracking,Tracking,30.0659981,29.963871,1,,,,,160x90 DepthUint16,"","",0,0,0,,0,,,None,Unavailable,NoWallUnderCrosshair,,,,"NoWallUnderCrosshair",0,,,None,Unavailable,NoWallInView,,,,-1.05251718,1.58492577,0.547039151,-0.0183136333,0.0152192619,-0.016274482,0.99958396,0,0,0,0,0,0,,,
76.517273044479,d62bf83a,SessionTracking,Tracking,30.0663948,29.963871,1,,,,,160x90 DepthUint16,"","",0,0,0,,0,,,None,Unavailable,NoWallUnderCrosshair,,,,"NoWallUnderCrosshair",0,,,None,Unavailable,NoWallInView,,,,-1.05243766,1.58501029,0.5469983,-0.0178867113,0.0153987883,-0.0159547627,0.9995941,0,0,0,0,0,0,,,
76.5419993994617,d62bf83a,SessionTracking,Tracking,30.0663719,29.963871,1,,,,,160x90 DepthUint16,"","",0,0,0,,0,,,None,Unavailable,NoWallUnderCrosshair,,,,"NoWallUnderCrosshair",0,,,None,Unavailable,NoWallInView,,,,-1.05159914,1.58498716,0.547418356,-0.0178840663,0.0164074916,-0.0158923883,0.999579132,0,0,0,0,0,0,,,
76.58133882645393,d62bf83a,SessionTracking,Tracking,30.0666981,29.963871,1,,,,,160x90 DepthUint16,"","",0,0,0,,0,,,None,Unavailable,NoWallUnderCrosshair,,,,"NoWallUnderCrosshair",0,,,None,Unavailable,NoWallInView,,,,-1.05079937,1.58491468,0.5477137,-0.01821933,0.01762591,-0.0159592927,0.9995513,0,0,0,0,0,0,,,
76.610898201473674,d62bf83a,SessionTracking,Tracking,30.0666275,29.963871,1,,,,,160x90 DepthUint16,"","",0,0,0,,0,,,None,Unavailable,NoWallUnderCrosshair,,,,"NoWallUnderCrosshair",0,,,None,Unavailable,NoWallInView,,,,-1.04863751,1.58504188,0.546773434,-0.0188885722,0.0182270054,-0.0161711,0.999524653,0,0,0,0,0,0,,,
76.642208305452868,d62bf83a,SessionTracking,Tracking,30.0671062,29.963871,1,,,,,160x90 DepthUint16,"","",0,0,0,,0,,,None,Unavailable,NoWallUnderCrosshair,,,,"NoWallUnderCrosshair",0,,,None,Unavailable,NoWallInView,,,,-1.04756522,1.58505726,0.5470575,-0.0189001225,0.019099772,-0.01615757,0.9995084,0,0,0,0,0,0,,,
76.673502367458923,d62bf83a,SessionTracking,Tracking,30.065691,29.963871,1,,,,,160x90 DepthUint16,"","",0,0,0,,0,,,None,Unavailable,NoWallUnderCrosshair,,,,"NoWallUnderCrosshair",0,,,None,Unavailable,NoWallInView,,,,-1.04643309,1.5850836,0.547444165,-0.0186273083,0.0200560018,-0.01626167,0.999493062,0,0,0,0,0,0,,,
76.715273669458611,d62bf83a,SessionTracking,Tracking,30.0655327,29.963871,1,,,,,160x90 DepthUint16,"","",0,0,0,,0,,,None,Unavailable,NoWallUnderCrosshair,,,,"NoWallUnderCrosshair",0,,,None,Unavailable,NoWallInView,,,,-1.04792416,1.58466852,0.5437984,-0.0185362268,0.0192826,-0.0154580791,0.9995227,0,0,0,0,0,0,,,
76.7469496074516,d62bf83a,SessionTracking,Tracking,30.065321,29.963871,1,,,,,160x90 DepthUint16,"","",0,0,0,,0,,,None,Unavailable,NoWallUnderCrosshair,,,,"NoWallUnderCrosshair",0,,,None,Unavailable,NoWallInView,,,,-1.04654372,1.58478355,0.544057846,-0.0176886022,0.0186649635,-0.0154364416,0.999550164,0,0,0,0,0,0,,,
76.779309659472119,d62bf83a,SessionTracking,Tracking,30.06518,29.963871,1,,,,,160x90 DepthUint16,"","",0,0,0,,0,,,None,Unavailable,NoWallUnderCrosshair,,,,"NoWallUnderCrosshair",0,,,None,Unavailable,NoWallInView,,,,-1.04542208,1.58485377,0.5441835,-0.0175447669,0.01915274,-0.0156594217,0.99954,0,0,0,0,0,0,,,
76.811057523478439,d62bf83a,SessionTracking,Tracking,30.0614662,29.963871,1,,,,,160x90 DepthUint16,"","",0,0,0,,0,,,None,Unavailable,NoWallUnderCrosshair,,,,"NoWallUnderCrosshair",0,,,None,Unavailable,NoWallInView,,,,0.4537099,1.04150641,0.531726539,-0.0190201961,0.0799001455,-0.0149540007,0.9965092,0,0,0,0,0,0,,,
76.846009034463123,d62bf83a,SessionTracking,Tracking,30.0664864,29.963871,1,,,,,160x90 DepthUint16,"","",0,0,0,,0,,,None,Unavailable,NoWallUnderCrosshair,,,,"NoWallUnderCrosshair",0,,,None,Unavailable,NoWallInView,,,,0.4549547,1.04170287,0.531401455,-0.01927946,0.0802501,-0.0150764883,0.996474266,0,0,0,0,0,0,,,
76.8775226804753,d62bf83a,SessionTracking,Tracking,30.0658474,29.963871,1,,,,,160x90 DepthUint16,"","",0,0,0,,0,,,None,Unavailable,NoWallUnderCrosshair,,,,"NoWallUnderCrosshair",0,,,None,Unavailable,NoWallInView,,,,0.455983847,1.04180527,0.5309294,-0.0199146681,0.08190998,-0.01517445,0.9963252,0,0,0,0,0,0,,,
76.910627628476277,d62bf83a,SessionTracking,Tracking,30.0650082,29.963871,1,,,,,160x90 DepthUint16,"","",0,0,0,,0,,,None,Unavailable,NoWallUnderCrosshair,,,,"NoWallUnderCrosshair",0,,,None,Unavailable,NoWallInView,,,,0.4570625,1.04187942,0.530465543,-0.0205552671,0.0835949,-0.0153501639,0.996169567,0,0,0,0,0,0,,,
76.9476438254676,d62bf83a,SessionTracking,Tracking,30.0649872,29.963871,1,,,,,160x90 DepthUint16,"","",0,0,0,,0,,,None,Unavailable,NoWallUnderCrosshair,,,,"NoWallUnderCrosshair",0,,,None,Unavailable,NoWallInView,,,,0.452000052,1.06314671,0.538137734,-0.0212225039,0.08564332,-0.0153554091,0.995981455,0,0,0,0,0,0,,,
76.9809126284706,d62bf83a,SessionTracking,Tracking,30.0653515,29.963871,1,,,,,160x90 DepthUint16,"","",0,0,0,,0,,,None,Unavailable,NoWallUnderCrosshair,,,,"NoWallUnderCrosshair",0,,,None,Unavailable,NoWallInView,,,,0.453388959,1.06331456,0.5376185,-0.0211470779,0.0856779739,-0.0155890007,0.995976448,0,0,0,0,0,0,,,
77.013266690457158,d62bf83a,SessionTracking,Tracking,30.06577,29.963871,1,,,,,160x90 DepthUint16,"","",0,0,0,,0,,,None,Unavailable,NoWallUnderCrosshair,,,,"NoWallUnderCrosshair",0,,,None,Unavailable,NoWallInView,,,,0.4499126,1.06418324,0.5372944,-0.02157278,0.0875595957,-0.01479879,0.995815754,0,0,0,0,0,0,,,
77.0426458574691,d62bf83a,SessionTracking,Tracking,30.0663948,29.963871,1,,,,,160x90 DepthUint16,"","",0,0,0,,0,,,None,Unavailable,NoWallUnderCrosshair,,,,"NoWallUnderCrosshair",0,,,None,Unavailable,NoWallInView,,,,0.450979173,1.06429422,0.536667943,-0.02169414,0.08845953,-0.0150982458,0.9957291,0,0,0,0,0,0,,,
77.079964555454126,d62bf83a,SessionTracking,Tracking,30.0666218,29.963871,1,,,,,160x90 DepthUint16,"","",0,0,0,,0,,,None,Unavailable,NoWallUnderCrosshair,,,,"NoWallUnderCrosshair",0,,,None,Unavailable,NoWallInView,,,,0.4521523,1.06442177,0.5360352,-0.0218200777,0.08868247,-0.0154379318,0.995701253,0,0,0,0,0,0,,,
77.1165770024561,d62bf83a,SessionTracking,Tracking,30.0666656,29.9624977,1,,,,,160x90 DepthUint16,"","",0,0,0,,0,,,None,Unavailable,NoWallUnderCrosshair,,,,"NoWallUnderCrosshair",0,,,None,Unavailable,NoWallInView,,,,0.449121177,1.06427455,0.534393966,-0.0223566368,0.08989659,-0.0153314471,0.995582163,0,0,0,0,0,0,,,
77.144291534470312,d62bf83a,SessionTracking,Tracking,30.0662937,29.9624977,1,,,,,160x90 DepthUint16,"","",0,0,0,,0,,,None,Unavailable,NoWallUnderCrosshair,,,,"NoWallUnderCrosshair",0,,,None,Unavailable,NoWallInView,,,,0.449895829,1.064115,0.5332228,-0.0229345132,0.0908407643,-0.015593024,0.9954792,0,0,0,0,0,0,,,
77.179804086455761,d62bf83a,SessionTracking,Tracking,30.0655632,29.9624977,1,,,,,160x90 DepthUint16,"","",0,0,0,,0,,,None,Unavailable,NoWallUnderCrosshair,,,,"NoWallUnderCrosshair",0,,,None,Unavailable,NoWallInView,,,,0.450692654,1.063948,0.532053649,-0.02347986,0.09150925,-0.01572302,0.9954033,0,0,0,0,0,0,,,
77.210688877475832,d62bf83a,SessionTracking,Tracking,30.0647564,29.9624977,1,,,,,160x90 DepthUint16,"","",0,0,0,,0,,,None,Unavailable,NoWallUnderCrosshair,,,,"NoWallUnderCrosshair",0,,,None,Unavailable,NoWallInView,,,,0.449325025,1.063601,0.5297973,-0.0240454767,0.09243924,-0.0156490225,0.995304942,0,0,0,0,0,0,,,
77.243314554452581,d62bf83a,SessionTracking,Tracking,30.0647564,29.9624977,1,,,,,160x90 DepthUint16,"","",0,0,0,,0,,,None,Unavailable,NoWallUnderCrosshair,,,,"NoWallUnderCrosshair",0,,,None,Unavailable,NoWallInView,,,,0.449929476,1.06329632,0.528527,-0.0244430155,0.0936298743,-0.0159504116,0.9951792,0,0,0,0,0,0,,,
77.2761845024686,d62bf83a,SessionTracking,Tracking,30.0614586,29.9624977,1,,,,,160x90 DepthUint16,"","",0,0,0,,0,,,None,Unavailable,NoWallUnderCrosshair,,,,"NoWallUnderCrosshair",0,,,None,Unavailable,NoWallInView,,,,0.450604826,1.06305611,0.5274377,-0.0242272839,0.0937637,-0.0160273314,0.9951706,0,0,0,0,0,0,,,
77.309790127477527,d62bf83a,SessionTracking,Tracking,30.0627384,29.9624977,1,,,,,160x90 DepthUint16,"","",0,0,0,,0,,,None,Unavailable,NoWallUnderCrosshair,,,,"NoWallUnderCrosshair",0,,,None,Unavailable,NoWallInView,,,,0.449789643,1.06178021,0.5254276,-0.024652373,0.09449819,-0.0160977561,0.995089531,0,0,0,0,0,0,,,
77.344417732474312,d62bf83a,SessionTracking,Tracking,30.059309,29.9624977,1,,,,,160x90 DepthUint16,"","",0,0,0,,0,,,None,Unavailable,NoWallUnderCrosshair,,,,"NoWallUnderCrosshair",0,,,None,Unavailable,NoWallInView,,,,0.4501581,1.06149149,0.5243391,-0.0248624776,0.09503094,-0.0162156541,0.995031655,0,0,0,0,0,0,,,
77.393045492473675,d62bf83a,SessionTracking,Tracking,30.068676,29.9624977,1,,,,,160x90 DepthUint16,"","",0,0,0,,0,,,None,Unavailable,NoWallUnderCrosshair,,,,"NoWallUnderCrosshair",0,,,None,Unavailable,NoWallInView,,,,0.450576127,1.06132007,0.5231548,-0.0247763451,0.0950701162,-0.0159924943,0.9950337,0,0,0,0,0,0,,,
77.411893565473065,d62bf83a,SessionTracking,Tracking,30.0611057,29.9624977,1,,,,,160x90 DepthUint16,"","",0,0,0,,0,,,None,Unavailable,NoWallUnderCrosshair,,,,"NoWallUnderCrosshair",0,,,None,Unavailable,NoWallInView,,,,0.451121032,1.06103516,0.521719337,-0.0252311453,0.09464807,-0.01602593,0.995062,0,0,0,0,0,0,,,
77.4444978364661,d62bf83a,SessionTracking,Tracking,30.0645847,29.9624977,1,,,,,160x90 DepthUint16,"","",0,0,0,,0,,,None,Unavailable,NoWallUnderCrosshair,,,,"NoWallUnderCrosshair",0,,,None,Unavailable,NoWallInView,,,,0.4501023,1.05893183,0.5197691,-0.0267148353,0.0944112,-0.0160284657,0.9950457,0,0,0,0,0,0,,,
77.475115804470761,d62bf83a,SessionTracking,Tracking,30.0570164,29.9624977,1,,,,,160x90 DepthUint16,"","",0,0,0,,0,,,None,Unavailable,NoWallUnderCrosshair,,,,"NoWallUnderCrosshair",0,,,None,Unavailable,NoWallInView,,,,0.450442344,1.05872953,0.5183575,-0.0269332733,0.09432923,-0.015967967,0.9950486,0,0,0,0,0,0,,,
77.5255845024692,d62bf83a,SessionTracking,Tracking,30.0644188,29.9624977,1,,,,,160x90 DepthUint16,"","",0,0,0,,0,,,None,Unavailable,NoWallUnderCrosshair,,,,"NoWallUnderCrosshair",0,,,None,Unavailable,NoWallInView,,,,0.452423126,1.05958581,0.5182957,-0.0273244809,0.09522053,-0.0168747921,0.9949381,0,0,0,0,0,0,,,
77.554103044476278,d62bf83a,SessionTracking,Tracking,30.0610561,29.9624977,1,,,,,160x90 DepthUint16,"","",0,0,0,,0,,,None,Unavailable,NoWallUnderCrosshair,,,,"NoWallUnderCrosshair",0,,,None,Unavailable,NoWallInView,,,,0.452854872,1.059406,0.51712966,-0.0276232939,0.09533755,-0.017064156,0.994915366,0,0,0,0,0,0,,,
77.585652211451588,d62bf83a,SessionTracking,Tracking,30.0625038,29.9624977,1,,,,,160x90 DepthUint16,"","",0,0,0,,0,,,None,Unavailable,NoWallUnderCrosshair,,,,"NoWallUnderCrosshair",0,,,None,Unavailable,NoWallInView,,,,0.4534136,1.05939794,0.5160686,-0.0271968246,0.09482667,-0.0170222521,0.99497664,0,0,0,0,0,0,,,
77.619035388462862,d62bf83a,SessionTracking,Tracking,30.0635071,29.9624977,1,,,,,160x90 DepthUint16,"","",0,0,0,,0,,,None,Unavailable,NoWallUnderCrosshair,,,,"NoWallUnderCrosshair",0,,,None,Unavailable,NoWallInView,,,,0.45303005,1.05870736,0.5159335,-0.0274659172,0.09458584,-0.016795814,0.994996,0,0,0,0,0,0,,,
77.652940440460725,d62bf83a,SessionTracking,Tracking,30.06085,29.9624977,1,,,,,160x90 DepthUint16,"","",0,0,0,,0,,,None,Unavailable,NoWallUnderCrosshair,,,,"NoWallUnderCrosshair",0,,,None,Unavailable,NoWallInView,,,,0.4535308,1.05877221,0.5147085,-0.0276556965,0.09388896,-0.0167383272,0.995057762,0,0,0,0,0,0,,,
77.679937523472972,d62bf83a,SessionTracking,Tracking,30.06313,29.9624977,1,,,,,160x90 DepthUint16,"","",0,0,0,,0,,,None,Unavailable,NoWallUnderCrosshair,,,,"NoWallUnderCrosshair",0,,,None,Unavailable,NoWallInView,,,,0.453945458,1.05880129,0.513348043,-0.0280778371,0.09345366,-0.0167581756,0.995086551,0,0,0,0,0,0,,,
77.714889867467491,d62bf83a,SessionTracking,Tracking,30.0607586,29.9624977,1,,,,,160x90 DepthUint16,"","",0,0,0,,0,,,None,Unavailable,NoWallUnderCrosshair,,,,"NoWallUnderCrosshair",0,,,None,Unavailable,NoWallInView,,,,0.4545154,1.06051087,0.516692758,-0.02848132,0.09413748,-0.0173076689,0.9950012,0,0,0,0,0,0,,,
77.743197523468325,d62bf83a,SessionTracking,Tracking,30.0621834,29.9624977,1,,,,,160x90 DepthUint16,"","",0,0,0,,0,,,None,Unavailable,NoWallUnderCrosshair,,,,"NoWallUnderCrosshair",0,,,None,Unavailable,NoWallInView,,,,0.454965949,1.06060982,0.5157084,-0.028710451,0.09384097,-0.0173253715,0.9950223,0,0,0,0,0,0,,,
77.7782412734557,d62bf83a,SessionTracking,Tracking,30.0625534,29.9624977,1,,,,,160x90 DepthUint16,"","",0,0,0,,0,,,None,Unavailable,NoWallUnderCrosshair,,,,"NoWallUnderCrosshair",0,,,None,Unavailable,NoWallInView,,,,0.455383331,1.06067812,0.5148013,-0.0287589822,0.09353091,-0.01713142,0.99505347,0,0,0,0,0,0,,,
77.809963773473783,d62bf83a,SessionTracking,Tracking,30.061779,29.9624977,1,,,,,160x90 DepthUint16,"","",0,0,0,,0,,,None,Unavailable,NoWallUnderCrosshair,,,,"NoWallUnderCrosshair",0,,,None,Unavailable,NoWallInView,,,,0.4546316,1.0594846,0.5153481,-0.029006945,0.09325204,-0.0166349728,0.9950809,0,0,0,0,0,0,,,
77.841937940454727,d62bf83a,SessionTracking,Tracking,30.0620289,29.9624977,1,,,,,160x90 DepthUint16,"","",0,0,0,,0,,,None,Unavailable,NoWallUnderCrosshair,,,,"NoWallUnderCrosshair",0,,,None,Unavailable,NoWallInView,,,,0.4549554,1.05953157,0.5148294,-0.0283360481,0.09242188,-0.0162856,0.9951834,0,0,0,0,0,0,,,
77.879538044453284,d62bf83a,SessionTracking,Tracking,30.0619583,29.9624977,1,,,,,160x90 DepthUint16,"","",0,0,0,,0,,,None,Unavailable,NoWallUnderCrosshair,,,,"NoWallUnderCrosshair",0,,,None,Unavailable,NoWallInView,,,,0.4550081,1.05950129,0.5143438,-0.02801638,0.09237187,-0.0158809144,0.9952037,0,0,0,0,0,0,,,
77.910964815473335,d62bf83a,SessionTracking,Tracking,30.0616455,29.9624977,1,,,,,160x90 DepthUint16,"","",0,0,0,,0,,,None,Unavailable,NoWallUnderCrosshair,,,,"NoWallUnderCrosshair",0,,,None,Unavailable,NoWallInView,,,,0.453951657,1.05893242,0.5153702,-0.0279654078,0.09211569,-0.015377881,0.995236754,0,0,0,0,0,0,,,
77.942855752454989,d62bf83a,SessionTracking,Tracking,30.0619011,29.9624977,1,,,,,160x90 DepthUint16,"","",0,0,0,,0,,,None,Unavailable,NoWallUnderCrosshair,,,,"NoWallUnderCrosshair",0,,,None,Unavailable,NoWallInView,,,,0.4542616,1.05894744,0.5148841,-0.027588062,0.09026093,-0.0149755776,0.9954233,0,0,0,0,0,0,,,
77.981080960456666,d62bf83a,SessionTracking,Tracking,30.0617867,29.9624977,1,,,,,160x90 DepthUint16,"","",0,0,0,,0,,,None,Unavailable,NoWallUnderCrosshair,,,,"NoWallUnderCrosshair",0,,,None,Unavailable,NoWallInView,,,,0.454604536,1.05897248,0.514315665,-0.02717962,0.0883788541,-0.0146518359,0.9956082,0,0,0,0,0,0,,,
78.013377158469439,d62bf83a,SessionTracking,Tracking,30.0597229,29.9624977,1,,,,,160x90 DepthUint16,"","",0,0,0,,0,,,None,Unavailable,NoWallUnderCrosshair,,,,"NoWallUnderCrosshair",0,,,None,Unavailable,NoWallInView,,,,0.454282641,1.05911028,0.5156758,-0.02719057,0.08692309,-0.0143007645,0.995741248,0,0,0,0,0,0,,,
78.044002419457456,d62bf83a,SessionTracking,Tracking,30.0623055,29.9624977,1,,,,,160x90 DepthUint16,"","",0,0,0,,0,,,None,Unavailable,NoWallUnderCrosshair,,,,"NoWallUnderCrosshair",0,,,None,Unavailable,NoWallInView,,,,0.454653352,1.05919266,0.5153334,-0.0268527381,0.0842345357,-0.0140449405,0.9959851,0,0,0,0,0,0,,,
78.076171273456339,d62bf83a,SessionTracking,Tracking,30.05831,29.9624977,1,,,,,160x90 DepthUint16,"","",0,0,0,,0,,,None,Unavailable,NoWallUnderCrosshair,,,,"NoWallUnderCrosshair",0,,,None,Unavailable,NoWallInView,,,,0.455067366,1.05935037,0.5152147,-0.02592803,0.08108967,-0.0137633691,0.9962745,0,0,0,0,0,0,,,
78.1134276794653,d62bf83a,SessionTracking,Tracking,30.0621624,29.9624977,1,,,,,160x90 DepthUint16,"","",0,0,0,,0,,,None,Unavailable,NoWallUnderCrosshair,,,,"NoWallUnderCrosshair",0,,,None,Unavailable,NoWallInView,,,,0.4543768,1.0588212,0.516845763,-0.0254227687,0.0780919045,-0.0131894648,0.9965347,0,0,0,0,0,0,,,
78.145222002469154,d62bf83a,SessionTracking,Tracking,30.06056,30.136734,1,,,,,160x90 DepthUint16,"","",0,0,0,,0,,,None,Unavailable,NoWallUnderCrosshair,,,,"NoWallUnderCrosshair",0,,,None,Unavailable,NoWallInView,,,,0.454695135,1.05902052,0.516961753,-0.0245525241,0.07486116,-0.0125913322,0.9968121,0,0,0,0,0,0,,,
78.1768772104731,d62bf83a,SessionTracking,Tracking,30.0602684,30.136734,1,,,,,160x90 DepthUint16,"","",0,0,0,,0,,,None,Unavailable,NoWallUnderCrosshair,,,,"NoWallUnderCrosshair",0,,,None,Unavailable,NoWallInView,,,,0.4549238,1.0592494,0.517080247,-0.0235797931,0.07221945,-0.01195106,0.9970384,0,0,0,0,0,0,,,
78.2148940334771,d62bf83a,SessionTracking,Tracking,30.0604858,30.136734,1,,,,,160x90 DepthUint16,"","",0,0,0,,0,,,None,Unavailable,NoWallUnderCrosshair,,,,"NoWallUnderCrosshair",0,,,None,Unavailable,NoWallInView,,,,0.456814378,1.0634619,0.519137263,-0.0220129,0.07014619,-0.0124855945,0.9972157,0,0,0,0,0,0,,,
78.2465384604618,d62bf83a,SessionTracking,Tracking,30.0594158,30.136734,1,,,,,160x90 DepthUint16,"","",0,0,0,,0,,,None,Unavailable,NoWallUnderCrosshair,,,,"NoWallUnderCrosshair",0,,,None,Unavailable,NoWallInView,,,,0.457419217,1.06362033,0.518931746,-0.0221285839,0.0672287643,-0.0124051869,0.997415066,0,0,0,0,0,0,,,
78.279048044470755,d62bf83a,SessionTracking,Tracking,30.0619278,30.136734,1,,,,,160x90 DepthUint16,"","",0,0,0,,0,,,None,Unavailable,NoWallUnderCrosshair,,,,"NoWallUnderCrosshair",0,,,None,Unavailable,NoWallInView,,,,0.458123058,1.06382,0.5187329,-0.0220687538,0.06362532,-0.012251229,0.9976546,0,0,0,0,0,0,,,
78.309258200464456,d62bf83a,SessionTracking,Tracking,30.0611973,30.136734,1,,,,,160x90 DepthUint16,"","",0,0,0,,0,,,None,Unavailable,NoWallUnderCrosshair,,,,"NoWallUnderCrosshair",0,,,None,Unavailable,NoWallInView,,,,0.458755732,1.063975,0.518554568,-0.0221174639,0.0598921478,-0.01185745,0.99788934,0,0,0,0,0,0,,,
78.352094398465624,d62bf83a,SessionTracking,Tracking,30.0636673,30.136734,1,,,,,160x90 DepthUint16,"","",0,0,0,,0,,,None,Unavailable,NoWallUnderCrosshair,,,,"NoWallUnderCrosshair",0,,,None,Unavailable,NoWallInView,,,,0.4566255,1.06278586,0.5212904,-0.0229289643,0.0580170974,-0.0116368541,0.9979844,0,0,0,0,0,0,,,
78.377561794451822,d62bf83a,SessionTracking,Tracking,30.0633221,30.136734,1,,,,,160x90 DepthUint16,"","",0,0,0,,0,,,None,Unavailable,NoWallUnderCrosshair,,,,"NoWallUnderCrosshair",0,,,None,Unavailable,NoWallInView,,,,0.4570881,1.0629133,0.5212783,-0.0225423146,0.054835178,-0.0112010539,0.9981781,0,0,0,0,0,0,,,
78.409934189465048,d62bf83a,SessionTracking,Tracking,30.0623684,30.136734,1,,,,,160x90 DepthUint16,"","",0,0,0,,0,,,None,Unavailable,NoWallUnderCrosshair,,,,"NoWallUnderCrosshair",0,,,None,Unavailable,NoWallInView,,,,0.4563736,1.0622617,0.5224141,-0.0221774783,0.05170322,-0.0109944949,0.9983557,0,0,0,0,0,0,,,
78.441142419472953,d62bf83a,SessionTracking,Tracking,30.0662537,30.136734,1,,,,,160x90 DepthUint16,"","",0,0,0,,0,,,None,Unavailable,NoWallUnderCrosshair,,,,"NoWallUnderCrosshair",0,,,None,Unavailable,NoWallInView,,,,0.456647,1.06246853,0.5227945,-0.02143491,0.04851106,-0.0106524536,0.9985358,0,0,0,0,0,0,,,
78.4864468984631,d62bf83a,SessionTracking,Tracking,30.0633926,30.136734,1,,,,,160x90 DepthUint16,"","",0,0,0,,0,,,None,Unavailable,NoWallUnderCrosshair,,,,"NoWallUnderCrosshair",0,,,None,Unavailable,NoWallInView,,,,0.456981331,1.06273854,0.523149669,-0.0206647161,0.0452199765,-0.0103037367,0.998710155,0,0,0,0,0,0,,,
78.5112586694629,d62bf83a,SessionTracking,Tracking,30.0688171,30.136734,1,,,,,160x90 DepthUint16,"","",0,0,0,,0,,,None,Unavailable,NoWallUnderCrosshair,,,,"NoWallUnderCrosshair",0,,,None,Unavailable,NoWallInView,,,,0.455898732,1.06311941,0.523012757,-0.0205514748,0.04279922,-0.0103619695,0.9988186,0,0,0,0,0,0,,,
78.54232705445952,d62bf83a,SessionTracking,Tracking,30.0626621,30.136734,1,,,,,160x90 DepthUint16,"","",0,0,0,,0,,,None,Unavailable,NoWallUnderCrosshair,,,,"NoWallUnderCrosshair",0,,,None,Unavailable,NoWallInView,,,,0.4561538,1.06326771,0.5231032,-0.0206284914,0.04051106,-0.009913535,0.9989169,0,0,0,0,0,0,,,
78.5797030964784,d62bf83a,SessionTracking,Tracking,30.0687084,30.136734,1,,,,,160x90 DepthUint16,"","",0,0,0,,0,,,None,Unavailable,NoWallUnderCrosshair,,,,"NoWallUnderCrosshair",0,,,None,Unavailable,NoWallInView,,,,0.4566526,1.06350565,0.5233096,-0.02027661,0.0373587236,-0.009447098,0.9990516,0,0,0,0,0,0,,,
78.6108455444662,d62bf83a,SessionTracking,Tracking,30.0664368,30.136734,1,,,,,160x90 DepthUint16,"","",0,0,0,,0,,,None,Unavailable,NoWallUnderCrosshair,,,,"NoWallUnderCrosshair",0,,,None,Unavailable,NoWallInView,,,,0.4549788,1.06102908,0.523685455,-0.0204245131,0.0340739973,-0.00853019953,0.9991742,0,0,0,0,0,0,,,
78.6428743984759,d62bf83a,SessionTracking,Tracking,30.0629368,30.136734,1,,,,,160x90 DepthUint16,"","",0,0,0,,0,,,None,Unavailable,NoWallUnderCrosshair,,,,"NoWallUnderCrosshair",0,,,None,Unavailable,NoWallInView,,,,0.455529332,1.06135142,0.5239998,-0.0198950432,0.02984436,-0.00799393747,0.99932456,0,0,0,0,0,0,,,
78.682228564462775,d62bf83a,SessionTracking,Tracking,30.0643215,30.136734,1,,,,,160x90 DepthUint16,"","",0,0,0,,0,,,None,Unavailable,NoWallUnderCrosshair,,,,"NoWallUnderCrosshair",0,,,None,Unavailable,NoWallInView,,,,0.4561264,1.061658,0.5242823,-0.0196882263,0.0254582874,-0.00758010149,0.999453247,0,0,0,0,0,0,,,
78.713415856476558,d62bf83a,SessionTracking,Tracking,30.0638943,30.136734,1,,,,,160x90 DepthUint16,"","",0,0,0,,0,,,None,Unavailable,NoWallUnderCrosshair,,,,"NoWallUnderCrosshair",0,,,None,Unavailable,NoWallInView,,,,0.453257918,1.0637126,0.522758365,-0.0195345078,0.0244012158,-0.008918286,0.9994716,0,0,0,0,0,0,,,
78.745926794453908,d62bf83a,SessionTracking,Tracking,30.0634956,30.136734,1,,,,,160x90 DepthUint16,"","",0,0,0,,0,,,None,Unavailable,NoWallUnderCrosshair,,,,"NoWallUnderCrosshair",0,,,None,Unavailable,NoWallInView,,,,0.45326224,1.06389117,0.5226513,-0.0196790881,0.0230039656,-0.008503348,0.9995055,0,0,0,0,0,0,,,
78.777196325452451,d62bf83a,SessionTracking,Tracking,30.0616112,30.136734,1,,,,,160x90 DepthUint16,"","",0,0,0,,0,,,None,Unavailable,NoWallUnderCrosshair,,,,"NoWallUnderCrosshair",0,,,None,Unavailable,NoWallInView,,,,0.45310837,1.06395018,0.5224599,-0.0201854054,0.0222590771,-0.008067907,0.9995159,0,0,0,0,0,0,,,
78.809325908459641,d62bf83a,SessionTracking,Tracking,30.0626373,30.136734,1,,,,,160x90 DepthUint16,"","",0,0,0,,0,,,None,Unavailable,NoWallUnderCrosshair,,,,"NoWallUnderCrosshair",0,,,None,Unavailable,NoWallInView,,,,0.4524811,1.06554151,0.5221309,-0.020222716,0.022997953,-0.008517504,0.9994947,0,0,0,0,0,0,,,
78.842770231454551,d62bf83a,SessionTracking,Tracking,30.0635071,30.136734,1,,,,,160x90 DepthUint16,"","",0,0,0,,0,,,None,Unavailable,NoWallUnderCrosshair,,,,"NoWallUnderCrosshair",0,,,None,Unavailable,NoWallInView,,,,0.452567428,1.06563437,0.5221587,-0.020041734,0.02161865,-0.008136959,0.9995323,0,0,0,0,0,0,,,
78.878768043450464,d62bf83a,SessionTracking,Tracking,30.062254,30.136734,1,,,,,160x90 DepthUint16,"","",0,0,0,,0,,,None,Unavailable,NoWallUnderCrosshair,,,,"NoWallUnderCrosshair",0,,,None,Unavailable,NoWallInView,,,,0.452811331,1.06573665,0.52227354,-0.0196236931,0.0194829963,-0.007777572,0.999587357,0,0,0,0,0,0,,,
78.912904346452478,d62bf83a,SessionTracking,Tracking,30.0620213,30.136734,1,,,,,160x90 DepthUint16,"","",0,0,0,,0,,,None,Unavailable,NoWallUnderCrosshair,,,,"NoWallUnderCrosshair",0,,,None,Unavailable,NoWallInView,,,,0.450948417,1.06182337,0.5213589,-0.020531306,0.0171615351,-0.007281333,0.999615431,0,0,0,0,0,0,,,
78.946995960464619,d62bf83a,SessionTracking,Tracking,30.06416,30.136734,1,,,,,160x90 DepthUint16,"","",0,0,0,,0,,,None,Unavailable,NoWallUnderCrosshair,,,,"NoWallUnderCrosshair",0,,,None,Unavailable,NoWallInView,,,,0.451186657,1.06187534,0.5215805,-0.0197710823,0.014387114,-0.00730359554,0.9996743,0,0,0,0,0,0,,,
78.977566585472,d62bf83a,SessionTracking,Tracking,30.0636749,30.136734,1,,,,,160x90 DepthUint16,"","",0,0,0,,0,,,None,Unavailable,NoWallUnderCrosshair,,,,"NoWallUnderCrosshair",0,,,None,Unavailable,NoWallInView,,,,0.4512743,1.06189668,0.521803141,-0.0193103831,0.0117029408,-0.00747379754,0.9997171,0,0,0,0,0,0,,,
79.016963408477523,d62bf83a,SessionTracking,Tracking,30.0643,30.136734,1,,,,,160x90 DepthUint16,"","",0,0,0,,0,,,None,Unavailable,NoWallUnderCrosshair,,,,"NoWallUnderCrosshair",0,,,None,Unavailable,NoWallInView,,,,0.446796536,1.0595,0.5222111,-0.0202399939,0.0109499563,-0.008161873,0.999701858,0,0,0,0,0,0,,,
79.045005491472466,d62bf83a,SessionTracking,Tracking,30.0628929,30.136734,1,,,,,160x90 DepthUint16,"","",0,0,0,,0,,,None,Unavailable,NoWallUnderCrosshair,,,,"NoWallUnderCrosshair",0,,,None,Unavailable,NoWallInView,,,,0.446506947,1.05944812,0.5222282,-0.0202550441,0.009020944,-0.008284956,0.999719858,0,0,0,0,0,0,,,
79.077059450475417,d62bf83a,SessionTracking,Tracking,30.0637531,30.136734,1,,,,,160x90 DepthUint16,"","",0,0,0,,0,,,None,Unavailable,NoWallUnderCrosshair,,,,"NoWallUnderCrosshair",0,,,None,Unavailable,NoWallInView,,,,0.446133763,1.059397,0.522200465,-0.0203545615,0.00759954,-0.00811118,0.999731064,0,0,0,0,0,0,,,
79.1214416374603,d62bf83a,SessionTracking,Tracking,30.0661087,30.136734,1,,,,,160x90 DepthUint16,"","",0,0,0,,0,,,None,Unavailable,NoWallUnderCrosshair,,,,"NoWallUnderCrosshair",0,,,None,Unavailable,NoWallInView,,,,0.444164872,1.06142533,0.52366364,-0.02020692,0.008081549,-0.008602829,0.9997262,0,0,0,0,0,0,,,
79.14861070047823,d62bf83a,SessionTracking,Tracking,30.0667152,29.8986816,1,,,,,160x90 DepthUint16,"","",0,0,0,,0,,,None,Unavailable,NoWallUnderCrosshair,,,,"NoWallUnderCrosshair",0,,,None,Unavailable,NoWallInView,,,,0.4438987,1.06132209,0.523618162,-0.0203796644,0.00679515954,-0.008590908,0.9997323,0,0,0,0,0,0,,,
79.17798622046007,d62bf83a,SessionTracking,Tracking,30.0654488,29.8986816,1,,,,,160x90 DepthUint16,"","",0,0,0,,0,,,None,Unavailable,NoWallUnderCrosshair,,,,"NoWallUnderCrosshair",0,,,None,Unavailable,NoWallInView,,,,0.4436589,1.0612936,0.5238077,-0.0199274812,0.00531034125,-0.008511395,0.999751151,0,0,0,0,0,0,,,
79.213026741464773,d62bf83a,SessionTracking,Tracking,30.0659542,29.8986816,1,,,,,160x90 DepthUint16,"","",0,0,0,,0,,,None,Unavailable,NoWallUnderCrosshair,,,,"NoWallUnderCrosshair",0,,,None,Unavailable,NoWallInView,,,,0.442670554,1.06230831,0.5240094,-0.0196949188,0.004406488,-0.009052546,0.9997554,0,0,0,0,0,0,,,
79.240910231459338,d62bf83a,SessionTracking,Tracking,30.06482,29.8986816,1,,,,,160x90 DepthUint16,"","",0,0,0,,0,,,None,Unavailable,NoWallUnderCrosshair,,,,"NoWallUnderCrosshair",0,,,None,Unavailable,NoWallInView,,,,0.4424931,1.06220925,0.5242226,-0.0194726512,0.00246684253,-0.009070903,0.999766231,0,0,0,0,0,0,,,
79.2774018974776,d62bf83a,SessionTracking,Tracking,30.0639172,29.8986816,1,,,,,160x90 DepthUint16,"","",0,0,0,,0,,,None,Unavailable,NoWallUnderCrosshair,,,,"NoWallUnderCrosshair",0,,,None,Unavailable,NoWallInView,,,,0.44220674,1.06206191,0.5243788,-0.0194575731,0.00100123987,-0.009180487,0.999768,0,0,0,0,0,0,,,
79.3082921584753,d62bf83a,SessionTracking,Tracking,30.06573,29.8986816,1,,,,,160x90 DepthUint16,"","",0,0,0,,0,,,None,Unavailable,NoWallUnderCrosshair,,,,"NoWallUnderCrosshair",0,,,None,Unavailable,NoWallInView,,,,0.440073848,1.06406581,0.520742059,-0.019514529,0.0002116291,-0.009717495,0.999762356,0,0,0,0,0,0,,,
79.340403095473221,d62bf83a,SessionTracking,Tracking,30.06345,29.8986816,1,,,,,160x90 DepthUint16,"","",0,0,0,,0,,,None,Unavailable,NoWallUnderCrosshair,,,,"NoWallUnderCrosshair",0,,,None,Unavailable,NoWallInView,,,,0.4398065,1.06394374,0.520808935,-0.0200388972,-0.00190729089,-0.009804875,0.9997493,0,0,0,0,0,0,,,
79.377855387461523,d62bf83a,SessionTracking,Tracking,30.0636234,29.8986816,1,,,,,160x90 DepthUint16,"","",0,0,0,,0,,,None,Unavailable,NoWallUnderCrosshair,,,,"NoWallUnderCrosshair",0,,,None,Unavailable,NoWallInView,,,,0.43935135,1.06395912,0.5209464,-0.0197322071,-0.00329551846,-0.009605408,0.9997537,0,0,0,0,0,0,,,
79.408958304473117,d62bf83a,SessionTracking,Tracking,30.06249,29.8986816,1,,,,,160x90 DepthUint16,"","",0,0,0,,0,,,None,Unavailable,NoWallUnderCrosshair,,,,"NoWallUnderCrosshair",0,,,None,Unavailable,NoWallInView,,,,0.43824628,1.06486189,0.519692063,-0.0198574513,-0.004083366,-0.009910673,0.999745369,0,0,0,0,0,0,,,
79.442337783464382,d62bf83a,SessionTracking,Tracking,30.0621929,29.8986816,1,,,,,160x90 DepthUint16,"","",0,0,0,,0,,,None,Unavailable,NoWallUnderCrosshair,,,,"NoWallUnderCrosshair",0,,,None,Unavailable,NoWallInView,,,,0.437892616,1.0648309,0.519793451,-0.0198373981,-0.00592808239,-0.009901404,0.999736667,0,0,0,0,0,0,,,
79.479953252451878,d62bf83a,SessionTracking,Tracking,30.0617352,29.8986816,1,,,,,160x90 DepthUint16,"","",0,0,0,,0,,,None,Unavailable,NoWallUnderCrosshair,,,,"NoWallUnderCrosshair",0,,,None,Unavailable,NoWallInView,,,,0.43745,1.06484318,0.5200393,-0.0193646159,-0.007829924,-0.009759755,0.9997342,0,0,0,0,0,0,,,
79.5112276794714,d62bf83a,SessionTracking,Tracking,30.0609856,29.8986816,1,,,,,160x90 DepthUint16,"","",0,0,0,,0,,,None,Unavailable,NoWallUnderCrosshair,,,,"NoWallUnderCrosshair",0,,,None,Unavailable,NoWallInView,,,,0.4367693,1.06571019,0.520504355,-0.0185618084,-0.009731341,-0.00995338,0.9997308,0,0,0,0,0,0,,,
79.542598772477277,d62bf83a,SessionTracking,Tracking,30.0611,29.8986816,1,,,,,160x90 DepthUint16,"","",0,0,0,,0,,,None,Unavailable,NoWallUnderCrosshair,,,,"NoWallUnderCrosshair",0,,,None,Unavailable,NoWallInView,,,,0.436166316,1.06573689,0.5207645,-0.01809417,-0.0115579069,-0.009740055,0.999722064,0,0,0,0,0,0,,,
79.593096429456409,d62bf83a,SessionTracking,Tracking,30.0599613,29.8986816,1,,,,,160x90 DepthUint16,"","",0,0,0,,0,,,None,Unavailable,NoWallUnderCrosshair,,,,"NoWallUnderCrosshair",0,,,None,Unavailable,NoWallInView,,,,0.435555,1.06573594,0.5209748,-0.0178818181,-0.0133179463,-0.009596051,0.9997054,0,0,0,0,0,0,,,
79.612160543478012,d62bf83a,SessionTracking,Tracking,30.06213,29.8986816,1,,,,,160x90 DepthUint16,"","",0,0,0,,0,,,None,Unavailable,NoWallUnderCrosshair,,,,"NoWallUnderCrosshair",0,,,None,Unavailable,NoWallInView,,,,0.4339963,1.06606269,0.520827651,-0.0175515451,-0.0144708045,-0.009416908,0.999696851,0,0,0,0,0,0,,,
79.643763460455148,d62bf83a,SessionTracking,Tracking,30.0630646,29.8986816,1,,,,,160x90 DepthUint16,"","",0,0,0,,0,,,None,Unavailable,NoWallUnderCrosshair,,,,"NoWallUnderCrosshair",0,,,None,Unavailable,NoWallInView,,,,0.43336907,1.066088,0.5208506,-0.017526241,-0.0162420738,-0.009075494,0.9996733,0,0,0,0,0,0,,,
79.6753864294767,d62bf83a,SessionTracking,Tracking,30.0630589,29.8986816,1,,,,,160x90 DepthUint16,"","",0,0,0,,0,,,None,Unavailable,NoWallUnderCrosshair,,,,"NoWallUnderCrosshair",0,,,None,Unavailable,NoWallInView,,,,0.432881743,1.06610155,0.5209141,-0.0173007771,-0.0186890624,-0.009097487,0.999634266,0,0,0,0,0,0,,,
79.712519397467759,d62bf83a,SessionTracking,Tracking,30.0585575,29.8986816,1,,,,,160x90 DepthUint16,"","",0,0,0,,0,,,None,Unavailable,NoWallUnderCrosshair,,,,"NoWallUnderCrosshair",0,,,None,Unavailable,NoWallInView,,,,0.434533358,1.06880713,0.5250639,-0.01645397,-0.0220562331,-0.008191615,0.9995878,0,0,0,0,0,0,,,
79.743284554456977,d62bf83a,SessionTracking,Tracking,30.0629578,29.8986816,1,,,,,160x90 DepthUint16,"","",0,0,0,,0,,,None,Unavailable,NoWallUnderCrosshair,,,,"NoWallUnderCrosshair",0,,,None,Unavailable,NoWallInView,,,,0.4340788,1.068958,0.5256537,-0.0163277369,-0.0247722529,-0.008291484,0.9995254,0,0,0,0,0,0,,,
79.778894501450623,d62bf83a,SessionTracking,Tracking,30.0621052,29.8986816,1,,,,,160x90 DepthUint16,"","",0,0,0,,0,,,None,Unavailable,NoWallUnderCrosshair,,,,"NoWallUnderCrosshair",0,,,None,Unavailable,NoWallInView,,,,0.433339357,1.06916118,0.5263301,-0.01617547,-0.02608603,-0.008359433,0.9994939,0,0,0,0,0,0,,,
79.8142303354723,d62bf83a,SessionTracking,Tracking,30.0592384,29.8986816,1,,,,,160x90 DepthUint16,"","",0,0,0,,0,,,None,Unavailable,NoWallUnderCrosshair,,,,"NoWallUnderCrosshair",0,,,None,Unavailable,NoWallInView,,,,0.432457715,1.06943619,0.526942253,-0.0162173584,-0.0268389583,-0.008294166,0.9994738,0,0,0,0,0,0,,,
79.844913720476825,d62bf83a,SessionTracking,Tracking,30.0614586,29.8986816,1,,,,,160x90 DepthUint16,"","",0,0,0,,0,,,None,Unavailable,NoWallUnderCrosshair,,,,"NoWallUnderCrosshair",0,,,None,Unavailable,NoWallInView,,,,0.433216,1.07209563,0.529671967,-0.0159482714,-0.0271907542,-0.008267165,0.999468863,0,0,0,0,0,0,,,
79.876364085477462,d62bf83a,SessionTracking,Tracking,30.0607224,29.8986816,1,,,,,160x90 DepthUint16,"","",0,0,0,,0,,,None,Unavailable,NoWallUnderCrosshair,,,,"NoWallUnderCrosshair",0,,,None,Unavailable,NoWallInView,,,,0.432670623,1.072437,0.530249953,-0.0165082235,-0.028599998,-0.008232922,0.9994207,0,0,0,0,0,0,,,
79.915385543459479,d62bf83a,SessionTracking,Tracking,30.0623245,29.8986816,1,,,,,160x90 DepthUint16,"","",0,0,0,,0,,,None,Unavailable,NoWallUnderCrosshair,,,,"NoWallUnderCrosshair",0,,,None,Unavailable,NoWallInView,,,,0.434246272,1.07408714,0.532839239,-0.015400039,-0.0298894439,-0.007743687,0.9994046,0,0,0,0,0,0,,,
79.944377939453034,d62bf83a,SessionTracking,Tracking,30.0621357,29.8986816,1,,,,,160x90 DepthUint16,"","",0,0,0,,0,,,None,Unavailable,NoWallUnderCrosshair,,,,"NoWallUnderCrosshair",0,,,None,Unavailable,NoWallInView,,,,0.433837116,1.07439411,0.5336371,-0.01578238,-0.0307657365,-0.007268995,0.9993756,0,0,0,0,0,0,,,
79.976110022460261,d62bf83a,SessionTracking,Tracking,30.06149,29.8986816,1,,,,,160x90 DepthUint16,"","",0,0,0,,0,,,None,Unavailable,NoWallUnderCrosshair,,,,"NoWallUnderCrosshair",0,,,None,Unavailable,NoWallInView,,,,0.43355903,1.0747261,0.534586251,-0.01590666,-0.0322235152,-0.00689518452,0.9993303,0,0,0,0,0,0,,,
80.007540543450659,d62bf83a,SessionTracking,Tracking,30.0599079,29.8986816,1,,,,,160x90 DepthUint16,"","",0,0,0,,0,,,None,Unavailable,NoWallUnderCrosshair,,,,"NoWallUnderCrosshair",0,,,None,Unavailable,NoWallInView,,,,0.434962928,1.07478535,0.5372167,-0.0153189935,-0.034503445,-0.00664415956,0.9992651,0,0,0,0,0,0,,,
80.0392703874711,d62bf83a,SessionTracking,Tracking,30.0617867,29.8986816,1,,,,,160x90 DepthUint16,"","",0,0,0,,0,,,None,Unavailable,NoWallUnderCrosshair,,,,"NoWallUnderCrosshair",0,,,None,Unavailable,NoWallInView,,,,0.434893757,1.07506788,0.5386345,-0.014892186,-0.036813993,-0.006579905,0.9991895,0,0,0,0,0,0,,,
80.077290960474556,d62bf83a,SessionTracking,Tracking,30.0585651,29.8986816,1,,,,,160x90 DepthUint16,"","",0,0,0,,0,,,None,Unavailable,NoWallUnderCrosshair,,,,"NoWallUnderCrosshair",0,,,None,Unavailable,NoWallInView,,,,0.434649855,1.07530534,0.5400875,-0.0150295123,-0.0380649865,-0.00676876353,0.9991393,0,0,0,0,0,0,,,
80.108292835476959,d62bf83a,SessionTracking,Tracking,30.061594,29.8986816,1,,,,,160x90 DepthUint16,"","",0,0,0,,0,,,None,Unavailable,NoWallUnderCrosshair,,,,"NoWallUnderCrosshair",0,,,None,Unavailable,NoWallInView,,,,0.43510744,1.07476175,0.5422966,-0.0143646924,-0.03905917,-0.006578356,0.999112,0,0,0,0,0,0,,,
80.140215178460267,d62bf83a,SessionTracking,Tracking,30.0606441,29.8986816,1,,,,,160x90 DepthUint16,"","",0,0,0,,0,,,None,Unavailable,NoWallUnderCrosshair,,,,"NoWallUnderCrosshair",0,,,None,Unavailable,NoWallInView,,,,0.434936643,1.0750792,0.543811262,-0.0136848185,-0.0406181365,-0.006326556,0.999061,0,0,0,0,0,0,,,
80.1765513244643,d62bf83a,SessionTracking,Tracking,30.0612984,30.157383,1,,,,,160x90 DepthUint16,"","",0,0,0,,0,,,None,Unavailable,NoWallUnderCrosshair,,,,"NoWallUnderCrosshair",0,,,None,Unavailable,NoWallInView,,,,0.434791923,1.07522154,0.5450963,-0.0137745338,-0.0423810147,-0.00600335,0.9989885,0,0,0,0,0,0,,,
80.208970908457331,d62bf83a,SessionTracking,Tracking,30.061779,30.157383,1,,,,,160x90 DepthUint16,"","",0,0,0,,0,,,None,Unavailable,NoWallUnderCrosshair,,,,"NoWallUnderCrosshair",0,,,None,Unavailable,NoWallInView,,,,0.4347693,1.07536936,0.546523,-0.0138856871,-0.04468373,-0.00557324337,0.998889148,0,0,0,0,0,0,,,
80.240361689476913,d62bf83a,SessionTracking,Tracking,30.0621567,30.157383,1,,,,,160x90 DepthUint16,"","",0,0,0,,0,,,None,Unavailable,NoWallUnderCrosshair,,,,"NoWallUnderCrosshair",0,,,None,Unavailable,NoWallInView,,,,0.4349297,1.07548583,0.547691762,-0.0141802952,-0.0472685322,-0.005509764,0.9987664,0,0,0,0,0,0,,,
80.278571168458939,d62bf83a,SessionTracking,Tracking,30.06646,30.157383,1,,,,,160x90 DepthUint16,"","",0,0,0,,0,,,None,Unavailable,NoWallUnderCrosshair,,,,"NoWallUnderCrosshair",0,,,None,Unavailable,NoWallInView,,,,0.435132146,1.075695,0.548834264,-0.0141872643,-0.0499584377,-0.00545060728,0.9986357,0,0,0,0,0,0,,,
80.3098473144671,d62bf83a,SessionTracking,Tracking,30.0601273,30.157383,1,,,,,160x90 DepthUint16,"","",0,0,0,,0,,,None,Unavailable,NoWallUnderCrosshair,,,,"NoWallUnderCrosshair",0,,,None,Unavailable,NoWallInView,,,,0.435215026,1.07597148,0.5499075,-0.0146479495,-0.05198999,-0.005441904,0.9985254,0,0,0,0,0,0,,,
80.341069762452889,d62bf83a,SessionTracking,Tracking,30.0643139,30.157383,1,,,,,160x90 DepthUint16,"","",0,0,0,,0,,,None,Unavailable,NoWallUnderCrosshair,,,,"NoWallUnderCrosshair",0,,,None,Unavailable,NoWallInView,,,,0.435417,1.07619679,0.550974965,-0.0149952639,-0.0542686433,-0.005254507,0.9984,0,0,0,0,0,0,,,
80.380480595460313,d62bf83a,SessionTracking,Tracking,30.0646687,30.157383,1,,,,,160x90 DepthUint16,"","",0,0,0,,0,,,None,Unavailable,NoWallUnderCrosshair,,,,"NoWallUnderCrosshair",0,,,None,Unavailable,NoWallInView,,,,0.435846061,1.07653368,0.55224067,-0.0147211477,-0.05782727,-0.00483083772,0.9982064,0,0,0,0,0,0,,,
80.412252001467778,d62bf83a,SessionTracking,Tracking,30.0655136,30.157383,1,,,,,160x90 DepthUint16,"","",0,0,0,,0,,,None,Unavailable,NoWallUnderCrosshair,,,,"NoWallUnderCrosshair",0,,,None,Unavailable,NoWallInView,,,,0.4363767,1.0768888,0.5535046,-0.0147743924,-0.0618669279,-0.0045051286,0.9979649,0,0,0,0,0,0,,,
80.4437154394725,d62bf83a,SessionTracking,Tracking,30.0651531,30.157383,1,,,,,160x90 DepthUint16,"","",0,0,0,,0,,,None,Unavailable,NoWallUnderCrosshair,,,,"NoWallUnderCrosshair",0,,,None,Unavailable,NoWallInView,,,,0.437001437,1.07718158,0.55481106,-0.0148100043,-0.06632938,-0.00414523575,0.9976793,0,0,0,0,0,0,,,
80.480028147463372,d62bf83a,SessionTracking,Tracking,30.0677166,30.157383,1,,,,,160x90 DepthUint16,"","",0,0,0,,0,,,None,Unavailable,NoWallUnderCrosshair,,,,"NoWallUnderCrosshair",0,,,None,Unavailable,NoWallInView,,,,0.437629074,1.0774312,0.556180239,-0.01484881,-0.0706574,-0.003912747,0.997382462,0,0,0,0,0,0,,,
80.511002418472117,d62bf83a,SessionTracking,Tracking,30.06247,30.157383,1,,,,,160x90 DepthUint16,"","",0,0,0,,0,,,None,Unavailable,NoWallUnderCrosshair,,,,"NoWallUnderCrosshair",0,,,None,Unavailable,NoWallInView,,,,0.4379145,1.07768762,0.557498455,-0.01522458,-0.0730328262,-0.00391232967,0.997205734,0,0,0,0,0,0,,,
80.5438892414711,d62bf83a,SessionTracking,Tracking,30.0645561,30.157383,1,,,,,160x90 DepthUint16,"","",0,0,0,,0,,,None,Unavailable,NoWallUnderCrosshair,,,,"NoWallUnderCrosshair",0,,,None,Unavailable,NoWallInView,,,,0.438125819,1.0778929,0.558933437,-0.0151573643,-0.07449863,-0.00366976857,0.997099161,0,0,0,0,0,0,,,
80.574002366458217,d62bf83a,SessionTracking,Tracking,30.0649166,30.157383,1,,,,,160x90 DepthUint16,"","",0,0,0,,0,,,None,Unavailable,NoWallUnderCrosshair,,,,"NoWallUnderCrosshair",0,,,None,Unavailable,NoWallInView,,,,0.438414335,1.07810163,0.5604607,-0.0150732761,-0.07614459,-0.00347861671,0.9969768,0,0,0,0,0,0,,,
80.605948459476849,d62bf83a,SessionTracking,Tracking,30.0613823,30.157383,1,,,,,160x90 DepthUint16,"","",0,0,0,,0,,,None,Unavailable,NoWallUnderCrosshair,,,,"NoWallUnderCrosshair",0,,,None,Unavailable,NoWallInView,,,,0.439542532,1.07842755,0.561134756,-0.0149278063,-0.0792344958,-0.00334289717,0.9967387,0,0,0,0,0,0,,,
80.641626793458045,d62bf83a,SessionTracking,Tracking,30.0637245,30.157383,1,,,,,160x90 DepthUint16,"","",0,0,0,,0,,,None,Unavailable,NoWallUnderCrosshair,,,,"NoWallUnderCrosshair",0,,,None,Unavailable,NoWallInView,,,,0.440058,1.07883286,0.562800765,-0.0144660585,-0.08157936,-0.00310632586,0.996557,0,0,0,0,0,0,,,
80.6735525224683,d62bf83a,SessionTracking,Tracking,30.0620289,30.157383,1,,,,,160x90 DepthUint16,"","",0,0,0,,0,,,None,Unavailable,NoWallUnderCrosshair,,,,"NoWallUnderCrosshair",0,,,None,Unavailable,NoWallInView,,,,0.440484852,1.07924271,0.5643325,-0.0143086063,-0.08287505,-0.002985865,0.996452749,0,0,0,0,0,0,,,
80.705272105467657,d62bf83a,SessionTracking,Tracking,30.06195,30.157383,1,,,,,160x90 DepthUint16,"","",0,0,0,,0,,,None,Unavailable,NoWallUnderCrosshair,,,,"NoWallUnderCrosshair",0,,,None,Unavailable,NoWallInView,,,,0.440528333,1.079729,0.5661508,-0.0147800222,-0.08534893,-0.00262486935,0.996238053,0,0,0,0,0,0,,,
80.745911220470362,d62bf83a,SessionTracking,Tracking,30.06173,30.157383,1,,,,,160x90 DepthUint16,"","",0,0,0,,0,,,None,Unavailable,NoWallUnderCrosshair,,,,"NoWallUnderCrosshair",0,,,None,Unavailable,NoWallInView,,,,0.441032231,1.08007419,0.56764853,-0.0153019838,-0.0868984461,-0.00245314837,0.9960966,0,0,0,0,0,0,,,
80.776375178454828,d62bf83a,SessionTracking,Tracking,30.061409,30.157383,1,,,,,160x90 DepthUint16,"","",0,0,0,,0,,,None,Unavailable,NoWallUnderCrosshair,,,,"NoWallUnderCrosshair",0,,,None,Unavailable,NoWallInView,,,,0.441630363,1.08049107,0.5693414,-0.0154622346,-0.08866331,-0.00250157714,0.99593854,0,0,0,0,0,0,,,
80.808056168465328,d62bf83a,SessionTracking,Tracking,30.0607719,30.157383,1,,,,,160x90 DepthUint16,"","",0,0,0,,0,,,None,Unavailable,NoWallUnderCrosshair,,,,"NoWallUnderCrosshair",0,,,None,Unavailable,NoWallInView,,,,0.442594975,1.08064628,0.570149839,-0.0157623421,-0.09225986,-0.00239166641,0.9956073,0,0,0,0,0,0,,,
80.83975580346646,d62bf83a,SessionTracking,Tracking,30.0566425,30.157383,1,,,,,160x90 DepthUint16,"","",0,0,0,,0,,,None,Unavailable,NoWallUnderCrosshair,,,,"NoWallUnderCrosshair",0,,,None,Unavailable,NoWallInView,,,,0.44329378,1.081143,0.572125,-0.0157143883,-0.09514804,-0.00230667,0.9953364,0,0,0,0,0,0,,,
80.875084501461743,d62bf83a,SessionTracking,Tracking,30.0607281,30.157383,1,,,,,160x90 DepthUint16,"","",0,0,0,,0,,,None,Unavailable,NoWallUnderCrosshair,,,,"NoWallUnderCrosshair",0,,,None,Unavailable,NoWallInView,,,,0.4440769,1.08158994,0.574182749,-0.0159765948,-0.09831604,-0.00228580856,0.9950244,0,0,0,0,0,0,,,
80.906787991468946,d62bf83a,SessionTracking,Tracking,30.05774,30.157383,1,,,,,160x90 DepthUint16,"","",0,0,0,,0,,,None,Unavailable,NoWallUnderCrosshair,,,,"NoWallUnderCrosshair",0,,,None,Unavailable,NoWallInView,,,,0.444656342,1.08198535,0.5749694,-0.0163151864,-0.100411661,-0.002162427,0.994809866,0,0,0,0,0,0,,,
80.9390741364657,d62bf83a,SessionTracking,Tracking,30.0498257,30.157383,1,,,,,160x90 DepthUint16,"","",0,0,0,,0,,,None,Unavailable,NoWallUnderCrosshair,,,,"NoWallUnderCrosshair",0,,,None,Unavailable,NoWallInView,,,,0.445130944,1.08250046,0.5771827,-0.01619458,-0.101907052,-0.00203236961,0.9946601,0,0,0,0,0,0,,,
80.97649137647,d62bf83a,SessionTracking,Tracking,30.0616646,30.157383,1,,,,,160x90 DepthUint16,"","",0,0,0,,0,,,None,Unavailable,NoWallUnderCrosshair,,,,"NoWallUnderCrosshair",0,,,None,Unavailable,NoWallInView,,,,0.445747256,1.08298469,0.579497159,-0.0161562078,-0.103903845,-0.00198590755,0.994454145,0,0,0,0,0,0,,,
81.007752782464877,d62bf83a,SessionTracking,Tracking,30.0584564,30.157383,1,,,,,160x90 DepthUint16,"","",0,0,0,,0,,,None,Unavailable,NoWallUnderCrosshair,,,,"NoWallUnderCrosshair",0,,,None,Unavailable,NoWallInView,,,,0.446241,1.08378887,0.579818,-0.0162592288,-0.1051057,-0.00207760953,0.994326,0,0,0,0,0,0,,,
81.040380282476463,d62bf83a,SessionTracking,Tracking,30.0593719,30.157383,1,,,,,160x90 DepthUint16,"","",0,0,0,,0,,,None,Unavailable,NoWallUnderCrosshair,,,,"NoWallUnderCrosshair",0,,,None,Unavailable,NoWallInView,,,,0.44675535,1.08438432,0.582355559,-0.0158660766,-0.106442057,-0.00198745751,0.994190335,0,0,0,0,0,0,,,
81.076763511464151,d62bf83a,SessionTracking,Tracking,30.059494,30.157383,1,,,,,160x90 DepthUint16,"","",0,0,0,,0,,,None,Unavailable,NoWallUnderCrosshair,,,,"NoWallUnderCrosshair",0,,,None,Unavailable,NoWallInView,,,,0.447462171,1.084924,0.584989965,-0.01567234,-0.108327009,-0.00189217937,0.99399,0,0,0,0,0,0,,,
81.107188303463545,d62bf83a,SessionTracking,Tracking,30.0604019,30.157383,1,,,,,160x90 DepthUint16,"","",0,0,0,,0,,,None,Unavailable,NoWallUnderCrosshair,,,,"NoWallUnderCrosshair",0,,,None,Unavailable,NoWallInView,,,,0.4495709,1.08483756,0.5874183,-0.0151447318,-0.112643272,-0.00192460418,0.993518233,0,0,0,0,0,0,,,
81.140061897461919,d62bf83a,SessionTracking,Tracking,30.0616646,30.157383,1,,,,,160x90 DepthUint16,"","",0,0,0,,0,,,None,Unavailable,NoWallUnderCrosshair,,,,"NoWallUnderCrosshair",0,,,None,Unavailable,NoWallInView,,,,0.450882852,1.08533692,0.5907986,-0.0141665265,-0.117948808,-0.001753211,0.992917061,0,0,0,0,0,0,,,
81.1798522094648,d62bf83a,SessionTracking,Tracking,30.0617466,29.9012985,1,,,,,160x90 DepthUint16,"","",0,0,0,,0,,,None,Unavailable,NoWallUnderCrosshair,,,,"NoWallUnderCrosshair",0,,,None,Unavailable,NoWallInView,,,,0.4519817,1.08573627,0.5944783,-0.0137191825,-0.122481555,-0.00186616182,0.992374241,0,0,0,0,0,0,,,
81.21076491845065,d62bf83a,SessionTracking,Tracking,30.0614128,29.9012985,1,,,,,160x90 DepthUint16,"","",0,0,0,,0,,,None,Unavailable,NoWallUnderCrosshair,,,,"NoWallUnderCrosshair",0,,,None,Unavailable,NoWallInView,,,,0.454061717,1.08562434,0.5980981,-0.0128050856,-0.1259552,-0.00189837813,0.991951466,0,0,0,0,0,0,,,
81.24441387647289,d62bf83a,SessionTracking,Tracking,30.0665131,29.9012985,1,,,,,160x90 DepthUint16,"","",0,0,0,,0,,,None,Unavailable,NoWallUnderCrosshair,,,,"NoWallUnderCrosshair",0,,,None,Unavailable,NoWallInView,,,,0.454814851,1.08599353,0.6022876,-0.0116985328,-0.12862055,-0.00182011724,0.9916233,0,0,0,0,0,0,,,
81.2810849704581,d62bf83a,SessionTracking,Tracking,30.0644131,29.9012985,1,,,,,160x90 DepthUint16,"","",0,0,0,,0,,,None,Unavailable,NoWallUnderCrosshair,,,,"NoWallUnderCrosshair",0,,,None,Unavailable,NoWallInView,,,,0.455326021,1.08629274,0.60655576,-0.0103611918,-0.129932955,-0.00186121475,0.9914669,0,0,0,0,0,0,,,
81.312546063450782,d62bf83a,SessionTracking,Tracking,30.0612984,29.9012985,1,,,,,160x90 DepthUint16,"","",0,0,0,,0,,,None,Unavailable,NoWallUnderCrosshair,,,,"NoWallUnderCrosshair",0,,,None,Unavailable,NoWallInView,,,,0.456195027,1.08637834,0.6095585,-0.009040274,-0.132840455,-0.00177559257,0.9910946,0,0,0,0,0,0,,,
81.343741636464756,d62bf83a,SessionTracking,Tracking,30.06887,29.9012985,1,,,,,160x90 DepthUint16,"","",0,0,0,,0,,,None,Unavailable,NoWallUnderCrosshair,,,,"NoWallUnderCrosshair",0,,,None,Unavailable,NoWallInView,,,,0.45716393,1.08643246,0.6139386,-0.008080826,-0.1365276,-0.00176599645,0.9906018,0,0,0,0,0,0,,,
81.375638928471517,d62bf83a,SessionTracking,Tracking,30.0626545,29.9012985,1,,,,,160x90 DepthUint16,"","",0,0,0,,0,,,None,Unavailable,NoWallUnderCrosshair,,,,"NoWallUnderCrosshair",0,,,None,Unavailable,NoWallInView,,,,0.4587434,1.08636284,0.618556738,-0.0077791214,-0.144052386,-0.00160261989,0.9895382,0,0,0,0,0,0,,,
81.415088928453542,d62bf83a,SessionTracking,Tracking,30.0698814,29.9012985,1,,,,,160x90 DepthUint16,"","",0,0,0,,0,,,None,Unavailable,NoWallUnderCrosshair,,,,"NoWallUnderCrosshair",0,,,None,Unavailable,NoWallInView,,,,0.461945,1.08532953,0.6221151,-0.00698412955,-0.150497943,-0.00118067861,0.988585,0,0,0,0,0,0,,,
81.441522209471941,d62bf83a,SessionTracking,Tracking,30.063406,29.9012985,1,,,,,160x90 DepthUint16,"","",0,0,0,,0,,,None,Unavailable,NoWallUnderCrosshair,,,,"NoWallUnderCrosshair",0,,,None,Unavailable,NoWallInView,,,,0.4630745,1.08544135,0.626454055,-0.006155059,-0.154159263,-0.0006150902,0.9880267,0,0,0,0,0,0,,,
81.472741324457957,d62bf83a,SessionTracking,Tracking,30.0628166,29.9012985,1,0.029190625005867332,0.0993055552,0.8684722,1,160x90 DepthUint16,"centre=0 min=523 max=8601 hex=0000 0000 0000 0000 0880","centre=1559 min=1557 max=1962 hex=0624 061C 0617 063A 0737",0,0,0,,0,,,None,Unavailable,NoWallUnderCrosshair,,,,"only 0 valid depth samples under crosshair (433 no-data, 0 out-of-range, 8 low-confidence)",0,,,None,Unavailable,NoWallInView,,,,0.463795424,1.08555114,0.6307028,-0.005972006,-0.1555549,-0.0001897812,0.9878092,0,0,0,0,0,0,283719.254600086,283719.254600086,0.029100260988343507
81.505890907461207,d62bf83a,SessionTracking,Tracking,30.065443,29.9012985,1,0.0324353119940497,0.10125,0.9363195,1,160x90 DepthUint16,"centre=0 min=521 max=8598 hex=0000 0000 0000 0000 087D","centre=1558 min=1556 max=1964 hex=0622 061A 0616 0639 0739",0,0,0,,0,,,None,Unavailable,NoWallUnderCrosshair,,,,"only 0 valid depth samples under crosshair (433 no-data, 0 out-of-range, 8 low-confidence)",0,,,None,Unavailable,NoWallInView,,,,0.4653522,1.085615,0.63422215,-0.00575710135,-0.155431852,-4.309416E-05,0.987829864,0,0,0,0,0,0,283719.288083105,283719.288083105,0.032349062006687745
81.543816845460015,d62bf83a,SessionTracking,Tracking,30.063406,29.9012985,1,0.037223802995868027,0.09819444,0.908055544,1,160x90 DepthUint16,"centre=0 min=516 max=8589 hex=0000 0000 0000 0000 08EE","centre=1550 min=1549 max=1950 hex=061E 0615 060E 062E 071F",0,0,0,,0,,,None,Unavailable,NoWallUnderCrosshair,,,,"only 0 valid depth samples under crosshair (433 no-data, 0 out-of-range, 8 low-confidence)",0,,,None,Unavailable,NoWallInView,,,,0.465866238,1.08591068,0.638876438,-0.00453107851,-0.155478045,0.000185251265,0.98782897,0,0,0,0,0,0,283719.32141018903,283719.32141018903,0.03713546899962239
81.574117470477859,d62bf83a,SessionTracking,Tracking,30.0645981,29.9012985,1,0.029425469023408368,0.166875,0.689305544,1,160x90 DepthUint16,"centre=0 min=512 max=10256 hex=0000 0000 0000 0000 08C2","centre=1541 min=1443 max=1785 hex=0611 060B 0605 0610 0663",0,0,0,,0,,,None,Unavailable,NoWallUnderCrosshair,,,,"only 0 valid depth samples under crosshair (423 no-data, 0 out-of-range, 18 low-confidence)",0,,,None,Unavailable,NoWallInView,,,,0.4665922,1.08615637,0.6436651,-0.00335610681,-0.156154826,0.0002458692,0.987726867,0,0,0,0,0,0,283719.354737272,283719.354737272,0.029334428021684289
81.607841063468868,d62bf83a,SessionTracking,Tracking,30.0650959,29.9012985,1,0.031233906018314883,0.168888882,0.945625,1,160x90 DepthUint16,"centre=0 min=511 max=10261 hex=0000 0000 0000 0000 091C","centre=1532 min=1388 max=1722 hex=0607 0602 05FC 0602 0632",0,0,0,,0,,,None,Unavailable,NoWallUnderCrosshair,,,,"only 0 valid depth samples under crosshair (426 no-data, 0 out-of-range, 15 low-confidence)",0,,,None,Unavailable,NoWallInView,,,,0.470417768,1.08511,0.646350563,-0.00298221456,-0.155198053,-0.0004896224,0.9878788,0,0,0,0,0,0,283719.388307544,283719.388307544,0.031076718005351722
81.6389590324577,d62bf83a,SessionTracking,Tracking,30.0672245,29.9012985,1,0.029810832988005131,0.170486107,0.931875,1,160x90 DepthUint16,"centre=0 min=509 max=10293 hex=0000 0000 0000 0000 0895","centre=1523 min=1339 max=1660 hex=05F8 05F6 05F3 05F6 0609",0,0,0,,0,,,None,Unavailable,NoWallUnderCrosshair,,,,"only 0 valid depth samples under crosshair (429 no-data, 0 out-of-range, 12 low-confidence)",0,,,None,Unavailable,NoWallInView,,,,0.470622152,1.08530223,0.650734067,-0.00164103508,-0.149720609,-0.0009035766,0.9887266,0,0,0,0,0,0,283719.42163462803,283719.42163462803,0.029720572987571359
81.675796480474446,d62bf83a,SessionTracking,Tracking,30.0650749,29.9012985,1,0.0361427080060821,0.219583333,1.04208338,1,160x90 DepthUint16,"centre=0 min=509 max=17237 hex=0000 0000 0000 0E44 0BD1","centre=1602 min=1472 max=1922 hex=064F 0649 0642 064E 06B8",0,0,0,,0,,,None,Unavailable,NoWallUnderCrosshair,,,,"only 0 valid depth samples under crosshair (425 no-data, 0 out-of-range, 16 low-confidence)",0,,,None,Unavailable,NoWallInView,,,,0.4699615,1.08562,0.654961348,0.0003439635,-0.139597222,-0.00108188391,0.990207732,0,0,0,0,0,0,283719.454961711,283719.454961711,0.03605692699784413
81.707468094453134,d62bf83a,SessionTracking,Tracking,30.0663147,29.9012985,1,0.03088182199280709,0.227222219,0.9720139,1,160x90 DepthUint16,"centre=0 min=509 max=17370 hex=0000 0000 0000 138E 0A79","centre=1573 min=1366 max=1724 hex=062F 062B 0625 0622 0622",0,0,0,,0,,,None,Unavailable,NoWallUnderCrosshair,,,,"only 0 valid depth samples under crosshair (425 no-data, 0 out-of-range, 16 low-confidence)",0,,,None,Unavailable,NoWallInView,,,,0.471048385,1.08552611,0.659203053,0.00112397969,-0.129585713,-0.00143411756,0.991566539,0,0,0,0,0,0,283719.488286927,283719.488286927,0.03079380199778825
81.738821897455409,d62bf83a,SessionTracking,Tracking,30.063982,29.9012985,1,0.03029588598292321,0.2325,0.9806945,1,160x90 DepthUint16,"centre=0 min=509 max=17485 hex=0000 0000 0000 1554 0C4C","centre=1569 min=1387 max=1746 hex=062D 0628 0621 0620 062D",0,0,0,,0,,,None,Unavailable,NoWallUnderCrosshair,,,,"only 0 valid depth samples under crosshair (425 no-data, 0 out-of-range, 16 low-confidence)",0,,,None,Unavailable,NoWallInView,,,,0.470505863,1.08568811,0.663315833,0.00167503953,-0.120207883,-0.00141936541,0.9927463,0,0,0,0,0,0,283719.521614011,283719.521614011,0.030152135994285345
81.778033355458092,d62bf83a,SessionTracking,Tracking,30.067955,29.9012985,1,0.038505468983203173,0.275069445,1.71555555,1,160x90 DepthUint16,"centre=0 min=507 max=17560 hex=0000 0000 0000 1605 0D52","centre=1844 min=1682 max=2487 hex=074E 0742 0734 0761 0908",0,0,0,,0,,,None,Unavailable,NoWallUnderCrosshair,,,,"only 0 valid depth samples under crosshair (416 no-data, 0 out-of-range, 25 low-confidence)",0,,,None,Unavailable,NoWallInView,,,,0.47033605,1.08575332,0.667594,0.00159513229,-0.112785392,-0.0015343132,0.993616939,0,0,0,0,0,0,283719.554941094,283719.554941094,0.038421770994318649
81.809197521451779,d62bf83a,SessionTracking,Tracking,30.0631561,29.9012985,1,0.030418644979363307,0.2792361,1.64048612,1,160x90 DepthUint16,"centre=0 min=507 max=17614 hex=0000 0000 0000 10E2 0DCD","centre=1864 min=1853 max=2480 hex=0754 074F 0748 077C 08FC",0,0,0,,0,,,None,Unavailable,NoWallUnderCrosshair,,,,"only 0 valid depth samples under crosshair (411 no-data, 0 out-of-range, 30 low-confidence)",0,,,None,Unavailable,NoWallInView,,,,0.472037882,1.08502233,0.669712961,0.001932919,-0.108100742,-0.00188583136,0.994136333,0,0,0,0,0,0,283719.588005598,283719.588005598,0.03033473898540251
81.840158303475391,d62bf83a,SessionTracking,Tracking,30.0642433,29.9012985,1,0.03019401102210395,0.2825,1.910625,1,160x90 DepthUint16,"centre=0 min=503 max=17646 hex=0000 0000 0000 10AD 0CF7","centre=1865 min=1860 max=2623 hex=0751 074F 0749 0795 09C3",0,0,0,,0,,,None,Unavailable,NoWallUnderCrosshair,,,,"only 0 valid depth samples under crosshair (411 no-data, 0 out-of-range, 30 low-confidence)",0,,,None,Unavailable,NoWallInView,,,,0.47282517,1.08503866,0.6745496,0.00246968516,-0.105634846,-0.001957834,0.9944,0,0,0,0,0,0,283719.621332682,283719.621332682,0.03011234401492402
81.880041688451229,d62bf83a,SessionTracking,Tracking,30.0641232,29.9012985,1,0.039185155997984111,0.315694451,1.68611109,1,160x90 DepthUint16,"centre=0 min=499 max=17667 hex=0000 0000 0000 13CA 0D78","centre=1712 min=1710 max=2480 hex=06C2 06B8 06B0 06EC 08B3",0,0,0,,0,,,None,Unavailable,NoWallUnderCrosshair,,,,"only 0 valid depth samples under crosshair (399 no-data, 0 out-of-range, 42 low-confidence)",0,,,None,Unavailable,NoWallInView,,,,0.473856121,1.08500791,0.6796456,0.00320139527,-0.10438659,-0.00234356523,0.9945289,0,0,0,0,0,0,283719.654659765,283719.654659765,0.039108384982682765
81.910424501463922,d62bf83a,SessionTracking,Tracking,30.0629578,29.9012985,1,0.028856041986728087,0.318819433,1.58180559,1,160x90 DepthUint16,"centre=0 min=494 max=17725 hex=0000 0000 0000 1BF9 0DD6","centre=1704 min=1639 max=2442 hex=06C8 06B8 06A8 06D8 0856",0,0,0,,0,,,None,Unavailable,NoWallUnderCrosshair,,,,"only 0 valid depth samples under crosshair (399 no-data, 0 out-of-range, 42 low-confidence)",0,,,None,Unavailable,NoWallInView,,,,0.4749938,1.085307,0.685421765,0.00510651246,-0.10207589,-0.002402097,0.994760633,0,0,0,0,0,0,283719.687876796,283719.687876796,0.02841734400135465
81.942083459467312,d62bf83a,SessionTracking,Tracking,30.064167,29.9012985,1,0.030825155990896747,0.31694445,1.86291671,1,160x90 DepthUint16,"centre=0 min=490 max=17754 hex=0000 0000 0000 1AFE 0D66","centre=1679 min=1621 max=2377 hex=06B0 069F 068F 06BF 0824",0,0,0,,0,,,None,Unavailable,NoWallUnderCrosshair,,,,"only 0 valid depth samples under crosshair (406 no-data, 0 out-of-range, 35 low-confidence)",0,,,None,Unavailable,NoWallInView,,,,0.475943536,1.08536327,0.6903732,0.00585092232,-0.100095689,-0.00238108635,0.994957745,0,0,0,0,0,0,283719.72120388004,283719.72120388004,0.030743281007744372
81.980055803465575,d62bf83a,SessionTracking,Tracking,30.062355,29.9012985,1,0.03719505199114792,0.401597232,1.68152773,1,160x90 DepthUint16,"centre=0 min=469 max=30067 hex=0000 0000 0000 2051 0D6C","centre=1534 min=1369 max=1998 hex=0608 0603 05FE 062B 0729",0,0,0,,0,,,None,Unavailable,NoWallUnderCrosshair,,,,"only 0 valid depth samples under crosshair (399 no-data, 0 out-of-range, 42 low-confidence)",0,,,None,Unavailable,NoWallInView,,,,0.476821542,1.08547819,0.6951742,0.006405875,-0.09747434,-0.00216439366,0.995215058,0,0,0,0,0,0,283719.754530963,283719.754530963,0.037112708989297971
82.010962209463969,d62bf83a,SessionTracking,Tracking,30.0637245,29.9012985,1,0.030220104003092274,0.403680563,1.6718055,1,160x90 DepthUint16,"centre=0 min=463 max=30028 hex=0000 0000 0000 1738 0D69","centre=1573 min=1387 max=2056 hex=0643 0634 0625 0652 0772",0,0,0,,0,,,None,Unavailable,NoWallUnderCrosshair,,,,"only 0 valid depth samples under crosshair (399 no-data, 0 out-of-range, 42 low-confidence)",0,,,None,Unavailable,NoWallInView,,,,0.474081844,1.0857718,0.7010664,0.006607693,-0.0961783752,-0.0016898812,0.995340765,0,0,0,0,0,0,283719.787976887,283719.787976887,0.030007969005964696
82.042920386451215,d62bf83a,SessionTracking,Tracking,30.0621758,29.9012985,1,0.031119322986342013,0.401388884,1.80263889,1,160x90 DepthUint16,"centre=0 min=458 max=30065 hex=0000 0000 0000 157F 0D7D","centre=1549 min=1306 max=1862 hex=061A 0613 060D 062A 06B0",0,0,0,,0,,,None,Unavailable,NoWallUnderCrosshair,,,,"only 0 valid depth samples under crosshair (396 no-data, 0 out-of-range, 45 low-confidence)",0,,,None,Unavailable,NoWallInView,,,,0.475523174,1.08588386,0.7059816,0.0058854376,-0.09752833,-0.00178316247,0.9952138,0,0,0,0,0,0,283719.821303971,283719.821303971,0.031008020974695683
82.076535542469855,d62bf83a,SessionTracking,Tracking,30.05713,29.9012985,1,0.032904271007282659,0.461041659,1.951875,1,160x90 DepthUint16,"centre=0 min=453 max=30187 hex=0000 0000 0000 1CD7 0E2E","centre=1488 min=1481 max=2591 hex=05DD 05D5 05D0 0632 0895",0,0,0,,0,,,None,Unavailable,NoWallUnderCrosshair,,,,"only 0 valid depth samples under crosshair (379 no-data, 2 out-of-range, 60 low-confidence)",0,,,None,Unavailable,NoWallInView,,,,0.477670372,1.08601749,0.7111112,0.004796621,-0.102366589,-0.00199663662,0.9947332,0,0,0,0,0,0,283719.85463105404,283719.85463105404,0.032819375017425045
82.108122782464989,d62bf83a,SessionTracking,Tracking,30.0637379,29.9012985,1,0.030155156011460349,0.461041659,1.86875,1,160x90 DepthUint16,"centre=0 min=449 max=30357 hex=0000 0000 0000 1BD3 0D83","centre=1478 min=1476 max=2167 hex=05D2 05CA 05C6 05FA 0756",0,0,0,,0,,,None,Unavailable,NoWallUnderCrosshair,,,,"only 0 valid depth samples under crosshair (355 no-data, 0 out-of-range, 86 low-confidence)",0,,,None,Unavailable,NoWallInView,,,,0.489190251,1.090459,0.715920746,0.00450621545,-0.110029742,-0.00246152282,0.9939151,0,0,0,0,0,0,283719.888708296,283719.888708296,0.029983802000060678
82.145427626473747,d62bf83a,SessionTracking,Tracking,30.06056,29.9012985,1,0.036499270994681865,0.46,1.92972219,1,160x90 DepthUint16,"centre=0 min=443 max=30511 hex=0000 0000 0000 14DA 0D47","centre=1489 min=1482 max=2603 hex=05DE 05D5 05D1 0636 08D7",0,0,0,,0,,,None,Unavailable,NoWallUnderCrosshair,,,,"only 0 valid depth samples under crosshair (361 no-data, 0 out-of-range, 80 low-confidence)",0,,,None,Unavailable,NoWallInView,,,,0.492304265,1.09088647,0.72118926,0.00410886854,-0.117249407,-0.00268319249,0.9930904,0,0,0,0,0,0,283719.92203538003,283719.92203538003,0.036222032009391114
82.176720126477221,d62bf83a,SessionTracking,Tracking,30.0630722,29.9012985,1,0.030488855001749471,0.513958335,1.85277772,1,160x90 DepthUint16,"centre=0 min=437 max=30691 hex=0000 0000 0000 132B 0CD1","centre=1490 min=1490 max=2380 hex=05F8 05E5 05D2 0609 07AC",0,0,0,,0,,,None,Unavailable,NoWallUnderCrosshair,,,,"only 0 valid depth samples under crosshair (350 no-data, 0 out-of-range, 91 low-confidence)",0,,,None,Unavailable,NoWallInView,,,,0.4956884,1.09134471,0.726686239,0.00373335555,-0.126009867,-0.002849251,0.992017865,0,0,0,0,0,0,283719.955362463,283719.955362463,0.030405053024878725
82.208427001463633,d62bf83a,SessionTracking,Tracking,30.0611267,30.13879,1,0.030911510984878987,0.5086111,1.73305559,1,160x90 DepthUint16,"centre=0 min=427 max=30885 hex=0000 0000 0000 1140 0E7D","centre=1605 min=1513 max=5501 hex=0642 063E 0645 0785 0EC8",0,0,0,,0,,,None,Unavailable,NoWallUnderCrosshair,,,,"only 0 valid depth samples under crosshair (351 no-data, 0 out-of-range, 90 low-confidence)",0,,,None,Unavailable,NoWallInView,,,,0.498766959,1.09167826,0.735660136,0.0033974275,-0.136168,-0.00299045444,0.990675449,0,0,0,0,0,0,283719.988682487,283719.988682487,0.030826614995021373
82.245239865474787,d62bf83a,SessionTracking,Tracking,30.06224,30.13879,1,0.035922239010687917,0.5022917,1.733125,1,160x90 DepthUint16,"centre=0 min=421 max=31085 hex=0000 0000 0000 0E9B 0E82","centre=1638 min=1545 max=5537 hex=065A 0659 0666 07A3 0F0E",0,0,0,,0,,,None,Unavailable,NoWallUnderCrosshair,,,,"only 0 valid depth samples under crosshair (339 no-data, 6 out-of-range, 96 low-confidence)",0,,,None,Unavailable,NoWallInView,,,,0.5024607,1.09212077,0.7412012,0.00214893371,-0.146392465,-0.00336664915,0.989218533,0,0,0,0,0,0,283720.022009571,283720.022009571,0.035812500020256266
82.2755287194775,d62bf83a,SessionTracking,Tracking,30.0628872,30.13879,1,0.02943453102489002,0.5542361,1.57375,1,160x90 DepthUint16,"centre=0 min=416 max=36160 hex=0000 0000 0000 0E58 191B","centre=1679 min=1566 max=5664 hex=067E 067F 068F 07CC 0EF7",0,0,0,,0,,,None,Unavailable,NoWallUnderCrosshair,,,,"only 0 valid depth samples under crosshair (308 no-data, 28 out-of-range, 105 low-confidence)",0,,,None,Unavailable,NoWallInView,,,,0.505730867,1.09269989,0.7465251,0.00114605576,-0.1537998,-0.00367486477,0.988094568,0,0,0,0,0,0,283720.055336654,283720.055336654,0.029351823002798483
82.30755939646383,d62bf83a,SessionTracking,Tracking,30.0641365,30.13879,1,0.031302031013183296,0.5470833,1.4580555,1,160x90 DepthUint16,"centre=0 min=411 max=35973 hex=0000 0000 0000 0E3C 105E","centre=1435 min=1276 max=1517 hex=05A5 05A0 059B 059B 059E",0,0,0,,0,,,None,Unavailable,NoWallUnderCrosshair,,,,"only 0 valid depth samples under crosshair (305 no-data, 28 out-of-range, 108 low-confidence)",0,,,None,Unavailable,NoWallInView,,,,0.50864625,1.09350085,0.751201749,0.00114823878,-0.156933531,-0.003564924,0.9876021,0,0,0,0,0,0,283720.08866755,283720.08866755,0.031215155991958454
82.3482764804537,d62bf83a,SessionTracking,Tracking,30.0644932,30.13879,1,0.040002864989219233,0.546180546,1.5240972,1,160x90 DepthUint16,"centre=0 min=407 max=36029 hex=0000 0000 0000 0E36 1055","centre=1444 min=1395 max=1778 hex=05AB 05A7 05A4 05B3 0640",0,0,0,,0,,,None,Unavailable,NoWallUnderCrosshair,,,,"only 0 valid depth samples under crosshair (300 no-data, 28 out-of-range, 113 low-confidence)",0,,,None,Unavailable,NoWallInView,,,,0.511258066,1.094225,0.7561258,0.000891603529,-0.159328431,-0.00308436155,0.9872204,0,0,0,0,0,0,283720.12199463404,283720.12199463404,0.039918281981954351
82.380101688471541,d62bf83a,SessionTracking,Tracking,30.063015,30.13879,1,0.030812292010523379,0.5981944,1.51479161,1,160x90 DepthUint16,"centre=0 min=402 max=39876 hex=0000 0000 0000 0E4A 1729","centre=1520 min=1493 max=2682 hex=05F6 05F4 05F0 064C 0869",0,0,0,,0,,,None,Unavailable,NoWallUnderCrosshair,,,,"only 0 valid depth samples under crosshair (279 no-data, 45 out-of-range, 117 low-confidence)",0,,,None,Unavailable,NoWallInView,,,,0.514138341,1.09499133,0.7611734,0.000777453242,-0.162877873,-0.0025198462,0.9866427,0,0,0,0,0,0,283720.15532171703,283720.15532171703,0.030710156017448753
82.419294969473185,d62bf83a,SessionTracking,Tracking,30.0637379,30.13879,1,0.03844109401688911,0.588472247,1.38666666,1,160x90 DepthUint16,"centre=0 min=398 max=39772 hex=0000 081A 0000 0F6A 113D","centre=1525 min=1494 max=2756 hex=05F9 05F7 05F5 0657 0897",0,0,0,,0,,,None,Unavailable,NoWallUnderCrosshair,,,,"only 0 valid depth samples under crosshair (248 no-data, 44 out-of-range, 149 low-confidence)",0,,,None,Unavailable,NoWallInView,,,,0.5170535,1.09559691,0.765329063,0.00105882448,-0.166874453,-0.00205430412,0.985975444,0,0,0,0,0,0,283720.18863316503,283720.18863316503,0.038355156022589654
82.441071896467975,d62bf83a,SessionTracking,Tracking,30.0641155,30.13879,1,0.021008228999562562,0.5779167,1.3725,1,160x90 DepthUint16,"centre=0 min=398 max=39653 hex=0000 0816 0000 0FE3 1238","centre=1488 min=1468 max=2443 hex=05E0 05D8 05D0 0609 074C",0,0,0,,0,,,None,Unavailable,NoWallUnderCrosshair,,,,"only 0 valid depth samples under crosshair (239 no-data, 45 out-of-range, 157 low-confidence)",0,,,None,Unavailable,NoWallInView,,,,0.520256162,1.09636676,0.7706993,0.00121364743,-0.171640277,-0.00172194839,0.9851575,0,0,0,0,0,0,283720.221960249,283720.221960249,0.020930781000060961
82.47360444846322,d62bf83a,SessionTracking,Tracking,30.0647449,30.13879,1,0.031719479011371732,0.642430544,1.31083333,1,160x90 DepthUint16,"centre=0 min=395 max=39418 hex=0761 0814 0000 0F90 12A7","centre=1528 min=1515 max=2982 hex=0614 0608 05F8 0665 091F",0,0,0,,0,,,None,Unavailable,NoWallUnderCrosshair,,,,"only 0 valid depth samples under crosshair (206 no-data, 58 out-of-range, 177 low-confidence)",0,,,None,Unavailable,NoWallInView,,,,0.523645043,1.097177,0.776164234,0.00129827124,-0.176675335,-0.00116819155,0.984267652,0,0,0,0,0,0,283720.255287332,283720.255287332,0.031631927005946636
82.505232990460854,d62bf83a,SessionTracking,Tracking,30.06324,30.13879,1,0.027974427008302882,0.638541639,1.3415972,1,160x90 DepthUint16,"centre=0 min=390 max=39309 hex=075D 083C 0000 0F3D 1551","centre=1577 min=1562 max=5962 hex=066E 0647 0629 06F0 0D5E",0,0,0,,0,,,None,Unavailable,NoWallUnderCrosshair,,,,"only 0 valid depth samples under crosshair (208 no-data, 55 out-of-range, 178 low-confidence)",0,,,None,Unavailable,NoWallInView,,,,0.5269231,1.09815812,0.781350136,0.00140556693,-0.180910632,-0.0007160008,0.983498335,0,0,0,0,0,0,283720.288524082,283720.288524082,0.027811198000563309
82.547177313452039,d62bf83a,SessionTracking,Tracking,30.0639381,30.13879,1,0.041080572991631925,0.6321528,1.2415278,1,160x90 DepthUint16,"centre=0 min=386 max=39334 hex=0759 0A4E 0000 0EA3 15D4","centre=1509 min=1483 max=5454 hex=0613 05F7 05E5 065C 0B5D",0,0,0,,0,,,None,Unavailable,NoWallUnderCrosshair,,,,"only 0 valid depth samples under crosshair (222 no-data, 50 out-of-range, 169 low-confidence)",0,,,None,Unavailable,NoWallInView,,,,0.530181468,1.09901881,0.786713243,0.00136163086,-0.183898687,-0.000419855118,0.98294425,0,0,0,0,0,0,283720.321851166,283720.321851166,0.040998072974616662
82.5774928344506,d62bf83a,SessionTracking,Tracking,30.0639248,30.13879,1,0.029624635993968695,0.6855556,1.34388888,1,160x90 DepthUint16,"centre=0 min=392 max=39121 hex=0756 10EE 0000 0E7F 18B9","centre=1583 min=1577 max=6008 hex=068F 0659 062F 06FA 0D90",0,0,0,,0,,,None,Unavailable,NoWallUnderCrosshair,,,,"only 0 valid depth samples under crosshair (205 no-data, 45 out-of-range, 191 low-confidence)",0,,,None,Unavailable,NoWallInView,,,,0.5334194,1.09992814,0.7920294,0.00146597624,-0.186252445,-0.000210642815,0.982500851,0,0,0,0,0,0,283720.355178249,283720.355178249,0.029537968977820128
82.608242209451191,d62bf83a,SessionTracking,Tracking,30.0634365,30.13879,1,0.029958801984321326,0.686041653,1.51152778,1,160x90 DepthUint16,"centre=0 min=389 max=39072 hex=0751 1BF9 0000 0E7A 18B7","centre=1599 min=1594 max=5660 hex=068D 065E 063F 072C 0DC6",0,0,0,,0,,,None,Unavailable,NoWallUnderCrosshair,,,,"only 0 valid depth samples under crosshair (203 no-data, 44 out-of-range, 194 low-confidence)",0,,,None,Unavailable,NoWallInView,,,,0.536574066,1.10099244,0.7969112,0.00156842929,-0.1882077,0.000237315908,0.982127964,0,0,0,0,0,0,283720.388643443,283720.388643443,0.029881874972488731
82.640946532457519,d62bf83a,SessionTracking,Tracking,30.06425,30.13879,1,0.032030625006882474,0.68125,1.429236,1,160x90 DepthUint16,"centre=0 min=384 max=39065 hex=074B 2A02 0000 0D1F 1738","centre=1599 min=1567 max=5723 hex=066B 0651 063F 0723 0D76",0,0,0,,0,,,None,Unavailable,NoWallUnderCrosshair,,,,"only 0 valid depth samples under crosshair (204 no-data, 40 out-of-range, 197 low-confidence)",0,,,None,Unavailable,NoWallInView,,,,0.5399202,1.10206175,0.802401841,0.002123259,-0.189796865,0.000762939453,0.981820762,0,0,0,0,0,0,283720.42197052704,283720.42197052704,0.031948072981322184
82.681417261457455,d62bf83a,SessionTracking,Tracking,30.0637245,30.13879,1,0.039721301989629865,0.7260417,1.14576387,1,160x90 DepthUint16,"centre=0 min=382 max=38959 hex=0746 34E8 0000 0BC7 18C1","centre=1571 min=1537 max=5689 hex=0650 0634 0623 06FB 0D15",0,0,0,,0,,,None,Unavailable,NoWallUnderCrosshair,,,,"only 0 valid depth samples under crosshair (177 no-data, 42 out-of-range, 222 low-confidence)",0,,,None,Unavailable,NoWallInView,,,,0.543520868,1.103122,0.8079886,0.00255160034,-0.192132249,0.00118392706,0.981365,0,0,0,0,0,0,283720.45529761,283720.45529761,0.039592343993717805
82.7100548654596,d62bf83a,SessionTracking,Tracking,30.0635128,30.13879,1,0.026308437983971089,0.719444454,1.29305553,1,160x90 DepthUint16,"centre=0 min=377 max=38849 hex=0742 1836 0000 0BC3 1851","centre=2029 min=2029 max=3406 hex=0816 0807 07ED 0838 0B00",0,0,0,,0,,,None,Unavailable,NoWallUnderCrosshair,,,,"only 0 valid depth samples under crosshair (180 no-data, 35 out-of-range, 226 low-confidence)",0,,,None,Unavailable,NoWallInView,,,,0.547359765,1.1039623,0.8141785,0.00261623412,-0.195310444,0.00156655908,0.980736732,0,0,0,0,0,0,283720.48863222904,283720.48863222904,0.026188072981312871
82.741788407470949,d62bf83a,SessionTracking,Tracking,30.0638733,30.13879,1,0.0306468750059139,0.711944461,1.39548612,1,160x90 DepthUint16,"centre=0 min=372 max=38704 hex=073C 182F 0000 0C0C 15C8","centre=1543 min=1521 max=3121 hex=061A 0610 0607 0692 09AF",0,0,0,,0,,,None,Unavailable,NoWallUnderCrosshair,,,,"only 0 valid depth samples under crosshair (185 no-data, 35 out-of-range, 221 low-confidence)",0,,,None,Unavailable,NoWallInView,,,,0.551288843,1.10503793,0.8202495,0.00329460949,-0.199462235,0.00204616785,0.979897857,0,0,0,0,0,0,283720.521959313,283720.521959313,0.030562188010662794
82.77968694846254,d62bf83a,SessionTracking,Tracking,30.0630512,30.13879,1,0.03718916600337252,0.702638865,1.37638891,1,160x90 DepthUint16,"centre=0 min=372 max=38551 hex=0737 1562 0000 0CFE 169D","centre=1434 min=1310 max=1952 hex=059C 059C 059A 05B4 0623",0,0,0,,0,,,None,Unavailable,NoWallUnderCrosshair,,,,"only 0 valid depth samples under crosshair (188 no-data, 28 out-of-range, 225 low-confidence)",0,,,None,Unavailable,NoWallInView,,,,0.555300832,1.10616744,0.8265305,0.00407584058,-0.203735381,0.002589375,0.9790141,0,0,0,0,0,0,283720.555286396,283720.555286396,0.037099270994076505
82.8149557504546,d62bf83a,SessionTracking,Tracking,30.062809,30.13879,1,0.034591301984619349,0.695694447,1.28243053,1,160x90 DepthUint16,"centre=0 min=383 max=38429 hex=0734 1533 0000 0D4C 17A9","centre=1510 min=1478 max=2949 hex=05F3 05ED 05E6 0641 0823",0,0,0,,0,,,None,Unavailable,NoWallUnderCrosshair,,,,"only 0 valid depth samples under crosshair (189 no-data, 23 out-of-range, 229 low-confidence)",0,,,None,Unavailable,NoWallInView,,,,0.5594655,1.10718012,0.8318987,0.00411994057,-0.207770869,0.002956629,0.9781644,0,0,0,0,0,0,283720.588641776,283720.588641776,0.034511613979702815
82.841600490475457,d62bf83a,SessionTracking,Tracking,30.0621834,30.13879,1,0.026028749998658895,0.689513862,1.30645835,1,160x90 DepthUint16,"centre=0 min=379 max=38319 hex=0731 1519 0000 0DDC 190D","centre=1535 min=1496 max=3299 hex=060F 0609 05FF 0672 08FF",0,0,0,,0,,,None,Unavailable,NoWallUnderCrosshair,,,,"only 0 valid depth samples under crosshair (186 no-data, 25 out-of-range, 230 low-confidence)",0,,,None,Unavailable,NoWallInView,,,,0.563471556,1.108291,0.8380349,0.004023329,-0.210598975,0.003450543,0.9775582,0,0,0,0,0,0,283720.62196886004,283720.62196886004,0.025965625012759119
82.880447625477018,d62bf83a,SessionTracking,Tracking,30.0611,30.13879,1,0.038130312022985891,0.6871528,1.30923617,1,160x90 DepthUint16,"centre=0 min=373 max=38328 hex=072E 1518 0000 0DB2 18E3","centre=1889 min=1882 max=3538 hex=0794 0780 0761 079F 0994",0,0,0,,0,,,None,Unavailable,NoWallUnderCrosshair,,,,"only 0 valid depth samples under crosshair (178 no-data, 25 out-of-range, 238 low-confidence)",0,,,None,Unavailable,NoWallInView,,,,0.567267239,1.10937572,0.84406364,0.003543027,-0.211357251,0.004253388,0.9773932,0,0,0,0,0,0,283720.65555276204,283720.65555276204,0.03804416602361016
82.911858042472659,d62bf83a,SessionTracking,Tracking,30.0640583,30.13879,1,0.030461301998002455,0.67854166,1.216389,1,160x90 DepthUint16,"centre=0 min=388 max=38417 hex=0755 152A 0000 0E50 1A3E","centre=1490 min=1481 max=2564 hex=05E9 05DE 05D2 0613 0776",0,0,0,,0,,,None,Unavailable,NoWallUnderCrosshair,,,,"only 0 valid depth samples under crosshair (219 no-data, 23 out-of-range, 199 low-confidence)",0,,,None,Unavailable,NoWallInView,,,,0.564149737,1.10845363,0.8116824,0.0009988621,-0.213343978,0.0049007833,0.976964355,0,0,0,0,0,0,283720.690291835,283720.690291835,0.030352447996847332
82.94284491747726,d62bf83a,SessionTracking,Tracking,30.0634327,30.13879,1,0.030271875002654269,0.669791639,1.20534718,1,160x90 DepthUint16,"centre=0 min=420 max=38331 hex=0754 1520 0000 0E9B 1BCC","centre=1538 min=1525 max=2996 hex=061A 060E 0602 0684 093F",0,0,0,,0,,,None,Unavailable,NoWallUnderCrosshair,,,,"only 0 valid depth samples under crosshair (216 no-data, 20 out-of-range, 205 low-confidence)",0,,,None,Unavailable,NoWallInView,,,,0.5684819,1.10948586,0.8170364,0.0001707077,-0.217066288,0.00521630049,0.9761429,0,0,0,0,0,0,283720.724588632,283720.724588632,0.030187396012479439
82.97428606346125,d62bf83a,SessionTracking,Tracking,30.06324,30.13879,1,0.0307097919867374,0.6654861,1.199375,1,160x90 DepthUint16,"centre=0 min=412 max=38230 hex=0751 1520 0000 0F5A 1B67","centre=1430 min=1332 max=1865 hex=059D 059A 0596 05AB 060A",0,0,0,,0,,,None,Unavailable,NoWallUnderCrosshair,,,,"only 0 valid depth samples under crosshair (214 no-data, 22 out-of-range, 205 low-confidence)",0,,,None,Unavailable,NoWallInView,,,,0.5725641,1.1106261,0.82235074,0.000401332974,-0.21932365,0.004970163,0.975639462,0,0,0,0,0,0,283720.75791571505,283720.75791571505,0.030622916994616389
83.0062042924726,d62bf83a,SessionTracking,Tracking,30.0637684,30.13879,1,0.031138073012698442,0.659444451,1.22125,1,160x90 DepthUint16,"centre=0 min=392 max=38183 hex=0753 1523 0000 0FCB 1AF3","centre=1526 min=1524 max=2838 hex=060E 0601 05F6 0675 0919",0,0,0,,0,,,None,Unavailable,NoWallUnderCrosshair,,,,"only 0 valid depth samples under crosshair (215 no-data, 19 out-of-range, 207 low-confidence)",0,,,None,Unavailable,NoWallInView,,,,0.5772775,1.111518,0.8256511,-2.67103314E-05,-0.222070754,0.00478971,0.9750188,0,0,0,0,0,0,283720.79139543005,283720.79139543005,0.031053020997205749
83.043061115462251,d62bf83a,SessionTracking,Tracking,30.0647049,30.13879,1,0.036135834001470357,0.6571528,1.17236114,1,160x90 DepthUint16,"centre=0 min=392 max=38149 hex=0753 1523 0000 0F65 1AC9","centre=1860 min=1818 max=12423 hex=0748 073A 0744 08CC 10DC",0,0,0,,0,,,None,Unavailable,NoWallUnderCrosshair,,,,"only 0 valid depth samples under crosshair (211 no-data, 20 out-of-range, 210 low-confidence)",0,,,None,Unavailable,NoWallInView,,,,0.581485868,1.11256361,0.8310993,-0.00105978549,-0.223836511,0.005091846,0.974612832,0,0,0,0,0,0,283720.824722514,283720.824722514,0.036047292000148445
83.076117261461832,d62bf83a,SessionTracking,Tracking,30.0639572,30.13879,1,0.031931042001815513,0.64875,1.21506941,1,160x90 DepthUint16,"centre=0 min=387 max=38031 hex=0750 1529 0000 10C1 1A7B","centre=2011 min=1925 max=3304 hex=0850 081C 07DB 07F7 096C",0,0,0,,0,,,None,Unavailable,NoWallUnderCrosshair,,,,"only 0 valid depth samples under crosshair (205 no-data, 18 out-of-range, 218 low-confidence)",0,,,None,Unavailable,NoWallInView,,,,0.585942,1.11373222,0.8368309,-0.00118311506,-0.227167621,0.00554058,0.9738392,0,0,0,0,0,0,283720.858049597,283720.858049597,0.031761197984451428
83.10819418845108,d62bf83a,SessionTracking,Tracking,30.06342,30.13879,1,0.031327239994425327,0.6402083,1.19736111,1,160x90 DepthUint16,"centre=0 min=366 max=37931 hex=30B1 0000 0000 0E7C 1751","centre=1512 min=1508 max=2845 hex=060B 05FA 05E8 0647 082F",0,0,0,,0,,,None,Unavailable,NoWallUnderCrosshair,,,,"only 0 valid depth samples under crosshair (228 no-data, 15 out-of-range, 198 low-confidence)",0,,,None,Unavailable,NoWallInView,,,,0.5906464,1.11488736,0.840655148,-0.00198262185,-0.231139719,0.00592893362,0.9729005,0,0,0,0,0,0,283720.891424636,283720.891424636,0.031243906996678561
83.146148771458456,d62bf83a,SessionTracking,Tracking,30.063179,30.13879,1,0.037066822987981141,0.640138865,1.18618059,1,160x90 DepthUint16,"centre=0 min=364 max=37909 hex=30B9 0000 0000 0DCE 174C","centre=1507 min=1504 max=2750 hex=0619 05FF 05E3 063F 0833",0,0,0,,0,,,None,Unavailable,NoWallUnderCrosshair,,,,"only 0 valid depth samples under crosshair (215 no-data, 12 out-of-range, 214 low-confidence)",0,,,None,Unavailable,NoWallInView,,,,0.594867051,1.11602557,0.846306443,-0.00234306627,-0.2326582,0.00619506929,0.972536,0,0,0,0,0,0,283720.92475172004,283720.92475172004,0.03698416700353846
83.176940958455589,d62bf83a,SessionTracking,Tracking,30.06418,30.13879,1,0.029899426997872069,0.6357639,1.19652772,1,160x90 DepthUint16,"centre=0 min=361 max=35369 hex=30B2 0000 0000 0DB4 19B1","centre=1524 min=1521 max=2958 hex=062F 0612 05F4 066D 08FE",0,0,0,,0,,,None,Unavailable,NoWallUnderCrosshair,,,,"only 0 valid depth samples under crosshair (206 no-data, 12 out-of-range, 223 low-confidence)",0,,,None,Unavailable,NoWallInView,,,,0.599262655,1.11721885,0.8521037,-0.0022850635,-0.234822,0.006483198,0.9720141,0,0,0,0,0,0,283720.958078803,283720.958078803,0.029792030982207507
83.208440490477869,d62bf83a,SessionTracking,Tracking,30.0645714,29.9995956,1,0.030808438023086637,0.630625,1.15909719,1,160x90 DepthUint16,"centre=0 min=354 max=35207 hex=3141 0000 0000 0D6C 1770","centre=1466 min=1463 max=2351 hex=05DF 05CD 05BA 05FC 075A",0,0,0,,0,,,None,Unavailable,NoWallUnderCrosshair,,,,"only 0 valid depth samples under crosshair (193 no-data, 8 out-of-range, 240 low-confidence)",0,,,None,Unavailable,NoWallInView,,,,0.6036254,1.1190064,0.860114,-0.00335034751,-0.237028822,0.00648877071,0.9714752,0,0,0,0,0,0,283720.991416366,283720.991416366,0.030676719004986808
83.2442879904736,d62bf83a,SessionTracking,Tracking,30.0645561,29.9995956,1,0.035104479000438005,0.6279167,1.15694439,1,160x90 DepthUint16,"centre=0 min=353 max=35144 hex=3172 0000 0000 0D42 1773","centre=1496 min=1492 max=2803 hex=05FB 05E9 05D8 0636 081D",0,0,0,,0,,,None,Unavailable,NoWallUnderCrosshair,,,,"only 0 valid depth samples under crosshair (184 no-data, 7 out-of-range, 250 low-confidence)",0,,,None,Unavailable,NoWallInView,,,,0.6084057,1.12011373,0.86623013,-0.003570587,-0.2399133,0.006314666,0.97076726,0,0,0,0,0,0,283721.02474345,283721.02474345,0.035021874995436519
83.277355125468375,d62bf83a,SessionTracking,Tracking,30.0640316,29.9995956,1,0.0321839060052298,0.617777765,1.13645828,1,160x90 DepthUint16,"centre=0 min=354 max=35072 hex=2C48 0000 0000 0ED9 1784","centre=1513 min=1507 max=2840 hex=0609 05FA 05E9 0640 07E9",0,0,0,,0,,,None,Unavailable,NoWallUnderCrosshair,,,,"only 0 valid depth samples under crosshair (184 no-data, 4 out-of-range, 253 low-confidence)",0,,,None,Unavailable,NoWallInView,,,,0.613295734,1.12134838,0.87273854,-0.00295887887,-0.243662372,0.00617435575,0.969836,0,0,0,0,0,0,283721.05807053304,283721.05807053304,0.0320829690026585
83.310511479477782,d62bf83a,SessionTracking,Tracking,30.06404,29.9995956,1,0.03232265601400286,0.6057639,1.1604861,1,160x90 DepthUint16,"centre=0 min=351 max=35100 hex=2C44 0000 0000 0EB3 17FD","centre=1499 min=1490 max=2754 hex=0607 05F0 05DB 0635 07DD",0,0,0,,0,,,None,Unavailable,NoWallUnderCrosshair,,,,"only 0 valid depth samples under crosshair (188 no-data, 1 out-of-range, 252 low-confidence)",0,,,None,Unavailable,NoWallInView,,,,0.6190869,1.12136579,0.875037134,-0.00247022533,-0.2482966,0.006302208,0.9686604,0,0,0,0,0,0,283721.09139353305,283721.09139353305,0.032240156026091427
83.344864656453638,d62bf83a,SessionTracking,Tracking,30.06404,29.9995956,1,0.03351348897558637,0.5978472,1.1781944,1,160x90 DepthUint16,"centre=0 min=347 max=34956 hex=0000 0000 0000 0E5B 189D","centre=1507 min=1500 max=2825 hex=0602 05F1 05E3 0648 0819",0,0,0,,0,,,None,Unavailable,NoWallUnderCrosshair,,,,"only 0 valid depth samples under crosshair (186 no-data, 0 out-of-range, 255 low-confidence)",0,,,None,Unavailable,NoWallInView,,,,0.6242296,1.12253082,0.8817317,-0.0022632333,-0.252925366,0.006498308,0.967461348,0,0,0,0,0,0,283721.12502614304,283721.12502614304,0.033424842986278236
83.3764958024583,d62bf83a,SessionTracking,Tracking,30.06352,29.9995956,1,0.030896198004484177,0.5940972,1.16083336,1,160x90 DepthUint16,"centre=0 min=344 max=34832 hex=0000 0000 0000 0D90 18A3","centre=1474 min=1469 max=2506 hex=05F1 05D9 05C2 0616 07B6",0,0,0,,0,,,None,Unavailable,NoWallUnderCrosshair,,,,"only 0 valid depth samples under crosshair (181 no-data, 0 out-of-range, 260 low-confidence)",0,,,None,Unavailable,NoWallInView,,,,0.6290896,1.123674,0.8881499,-0.00230054581,-0.2550821,0.006717832,0.9668933,0,0,0,0,0,0,283721.158353226,283721.158353226,0.030815728998277336
83.409913615472533,d62bf83a,SessionTracking,Tracking,30.0623283,29.9995956,1,0.032607032015221193,0.5915972,1.14875,1,160x90 DepthUint16,"centre=0 min=342 max=34720 hex=0000 0000 0000 0D39 189F","centre=30924 min=4549 max=32703 hex=7ED5 7CC2 78CC 65DF 2807",0,0,0,,0,,,None,Unavailable,NoWallUnderCrosshair,,,,"only 0 valid depth samples under crosshair (165 no-data, 0 out-of-range, 276 low-confidence)",0,,,None,Unavailable,NoWallInView,,,,0.6351886,1.12299848,0.893664837,-0.00254091644,-0.2562342,0.00693169329,0.9665866,0,0,0,0,0,0,283721.19172263,283721.19172263,0.032524895999813452
83.440800177460687,d62bf83a,SessionTracking,Tracking,30.0612679,29.9995956,1,0.030104061996098608,0.5890972,1.16444445,1,160x90 DepthUint16,"centre=0 min=351 max=34742 hex=0000 0000 0000 0CD9 18AA","centre=26378 min=4361 max=27612 hex=6B5A 69F6 670A 571E 23E5",0,0,0,,0,,,None,Unavailable,NoWallUnderCrosshair,,,,"only 0 valid depth samples under crosshair (165 no-data, 0 out-of-range, 276 low-confidence)",0,,,None,Unavailable,NoWallInView,,,,0.6401736,1.12413406,0.8999441,-0.00271938741,-0.257919073,0.00723484159,0.9661356,0,0,0,0,0,0,283721.225350812,283721.225350812,0.030016042001079768
83.478649448461283,d62bf83a,SessionTracking,Tracking,30.05828,29.9995956,1,0.037123905989574268,0.585555553,1.154375,1,160x90 DepthUint16,"centre=0 min=351 max=34692 hex=0000 0000 0000 0C8C 18F4","centre=28472 min=4498 max=29956 hex=7471 72C3 6F38 5D24 2622",0,0,0,,0,,,None,Unavailable,NoWallUnderCrosshair,,,,"only 0 valid depth samples under crosshair (149 no-data, 0 out-of-range, 292 low-confidence)",0,,,None,Unavailable,NoWallInView,,,,0.6452488,1.12528968,0.906278968,-0.00297586666,-0.259862036,0.007654191,0.965610862,0,0,0,0,0,0,283721.258677895,283721.258677895,0.037035989982541651
83.510210385462187,d62bf83a,SessionTracking,Tracking,30.0634556,29.9995956,1,0.030572968011256307,0.5827778,1.151875,1,160x90 DepthUint16,"centre=0 min=343 max=34723 hex=0000 0000 0000 0C4B 1921","centre=2047 min=1977 max=17780 hex=07F5 07EB 07FF 09BF 1424",0,0,0,,0,,,None,Unavailable,NoWallUnderCrosshair,,,,"only 0 valid depth samples under crosshair (142 no-data, 0 out-of-range, 299 low-confidence)",0,,,None,Unavailable,NoWallInView,,,,0.650249064,1.1271956,0.9121264,-0.00333461165,-0.261309,0.007999599,0.9652163,0,0,0,0,0,0,283721.292089315,283721.292089315,0.030422395007917657
83.54161986546,d62bf83a,SessionTracking,Tracking,30.0603886,29.9995956,1,0.030651459004729986,0.580902755,1.13944447,1,160x90 DepthUint16,"centre=0 min=344 max=34602 hex=0000 0000 0000 0C0A 195B","centre=2048 min=1983 max=17640 hex=0803 07EE 0800 09B3 13B7",0,0,0,,0,,,None,Unavailable,NoWallUnderCrosshair,,,,"only 0 valid depth samples under crosshair (132 no-data, 0 out-of-range, 309 low-confidence)",0,,,None,Unavailable,NoWallInView,,,,0.655536354,1.12844086,0.9187208,-0.00383612514,-0.2631024,0.008270144,0.964724839,0,0,0,0,0,0,283721.325416399,283721.325416399,0.030546927009709179
83.5788747604563,d62bf83a,SessionTracking,Tracking,30.0619717,29.9995956,1,0.036256144987419248,0.579583347,1.14354169,1,160x90 DepthUint16,"centre=0 min=348 max=34545 hex=0000 0000 0000 0BE8 1996","centre=2049 min=1978 max=17829 hex=07EA 07DD 0801 0A07 1545",0,0,0,,0,,,None,Unavailable,NoWallUnderCrosshair,,,,"only 0 valid depth samples under crosshair (111 no-data, 0 out-of-range, 330 low-confidence)",0,,,None,Unavailable,NoWallInView,,,,0.660984337,1.12982213,0.9255285,-0.00402636826,-0.265194237,0.008648336,0.9641478,0,0,0,0,0,0,283721.35903129703,283721.35903129703,0.03602187498472631
83.60959444847299,d62bf83a,SessionTracking,Tracking,30.0623627,29.9995956,1,0.029961874999571592,0.5790972,1.10104167,1,160x90 DepthUint16,"centre=0 min=334 max=34497 hex=0C26 0000 0000 0BD5 19CE","centre=3050 min=2896 max=12464 hex=0BF3 0BEB 0BEA 0CC4 118A",0,0,0,,0,,,None,Unavailable,NoWallUnderCrosshair,,,,"only 0 valid depth samples under crosshair (104 no-data, 0 out-of-range, 337 low-confidence)",0,,,None,Unavailable,NoWallInView,,,,0.6670992,1.13139188,0.9275606,-0.00442104042,-0.267039359,0.0089301765,0.963634133,0,0,0,0,0,0,283721.392562562,283721.392562562,0.029878802015446126
83.643000750456622,d62bf83a,SessionTracking,Tracking,30.0632343,29.9995956,1,0.032597395998891443,0.5775,1.12194443,1,160x90 DepthUint16,"centre=0 min=326 max=34443 hex=0C24 0000 0000 0C0D 19F0","centre=3979 min=3681 max=19341 hex=0EE1 0EEC 0F8B 178D 2EA5",0,0,0,,0,,,None,Unavailable,NoWallUnderCrosshair,,,,"only 0 valid depth samples under crosshair (90 no-data, 0 out-of-range, 351 low-confidence)",0,,,None,Unavailable,NoWallInView,,,,0.672818542,1.132807,0.934332967,-0.00436031865,-0.269396067,0.009007604,0.962977469,0,0,0,0,0,0,283721.425889646,283721.425889646,0.032514791993889958
83.678938719476491,d62bf83a,SessionTracking,Tracking,30.0635033,29.9995956,1,0.035064271010924131,0.5729861,1.10805559,1,160x90 DepthUint16,"centre=0 min=346 max=34518 hex=0C22 0000 0000 0C0C 1A4B","centre=4054 min=3846 max=20022 hex=0F76 0F60 0FD6 187A 3364",0,0,0,,0,,,None,Unavailable,NoWallUnderCrosshair,,,,"only 0 valid depth samples under crosshair (80 no-data, 0 out-of-range, 361 low-confidence)",0,,,None,Unavailable,NoWallInView,,,,0.678759,1.13411033,0.9411494,-0.00511164963,-0.272482455,0.009049475,0.9621046,0,0,0,0,0,0,283721.45921672904,283721.45921672904,0.034920052014058456
83.709013146468124,d62bf83a,SessionTracking,Tracking,30.0627956,29.9995956,1,0.0291497920115944,0.550625,1.11013889,1,160x90 DepthUint16,"centre=0 min=396 max=34369 hex=0C6D 0FD1 0000 21F0 198C","centre=4424 min=4108 max=32650 hex=10EA 10ED 1148 15DC 2C1F",0,0,0,,0,,,None,Unavailable,NoWallUnderCrosshair,,,,"only 0 valid depth samples under crosshair (246 no-data, 0 out-of-range, 195 low-confidence)",0,,,None,Unavailable,NoWallInView,,,,0.664167,1.13257134,0.8634674,-0.00696617365,-0.274553537,0.009773046,0.961496949,0,0,0,0,0,0,283721.49315228104,283721.49315228104,0.029040677007287741
83.741160854467807,d62bf83a,SessionTracking,Tracking,30.0631561,29.9995956,1,0.031401823012856767,0.5459028,1.09423614,1,160x90 DepthUint16,"centre=0 min=380 max=34315 hex=0C6C 0FD6 0000 25CB 1967","centre=4389 min=4091 max=32817 hex=10F3 10E5 1125 15C0 2D4E",0,0,0,,0,,,None,Unavailable,NoWallUnderCrosshair,,,,"only 0 valid depth samples under crosshair (240 no-data, 0 out-of-range, 201 low-confidence)",0,,,None,Unavailable,NoWallInView,,,,0.6696157,1.13390958,0.8684542,-0.00714992,-0.2765249,0.0100478828,0.9609276,0,0,0,0,0,0,283721.526479365,283721.526479365,0.031317239016061649
83.778764187478146,d62bf83a,SessionTracking,Tracking,30.0635128,29.9995956,1,0.036555833008605987,0.541180551,1.09861112,1,160x90 DepthUint16,"centre=0 min=385 max=34244 hex=0C6F 0FDC 0000 16CD 1911","centre=4541 min=4234 max=32313 hex=116B 116C 11BD 16AA 2E7A",0,0,0,,0,,,None,Unavailable,NoWallUnderCrosshair,,,,"only 0 valid depth samples under crosshair (227 no-data, 0 out-of-range, 214 low-confidence)",0,,,None,Unavailable,NoWallInView,,,,0.675229,1.1351068,0.8734076,-0.008078189,-0.27875936,0.0100554535,0.9602744,0,0,0,0,0,0,283721.559806448,283721.559806448,0.036428593011805788
83.8103222604584,d62bf83a,SessionTracking,Tracking,30.06345,29.9995956,1,0.030844686989439651,0.526944458,1.0852778,1,160x90 DepthUint16,"centre=0 min=438 max=34442 hex=0000 1010 0000 0EBB 199C","centre=5503 min=5024 max=36081 hex=151C 1527 157F 1858 2A22",0,0,0,,0,,,None,Unavailable,NoWallUnderCrosshair,,,,"only 0 valid depth samples under crosshair (325 no-data, 0 out-of-range, 116 low-confidence)",0,,,None,Unavailable,NoWallInView,,,,0.6645929,1.13371444,0.8215362,-0.009641662,-0.2808925,0.0103457272,0.959635,0,0,0,0,0,0,283721.59317167004,283721.59317167004,0.03076203100499697
83.841441114465624,d62bf83a,SessionTracking,Tracking,30.0660114,29.9995956,1,0.03037072901497595,0.519375,1.06722224,1,160x90 DepthUint16,"centre=0 min=439 max=34349 hex=0000 1016 0000 0EB2 1543","centre=5358 min=5020 max=36471 hex=1535 14E0 14EE 187C 2F4D",0,0,0,,0,,,None,Unavailable,NoWallUnderCrosshair,,,,"only 0 valid depth samples under crosshair (328 no-data, 0 out-of-range, 113 low-confidence)",0,,,None,Unavailable,NoWallInView,,,,0.6700179,1.1350317,0.82553184,-0.009579704,-0.283955246,0.0103834281,0.9587335,0,0,0,0,0,0,283721.626498754,283721.626498754,0.030288333015050739
83.8801952294632,d62bf83a,SessionTracking,Tracking,30.0653648,29.9995956,1,0.037833801994565874,0.51222223,1.0539583,1,160x90 DepthUint16,"centre=0 min=466 max=34198 hex=0000 101D 0000 0F7A 19E2","centre=5746 min=5312 max=35095 hex=1696 1656 1672 19A4 2F43",0,0,0,,0,,,None,Unavailable,NoWallUnderCrosshair,,,,"only 0 valid depth samples under crosshair (331 no-data, 0 out-of-range, 110 low-confidence)",0,,,None,Unavailable,NoWallInView,,,,0.675774455,1.13635528,0.829744458,-0.009819791,-0.288475156,0.0105855167,0.9573785,0,0,0,0,0,0,283721.660100368,283721.660100368,0.037748801987618208
83.913169187467929,d62bf83a,SessionTracking,Tracking,30.066103,29.9995956,1,0.032139426999492571,0.5082639,1.03784728,1,160x90 DepthUint16,"centre=0 min=410 max=33909 hex=0000 1021 0000 117D 1C4A","centre=1760 min=1741 max=3403 hex=06F4 06E3 06E0 07A7 0B5E",0,0,0,,0,,,None,Unavailable,NoWallUnderCrosshair,,,,"only 0 valid depth samples under crosshair (313 no-data, 0 out-of-range, 128 low-confidence)",0,,,None,Unavailable,NoWallInView,,,,0.6841227,1.1377492,0.840986431,-0.0102935741,-0.2928357,0.0104738185,0.956050038,0,0,0,0,0,0,283721.69361134904,283721.69361134904,0.0320423950033728
83.943261948475765,d62bf83a,SessionTracking,Tracking,30.0667629,29.9995956,1,0.029041979025350884,0.507222235,1.034375,1,160x90 DepthUint16,"centre=0 min=406 max=33837 hex=0A8C 1025 0000 1160 1BD8","centre=1634 min=1610 max=3239 hex=067A 0667 0662 072B 0AE8",0,0,0,,0,,,None,Unavailable,NoWallUnderCrosshair,,,,"only 0 valid depth samples under crosshair (306 no-data, 0 out-of-range, 135 low-confidence)",0,,,None,Unavailable,NoWallInView,,,,0.689849436,1.139024,0.8450834,-0.0109728118,-0.2946523,0.010290592,0.955486059,0,0,0,0,0,0,283721.727208535,283721.727208535,0.02891968801850453
83.974109396458289,d62bf83a,SessionTracking,Tracking,30.06707,29.9995956,1,0.030085624981438741,0.5077083,1.02527773,1,160x90 DepthUint16,"centre=0 min=416 max=33838 hex=0A8E 1024 0000 0F7F 1B37","centre=1652 min=1625 max=3213 hex=068C 0679 0674 073D 0AF3",0,0,0,,0,,,None,Unavailable,NoWallUnderCrosshair,,,,"only 0 valid depth samples under crosshair (290 no-data, 0 out-of-range, 151 low-confidence)",0,,,None,Unavailable,NoWallInView,,,,0.6953076,1.14027166,0.849000454,-0.0114487568,-0.294472665,0.010174335,0.95553714,0,0,0,0,0,0,283721.760535618,283721.760535618,0.029998229001648724
84.011075125457637,d62bf83a,SessionTracking,Tracking,30.0666218,29.9995956,1,0.036207655997714028,0.508194447,1.02604163,1,160x90 DepthUint16,"centre=0 min=408 max=33839 hex=0A8D 1021 0000 0EFC 1B47","centre=1649 min=1617 max=3161 hex=0685 0674 0671 0732 0AC7",0,0,0,,0,,,None,Unavailable,NoWallUnderCrosshair,,,,"only 0 valid depth samples under crosshair (270 no-data, 0 out-of-range, 171 low-confidence)",0,,,None,Unavailable,NoWallInView,,,,0.7009656,1.1416353,0.853130758,-0.0112712085,-0.294466764,0.0100010335,0.9555429,0,0,0,0,0,0,283721.79412891704,283721.79412891704,0.036121615004958585
84.04332939646315,d62bf83a,SessionTracking,Tracking,30.06628,29.9995956,1,0.031526197999482974,0.5090278,1.01666665,1,160x90 DepthUint16,"centre=0 min=405 max=33800 hex=0A8D 1022 0000 0EED 1B22","centre=1652 min=1613 max=3176 hex=0688 0676 0674 0737 0AC5",0,0,0,,0,,,None,Unavailable,NoWallUnderCrosshair,,,,"only 0 valid depth samples under crosshair (247 no-data, 0 out-of-range, 194 low-confidence)",0,,,None,Unavailable,NoWallInView,,,,0.706878,1.14289594,0.8573984,-0.0113403946,-0.2957881,0.009675801,0.955137253,0,0,0,0,0,0,283721.827456001,283721.827456001,0.031443490006495267
84.073651479473256,d62bf83a,SessionTracking,Tracking,30.0671844,29.9995956,1,0.029569895996246487,0.507430553,1.00680554,1,160x90 DepthUint16,"centre=0 min=409 max=33708 hex=0A8D 1028 0000 1001 1B62","centre=1665 min=1621 max=3241 hex=0694 0684 0681 0742 0AC6",0,0,0,,0,,,None,Unavailable,NoWallUnderCrosshair,,,,"only 0 valid depth samples under crosshair (227 no-data, 0 out-of-range, 214 low-confidence)",0,,,None,Unavailable,NoWallInView,,,,0.713165,1.14418054,0.8619292,-0.0112366835,-0.29893437,0.00946957,0.9541606,0,0,0,0,0,0,283721.860783084,283721.860783084,0.029483021004125476
84.1054362714674,d62bf83a,SessionTracking,Tracking,30.0647621,29.9995956,1,0.0310528650006745,0.5025,0.9984722,1,160x90 DepthUint16,"centre=0 min=415 max=33735 hex=0A90 104D 0000 1251 1AB4","centre=1629 min=1585 max=2958 hex=0668 065E 065D 06EC 0962",0,0,0,,0,,,None,Unavailable,NoWallUnderCrosshair,,,,"only 0 valid depth samples under crosshair (219 no-data, 0 out-of-range, 222 low-confidence)",0,,,None,Unavailable,NoWallInView,,,,0.720284164,1.144534,0.8649426,-0.0115148583,-0.3022451,0.009225936,0.953116059,0,0,0,0,0,0,283721.89414065704,283721.89414065704,0.03097916700062342
84.148980177476687,d62bf83a,SessionTracking,Tracking,30.0671673,29.9995956,1,0.042629740026313812,0.499791652,0.9932639,1,160x90 DepthUint16,"centre=0 min=414 max=33539 hex=0937 1069 0000 11F5 1AB9","centre=1664 min=1617 max=3116 hex=0691 0683 0680 0723 0A09",0,0,0,,0,,,None,Unavailable,NoWallUnderCrosshair,,,,"only 0 valid depth samples under crosshair (203 no-data, 0 out-of-range, 238 low-confidence)",0,,,None,Unavailable,NoWallInView,,,,0.726656437,1.145869,0.869200647,-0.0120097557,-0.304229349,0.008933575,0.9524812,0,0,0,0,0,0,283721.92772456,283721.92772456,0.042537865025224164
84.1757054894731,d62bf83a,SessionTracking,Tracking,30.0660114,29.9995956,1,0.025876822997815907,0.4995139,0.9829861,1,160x90 DepthUint16,"centre=0 min=411 max=33533 hex=0964 1074 0000 1129 1C37","centre=1659 min=1614 max=3149 hex=0685 0679 067B 072E 0A83",0,0,0,,0,,,None,Unavailable,NoWallUnderCrosshair,,,,"only 0 valid depth samples under crosshair (179 no-data, 0 out-of-range, 262 low-confidence)",0,,,None,Unavailable,NoWallInView,,,,0.7329235,1.14727,0.8733657,-0.0121917287,-0.3055046,0.008823247,0.9520717,0,0,0,0,0,0,283721.961051643,283721.961051643,0.025800937000894919
84.207882885475328,d62bf83a,SessionTracking,Tracking,30.0656719,29.9995956,1,0.031545416015433148,0.5005556,0.9552778,1,160x90 DepthUint16,"centre=0 min=413 max=33556 hex=0A3D 1069 0000 0FC0 1CB3","centre=1652 min=1604 max=3112 hex=0678 0670 0674 071C 0A46",0,0,0,,0,,,None,Unavailable,NoWallUnderCrosshair,,,,"only 0 valid depth samples under crosshair (164 no-data, 0 out-of-range, 277 low-confidence)",0,,,None,Unavailable,NoWallInView,,,,0.7406781,1.14700639,0.8777989,-0.0124990055,-0.306263059,0.008575202,0.9518263,0,0,0,0,0,0,283721.994484579,283721.994484579,0.031474999996135011
84.2472530414559,d62bf83a,SessionTracking,Tracking,30.0650387,29.8417645,1,0.038126717990962788,0.499861121,0.950694442,1,160x90 DepthUint16,"centre=0 min=433 max=33297 hex=093B 10B6 0000 0FA9 1E3C","centre=1667 min=1611 max=3130 hex=0680 067C 0683 0723 0A01",0,0,0,,0,,,None,Unavailable,NoWallUnderCrosshair,,,,"only 0 valid depth samples under crosshair (157 no-data, 0 out-of-range, 284 low-confidence)",0,,,None,Unavailable,NoWallInView,,,,0.7472894,1.148399,0.882022,-0.0128941247,-0.308581084,0.00852084253,0.9510725,0,0,0,0,0,0,283722.027811663,283722.027811663,0.0380055729765445
84.278755073468119,d62bf83a,SessionTracking,Tracking,30.063839,29.8417645,1,0.030438907007919624,0.49666667,0.94645834,1,160x90 DepthUint16,"centre=0 min=427 max=33208 hex=093C 102D 0000 22A5 1F69","centre=1684 min=1623 max=3147 hex=068F 068B 0694 0740 0A4F",0,0,0,,0,,,None,Unavailable,NoWallUnderCrosshair,,,,"only 0 valid depth samples under crosshair (160 no-data, 0 out-of-range, 281 low-confidence)",0,,,None,Unavailable,NoWallInView,,,,0.754038334,1.14985776,0.886328161,-0.01319243,-0.311155438,0.008624285,0.950228333,0,0,0,0,0,0,283722.06113874604,283722.06113874604,0.030275521014118567
84.310209552469814,d62bf83a,SessionTracking,Tracking,30.065136,29.8417645,1,0.030459219007752836,0.5030556,0.6836111,1,160x90 DepthUint16,"centre=583 min=451 max=39822 hex=084B 0D4E 0247 1611 184B","centre=1620 min=1522 max=3159 hex=0698 066D 0654 06BB 09D9",0,0,0,,0,,,None,Unavailable,NoWallUnderCrosshair,,,,"only 0 valid depth samples under crosshair (105 no-data, 0 out-of-range, 336 low-confidence)",0,,,None,Unavailable,NoWallInView,,,,0.761485636,1.15069568,0.885799646,-0.0135068893,-0.3142951,0.008796424,0.9491885,0,0,0,0,0,0,283722.094482966,283722.094482966,0.030376459006220102
84.342657729462871,d62bf83a,SessionTracking,Tracking,30.0642872,29.8417645,1,0.031743853993248194,0.5005556,0.6952083,1,160x90 DepthUint16,"centre=583 min=452 max=35705 hex=084D 1091 0247 18D4 103E","centre=1680 min=1620 max=3258 hex=069B 0685 0690 0748 0B5F",0,0,0,,0,,,None,Unavailable,NoWallUnderCrosshair,,,,"only 0 valid depth samples under crosshair (106 no-data, 0 out-of-range, 335 low-confidence)",0,,,None,Unavailable,NoWallInView,,,,0.7686163,1.15204084,0.8900067,-0.0143481195,-0.317532539,0.008746147,0.9480985,0,0,0,0,0,0,283722.12781005003,283722.12781005003,0.03166291699744761
84.37758798947084,d62bf83a,SessionTracking,Tracking,30.06425,29.8417645,1,0.03384145800373517,0.527083337,0.605416656,1,160x90 DepthUint16,"centre=563 min=454 max=38310 hex=07EF 0CA0 0233 18DE 126B","centre=1422 min=1175 max=1556 hex=0595 0591 058E 058C 057E",0,0,0,,0,,,None,Unavailable,NoWallUnderCrosshair,,,,"only 0 valid depth samples under crosshair (71 no-data, 0 out-of-range, 370 low-confidence)",0,,,None,Unavailable,NoWallInView,,,,0.775733769,1.153377,0.894266,-0.01521799,-0.3197168,0.00849357247,0.9473529,0,0,0,0,0,0,283722.161137133,283722.161137133,0.032858281017979607
84.4093214274651,d62bf83a,SessionTracking,Tracking,30.0639038,29.8417645,1,0.030857031000778079,0.5268056,0.594236135,1,160x90 DepthUint16,"centre=565 min=457 max=38273 hex=084F 0BF3 0235 18D9 126B","centre=1417 min=1172 max=1526 hex=0590 058D 0589 0585 0567",0,0,0,,0,,,None,Unavailable,NoWallUnderCrosshair,,,,"only 0 valid depth samples under crosshair (52 no-data, 0 out-of-range, 389 low-confidence)",0,,,None,Unavailable,NoWallInView,,,,0.7837891,1.15407658,0.8968948,-0.015741691,-0.320438683,0.008259922,0.9471024,0,0,0,0,0,0,283722.19446788303,283722.19446788303,0.030769011005759239
84.442457937464269,d62bf83a,SessionTracking,Tracking,30.0637531,29.8417645,1,0.032381146011175588,0.5289583,0.585347235,1,160x90 DepthUint16,"centre=563 min=463 max=38259 hex=084E 0AFC 0233 18CF 126B","centre=1438 min=1199 max=1592 hex=05A2 05A0 059E 059F 059D",0,0,0,,0,,,None,Unavailable,NoWallUnderCrosshair,,,,"only 0 valid depth samples under crosshair (38 no-data, 0 out-of-range, 403 low-confidence)",0,,,None,Unavailable,NoWallInView,,,,0.7907179,1.15554762,0.901141167,-0.0160224587,-0.320619524,0.00821691751,0.9470369,0,0,0,0,0,0,283722.227794967,283722.227794967,0.032300052000209689
84.479516687457135,d62bf83a,SessionTracking,Tracking,30.06364,29.8417645,1,0.035946510004578158,0.5285417,0.578055561,1,160x90 DepthUint16,"centre=612 min=467 max=39527 hex=087B 0A7F 0264 15E9 181D","centre=1385 min=1090 max=1389 hex=0568 0569 0569 0557 04E3",0,0,0,,0,,,None,Unavailable,NoWallUnderCrosshair,,,,"only 0 valid depth samples under crosshair (14 no-data, 0 out-of-range, 427 low-confidence)",0,,,None,Unavailable,NoWallInView,,,,0.7978052,1.15696371,0.9052036,-0.0168264657,-0.320225537,0.007971525,0.947158337,0,0,0,0,0,0,283722.26112205,283722.26112205,0.035864167002728209
84.510975177461432,d62bf83a,SessionTracking,Tracking,30.06393,29.8417645,1,0.030620312987593934,0.534375,0.5336111,1,160x90 DepthUint16,"centre=672 min=461 max=39475 hex=0996 0A68 02A0 104D 1810","centre=1383 min=1103 max=1386 hex=0568 0568 0567 0557 04EE",0,0,0,,0,,,None,Unavailable,NoWallUnderCrosshair,,,,"only 0 valid depth samples under crosshair (39 no-data, 0 out-of-range, 402 low-confidence)",0,,,None,Unavailable,NoWallInView,,,,0.812794864,1.14925122,0.9219984,-0.0181140769,-0.31949392,0.00711762952,0.94738847,0,0,0,0,0,0,283722.29449347605,283722.29449347605,0.030534322984749451
84.543192052460427,d62bf83a,SessionTracking,Tracking,30.0642872,29.8417645,1,0.031386458984343335,0.537152767,0.53875,1,160x90 DepthUint16,"centre=710 min=463 max=39440 hex=0A0C 0ABC 02C6 0DCB 1B9B","centre=1387 min=1105 max=1388 hex=0569 056B 056B 055B 04F2",0,0,0,,0,,,None,Unavailable,NoWallUnderCrosshair,,,,"only 0 valid depth samples under crosshair (57 no-data, 0 out-of-range, 384 low-confidence)",0,,,None,Unavailable,NoWallInView,,,,0.8202711,1.15036237,0.9261201,-0.0194904972,-0.318353742,0.006745309,0.947747648,0,0,0,0,0,0,283722.32782056,283722.32782056,0.031302813004003838
84.580095437475165,d62bf83a,SessionTracking,Tracking,30.0647564,29.8417645,1,0.036186406010529026,0.5594444,0.5183333,1,160x90 DepthUint16,"centre=750 min=464 max=39498 hex=095B 0A25 02EE 0D8F 1C0E","centre=1485 min=1479 max=1771 hex=05D0 05CE 05CD 05F3 06DF",0,0,0,,0,,,None,Unavailable,NoWallUnderCrosshair,,,,"only 0 valid depth samples under crosshair (47 no-data, 0 out-of-range, 394 low-confidence)",0,,,None,Unavailable,NoWallInView,,,,0.8279851,1.15136051,0.930361152,-0.0209555328,-0.317821234,0.006485969,0.947896838,0,0,0,0,0,0,283722.361147643,283722.361147643,0.036103281017858535
84.614162781453842,d62bf83a,SessionTracking,Tracking,30.0645771,29.8417645,1,0.032943332975264639,0.5625,0.526319444,1,160x90 DepthUint16,"centre=655 min=492 max=39464 hex=0B26 09D9 028F 0DAE 1C12","centre=1551 min=1536 max=2129 hex=060C 060B 060F 0650 07C6",0,0,0,,0,,,None,Unavailable,NoWallUnderCrosshair,,,,"only 0 valid depth samples under crosshair (52 no-data, 0 out-of-range, 389 low-confidence)",0,,,None,Unavailable,NoWallInView,,,,0.8562422,1.13324618,0.91803515,-0.0219862629,-0.3184962,0.005088151,0.9476555,0,0,0,0,0,0,283722.394388722,283722.394388722,0.032821926986798644
84.646127572461182,d62bf83a,SessionTracking,Tracking,30.0646038,29.8417645,1,0.030054686998482794,0.5634028,0.514791667,1,160x90 DepthUint16,"centre=653 min=494 max=39425 hex=0FB5 095A 028D 0D9E 1C2C","centre=1500 min=1496 max=1891 hex=05E3 05DE 05DC 0604 06FD",0,0,0,,0,,,None,Unavailable,NoWallUnderCrosshair,,,,"only 0 valid depth samples under crosshair (57 no-data, 0 out-of-range, 384 low-confidence)",0,,,None,Unavailable,NoWallInView,,,,0.864900231,1.13395858,0.9226231,-0.0227306336,-0.31902355,0.004802555,0.9474621,0,0,0,0,0,0,283722.427715806,283722.427715806,0.029947083006845787
84.68178642745238,d62bf83a,SessionTracking,Tracking,30.0649433,29.8417645,1,0.034947708976687863,0.590555549,0.5204167,1,160x90 DepthUint16,"centre=656 min=524 max=39401 hex=0FB7 0920 0290 0D9E 1C43","centre=1614 min=1573 max=2472 hex=0678 065F 064E 06A1 08D3",0,0,0,,0,,,None,Unavailable,NoWallUnderCrosshair,,,,"only 0 valid depth samples under crosshair (39 no-data, 0 out-of-range, 402 low-confidence)",0,,,None,Unavailable,NoWallInView,,,,0.8736176,1.13479137,0.927354038,-0.0229287911,-0.319538862,0.004522801,0.947284937,0,0,0,0,0,0,283722.46104288904,283722.46104288904,0.034867656999267638
84.7151297084672,d62bf83a,SessionTracking,Tracking,30.0672035,29.8417645,1,0.032264114997815341,0.578819454,0.468055546,1,160x90 DepthUint16,"centre=692 min=559 max=39386 hex=09A3 09A7 02B4 0E48 1ACD","centre=1068 min=754 max=1240 hex=0368 03CF 042C 0470 04AE",0,0,0,,0,,,None,Unavailable,NoWallUnderCrosshair,,,,"only 0 valid depth samples under crosshair (27 no-data, 0 out-of-range, 414 low-confidence)",0,,,None,Unavailable,NoWallInView,,,,0.8830444,1.12759185,0.89176,-0.0235112309,-0.320419252,0.003965974,0.9469757,0,0,0,0,0,0,283722.494169463,283722.494169463,0.032168906007427722
84.752325177458033,d62bf83a,SessionTracking,Tracking,30.0662441,29.8417645,1,0.035368437995202839,0.58,0.492083341,1,160x90 DepthUint16,"centre=691 min=561 max=39356 hex=0FE6 08F9 02B3 0DE5 1C7F","centre=1074 min=765 max=1242 hex=036F 03D6 0432 0478 04B0",0,0,0,,0,,,None,Unavailable,NoWallUnderCrosshair,,,,"only 0 valid depth samples under crosshair (30 no-data, 0 out-of-range, 411 low-confidence)",0,,,None,Unavailable,NoWallInView,,,,0.892124534,1.12827325,0.8956852,-0.0244631041,-0.320518583,0.0036530795,0.946919262,0,0,0,0,0,0,283722.52749654703,283722.52749654703,0.035264584003016353
84.775312781453749,d62bf83a,SessionTracking,Tracking,30.066473,29.8417645,1,0.022037499991711229,0.603680551,0.610694468,1,160x90 DepthUint16,"centre=695 min=564 max=39327 hex=0FEB 08A9 02B7 0DD2 1CD1","centre=2321 min=1497 max=12839 hex=0770 083A 0911 0D1B 2240",0,0,0,,0,,,None,Unavailable,NoWallUnderCrosshair,,,,"only 0 valid depth samples under crosshair (18 no-data, 0 out-of-range, 423 low-confidence)",0,,,None,Unavailable,NoWallInView,,,,0.901288569,1.12898886,0.899586439,-0.0254171789,-0.3205828,0.0034044683,0.9468733,0,0,0,0,0,0,283722.56082363,283722.56082363,0.021940624981652945
84.8083452814642,d62bf83a,SessionTracking,Tracking,30.0676651,29.8417645,1,0.032355469011235982,0.60270834,0.560694456,1,160x90 DepthUint16,"centre=712 min=584 max=39301 hex=1002 088F 02C8 0DD6 1D11","centre=1955 min=1314 max=9174 hex=0653 06FC 07A3 0A7A 190C",0,0,0,,0,,,None,Unavailable,NoWallUnderCrosshair,,,,"only 0 valid depth samples under crosshair (20 no-data, 0 out-of-range, 421 low-confidence)",0,,,None,Unavailable,NoWallInView,,,,0.9134821,1.12627172,0.8881381,-0.0266920347,-0.320692718,0.00301349186,0.9468024,0,0,0,0,0,0,283722.593999398,283722.593999398,0.032285938010318205
84.841116791478044,d62bf83a,SessionTracking,Tracking,30.0682678,29.8417645,1,0.03166765600326471,0.59875,0.5459722,1,160x90 DepthUint16,"centre=715 min=584 max=39264 hex=1009 0852 02CB 0DC2 1D42","centre=1924 min=1385 max=8393 hex=0657 06F1 0784 0A25 1746",0,0,0,,0,,,None,Unavailable,NoWallUnderCrosshair,,,,"only 0 valid depth samples under crosshair (26 no-data, 0 out-of-range, 415 low-confidence)",0,,,None,Unavailable,NoWallInView,,,,0.923100948,1.12695992,0.8919785,-0.02751808,-0.321173638,0.0028317573,0.946616232,0,0,0,0,0,0,283722.62732648203,283722.62732648203,0.031503385020187125
84.872274395460181,d62bf83a,SessionTracking,Tracking,30.06905,29.8417645,1,0.029782291006995365,0.605416656,0.7530556,1,160x90 DepthUint16,"centre=0 min=588 max=39227 hex=100F 0855 0000 0DC0 1D65","centre=2149 min=1481 max=11973 hex=06CE 0795 0865 0C03 1EC5",0,0,0,,0,,,None,Unavailable,NoWallUnderCrosshair,,,,"only 0 valid depth samples under crosshair (64 no-data, 0 out-of-range, 377 low-confidence)",0,,,None,Unavailable,NoWallInView,,,,0.9328034,1.127663,0.895882964,-0.028263554,-0.321640551,0.002714306,0.946436048,0,0,0,0,0,0,283722.660653565,283722.660653565,0.029693176998989657
84.90583252045667,d62bf83a,SessionTracking,Tracking,30.0690155,29.8417645,1,0.032835833000717685,0.6059028,0.709583342,1,160x90 DepthUint16,"centre=0 min=591 max=39175 hex=1016 086B 0000 0DB5 1D8E","centre=2001 min=1426 max=9748 hex=0655 0712 07D1 0ADE 19E5",0,0,0,,0,,,None,Unavailable,NoWallUnderCrosshair,,,,"only 0 valid depth samples under crosshair (65 no-data, 0 out-of-range, 376 low-confidence)",0,,,None,Unavailable,NoWallInView,,,,0.941857,1.13106859,0.8997904,-0.0291878,-0.322478354,0.00260025286,0.9461232,0,0,0,0,0,0,283722.693967183,283722.693967183,0.032748228986747563
84.944634656454355,d62bf83a,SessionTracking,Tracking,30.0693626,29.8417645,1,0.0380785419838503,0.6051389,0.7160417,1,160x90 DepthUint16,"centre=0 min=594 max=39103 hex=101B 087A 0000 0DAF 1D9C","centre=1938 min=1420 max=8842 hex=063A 06E9 0792 0A34 171E",0,0,0,,0,,,None,Unavailable,NoWallUnderCrosshair,,,,"only 0 valid depth samples under crosshair (77 no-data, 0 out-of-range, 364 low-confidence)",0,,,None,Unavailable,NoWallInView,,,,0.951840162,1.13177776,0.9041018,-0.0296429116,-0.324306428,0.00247079157,0.94548434,0,0,0,0,0,0,283722.72729426704,283722.72729426704,0.037995364982634783
84.9794179374619,d62bf83a,SessionTracking,Tracking,30.0693417,29.8417645,1,0.033940364985028282,0.5926389,1.7975,1,160x90 DepthUint16,"centre=1188 min=628 max=38696 hex=1020 0880 04A4 0DCF 1D90","centre=9084 min=5771 max=15874 hex=1AF7 201F 237C 2473 2AF8",0,0,0,,0,,,None,Unavailable,NoWallUnderCrosshair,,,,"only 0 valid depth samples under crosshair (129 no-data, 0 out-of-range, 312 low-confidence)",0,,,None,Unavailable,NoWallInView,,,,0.9619783,1.1325556,0.908729434,-0.0297288168,-0.3269063,0.00241589569,0.944586,0,0,0,0,0,0,283722.76062135,283722.76062135,0.03383744799066335
85.006709239478141,d62bf83a,SessionTracking,Tracking,30.0721321,29.8417645,1,0.026390417013317347,0.588402748,1.64784718,1,160x90 DepthUint16,"centre=1191 min=632 max=38715 hex=102F 0896 04A7 0E12 1D6C","centre=10243 min=6540 max=14890 hex=1EBD 2451 2803 2782 27EE",0,0,0,,0,,,None,Unavailable,NoWallUnderCrosshair,,,,"only 0 valid depth samples under crosshair (142 no-data, 0 out-of-range, 299 low-confidence)",0,,,None,Unavailable,NoWallInView,,,,0.972409248,1.13339639,0.9136766,-0.0294427723,-0.3306858,0.00233769417,0.9432786,0,0,0,0,0,0,283722.793948433,283722.793948433,0.026279948011506349
85.041166062470211,d62bf83a,SessionTracking,Tracking,30.06915,29.8417645,1,0.033664843998849392,0.5808333,1.4510417,1,160x90 DepthUint16,"centre=0 min=657 max=38469 hex=1264 0927 0000 105E 1D31","centre=8468 min=5659 max=13680 hex=198C 1E23 2114 2111 238C",0,0,0,,0,,,None,Unavailable,NoWallUnderCrosshair,,,,"only 0 valid depth samples under crosshair (118 no-data, 0 out-of-range, 323 low-confidence)",0,,,None,Unavailable,NoWallInView,,,,0.9834097,1.1335479,0.892352641,-0.0298030227,-0.3341517,0.00219500065,0.94204545,0,0,0,0,0,0,283722.827283314,283722.827283314,0.033278021001024172
85.076243822466267,d62bf83a,SessionTracking,Tracking,30.0690556,29.8417645,1,0.034335728996666148,0.530416667,1.68375,1,160x90 DepthUint16,"centre=1218 min=663 max=36885 hex=141F 0944 04C2 11A9 1D38","centre=9064 min=5834 max=12061 hex=1AD7 1FF8 2368 2290 2080",0,0,0,,0,,,None,Unavailable,NoWallUnderCrosshair,,,,"only 0 valid depth samples under crosshair (256 no-data, 6 out-of-range, 179 low-confidence)",0,,,None,Unavailable,NoWallInView,,,,0.9940735,1.13428521,0.896659732,-0.0298942048,-0.337186784,0.00200235867,0.940960944,0,0,0,0,0,0,283722.860610397,283722.860610397,0.034252915997058153
85.107195176478626,d62bf83a,SessionTracking,Tracking,30.0689354,29.8417645,1,0.030156249005813152,0.5273611,1.39159727,1,160x90 DepthUint16,"centre=1227 min=671 max=38688 hex=14F3 0974 04CB 1450 1D4F","centre=7380 min=4666 max=9773 hex=1625 1A50 1CD4 1C4B 1C12",0,0,0,,0,,,None,Unavailable,NoWallUnderCrosshair,,,,"only 0 valid depth samples under crosshair (256 no-data, 7 out-of-range, 178 low-confidence)",0,,,None,Unavailable,NoWallInView,,,,1.00476778,1.13414991,0.894861639,-0.0302736629,-0.33992216,0.00180336845,0.9399645,0,0,0,0,0,0,283722.893911022,283722.893911022,0.030069427011767402
85.138578666464809,d62bf83a,SessionTracking,Tracking,30.06821,29.8417645,1,0.030706510005984455,0.530208349,1.41590273,1,160x90 DepthUint16,"centre=1230 min=676 max=38663 hex=14D0 0958 04CE 135A 1D54","centre=7051 min=4488 max=9697 hex=14F4 1903 1B8B 1B42 1BA6",0,0,0,,0,,,None,Unavailable,NoWallUnderCrosshair,,,,"only 0 valid depth samples under crosshair (281 no-data, 7 out-of-range, 153 low-confidence)",0,,,None,Unavailable,NoWallInView,,,,1.015528,1.1347096,0.89875567,-0.0306608677,-0.340508252,0.00130909681,0.9397406,0,0,0,0,0,0,283722.92723810603,283722.92723810603,0.030636615003459156
85.17038913545889,d62bf83a,SessionTracking,Tracking,30.0673523,29.8417645,1,0.031134999997448176,0.5233333,1.28298616,1,160x90 DepthUint16,"centre=0 min=697 max=36279 hex=14C3 09BB 0000 0F96 1D45","centre=7454 min=4774 max=9327 hex=1648 1A8A 1D1E 1C34 195C",0,0,0,,0,,,None,Unavailable,NoWallUnderCrosshair,,,,"only 0 valid depth samples under crosshair (325 no-data, 7 out-of-range, 109 low-confidence)",0,,,None,Unavailable,NoWallInView,,,,1.02610278,1.135313,0.902649164,-0.0302716065,-0.339482278,0.000900596438,0.9401248,0,0,0,0,0,0,283722.960565189,283722.960565189,0.03104974000598304
85.207250854469521,d62bf83a,SessionTracking,Tracking,30.0668259,29.8417645,1,0.0361558860167861,0.5270139,1.24743056,1,160x90 DepthUint16,"centre=0 min=703 max=36357 hex=1367 092C 0000 0F7A 1D3D","centre=6961 min=4401 max=8774 hex=153E 18F9 1B31 1A4C 17EF",0,0,0,,0,,,None,Unavailable,NoWallUnderCrosshair,,,,"only 0 valid depth samples under crosshair (331 no-data, 8 out-of-range, 102 low-confidence)",0,,,None,Unavailable,NoWallInView,,,,1.0383383,1.13913143,0.9043334,-0.0297621787,-0.339045167,0.000622808933,0.940299,0,0,0,0,0,0,283722.99383676,283722.99383676,0.036074636009288952
85.240921114458388,d62bf83a,SessionTracking,Tracking,30.0658627,29.8417645,1,0.032909895991906524,0.528680563,1.26423609,1,160x90 DepthUint16,"centre=0 min=707 max=36334 hex=10DA 0932 0000 0F2E 1D3C","centre=6600 min=3933 max=8304 hex=149E 17DD 19C8 18A1 1574",0,0,0,,0,,,None,Unavailable,NoWallUnderCrosshair,,,,"only 0 valid depth samples under crosshair (340 no-data, 8 out-of-range, 93 low-confidence)",0,,,None,Unavailable,NoWallInView,,,,1.04936039,1.13972032,0.90844357,-0.0294960439,-0.339131832,-1.937151E-05,0.9402763,0,0,0,0,0,0,283723.02716384403,283723.02716384403,0.032821770990267396
85.275315176466165,d62bf83a,SessionTracking,Tracking,30.0648022,30.15382,1,0.027801510004792362,0.519583344,1.1375,1,160x90 DepthUint16,"centre=0 min=748 max=36310 hex=12B8 092E 0000 0EF5 1D3A","centre=7389 min=4244 max=9107 hex=1727 1AB6 1CDD 1B46 1692",0,0,0,,0,,,None,Unavailable,NoWallUnderCrosshair,,,,"only 0 valid depth samples under crosshair (317 no-data, 8 out-of-range, 116 low-confidence)",0,,,None,Unavailable,NoWallInView,,,,1.06049037,1.14029336,0.9125596,-0.02911477,-0.339344233,-0.0007257462,0.940211356,0,0,0,0,0,0,283723.060490927,283723.060490927,0.026815519988304004
85.3081002814613,d62bf83a,SessionTracking,Tracking,30.06067,30.15382,1,0.031898073008051142,0.521527767,1.28493059,1,160x90 DepthUint16,"centre=0 min=753 max=36365 hex=1264 0932 0000 0E94 1D3E","centre=11372 min=4565 max=14756 hex=21C2 281B 2C6C 28E3 1B25",0,0,0,,0,,,None,Unavailable,NoWallUnderCrosshair,,,,"only 0 valid depth samples under crosshair (337 no-data, 8 out-of-range, 96 low-confidence)",0,,,None,Unavailable,NoWallInView,,,,1.07250547,1.14162946,0.9162985,-0.0285433549,-0.3386051,-0.00109404337,0.9404949,0,0,0,0,0,0,283723.09378302604,283723.09378302604,0.031813854991924018
85.3552840834634,d62bf83a,SessionTracking,Tracking,30.06338,30.15382,1,0.046530469000572339,0.5243056,1.28201389,1,160x90 DepthUint16,"centre=0 min=758 max=36164 hex=105C 0935 0000 0E7B 1D34","centre=11547 min=4399 max=14866 hex=21F8 287F 2D1B 2980 1AEF",0,0,0,,0,,,None,Unavailable,NoWallUnderCrosshair,,,,"only 0 valid depth samples under crosshair (348 no-data, 9 out-of-range, 84 low-confidence)",0,,,None,Unavailable,NoWallInView,,,,1.08375812,1.14234567,0.9203498,-0.0277271271,-0.338110119,-0.00131496787,0.9406972,0,0,0,0,0,0,283723.12711011,283723.12711011,0.046460834011668339
85.378434916466858,d62bf83a,SessionTracking,Tracking,20.04109,30.15382,1,0.022095833002822474,0.546944439,1.28909719,1,160x90 DepthUint16,"centre=0 min=783 max=36358 hex=0E3F 0902 0000 0E9F 1D32","centre=12009 min=4396 max=15572 hex=2355 2A12 2EE9 2B95 1BD9",0,0,0,,0,,,None,Unavailable,NoWallUnderCrosshair,,,,"only 0 valid depth samples under crosshair (329 no-data, 9 out-of-range, 103 low-confidence)",0,,,None,Unavailable,NoWallInView,,,,1.09497893,1.1430614,0.924398959,-0.0266854782,-0.3369864,-0.00162667048,0.941129863,0,0,0,0,0,0,283723.160437193,283723.160437193,0.022039478993974626
85.411783718478318,d62bf83a,SessionTracking,Tracking,30.0658627,30.15382,1,0.032567292015301064,0.549444437,1.32951391,1,160x90 DepthUint16,"centre=0 min=786 max=36761 hex=0DEC 0905 0000 0E98 1D0F","centre=7661 min=3101 max=10430 hex=1735 1B3A 1DED 1CDC 16A0",0,0,0,,0,,,None,Unavailable,NoWallUnderCrosshair,,,,"only 0 valid depth samples under crosshair (335 no-data, 10 out-of-range, 96 low-confidence)",0,,,None,Unavailable,NoWallInView,,,,1.107036,1.14349377,0.929782152,-0.0252064019,-0.336623549,-0.00202071667,0.941299736,0,0,0,0,0,0,283723.193797814,283723.193797814,0.0324822920083534
85.443747208457125,d62bf83a,SessionTracking,Tracking,30.05875,30.15382,1,0.03113093800493516,0.551875,1.30277777,1,160x90 DepthUint16,"centre=0 min=790 max=36932 hex=0DC5 08FE 0000 0E9A 1CFB","centre=8888 min=3215 max=11813 hex=1B73 1FFA 22B8 211C 17FF",0,0,0,,0,,,None,Unavailable,NoWallUnderCrosshair,,,,"only 0 valid depth samples under crosshair (334 no-data, 10 out-of-range, 97 low-confidence)",0,,,None,Unavailable,NoWallInView,,,,1.11861384,1.14417,0.9339147,-0.0242433865,-0.33633402,-0.00221687579,0.941428065,0,0,0,0,0,0,283723.227124898,283723.227124898,0.031044479983393103
85.4741599164588,d62bf83a,SessionTracking,Tracking,30.06295,30.15382,1,0.029623332986375317,0.5602083,1.563125,1,160x90 DepthUint16,"centre=0 min=817 max=37103 hex=0DB4 0905 0000 0E9E 1D21","centre=10152 min=3526 max=13445 hex=1EAF 2466 27A8 259D 1AD1",0,0,0,,0,,,None,Unavailable,NoWallUnderCrosshair,,,,"only 0 valid depth samples under crosshair (308 no-data, 13 out-of-range, 120 low-confidence)",0,,,None,Unavailable,NoWallInView,,,,0.952687263,1.140146,0.8348388,-0.02516298,-0.336596251,0.000480294228,0.9413127,0,0,0,0,0,0,283723.26045198104,283723.26045198104,0.029528490005759522
85.510544447464554,d62bf83a,SessionTracking,Tracking,30.0652,30.15382,1,0.035680625005625188,0.520625,1.32201385,1,160x90 DepthUint16,"centre=958 min=788 max=37018 hex=101F 0A34 03BE 187E 1BAC","centre=7688 min=4841 max=10145 hex=17B8 1B38 1E08 1D9E 19C1",0,0,0,,0,,,None,Unavailable,NoWallUnderCrosshair,,,,"only 0 valid depth samples under crosshair (160 no-data, 1 out-of-range, 280 low-confidence)",0,,,None,Unavailable,NoWallInView,,,,0.960785031,1.14050508,0.8369244,-0.02488114,-0.3373974,0.0002863109,0.9410335,0,0,0,0,0,0,283723.29378825,283723.29378825,0.035594479006249458
85.542009343454765,d62bf83a,SessionTracking,Tracking,30.0626316,30.15382,1,0.024548802000936121,0.5233333,1.23770833,1,160x90 DepthUint16,"centre=963 min=791 max=36829 hex=1020 0A33 03C3 1824 1841","centre=7265 min=4618 max=9654 hex=1671 19D1 1C61 1BE6 18ED",0,0,0,,0,,,None,Unavailable,NoWallUnderCrosshair,,,,"only 0 valid depth samples under crosshair (151 no-data, 1 out-of-range, 289 low-confidence)",0,,,None,Unavailable,NoWallInView,,,,0.9689074,1.14096761,0.8391124,-0.0243888814,-0.338312328,0.000244408875,0.940717757,0,0,0,0,0,0,283723.32711533405,283723.32711533405,0.0244553119991906
85.580306322462775,d62bf83a,SessionTracking,Tracking,30.0627022,30.15382,1,0.0374692709883675,0.544861138,1.11729169,1,160x90 DepthUint16,"centre=1406 min=841 max=36202 hex=1462 0A37 057E 1831 17BE","centre=7802 min=4585 max=11026 hex=17B8 1B81 1E7A 1DCF 1916",0,0,0,,0,,,None,Unavailable,NoWallUnderCrosshair,,,,"only 0 valid depth samples under crosshair (236 no-data, 5 out-of-range, 200 low-confidence)",0,,,None,Unavailable,NoWallInView,,,,0.977152944,1.14143312,0.841336548,-0.0242649168,-0.338954329,-3.373623E-05,0.9404899,0,0,0,0,0,0,283723.36044241703,283723.36044241703,0.037374895997345448
85.612074343461927,d62bf83a,SessionTracking,Tracking,30.06229,30.15382,1,0.02894630198716186,0.5190972,1.13444448,1,160x90 DepthUint16,"centre=0 min=819 max=36400 hex=1338 075F 0000 1952 1850","centre=8007 min=5196 max=12028 hex=197D 1C78 1F47 206A 1FFB",0,0,0,,0,,,None,Unavailable,NoWallUnderCrosshair,,,,"only 0 valid depth samples under crosshair (274 no-data, 0 out-of-range, 167 low-confidence)",0,,,None,Unavailable,NoWallInView,,,,0.887167454,1.1380676,0.794996858,-0.0237561911,-0.341322064,0.00138401985,0.9396451,0,0,0,0,0,0,283723.39379105804,283723.39379105804,0.028799791994970292
85.643477885463426,d62bf83a,SessionTracking,Tracking,30.0654488,30.15382,1,0.030684792000101879,0.5158333,1.10833335,1,160x90 DepthUint16,"centre=0 min=821 max=36364 hex=1372 0756 0000 19BA 181E","centre=7575 min=4918 max=11315 hex=17E9 1AD8 1D97 1EA7 1E3D",0,0,0,,0,,,None,Unavailable,NoWallUnderCrosshair,,,,"only 0 valid depth samples under crosshair (276 no-data, 0 out-of-range, 165 low-confidence)",0,,,None,Unavailable,NoWallInView,,,,0.8939385,1.13860059,0.7967845,-0.02307077,-0.345158249,0.00128901016,0.93826,0,0,0,0,0,0,283723.427118142,283723.427118142,0.03060177099541761
85.6742403334681,d62bf83a,SessionTracking,Tracking,30.0645466,30.15382,1,0.029963959008455276,0.528680563,1.04652774,1,160x90 DepthUint16,"centre=0 min=1231 max=34601 hex=13DE 0756 0000 1AD3 1967","centre=7910 min=5066 max=12459 hex=1997 1C67 1EE6 1F7A 1DCF",0,0,0,,0,,,None,Unavailable,NoWallUnderCrosshair,,,,"only 0 valid depth samples under crosshair (298 no-data, 0 out-of-range, 143 low-confidence)",0,,,None,Unavailable,NoWallInView,,,,0.900896,1.1390543,0.798770249,-0.0225052088,-0.349649966,0.0008896291,0.9366096,0,0,0,0,0,0,283723.460445225,283723.460445225,0.02987823000876233
85.7059104894613,d62bf83a,SessionTracking,Tracking,30.06653,30.15382,1,0.030073594010900706,0.5235417,1.13006949,1,160x90 DepthUint16,"centre=0 min=1228 max=34386 hex=13DE 0750 0000 1BE7 19E8","centre=8162 min=4942 max=12853 hex=1A61 1D45 1FE2 2056 1D80",0,0,0,,0,,,None,Unavailable,NoWallUnderCrosshair,,,,"only 0 valid depth samples under crosshair (301 no-data, 0 out-of-range, 140 low-confidence)",0,,,None,Unavailable,NoWallInView,,,,0.906104863,1.136539,0.80810684,-0.0223507136,-0.3533551,0.00018799305,0.9352222,0,0,0,0,0,0,283723.493758775,283723.493758775,0.030001926992554218
85.742014447463362,d62bf83a,SessionTracking,Tracking,30.0655327,30.15382,1,0.035434582998277619,0.523125,1.039375,1,160x90 DepthUint16,"centre=0 min=1230 max=34417 hex=1396 0753 0000 1CBB 19F3","centre=6679 min=4351 max=10336 hex=15B8 180A 1A17 1AE0 1AEE",0,0,0,,0,,,None,Unavailable,NoWallUnderCrosshair,,,,"only 0 valid depth samples under crosshair (301 no-data, 0 out-of-range, 140 low-confidence)",0,,,None,Unavailable,NoWallInView,,,,0.9125186,1.13693392,0.8100374,-0.02151263,-0.354316354,-0.000379949866,0.9348781,0,0,0,0,0,0,283723.52708585904,283723.52708585904,0.035351146012544632
85.772933822477853,d62bf83a,SessionTracking,Tracking,30.0666142,30.15382,1,0.030165365024004132,0.5477778,1.14333332,1,160x90 DepthUint16,"centre=0 min=1233 max=35149 hex=137E 075E 0000 1C31 19D0","centre=5975 min=4028 max=9253 hex=1320 1563 1757 184A 1A86",0,0,0,,0,,,None,Unavailable,NoWallUnderCrosshair,,,,"only 0 valid depth samples under crosshair (271 no-data, 0 out-of-range, 170 low-confidence)",0,,,None,Unavailable,NoWallInView,,,,0.918753862,1.13733649,0.8118091,-0.0209269524,-0.354122132,-0.000729084,0.9349647,0,0,0,0,0,0,283723.560412942,283723.560412942,0.030070521024754271
85.808197728478035,d62bf83a,SessionTracking,Tracking,30.0672474,30.15382,1,0.034539062005933374,0.5475,1.1186806,1,160x90 DepthUint16,"centre=0 min=1242 max=34851 hex=1362 0769 0000 1B93 19AF","centre=5907 min=4116 max=9254 hex=12DF 1524 1713 186A 1D71",0,0,0,,0,,,None,Unavailable,NoWallUnderCrosshair,,,,"only 0 valid depth samples under crosshair (271 no-data, 0 out-of-range, 170 low-confidence)",0,,,None,Unavailable,NoWallInView,,,,0.9242783,1.13757455,0.8124304,-0.0208058972,-0.353629649,-0.000821411668,0.9351538,0,0,0,0,0,0,283723.59413100703,283723.59413100703,0.034425625024596229
85.84729762445545,d62bf83a,SessionTracking,Tracking,30.0678577,30.15382,1,0.038383437000447884,0.548333347,1.15590274,1,160x90 DepthUint16,"centre=0 min=1239 max=35178 hex=1369 076F 0000 1BE1 19B3","centre=6221 min=4333 max=9380 hex=1398 1619 184D 19AA 1E1F",0,0,0,,0,,,None,Unavailable,NoWallUnderCrosshair,,,,"only 0 valid depth samples under crosshair (267 no-data, 0 out-of-range, 174 low-confidence)",0,,,None,Unavailable,NoWallInView,,,,0.93075645,1.13800156,0.8141396,-0.0206402689,-0.3543511,-0.000757277,0.9348843,0,0,0,0,0,0,283723.627458091,283723.627458091,0.038297655992209911
85.87803580146624,d62bf83a,SessionTracking,Tracking,30.0676289,30.15382,1,0.029156302014598623,0.565,0.997916639,1,160x90 DepthUint16,"centre=0 min=1259 max=33627 hex=137C 0774 0000 1BF3 19C4","centre=5375 min=3759 max=9020 hex=112C 1342 14FF 163B 1B30",0,0,0,,0,,,None,Unavailable,NoWallUnderCrosshair,,,,"only 0 valid depth samples under crosshair (236 no-data, 0 out-of-range, 205 low-confidence)",0,,,None,Unavailable,NoWallInView,,,,0.937343,1.13843513,0.8159023,-0.0205095727,-0.3557542,-0.00083157426,0.9343541,0,0,0,0,0,0,283723.660785174,283723.660785174,0.029003281000768766
85.909431947456824,d62bf83a,SessionTracking,Tracking,30.0677662,30.15382,1,0.03069593699183315,0.569305539,0.919861138,1,160x90 DepthUint16,"centre=0 min=1272 max=33544 hex=133B 079E 0000 1C14 19A5","centre=6576 min=4068 max=12713 hex=1592 17D4 19B0 1BE2 22C2",0,0,0,,0,,,None,Unavailable,NoWallUnderCrosshair,,,,"only 0 valid depth samples under crosshair (243 no-data, 0 out-of-range, 198 low-confidence)",0,,,None,Unavailable,NoWallInView,,,,0.9454305,1.131451,0.820012,-0.0204249024,-0.3558038,-0.00117224455,0.9343367,0,0,0,0,0,0,283723.694123422,283723.694123422,0.03061541699571535
85.9454372074722,d62bf83a,SessionTracking,Tracking,30.0691433,30.15382,1,0.03518781199818477,0.5671528,0.974791646,1,160x90 DepthUint16,"centre=0 min=1270 max=33981 hex=1350 07BF 0000 1BF5 19B0","centre=7348 min=4581 max=12990 hex=17CF 1A81 1CB4 1EBE 241D",0,0,0,,0,,,None,Unavailable,NoWallUnderCrosshair,,,,"only 0 valid depth samples under crosshair (243 no-data, 0 out-of-range, 198 low-confidence)",0,,,None,Unavailable,NoWallInView,,,,0.9519096,1.13172209,0.821598768,-0.02076687,-0.355730236,-0.00141319633,0.9343568,0,0,0,0,0,0,283723.727450506,283723.727450506,0.035106875002384186
85.976895072471734,d62bf83a,SessionTracking,Tracking,30.0649376,30.15382,1,0.030733958003111184,0.586180568,1.16375,1,160x90 DepthUint16,"centre=0 min=1289 max=34330 hex=1324 07C2 0000 1BC5 1992","centre=6800 min=4238 max=12850 hex=15F1 187F 1A90 1C9C 22FB",0,0,0,,0,,,None,Unavailable,NoWallUnderCrosshair,,,,"only 0 valid depth samples under crosshair (216 no-data, 0 out-of-range, 225 low-confidence)",0,,,None,Unavailable,NoWallInView,,,,0.958369434,1.13200355,0.8230387,-0.020844087,-0.354983628,-0.00167688727,0.9346386,0,0,0,0,0,0,283723.760777589,283723.760777589,0.030653177003841847
86.009285593466984,d62bf83a,SessionTracking,Tracking,30.0665646,30.15382,1,0.0316101560019888,0.5646528,1.16381943,1,160x90 DepthUint16,"centre=0 min=1246 max=33529 hex=13AE 07C8 0000 1C3B 19D5","centre=9451 min=5711 max=24665 hex=1FD3 224E 24EB 27BB 3213",0,0,0,,0,,,None,Unavailable,NoWallUnderCrosshair,,,,"only 0 valid depth samples under crosshair (249 no-data, 0 out-of-range, 192 low-confidence)",0,,,None,Unavailable,NoWallInView,,,,0.8731519,1.12654555,0.7839414,-0.02098866,-0.355646044,-0.0008226932,0.9343847,0,0,0,0,0,0,283723.793966463,283723.793966463,0.031500729004619643
86.046431530474138,d62bf83a,SessionTracking,Tracking,30.0664234,30.15382,1,0.036229427001671866,0.560694456,1.00375,1,160x90 DepthUint16,"centre=0 min=1249 max=34120 hex=13FC 07DE 0000 1044 19E8","centre=9141 min=5419 max=24741 hex=1EE9 212F 23B5 2671 3022",0,0,0,,0,,,None,Unavailable,NoWallUnderCrosshair,,,,"only 0 valid depth samples under crosshair (252 no-data, 0 out-of-range, 189 low-confidence)",0,,,None,Unavailable,NoWallInView,,,,0.878178,1.126635,0.784948766,-0.0211707223,-0.3575782,-0.00121951115,0.933642447,0,0,0,0,0,0,283723.82729354704,283723.82729354704,0.03612447899649851
86.084387676473625,d62bf83a,SessionTracking,Tracking,30.066267,30.15382,1,0.037205417000222951,0.5727083,1.14097226,1,160x90 DepthUint16,"centre=0 min=1269 max=33263 hex=1417 07EE 0000 1CAD 180E","centre=9315 min=5663 max=23810 hex=1F80 21CF 2463 277D 3291",0,0,0,,0,,,None,Unavailable,NoWallUnderCrosshair,,,,"only 0 valid depth samples under crosshair (216 no-data, 0 out-of-range, 225 low-confidence)",0,,,None,Unavailable,NoWallInView,,,,0.8832191,1.12679362,0.786130846,-0.0208934415,-0.360177666,-0.00147891056,0.9326486,0,0,0,0,0,0,283723.86062063003,283723.86062063003,0.037117239000508562
86.108445593450369,d62bf83a,SessionTracking,Tracking,30.0654087,30.15382,1,0.023346718982793391,0.5453472,0.9623611,1,160x90 DepthUint16,"centre=0 min=1234 max=32988 hex=1419 0985 0000 213F 1851","centre=3682 min=2681 max=8979 hex=0CD2 0D91 0E62 10CB 1B58",0,0,0,,0,,,None,Unavailable,NoWallUnderCrosshair,,,,"only 0 valid depth samples under crosshair (286 no-data, 0 out-of-range, 155 low-confidence)",0,,,None,Unavailable,NoWallInView,,,,0.818833947,1.11690629,0.7500661,-0.0199810136,-0.3628113,-0.0007304848,0.931648135,0,0,0,0,0,0,283723.894458752,283723.894458752,0.023269218974746764
86.141982572476763,d62bf83a,SessionTracking,Tracking,30.0659885,30.15382,1,0.032847292022779584,0.5454861,0.8797917,1,160x90 DepthUint16,"centre=0 min=1235 max=33126 hex=1433 0988 0000 21B5 1826","centre=3747 min=2763 max=8372 hex=0D57 0DFA 0EA3 10D5 1A9A",0,0,0,,0,,,None,Unavailable,NoWallUnderCrosshair,,,,"only 0 valid depth samples under crosshair (288 no-data, 0 out-of-range, 153 low-confidence)",0,,,None,Unavailable,NoWallInView,,,,0.8221963,1.11707854,0.750305653,-0.0195437241,-0.3640801,-0.0006099046,0.9311624,0,0,0,0,0,0,283723.92778583604,283723.92778583604,0.032760313013568521
86.176649082455469,d62bf83a,SessionTracking,Tracking,30.0646343,30.15382,1,0.033901144983246922,0.5356944,0.6870833,1,160x90 DepthUint16,"centre=0 min=1298 max=32861 hex=131A 0989 0000 1F56 1818","centre=3490 min=2654 max=6756 hex=0C36 0CF3 0DA2 0F37 15D5",0,0,0,,0,,,None,Unavailable,NoWallUnderCrosshair,,,,"only 0 valid depth samples under crosshair (315 no-data, 0 out-of-range, 126 low-confidence)",0,,,None,Unavailable,NoWallInView,,,,0.825475633,1.11726773,0.7502847,-0.01921618,-0.364362836,-0.000506013632,0.931058645,0,0,0,0,0,0,283723.96111291903,283723.96111291903,0.033824479003669694
86.208705905479064,d62bf83a,SessionTracking,Tracking,30.06648,30.15382,1,0.031209010019665584,0.5364583,0.718055546,1,160x90 DepthUint16,"centre=0 min=1300 max=32857 hex=130F 098A 0000 1F5C 1809","centre=3398 min=2639 max=6385 hex=0BF3 0C9F 0D46 0ECF 14F9",0,0,0,,0,,,None,Unavailable,NoWallUnderCrosshair,,,,"only 0 valid depth samples under crosshair (315 no-data, 0 out-of-range, 126 low-confidence)",0,,,None,Unavailable,NoWallInView,,,,0.830324,1.11666334,0.7519114,-0.01890293,-0.364786655,-0.000480353861,0.930899143,0,0,0,0,0,0,283723.994456166,283723.994456166,0.031121354026254267
86.24052137445301,d62bf83a,SessionTracking,Tracking,30.06548,30.15382,1,0.03110906298388727,0.537708342,0.835555553,1,160x90 DepthUint16,"centre=0 min=1303 max=32861 hex=130F 098B 0000 1F57 1808","centre=3502 min=2837 max=6430 hex=0C90 0D27 0DAE 0F22 1567",0,0,0,,0,,,None,Unavailable,NoWallUnderCrosshair,,,,"only 0 valid depth samples under crosshair (315 no-data, 0 out-of-range, 126 low-confidence)",0,,,None,Unavailable,NoWallInView,,,,0.8336225,1.11672,0.7516753,-0.0187911112,-0.3646042,-0.0004514158,0.9309729,0,0,0,0,0,0,283724.02778325,283724.02778325,0.031025676988065243
86.271311114458285,d62bf83a,SessionTracking,Tracking,30.0638866,30.15382,1,0.030066614999668673,0.5379861,0.9035417,1,160x90 DepthUint16,"centre=0 min=1305 max=32780 hex=13EB 098A 0000 1E05 1805","centre=3889 min=3101 max=7414 hex=0DDF 0E93 0F31 10C7 17C4",0,0,0,,0,,,None,Unavailable,NoWallUnderCrosshair,,,,"only 0 valid depth samples under crosshair (311 no-data, 0 out-of-range, 130 low-confidence)",0,,,None,Unavailable,NoWallInView,,,,0.836837351,1.11675811,0.751477957,-0.018421784,-0.3640018,-0.000537216663,0.9312159,0,0,0,0,0,0,283724.061110333,283724.061110333,0.02998651098459959
86.313550020455068,d62bf83a,SessionTracking,Tracking,30.06572,29.85837,1,0.041562708996934816,0.52673614,0.913055539,1,160x90 DepthUint16,"centre=0 min=1345 max=32865 hex=1498 09BE 0000 1E2E 180F","centre=3650 min=2931 max=6854 hex=0D2F 0DBD 0E42 0FD2 16CF",0,0,0,,0,,,None,Unavailable,NoWallUnderCrosshair,,,,"only 0 valid depth samples under crosshair (315 no-data, 0 out-of-range, 126 low-confidence)",0,,,None,Unavailable,NoWallInView,,,,0.8410853,1.12774074,0.7016124,-0.0182366818,-0.3628177,-0.0005196929,0.9316816,0,0,0,0,0,0,283724.09467555204,283724.09467555204,0.041476666985545307
86.3421246034593,d62bf83a,SessionTracking,Tracking,30.0633411,29.85837,1,0.0278383849945385,0.532083333,0.781875,1,160x90 DepthUint16,"centre=0 min=1348 max=32958 hex=1443 09BD 0000 1E31 1811","centre=4077 min=3392 max=5772 hex=0EB2 0F62 0FED 10F5 1543",0,0,0,,0,,,None,Unavailable,NoWallUnderCrosshair,,,,"only 0 valid depth samples under crosshair (310 no-data, 0 out-of-range, 131 low-confidence)",0,,,None,Unavailable,NoWallInView,,,,0.8441449,1.12796855,0.7004186,-0.0178314168,-0.360996425,-0.000493913947,0.9323966,0,0,0,0,0,0,283724.128002636,283724.128002636,0.027756561990827322
86.373808718464488,d62bf83a,SessionTracking,Tracking,30.064846,29.85837,1,0.030858073005219921,0.550069451,0.785972238,1,160x90 DepthUint16,"centre=0 min=1352 max=32902 hex=13EB 09B7 0000 1D8E 181C","centre=3325 min=2720 max=4845 hex=0BE3 0C7C 0CFD 0E0B 1256",0,0,0,,0,,,None,Unavailable,NoWallUnderCrosshair,,,,"only 0 valid depth samples under crosshair (306 no-data, 0 out-of-range, 135 low-confidence)",0,,,None,Unavailable,NoWallInView,,,,0.8471178,1.12820041,0.6990957,-0.0174843669,-0.358238637,-0.000482976437,0.9334662,0,0,0,0,0,0,283724.161329719,283724.161329719,0.030766510986723006
86.404864343468716,d62bf83a,SessionTracking,Tracking,30.06587,29.85837,1,0.029680728999665007,0.551875,0.797152758,1,160x90 DepthUint16,"centre=0 min=1333 max=33195 hex=13B0 09A8 0000 1D75 17F5","centre=5234 min=5027 max=6051 hex=1531 14DD 1472 14A8 1716",0,0,0,,0,,,None,Unavailable,NoWallUnderCrosshair,,,,"only 0 valid depth samples under crosshair (310 no-data, 0 out-of-range, 131 low-confidence)",0,,,None,Unavailable,NoWallInView,,,,0.8181917,1.12251818,0.698700368,-0.01676707,-0.356625736,-0.000317901373,0.9340968,0,0,0,0,0,0,283724.194713999,283724.194713999,0.029535573004977778
86.441305541465908,d62bf83a,SessionTracking,Tracking,30.06525,29.85837,1,0.03537760500330478,0.552152753,0.7949306,1,160x90 DepthUint16,"centre=0 min=1336 max=33266 hex=13B6 09AA 0000 1D7B 17F5","centre=5192 min=4932 max=5970 hex=1512 14BA 1448 1470 16AC",0,0,0,,0,,,None,Unavailable,NoWallUnderCrosshair,,,,"only 0 valid depth samples under crosshair (309 no-data, 0 out-of-range, 132 low-confidence)",0,,,None,Unavailable,NoWallInView,,,,0.8210224,1.12262356,0.6975057,-0.01670596,-0.356780648,-0.0006310642,0.934038639,0,0,0,0,0,0,283724.228041083,283724.228041083,0.035207656997954473
86.4727983014634,d62bf83a,SessionTracking,Tracking,30.06482,29.85837,1,0.030534322984749451,0.5727083,0.950625,1,160x90 DepthUint16,"centre=0 min=1339 max=33117 hex=1398 09AB 0000 1D6F 17F0","centre=3883 min=2963 max=6041 hex=0DAD 0E75 0F2B 10A0 165A",0,0,0,,0,,,None,Unavailable,NoWallUnderCrosshair,,,,"only 0 valid depth samples under crosshair (290 no-data, 0 out-of-range, 151 low-confidence)",0,,,None,Unavailable,NoWallInView,,,,0.8237932,1.12278593,0.6962345,-0.0163444728,-0.356510341,-0.000918149948,0.934147954,0,0,0,0,0,0,283724.261368166,283724.261368166,0.0304186980065424
86.514653978465276,d62bf83a,SessionTracking,Tracking,30.0649433,29.85837,1,0.041147759999148548,0.5695139,0.7688889,1,160x90 DepthUint16,"centre=0 min=1339 max=33160 hex=1376 09AD 0000 1D0F 17E9","centre=3382 min=3357 max=5022 hex=0D79 0D52 0D36 0E16 1260",0,0,0,,0,,,None,Unavailable,NoWallUnderCrosshair,,,,"only 0 valid depth samples under crosshair (292 no-data, 0 out-of-range, 149 low-confidence)",0,,,None,Unavailable,NoWallInView,,,,0.7967931,1.12325859,0.6736,-0.0157527328,-0.352374643,-0.0008290708,0.935726047,0,0,0,0,0,0,283724.294853452,283724.294853452,0.041065884986892343
86.543633770462975,d62bf83a,SessionTracking,Tracking,30.06452,29.85837,1,0.028199739987030625,0.579930544,0.8402778,1,160x90 DepthUint16,"centre=0 min=1342 max=33121 hex=1325 09A7 0000 1C7E 180E","centre=3469 min=3453 max=5197 hex=0DD3 0DAC 0D8D 0E85 134B",0,0,0,,0,,,None,Unavailable,NoWallUnderCrosshair,,,,"only 0 valid depth samples under crosshair (293 no-data, 0 out-of-range, 148 low-confidence)",0,,,None,Unavailable,NoWallInView,,,,0.7985282,1.12338185,0.6715461,-0.015562892,-0.348214716,-0.00131312013,0.9372847,0,0,0,0,0,0,283724.32818053605,283724.32818053605,0.028118334012106061
86.575551322461024,d62bf83a,SessionTracking,Tracking,30.0642948,29.85837,1,0.031139270984567702,0.591180563,1.06166661,1,160x90 DepthUint16,"centre=0 min=1346 max=33208 hex=12B6 0988 0000 1C07 184F","centre=5079 min=5049 max=6553 hex=146F 142C 13D7 1494 1911",0,0,0,,0,,,None,Unavailable,NoWallUnderCrosshair,,,,"only 0 valid depth samples under crosshair (295 no-data, 0 out-of-range, 146 low-confidence)",0,,,None,Unavailable,NoWallInView,,,,0.8001052,1.12347138,0.6694866,-0.0151756713,-0.343388915,-0.00181016338,0.939069,0,0,0,0,0,0,283724.36150761903,283724.36150761903,0.031057813001098111
86.615560905458324,d62bf83a,SessionTracking,Tracking,30.0641155,29.85837,1,0.039351145998807624,0.6145833,1.16395831,1,160x90 DepthUint16,"centre=0 min=1374 max=33426 hex=1057 0830 0000 0000 1881","centre=3798 min=3061 max=10538 hex=0D51 0E00 0ED6 116E 1CDF",0,0,0,,0,,,None,Unavailable,NoWallUnderCrosshair,,,,"only 0 valid depth samples under crosshair (298 no-data, 0 out-of-range, 143 low-confidence)",0,,,None,Unavailable,NoWallInView,,,,0.838508964,1.12312877,0.6662551,-0.0136901448,-0.336548418,-0.00232175016,0.9415638,0,0,0,0,0,0,283724.395715155,283724.395715155,0.039278437005123124
86.646190488452476,d62bf83a,SessionTracking,Tracking,30.0627651,29.85837,1,0.029719635000219569,0.6234028,1.15590274,1,160x90 DepthUint16,"centre=0 min=1377 max=33620 hex=106C 07FB 0000 0000 1858","centre=3806 min=3031 max=10551 hex=0D78 0E15 0EDE 118D 1D34",0,0,0,,0,,,None,Unavailable,NoWallUnderCrosshair,,,,"only 0 valid depth samples under crosshair (301 no-data, 0 out-of-range, 140 low-confidence)",0,,,None,Unavailable,NoWallInView,,,,0.8409196,1.123276,0.6644739,-0.0125739882,-0.333443433,-0.00236693048,0.9426833,0,0,0,0,0,0,283724.42904223903,283724.42904223903,0.029657915991265327
86.6742830934561,d62bf83a,SessionTracking,Tracking,30.0647182,29.85837,1,0.027380260988138616,0.6429861,0.9636111,1,160x90 DepthUint16,"centre=0 min=1380 max=33524 hex=0FD6 07D2 0000 16CE 1828","centre=3287 min=2658 max=10246 hex=0BF6 0C56 0CD7 0F1D 199B",0,0,0,,0,,,None,Unavailable,NoWallUnderCrosshair,,,,"only 0 valid depth samples under crosshair (286 no-data, 0 out-of-range, 155 low-confidence)",0,,,None,Unavailable,NoWallInView,,,,0.843394458,1.12343085,0.6626784,-0.011654079,-0.330473751,-0.00225535035,0.9437406,0,0,0,0,0,0,283724.462369322,283724.462369322,0.02731739598675631
86.707576582473621,d62bf83a,SessionTracking,Tracking,30.0626888,29.85837,1,0.032592603994999081,0.6540972,1.01118052,1,160x90 DepthUint16,"centre=0 min=1383 max=33952 hex=0F2A 07AB 0000 16D7 17F8","centre=3640 min=2934 max=10318 hex=0D02 0D8E 0E38 10CE 1C6B",0,0,0,,0,,,None,Unavailable,NoWallUnderCrosshair,,,,"only 0 valid depth samples under crosshair (275 no-data, 0 out-of-range, 166 low-confidence)",0,,,None,Unavailable,NoWallInView,,,,0.847762,1.12079012,0.6622084,-0.0101168454,-0.326216966,-0.00221323967,0.945238233,0,0,0,0,0,0,283724.495950562,283724.495950562,0.032505052018677816
86.741809968461666,d62bf83a,SessionTracking,Tracking,30.0632782,29.85837,1,0.027665678004268557,0.666180551,1.25333333,1,160x90 DepthUint16,"centre=0 min=1386 max=35029 hex=0EA5 07F5 0000 16DC 17E0","centre=3479 min=2738 max=10700 hex=0C45 0CD0 0D97 10BF 1E3A",0,0,0,,0,,,None,Unavailable,NoWallUnderCrosshair,,,,"only 0 valid depth samples under crosshair (265 no-data, 0 out-of-range, 176 low-confidence)",0,,,None,Unavailable,NoWallInView,,,,0.850206554,1.12099922,0.660253763,-0.009081737,-0.3211746,-0.00226050639,0.946973741,0,0,0,0,0,0,283724.52927764604,283724.52927764604,0.027578437991905957
86.774177051472861,d62bf83a,SessionTracking,Tracking,30.0627079,29.85837,1,0.031553228996926919,0.689930558,1.23034728,1,160x90 DepthUint16,"centre=0 min=1389 max=36319 hex=0E47 08BA 0000 1FDE 183C","centre=3525 min=2828 max=10519 hex=0C7F 0D0E 0DC5 10D4 1E18",0,0,0,,0,,,None,Unavailable,NoWallUnderCrosshair,,,,"only 0 valid depth samples under crosshair (226 no-data, 0 out-of-range, 215 low-confidence)",0,,,None,Unavailable,NoWallInView,,,,0.852241337,1.12120378,0.6577854,-0.008370221,-0.313015282,-0.00240236521,0.949708164,0,0,0,0,0,0,283724.562604729,283724.562604729,0.031471302005229518
86.805474186465062,d62bf83a,SessionTracking,Tracking,30.06543,29.85837,1,0.030557238991605118,0.7096528,1.34618056,1,160x90 DepthUint16,"centre=0 min=1389 max=35574 hex=0DD0 0AC4 0000 1D07 1B31","centre=3353 min=2415 max=7335 hex=0C15 0CA6 0D19 0F3B 187D",0,0,0,,0,,,None,Unavailable,NoWallUnderCrosshair,,,,"only 0 valid depth samples under crosshair (210 no-data, 0 out-of-range, 231 low-confidence)",0,,,None,Unavailable,NoWallInView,,,,0.8531387,1.12199461,0.656829357,-0.00814113,-0.304055452,-0.0027783215,0.9526155,0,0,0,0,0,0,283724.596039924,283724.596039924,0.030470521014649421
86.8466713744599,d62bf83a,SessionTracking,Tracking,30.0644188,29.85837,1,0.040489270992111415,0.7079861,1.30854166,1,160x90 DepthUint16,"centre=1859 min=1391 max=39823 hex=0D22 0B0C 0743 1B56 1D21","centre=4068 min=2996 max=6502 hex=0E34 0F26 0FE4 1146 174B",0,0,0,,0,,,None,Unavailable,NoWallUnderCrosshair,,,,"only 0 valid depth samples under crosshair (180 no-data, 0 out-of-range, 261 low-confidence)",0,,,None,Unavailable,NoWallInView,,,,0.8551576,1.12206686,0.6540835,-0.008549988,-0.29475233,-0.0034737587,0.955529153,0,0,0,0,0,0,283724.629367008,283724.629367008,0.040403280989266932
86.879895228459418,d62bf83a,SessionTracking,Tracking,30.065073,29.85837,1,0.032073437992949039,0.7022222,1.27340281,1,160x90 DepthUint16,"centre=0 min=1391 max=36877 hex=0CD0 0B2F 0000 1154 1C5D","centre=4318 min=3226 max=7135 hex=0ED6 0FF5 10DE 121A 1725",0,0,0,,0,,,None,Unavailable,NoWallUnderCrosshair,,,,"only 0 valid depth samples under crosshair (166 no-data, 0 out-of-range, 275 low-confidence)",0,,,None,Unavailable,NoWallInView,,,,0.856665969,1.1224395,0.651031554,-0.00776428031,-0.2818029,-0.004021645,0.9594325,0,0,0,0,0,0,283724.66269409104,283724.66269409104,0.031934219005052
86.907680853477132,d62bf83a,SessionTracking,Tracking,30.0645275,29.85837,1,0.027067865012213588,0.7123611,1.29541671,1,160x90 DepthUint16,"centre=1609 min=1388 max=37449 hex=0CEE 0977 0649 0EF1 1B16","centre=5113 min=3742 max=8354 hex=11DA 131B 13F9 151E 1CA4",0,0,0,,0,,,None,Unavailable,NoWallUnderCrosshair,,,,"only 0 valid depth samples under crosshair (104 no-data, 10 out-of-range, 327 low-confidence)",0,,,None,Unavailable,NoWallInView,,,,0.857399,1.123108,0.6475865,-0.00579567254,-0.2640456,-0.004240364,0.9644835,0,0,0,0,0,0,283724.696021174,283724.696021174,0.026984636002453044
86.9451996034511,d62bf83a,SessionTracking,Tracking,30.0665951,29.85837,1,0.036781926988624036,0.7088889,1.214375,1,160x90 DepthUint16,"centre=1552 min=1385 max=37123 hex=10C4 08F4 0610 0F3B 1FD6","centre=4854 min=3585 max=7862 hex=10A5 11FF 12F6 13D3 19F5",0,0,0,,0,,,None,Unavailable,NoWallUnderCrosshair,,,,"only 0 valid depth samples under crosshair (46 no-data, 55 out-of-range, 340 low-confidence)",0,,,None,Unavailable,NoWallInView,,,,0.8584272,1.12361407,0.6442718,-0.004925996,-0.248856932,-0.004398316,0.9685178,0,0,0,0,0,0,283724.728976313,283724.728976313,0.036691405985038728
86.9764199674571,d62bf83a,SessionTracking,Tracking,30.0650826,29.85837,1,0.030301405990030617,0.7040972,1.2457639,1,160x90 DepthUint16,"centre=2664 min=1383 max=38083 hex=11EC 0927 0A68 0FA1 168A","centre=4785 min=3503 max=8432 hex=1010 1195 12B1 1425 1B86",0,0,0,,0,,,None,Unavailable,NoWallUnderCrosshair,,,,"only 0 valid depth samples under crosshair (12 no-data, 77 out-of-range, 352 low-confidence)",0,,,None,Unavailable,NoWallInView,,,,0.8600886,1.123622,0.6408714,-0.00710614771,-0.237168312,-0.004686922,0.971431255,0,0,0,0,0,0,283724.761767619,283724.761767619,0.030213071993784979
87.00865397847133,d62bf83a,SessionTracking,Tracking,30.0664368,29.85837,1,0.031531823013210669,0.6926389,1.20583332,1,160x90 DepthUint16,"centre=0 min=1380 max=37400 hex=11A9 1CFD 0000 520D 1CCF","centre=6088 min=4684 max=9048 hex=14B4 1687 17C8 188A 1D30",0,0,0,,0,,,None,Unavailable,NoWallUnderCrosshair,,,,"only 0 valid depth samples under crosshair (18 no-data, 131 out-of-range, 292 low-confidence)",0,,,None,Unavailable,NoWallInView,,,,0.861920238,1.12373531,0.6376505,-0.00891462,-0.2240618,-0.004859984,0.974522054,0,0,0,0,0,0,283724.79487336,283724.79487336,0.031447865010704845
87.047126530469313,d62bf83a,SessionTracking,Tracking,30.0689659,29.85837,1,0.037643593997927383,0.688194454,1.07659721,1,160x90 DepthUint16,"centre=5146 min=1374 max=38586 hex=11E5 1D37 141A 45F8 1C51","centre=5231 min=4009 max=9262 hex=11C8 135E 146F 1603 1CAC",0,0,0,,0,,,None,Unavailable,NoWallUnderCrosshair,,,,"only 0 valid depth samples under crosshair (6 no-data, 197 out-of-range, 238 low-confidence)",0,,,None,Unavailable,NoWallInView,,,,0.8628803,1.124012,0.634337544,-0.009181091,-0.210598543,-0.004763395,0.9775179,0,0,0,0,0,0,283724.827638099,283724.827638099,0.037533750000875443
87.07632064447148,d62bf83a,SessionTracking,Tracking,30.070343,29.85837,1,0.028127916011726484,0.6701389,1.18583333,1,160x90 DepthUint16,"centre=3576 min=1369 max=38768 hex=1290 1D6D 0DF8 4E4D 2419","centre=4711 min=3671 max=8450 hex=0FDC 115C 1267 1432 1B34",0,0,0,,0,,,None,Unavailable,NoWallUnderCrosshair,,,,"only 0 valid depth samples under crosshair (6 no-data, 252 out-of-range, 183 low-confidence)",0,,,None,Unavailable,NoWallInView,,,,0.86405313,1.12409091,0.6310568,-0.0102694724,-0.1987235,-0.00460180733,0.979991,0,0,0,0,0,0,283724.860965182,283724.860965182,0.027993437019176781
87.107659342469333,d62bf83a,SessionTracking,Tracking,30.0656643,29.85837,1,0.030570208007702604,0.679097235,1.04520833,1,160x90 DepthUint16,"centre=3617 min=1366 max=38885 hex=1381 1D93 0E21 5DEC 1EE8","centre=4772 min=3703 max=9408 hex=0FE1 1175 12A4 14D6 1E48",0,0,0,,0,,,None,Unavailable,NoWallUnderCrosshair,,,,"only 0 valid depth samples under crosshair (0 no-data, 272 out-of-range, 169 low-confidence)",0,,,None,Unavailable,NoWallInView,,,,0.8663861,1.12385869,0.6279503,-0.0112696439,-0.190150917,-0.00450781,0.9816799,0,0,0,0,0,0,283724.89278647304,283724.89278647304,0.030487187003018335
87.1398128324688,d62bf83a,SessionTracking,Tracking,30.0702724,29.85837,1,0.031467135006096214,0.6606944,1.30159724,1,160x90 DepthUint16,"centre=3729 min=1364 max=38984 hex=14B3 1DBB 0E91 67AA 1D60","centre=5325 min=4129 max=8848 hex=11E1 13A1 14CD 166E 1D48",0,0,0,,0,,,None,Unavailable,NoWallUnderCrosshair,,,,"only 0 valid depth samples under crosshair (0 no-data, 295 out-of-range, 146 low-confidence)",0,,,None,Unavailable,NoWallInView,,,,0.868226,1.123923,0.6253234,-0.0115044639,-0.183545917,-0.004463017,0.9829337,0,0,0,0,0,0,283724.924736475,283724.924736475,0.031384531001094729
87.173472624479245,d62bf83a,SessionTracking,Tracking,30.0685749,29.85837,1,0.017614219017559662,0.650902748,1.15326393,1,160x90 DepthUint16,"centre=3783 min=1362 max=39068 hex=159B 1D6D 0EC7 7180 2A92","centre=3510 min=2712 max=8818 hex=0C3C 0CF4 0DB6 108D 1CB8",0,0,0,,0,,,None,Unavailable,NoWallUnderCrosshair,,,,"only 0 valid depth samples under crosshair (1 no-data, 295 out-of-range, 145 low-confidence)",0,,,None,Unavailable,NoWallInView,,,,0.870088,1.1240195,0.622735739,-0.0116352225,-0.177675769,-0.004631013,0.9840094,0,0,0,0,0,0,283724.95744365,283724.95744365,0.017463907017372549
87.2088008534663,d62bf83a,SessionTracking,Tracking,30.0662174,29.85837,1,0.03430895900237374,0.639583349,1.22125,1,160x90 DepthUint16,"centre=30739 min=1375 max=39123 hex=1682 12A8 7813 745F 2A0D","centre=3856 min=3011 max=8523 hex=0D22 0E14 0F10 11C1 1C6A",0,0,0,,0,,,None,Unavailable,NoWallUnderCrosshair,,,,"only 0 valid depth samples under crosshair (2 no-data, 289 out-of-range, 150 low-confidence)",0,,,None,Unavailable,NoWallInView,,,,0.8863314,1.12443912,0.6106525,-0.0119658858,-0.173946112,-0.005069554,0.984669447,0,0,0,0,0,0,283724.990697261,283724.990697261,0.034239322994835675
87.250108665469952,d62bf83a,SessionTracking,Tracking,30.0721245,29.85837,1,0.040496770991012454,0.615625,0.890694439,1,160x90 DepthUint16,"centre=10968 min=1376 max=39150 hex=16CA 112A 2AD8 0000 301F","centre=1563 min=1441 max=6724 hex=0601 05E3 061B 08AE 167F",0,0,0,,0,,,None,Unavailable,NoWallUnderCrosshair,,,,"only 0 valid depth samples under crosshair (193 no-data, 57 out-of-range, 191 low-confidence)",0,,,None,Unavailable,NoWallInView,,,,0.8891268,1.12449718,0.607793868,-0.0125242919,-0.171028584,-0.0051817894,0.985172868,0,0,0,0,0,0,283725.02402434504,283725.02402434504,0.0402849999954924
87.273004446473124,d62bf83a,SessionTracking,Tracking,30.0702915,29.85837,1,0.022069635015213862,0.606805563,1.02951384,1,160x90 DepthUint16,"centre=0 min=1378 max=39164 hex=16FA 1180 0000 706C 3380","centre=1760 min=1576 max=7196 hex=068D 0694 06E0 0993 180F",0,0,0,,0,,,None,Unavailable,NoWallUnderCrosshair,,,,"only 0 valid depth samples under crosshair (190 no-data, 51 out-of-range, 200 low-confidence)",0,,,None,Unavailable,NoWallInView,,,,0.892017066,1.12450838,0.60484165,-0.0132013187,-0.1685262,-0.00534775853,0.9855943,0,0,0,0,0,0,283725.057351428,283725.057351428,0.021991040994180366
